-0.00092,-2.32,0.16
-0.000918,-2.24,0.16
-0.000916,-2.24,0.24
-0.000914,-2.24,0.24
-0.000912,-2.24,0.16
-0.00091,-2.32,0.24
-0.000908,-2.32,0.24
-0.000906,-2.4,0.16
-0.000904,-2.4,0.24
-0.000902,-2.4,0.16
-0.0009,-2.32,0.16
-0.000898,-2.24,0.16
-0.000896,-2.24,0.08
-0.000894,-2.24,0.16
-0.000892,-2.16,0.08
-0.00089,-2.24,0.08
-0.000888,-2.24,0.08
-0.000886,-2.32,0.08
-0.000884,-2.32,0.16
-0.000882,-2.32,0.16
-0.00088,-2.32,0.08
-0.000878,-2.24,0.08
-0.000876,-2.24,0.08
-0.000874,-2.08,0.08
-0.000872,-2.08,0.08
-0.00087,-2.08,0.08
-0.000868,-2.16,0.08
-0.000866,-2.24,0.08
-0.000864,-2.32,0.08
-0.000862,-2.32,0.08
-0.00086,-2.32,0.08
-0.000858,-2.24,0.08
-0.000856,-2.16,0
-0.000854,-2.16,0.08
-0.000852,-2.08,0
-0.00085,-2.08,0
-0.000848,-2.16,0
-0.000846,-2.16,0
-0.000844,-2.24,0.08
-0.000842,-2.32,0
-0.00084,-2.24,0.08
-0.000838,-2.32,0.08
-0.000836,-2.24,0
-0.000834,-2.16,0
-0.000832,-2.08,0.08
-0.00083,-2.08,0.08
-0.000828,-2.08,0.08
-0.000826,-2.16,0.08
-0.000824,-2.24,0.16
-0.000822,-2.32,0.16
-0.00082,-2.4,0.16
-0.000818,-2.32,0.16
-0.000816,-2.32,0.24
-0.000814,-2.24,0.24
-0.000812,-2.24,0.16
-0.00081,-2.16,0.16
-0.000808,-2.08,0.08
-0.000806,-2.16,0.16
-0.000804,-2.16,0.08
-0.000802,-2.24,0.08
-0.0008,-2.32,0
-0.000798,-2.32,0
-0.000796,-2.32,0.08
-0.000794,-2.24,0.16
-0.000792,-2.24,0.08
-0.00079,-2.16,0.08
-0.000788,-2.08,0.16
-0.000786,-2.08,0.08
-0.000784,-2.08,0.08
-0.000782,-2.16,0.08
-0.00078,-2.24,0.16
-0.000778,-2.32,0.08
-0.000776,-2.32,0.08
-0.000774,-2.32,0.08
-0.000772,-2.32,0.08
-0.00077,-2.24,0.08
-0.000768,-2.16,0
-0.000766,-2.08,0
-0.000764,-2.08,-0.08
-0.000762,-2.16,0
-0.00076,-2.24,0
-0.000758,-2.24,0
-0.000756,-2.32,0
-0.000754,-2.32,-0.08
-0.000752,-2.32,-0.08
-0.00075,-2.24,0
-0.000748,-2.24,0
-0.000746,-2.08,0
-0.000744,-2.16,0
-0.000742,-2.16,0
-0.00074,-2.16,0.08
-0.000738,-2.24,0
-0.000736,-2.32,0.08
-0.000734,-2.32,0.08
-0.000732,-2.32,0.08
-0.00073,-2.32,0.08
-0.000728,-2.24,0.08
-0.000726,-2.24,0.08
-0.000724,-2.16,0.08
-0.000722,-2.08,0.08
-0.00072,-2.08,0.08
-0.000718,-2.24,0.08
-0.000716,-2.24,0.08
-0.000714,-2.32,0.08
-0.000712,-2.32,0.16
-0.00071,-2.32,0.16
-0.000708,-2.24,0.16
-0.000706,-2.24,0.16
-0.000704,-2.16,0.16
-0.000702,-2,0.16
-0.0007,-2,0.16
-0.000698,-2.08,0.16
-0.000696,-2.16,0.16
-0.000694,-2.24,0.16
-0.000692,-2.24,0.16
-0.00069,-2.32,0.16
-0.000688,-2.32,0.16
-0.000686,-2.24,0.16
-0.000684,-2.24,0.16
-0.000682,-2.16,0.16
-0.00068,-2.08,0.16
-0.000678,-2.08,0.24
-0.000676,-2.16,0.16
-0.000674,-2.24,0.16
-0.000672,-2.32,0.16
-0.00067,-2.24,0.08
-0.000668,-2.32,0.16
-0.000666,-2.24,0.16
-0.000664,-2.24,0.08
-0.000662,-2.24,0.16
-0.00066,-2.16,0.08
-0.000658,-2.08,0.08
-0.000656,-2.16,0.08
-0.000654,-2.16,0.08
-0.000652,-2.24,0.08
-0.00065,-2.32,0.16
-0.000648,-2.32,0.16
-0.000646,-2.32,0.16
-0.000644,-2.32,0.16
-0.000642,-2.24,0.16
-0.00064,-2.24,0.16
-0.000638,-2.24,0.16
-0.000636,-2.16,0.16
-0.000634,-2.24,0.08
-0.000632,-2.24,0.08
-0.00063,-2.32,0.08
-0.000628,-2.32,0
-0.000626,-2.32,0.08
-0.000624,-2.32,0.08
-0.000622,-2.24,0.08
-0.00062,-2.16,0
-0.000618,-2.08,0
-0.000616,-2.08,0.08
-0.000614,-2.08,0
-0.000612,-2.08,0.08
-0.00061,-2.16,0.08
-0.000608,-2.24,0.16
-0.000606,-2.32,0.16
-0.000604,-2.32,0.08
-0.000602,-2.32,0.08
-0.0006,-2.24,0.08
-0.000598,-2.16,0.08
-0.000596,-2.08,0.08
-0.000594,-2.16,0.16
-0.000592,-2.16,0.08
-0.00059,-2.24,0.08
-0.000588,-2.24,0
-0.000586,-2.32,0.08
-0.000584,-2.4,0.08
-0.000582,-2.4,0.08
-0.00058,-2.32,0
-0.000578,-2.24,0
-0.000576,-2.24,0
-0.000574,-2.16,0
-0.000572,-2.08,0.08
-0.00057,-2.16,0
-0.000568,-2.24,0
-0.000566,-2.24,0.08
-0.000564,-2.32,0.08
-0.000562,-2.4,0
-0.00056,-2.4,0.08
-0.000558,-2.32,0.08
-0.000556,-2.24,0.08
-0.000554,-2.16,0.08
-0.000552,-2.08,0.08
-0.00055,-2.08,0.08
-0.000548,-2.16,0.08
-0.000546,-2.16,0.08
-0.000544,-2.24,0.16
-0.000542,-2.32,0.08
-0.00054,-2.24,0.08
-0.000538,-2.32,0.08
-0.000536,-2.24,0.16
-0.000534,-2.24,0.16
-0.000532,-2.16,0.16
-0.00053,-2.08,0.16
-0.000528,-2.08,0.16
-0.000526,-2.16,0.16
-0.000524,-2.24,0.16
-0.000522,-2.24,0.16
-0.00052,-2.32,0.16
-0.000518,-2.4,0.16
-0.000516,-2.32,0.08
-0.000514,-2.24,0.08
-0.000512,-2.16,0.08
-0.00051,-2.08,0
-0.000508,-2.08,0
-0.000506,-2.08,0
-0.000504,-2.16,0.08
-0.000502,-2.24,0.08
-0.0005,-2.24,0.08
-0.000498,-2.32,0.08
-0.000496,-2.32,0.08
-0.000494,-2.32,0
-0.000492,-2.24,0
-0.00049,-2.16,0
-0.000488,-2.16,0.08
-0.000486,-2.16,0.08
-0.000484,-2.16,0.08
-0.000482,-2.24,0.16
-0.00048,-2.24,0.08
-0.000478,-2.32,0.16
-0.000476,-2.32,0.16
-0.000474,-2.32,0.08
-0.000472,-2.32,0.08
-0.00047,-2.24,0.16
-0.000468,-2.16,0.08
-0.000466,-2.08,0.08
-0.000464,-2.08,0.08
-0.000462,-2.16,0
-0.00046,-2.24,0.08
-0.000458,-2.32,0.08
-0.000456,-2.32,0.16
-0.000454,-2.4,0.16
-0.000452,-2.32,0.16
-0.00045,-2.24,0.16
-0.000448,-2.24,0.08
-0.000446,-2.16,0.16
-0.000444,-2.08,0.16
-0.000442,-2.08,0.08
-0.00044,-2.16,0.08
-0.000438,-2.16,0.08
-0.000436,-2.24,0.08
-0.000434,-2.32,0
-0.000432,-2.32,0
-0.00043,-2.24,0
-0.000428,-2.24,0
-0.000426,-2.16,0.08
-0.000424,-2.08,0.08
-0.000422,-2.08,0.08
-0.00042,-2.16,0.08
-0.000418,-2.16,0.16
-0.000416,-2.24,0.08
-0.000414,-2.32,0.08
-0.000412,-2.32,0.08
-0.00041,-2.32,0.08
-0.000408,-2.32,0.08
-0.000406,-2.24,0.16
-0.000404,-2.16,0.16
-0.000402,-2.16,0.16
-0.0004,-2.16,0.16
-0.000398,-2.16,0.16
-0.000396,-2.16,0.08
-0.000394,-2.24,0.08
-0.000392,-2.32,0.16
-0.00039,-2.32,0.08
-0.000388,-2.24,0.08
-0.000386,-2.24,0.08
-0.000384,-2.24,0.08
-0.000382,-2.16,0.08
-0.00038,-2.08,0.08
-0.000378,-2.08,0.08
-0.000376,-2.16,0.08
-0.000374,-2.24,0.16
-0.000372,-2.24,0.16
-0.00037,-2.32,0.08
-0.000368,-2.32,0.16
-0.000366,-2.32,0.16
-0.000364,-2.24,0.08
-0.000362,-2.16,0.08
-0.00036,-2.08,0.08
-0.000358,-2.08,0.08
-0.000356,-2.08,0.08
-0.000354,-2.16,0.16
-0.000352,-2.24,0.16
-0.00035,-2.24,0.16
-0.000348,-2.24,0.08
-0.000346,-2.24,0.08
-0.000344,-2.24,0.08
-0.000342,-2.24,0.08
-0.00034,-2.16,0.08
-0.000338,-2.08,0.08
-0.000336,-2.08,0.08
-0.000334,-2.08,0.16
-0.000332,-2.24,0.08
-0.00033,-2.24,0.16
-0.000328,-2.24,0.16
-0.000326,-2.32,0.16
-0.000324,-2.32,0.16
-0.000322,-2.32,0.16
-0.00032,-2.24,0.16
-0.000318,-2.16,0.16
-0.000316,-2.16,0.16
-0.000314,-2.16,0.16
-0.000312,-2.24,0.08
-0.00031,-2.24,0.08
-0.000308,-2.4,0.08
-0.000306,-2.4,0.08
-0.000304,-2.4,0.08
-0.000302,-2.4,0.08
-0.0003,-2.32,0.08
-0.000298,-2.24,0
-0.000296,-2.24,0
-0.000294,-2.24,0
-0.000292,-2.24,0
-0.00029,-2.24,0
-0.000288,-2.24,0
-0.000286,-2.32,0
-0.000284,-2.32,0
-0.000282,-2.32,0
-0.00028,-2.32,0
-0.000278,-2.24,0.08
-0.000276,-2.16,0
-0.000274,-2.08,0
-0.000272,-2.08,0
-0.00027,-2.08,0
-0.000268,-2.16,0
-0.000266,-2.24,0.08
-0.000264,-2.32,0.08
-0.000262,-2.32,0.08
-0.00026,-2.32,0.08
-0.000258,-2.32,0.16
-0.000256,-2.24,0.16
-0.000254,-2.24,0.16
-0.000252,-2.16,0.16
-0.00025,-2.16,0.16
-0.000248,-2.16,0.16
-0.000246,-2.24,0.16
-0.000244,-2.32,0.16
-0.000242,-2.4,0.16
-0.00024,-2.4,0.08
-0.000238,-2.32,0.16
-0.000236,-2.32,0.16
-0.000234,-2.24,0.16
-0.000232,-2.24,0.08
-0.00023,-2.16,0.08
-0.000228,-2.16,0.08
-0.000226,-2.16,0
-0.000224,-2.24,0.08
-0.000222,-2.24,0
-0.00022,-2.32,0
-0.000218,-2.32,0
-0.000216,-2.24,0
-0.000214,-2.16,0
-0.000212,-2.16,0.08
-0.00021,-2.16,0.08
-0.000208,-2.08,0.08
-0.000206,-2.16,0.08
-0.000204,-2.16,0.16
-0.000202,-2.24,0.16
-0.0002,-2.32,0.08
-0.000198,-2.4,0.08
-0.000196,-2.4,0.08
-0.000194,-2.32,0
-0.000192,-2.24,0.08
-0.00019,-2.24,0.16
-0.000188,-2.24,0.16
-0.000186,-2.16,0.08
-0.000184,-2.24,0.16
-0.000182,-2.24,0.16
-0.00018,-2.24,0.16
-0.000178,-2.32,0.16
-0.000176,-2.32,0.16
-0.000174,-2.32,0.16
-0.000172,-2.24,0.16
-0.00017,-2.24,0.16
-0.000168,-2.08,0.16
-0.000166,-2.08,0.08
-0.000164,-2.08,0.08
-0.000162,-2.16,0.08
-0.00016,-2.24,0
-0.000158,-2.32,0.08
-0.000156,-2.4,0.08
-0.000154,-2.4,0.08
-0.000152,-2.4,0.08
-0.00015,-2.32,0.08
-0.000148,-2.32,0.08
-0.000146,-2.24,0.08
-0.000144,-2.24,0.16
-0.000142,-2.16,0.08
-0.00014,-2.16,0.16
-0.000138,-2.24,0.16
-0.000136,-2.32,0.16
-0.000134,-2.32,0.16
-0.000132,-2.4,0.16
-0.00013,-2.32,0.16
-0.000128,-2.24,0.16
-0.000126,-2.24,0.16
-0.000124,-2.16,0.16
-0.000122,-2.08,0.08
-0.00012,-2.08,0.16
-0.000118,-2.24,0.16
-0.000116,-2.24,0.16
-0.000114,-2.32,0.08
-0.000112,-2.32,0.08
-0.00011,-2.4,0.08
-0.000108,-2.24,0.08
-0.000106,-2.24,0.16
-0.000104,-2.16,0.08
-0.000102,-2.16,0
-0.0001,-2.16,0
-9.8e-005,-2.24,0
-9.6e-005,-2.24,0
-9.4e-005,-2.32,0
-9.2e-005,-2.4,0
-9e-005,-2.4,0.08
-8.8e-005,-2.4,0.08
-8.6e-005,-2.32,0
-8.4e-005,-2.24,0
-8.2e-005,-2.24,0.08
-8e-005,-2.08,0.08
-7.8e-005,-2.08,0.08
-7.6e-005,-2.16,0.08
-7.4e-005,-2.24,0.08
-7.2e-005,-2.24,0.08
-7e-005,-2.32,0.16
-6.8e-005,-2.32,0.16
-6.6e-005,-2.32,0.08
-6.4e-005,-2.24,0.08
-6.2e-005,-2.16,0.08
-6e-005,-2.16,0.08
-5.8e-005,-2.08,0.08
-5.6e-005,-2.16,0.08
-5.4e-005,-2.24,0.08
-5.2e-005,-2.24,0.08
-5e-005,-2.32,0.08
-4.8e-005,-2.32,0.08
-4.6e-005,-2.32,0.08
-4.4e-005,-2.32,0.08
-4.2e-005,-2.24,0.08
-4e-005,-2.08,0.08
-3.8e-005,-2.16,0.08
-3.6e-005,-2.08,0.08
-3.4e-005,-2.08,0.16
-3.2e-005,-2.16,0.08
-3e-005,-2.24,0.08
-2.8e-005,-2.24,0.08
-2.6e-005,-2.32,0.08
-2.4e-005,-2.32,0.16
-2.2e-005,-2.32,0.16
-2e-005,-2.24,0.16
-1.8e-005,-2.24,0.08
-1.6e-005,-2.16,0.16
-1.4e-005,-2.16,0.08
-1.2e-005,-2.24,0.08
-1e-005,-2.32,0
-8e-006,-7.2,-7.2
-6e-006,-7.2,-7.2
-4e-006,-7.28,-7.2
-2e-006,-7.28,-7.2
-1.0842e-019,-7.28,-7.2
2e-006,-7.28,0.96
4e-006,-7.28,7.2
6e-006,-7.28,7.28
8e-006,-7.28,7.28
1e-005,-7.28,7.28
1.2e-005,-7.2,7.28
1.4e-005,-7.2,7.28
1.6e-005,-7.2,7.36
1.8e-005,-7.28,7.28
2e-005,-7.28,7.36
2.2e-005,-7.2,7.36
2.4e-005,-7.2,7.28
2.6e-005,-7.2,7.28
2.8e-005,-7.28,7.28
3e-005,-7.2,7.36
3.2e-005,-7.28,7.28
3.4e-005,-7.2,7.28
3.6e-005,-7.2,7.28
3.8e-005,-7.2,7.28
4e-005,-7.2,7.28
4.2e-005,-7.28,7.28
4.4e-005,-7.2,7.28
4.6e-005,-7.2,7.36
4.8e-005,-7.2,7.28
5e-005,-7.28,7.28
5.2e-005,-7.2,7.28
5.4e-005,-7.28,7.28
5.6e-005,-7.28,7.36
5.8e-005,-7.2,7.28
6e-005,-7.2,7.28
6.2e-005,-7.2,7.28
6.4e-005,-7.2,7.28
6.6e-005,-7.2,7.28
6.8e-005,-7.2,7.28
7e-005,-7.2,7.28
7.2e-005,-7.2,7.28
7.4e-005,-7.2,7.28
7.6e-005,-7.2,7.28
7.8e-005,-7.2,7.28
8e-005,-7.2,7.28
8.2e-005,-7.2,7.28
8.4e-005,-7.2,2.72
8.6e-005,-7.2,-0.24
8.8e-005,-7.2,-2.4
9e-005,-7.28,-4.08
9.2e-005,-7.2,-5.28
9.4e-005,-7.2,-6
9.6e-005,-7.2,-6.4
9.8e-005,-7.2,-6.48
0.0001,-5.6,-6.4
0.000102,-4.24,-6.16
0.000104,-3.2,-5.92
0.000106,-2.24,-5.6
0.000108,-1.36,-5.2
0.00011,-0.64,-4.8
0.000112,0,-4.4
0.000114,0.56,-4.16
0.000116,0.88,-3.92
0.000118,1.12,-3.68
0.00012,1.28,-3.52
0.000122,1.44,-3.52
0.000124,1.44,-3.52
0.000126,1.52,-3.44
0.000128,1.6,-3.52
0.00013,1.6,-3.52
0.000132,1.68,-3.68
0.000134,1.76,-3.76
0.000136,1.68,-3.84
0.000138,1.6,-3.92
0.00014,1.44,-4.08
0.000142,1.28,-4.16
0.000144,1.12,-4.32
0.000146,1.04,-4.4
0.000148,0.96,-4.56
0.00015,0.96,-4.64
0.000152,1.04,-4.72
0.000154,0.96,-4.8
0.000156,0.96,-4.88
0.000158,0.88,-4.96
0.00016,0.8,-5.04
0.000162,0.72,-5.04
0.000164,0.64,-5.2
0.000166,0.56,-5.2
0.000168,0.56,-5.2
0.00017,0.56,-5.2
0.000172,0.56,-5.28
0.000174,0.64,-5.28
0.000176,0.64,-5.28
0.000178,0.72,-5.36
0.00018,0.64,-5.36
0.000182,0.48,-5.36
0.000184,0.4,-5.44
0.000186,0.32,-5.44
0.000188,0.32,-5.44
0.00019,0.24,-5.36
0.000192,0.32,-5.44
0.000194,0.4,-5.52
0.000196,0.48,-5.44
0.000198,0.56,-5.52
0.0002,0.56,-5.52
0.000202,0.48,-5.52
0.000204,0.4,-5.6
0.000206,0.4,-5.6
0.000208,0.32,-5.68
0.00021,0.24,-5.68
0.000212,0.24,-5.68
0.000214,0.32,-5.68
0.000216,0.32,-5.76
0.000218,0.4,-5.76
0.00022,0.4,-5.76
0.000222,0.32,-5.76
0.000224,0.24,-5.84
0.000226,0.16,-5.84
0.000228,0,-5.84
0.00023,0,-5.84
0.000232,-0.08,-5.84
0.000234,-0.08,-5.84
0.000236,-0.08,-5.84
0.000238,-0.08,-5.84
0.00024,0.08,-5.84
0.000242,0.08,-5.84
0.000244,0.08,-5.92
0.000246,-0.08,-5.92
0.000248,-0.16,-5.92
0.00025,-0.24,-5.92
0.000252,-0.32,-5.92
0.000254,-0.4,-5.92
0.000256,-0.4,-6
0.000258,-0.4,-5.92
0.00026,-0.32,-5.92
0.000262,-0.32,-6
0.000264,-0.32,-5.92
0.000266,-0.32,-6
0.000268,-0.32,-6
0.00027,-0.4,-6
0.000272,-0.56,-6
0.000274,-0.56,-6
0.000276,-0.56,-6.08
0.000278,-0.56,-6.08
0.00028,-0.56,-6.08
0.000282,-0.48,-6.08
0.000284,-0.48,-6.08
0.000286,-0.56,-6.08
0.000288,-0.56,-6.08
0.00029,-0.64,-6.08
0.000292,-0.8,-6.08
0.000294,-0.88,-6.16
0.000296,-0.88,-6.16
0.000298,-0.96,-6.16
0.0003,-0.88,-6.16
0.000302,-0.88,-6.08
0.000304,-0.88,-6.08
0.000306,-0.8,-6.16
0.000308,-0.88,-6.16
0.00031,-0.96,-6.16
0.000312,-0.96,-6.16
0.000314,-1.12,-6.24
0.000316,-1.2,-6.24
0.000318,-1.28,-6.24
0.00032,-1.2,-6.24
0.000322,-1.2,-6.32
0.000324,-1.12,-6.24
0.000326,-1.2,-6.24
0.000328,-1.12,-6.24
0.00033,-1.2,-6.24
0.000332,-1.2,-6.24
0.000334,-1.28,-6.32
0.000336,-1.36,-6.32
0.000338,-1.44,-6.32
0.00034,-1.52,-6.32
0.000342,-1.52,-6.32
0.000344,-1.44,-6.32
0.000346,-1.44,-6.32
0.000348,-1.44,-6.32
0.00035,-1.44,-6.32
0.000352,-1.52,-6.32
0.000354,-1.6,-6.32
0.000356,-1.68,-6.32
0.000358,-1.84,-6.32
0.00036,-1.92,-6.32
0.000362,-1.84,-6.32
0.000364,-1.92,-6.4
0.000366,-1.84,-6.4
0.000368,-1.76,-6.32
0.00037,-1.76,-6.4
0.000372,-1.76,-6.4
0.000374,-1.84,-6.4
0.000376,-2,-6.4
0.000378,-2.08,-6.4
0.00038,-2.16,-6.4
0.000382,-2.16,-6.4
0.000384,-2.24,-6.32
0.000386,-2.24,-6.32
0.000388,-2.16,-6.24
0.00039,-2.16,-6.24
0.000392,-2.08,-6.24
0.000394,-2.16,-6.24
0.000396,-2.24,-6.24
0.000398,-2.32,-6.24
0.0004,-2.4,-6.24
0.000402,-2.48,-6.24
0.000404,-2.48,-6.24
0.000406,-2.56,-6.24
0.000408,-2.48,-6.24
0.00041,-2.48,-6.24
0.000412,-2.4,-6.24
0.000414,-2.48,-6.24
0.000416,-2.48,-6.24
0.000418,-2.56,-6.24
0.00042,-2.56,-6.24
0.000422,-2.64,-6.24
0.000424,-2.72,-6.24
0.000426,-2.8,-6.24
0.000428,-2.8,-6.24
0.00043,-2.72,-6.24
0.000432,-2.72,-6.24
0.000434,-2.72,-6.24
0.000436,-2.72,-6.24
0.000438,-2.8,-6.24
0.00044,-2.96,-6.24
0.000442,-2.96,-6.16
0.000444,-3.04,-6.16
0.000446,-3.12,-6.16
0.000448,-3.2,-6.08
0.00045,-3.2,-6.08
0.000452,-3.12,-6.08
0.000454,-3.12,-6.08
0.000456,-3.12,-6.08
0.000458,-3.12,-6.08
0.00046,-3.2,-6.08
0.000462,-3.28,-6.16
0.000464,-3.36,-6.08
0.000466,-3.44,-6.16
0.000468,-3.44,-6.16
0.00047,-3.44,-6.08
0.000472,-3.44,-6.16
0.000474,-3.36,-6.16
0.000476,-3.36,-6.08
0.000478,-3.36,-6.08
0.00048,-3.36,-6.08
0.000482,-3.44,-6.08
0.000484,-3.52,-6.08
0.000486,-3.6,-6.08
0.000488,-3.68,-6.08
0.00049,-3.76,-6.08
0.000492,-3.76,-6
0.000494,-3.76,-6
0.000496,-3.68,-6
0.000498,-3.6,-5.92
0.0005,-3.6,-6
0.000502,-3.6,-5.92
0.000504,-3.68,-6
0.000506,-3.76,-5.92
0.000508,-3.84,-5.84
0.00051,-4,-5.92
0.000512,-3.92,-5.84
0.000514,-3.92,-5.84
0.000516,-3.92,-5.84
0.000518,-3.84,-5.84
0.00052,-3.92,-5.76
0.000522,-3.92,-5.76
0.000524,-4,-5.76
0.000526,-4.08,-5.76
0.000528,-4.16,-5.76
0.00053,-4.24,-5.76
0.000532,-4.24,-5.76
0.000534,-4.24,-5.76
0.000536,-4.24,-5.68
0.000538,-4.16,-5.68
0.00054,-4.08,-5.68
0.000542,-4.16,-5.6
0.000544,-4.16,-5.6
0.000546,-4.24,-5.68
0.000548,-4.32,-5.68
0.00055,-4.4,-5.68
0.000552,-4.48,-5.6
0.000554,-4.48,-5.6
0.000556,-4.56,-5.6
0.000558,-4.48,-5.6
0.00056,-4.48,-5.6
0.000562,-4.48,-5.6
0.000564,-4.4,-5.6
0.000566,-4.48,-5.52
0.000568,-4.48,-5.52
0.00057,-4.56,-5.52
0.000572,-4.72,-5.44
0.000574,-4.8,-5.44
0.000576,-4.8,-5.44
0.000578,-4.8,-5.44
0.00058,-4.72,-5.36
0.000582,-4.64,-5.44
0.000584,-4.64,-5.36
0.000586,-4.64,-5.36
0.000588,-4.72,-5.28
0.00059,-4.8,-5.36
0.000592,-4.88,-5.36
0.000594,-5.04,-5.36
0.000596,-5.12,-5.28
0.000598,-5.12,-5.2
0.0006,-5.12,-5.28
0.000602,-5.04,-5.2
0.000604,-5.04,-5.2
0.000606,-4.96,-5.12
0.000608,-5.04,-5.04
0.00061,-5.04,-5.04
0.000612,-5.12,-5.04
0.000614,-5.12,-5.04
0.000616,-5.28,-4.96
0.000618,-5.36,-4.96
0.00062,-5.28,-4.96
0.000622,-5.2,-4.96
0.000624,-5.2,-4.96
0.000626,-5.12,-4.96
0.000628,-5.12,-4.96
0.00063,-5.2,-4.88
0.000632,-5.2,-4.88
0.000634,-5.28,-4.8
0.000636,-5.36,-4.8
0.000638,-5.44,-4.8
0.00064,-5.52,-4.8
0.000642,-5.44,-4.72
0.000644,-5.44,-4.72
0.000646,-5.44,-4.72
0.000648,-5.44,-4.64
0.00065,-5.36,-4.64
0.000652,-5.44,-4.64
0.000654,-5.52,-4.64
0.000656,-5.6,-4.72
0.000658,-5.68,-4.64
0.00066,-5.68,-4.56
0.000662,-5.68,-4.56
0.000664,-5.68,-4.64
0.000666,-5.68,-4.56
0.000668,-5.6,-4.48
0.00067,-5.6,-4.48
0.000672,-5.6,-4.48
0.000674,-5.6,-4.4
0.000676,-5.68,-4.32
0.000678,-5.76,-4.32
0.00068,-5.84,-4.32
0.000682,-5.84,-4.24
0.000684,-5.92,-4.24
0.000686,-5.84,-4.24
0.000688,-5.76,-4.16
0.00069,-5.76,-4.16
0.000692,-5.76,-4.16
0.000694,-5.76,-4.16
0.000696,-5.76,-4.16
0.000698,-5.76,-4.16
0.0007,-5.84,-4.16
0.000702,-6,-4.16
0.000704,-6,-4.08
0.000706,-6,-4.08
0.000708,-5.92,-4.08
0.00071,-5.84,-4.08
0.000712,-5.76,-4
0.000714,-5.76,-4
0.000716,-5.76,-3.92
0.000718,-5.84,-3.92
0.00072,-5.92,-4
0.000722,-6,-3.92
0.000724,-6,-3.92
0.000726,-6,-3.92
0.000728,-6.08,-3.92
0.00073,-6.08,-3.84
0.000732,-6,-3.76
0.000734,-5.92,-3.76
0.000736,-5.92,-3.84
0.000738,-5.92,-3.84
0.00074,-6.08,-3.76
0.000742,-6.16,-3.76
0.000744,-6.16,-3.76
0.000746,-6.24,-3.68
0.000748,-6.24,-3.68
0.00075,-6.24,-3.6
0.000752,-6.24,-3.6
0.000754,-6.16,-3.6
0.000756,-6.16,-3.52
0.000758,-6.16,-3.52
0.00076,-6.24,-3.52
0.000762,-6.24,-3.52
0.000764,-6.32,-3.44
0.000766,-6.32,-3.44
0.000768,-6.32,-3.44
0.00077,-6.32,-3.44
0.000772,-6.24,-3.44
0.000774,-6.24,-3.36
0.000776,-6.24,-3.36
0.000778,-6.16,-3.36
0.00078,-6.16,-3.28
0.000782,-6.24,-3.28
0.000784,-6.32,-3.2
0.000786,-6.32,-3.12
0.000788,-6.4,-3.12
0.00079,-6.48,-3.12
0.000792,-6.4,-3.04
0.000794,-6.4,-3.04
0.000796,-6.32,-3.04
0.000798,-6.32,-3.04
0.0008,-6.32,-2.96
0.000802,-6.32,-2.88
0.000804,-6.4,-2.88
0.000806,-6.48,-2.88
0.000808,-6.56,-2.88
0.00081,-6.56,-2.8
0.000812,-6.56,-2.72
0.000814,-6.56,-2.64
0.000816,-6.48,-2.72
0.000818,-6.48,-2.64
0.00082,-6.48,-2.64
0.000822,-6.4,-2.64
0.000824,-6.4,-2.64
0.000826,-6.4,-2.56
0.000828,-6.48,-2.56
0.00083,-6.56,-2.48
0.000832,-6.56,-2.48
0.000834,-6.48,-2.48
0.000836,-6.48,-2.48
0.000838,-6.48,-2.4
0.00084,-6.48,-2.32
0.000842,-6.4,-2.32
0.000844,-6.48,-2.32
0.000846,-6.48,-2.32
0.000848,-6.56,-2.24
0.00085,-6.64,-2.24
0.000852,-6.72,-2.24
0.000854,-6.64,-2.24
0.000856,-6.56,-2.16
0.000858,-6.56,-2.16
0.00086,-6.48,-2.16
0.000862,-6.48,-2.16
0.000864,-6.48,-2.08
0.000866,-6.48,-2.08
0.000868,-6.56,-2
0.00087,-6.56,-2
0.000872,-6.64,-1.92
0.000874,-6.64,-1.92
0.000876,-6.64,-1.92
0.000878,-6.72,-1.84
0.00088,-6.64,-1.92
0.000882,-6.64,-1.92
0.000884,-6.56,-1.92
0.000886,-6.56,-1.84
0.000888,-6.56,-1.84
0.00089,-6.56,-1.84
0.000892,-6.64,-1.76
0.000894,-6.64,-1.76
0.000896,-6.72,-1.76
0.000898,-6.64,-1.76
0.0009,-6.64,-1.76
0.000902,-6.56,-1.76
0.000904,-6.56,-1.68
0.000906,-6.56,-1.68
0.000908,-6.56,-1.68
0.00091,-6.56,-1.6
0.000912,-6.64,-1.6
0.000914,-6.72,-1.6
0.000916,-6.72,-1.52
0.000918,-6.8,-1.52
0.00092,-6.72,-1.52
0.000922,-6.72,-1.36
0.000924,-6.64,-1.36
0.000926,-6.56,-1.36
0.000928,-6.48,-1.36
0.00093,-6.56,-1.36
0.000932,-6.56,-1.28
0.000934,-6.56,-1.28
0.000936,-6.56,-1.28
0.000938,-6.64,-1.28
0.00094,-6.56,-1.28
0.000942,-6.56,-1.2
0.000944,-6.56,-1.2
0.000946,-6.48,-1.2
0.000948,-6.48,-1.2
0.00095,-6.4,-1.12
0.000952,-6.48,-1.12
0.000954,-6.48,-1.04
0.000956,-6.56,-1.04
0.000958,-6.56,-1.04
0.00096,-6.64,-0.96
0.000962,-6.64,-0.96
0.000964,-6.56,-0.88
0.000966,-6.56,-0.88
0.000968,-6.48,-0.8
0.00097,-6.4,-0.8
0.000972,-6.32,-0.8
0.000974,-6.4,-0.72
0.000976,-6.48,-0.72
0.000978,-6.48,-0.72
0.00098,-6.56,-0.64
0.000982,-6.64,-0.64
0.000984,-6.56,-0.64
0.000986,-6.56,-0.64
0.000988,-6.48,-0.64
0.00099,-6.48,-0.56
0.000992,-6.4,-0.56
0.000994,-6.4,-0.56
0.000996,-6.4,-0.48
0.000998,-6.48,-0.4
0.001,-6.48,-0.4
0.001002,-6.56,-0.4
0.001004,-6.56,-0.4
0.001006,-6.56,-0.32
0.001008,-6.48,-0.32
0.00101,-6.4,-0.32
0.001012,-6.32,-0.32
0.001014,-6.32,-0.32
0.001016,-6.32,-0.24
0.001018,-6.4,-0.24
0.00102,-6.4,-0.16
0.001022,-6.4,-0.16
0.001024,-6.4,-0.08
0.001026,-6.4,-0.08
0.001028,-6.32,-0.08
0.00103,-6.32,-0.08
0.001032,-6.24,0
0.001034,-6.24,0
0.001036,-6.16,0
0.001038,-6.16,0
0.00104,-6.24,0
0.001042,-6.24,0
0.001044,-6.32,0.08
0.001046,-6.4,0.08
0.001048,-6.4,0.08
0.00105,-6.4,0.16
0.001052,-6.24,0.16
0.001054,-6.16,0.16
0.001056,-6.16,0.16
0.001058,-6.08,0.16
0.00106,-6.16,0.24
0.001062,-6.16,0.24
0.001064,-6.24,0.24
0.001066,-6.32,0.32
0.001068,-6.4,0.24
0.00107,-6.32,0.24
0.001072,-6.24,0.32
0.001074,-6.16,0.32
0.001076,-6.08,0.32
0.001078,-6.08,0.4
0.00108,-6,0.4
0.001082,-6.08,0.4
0.001084,-6.08,0.4
0.001086,-6.16,0.4
0.001088,-6.24,0.4
0.00109,-6.24,0.48
0.001092,-6.24,0.48
0.001094,-6.16,0.56
0.001096,-6.16,0.56
0.001098,-6,0.56
0.0011,-6,0.56
0.001102,-6,0.64
0.001104,-6,0.64
0.001106,-6,0.64
0.001108,-6.08,0.64
0.00111,-6.16,0.72
0.001112,-6.16,0.72
0.001114,-6.16,0.72
0.001116,-6,0.72
0.001118,-6,0.8
0.00112,-5.92,0.72
0.001122,-5.92,0.8
0.001124,-5.84,0.8
0.001126,-5.92,0.8
0.001128,-6,0.8
0.00113,-6,0.8
0.001132,-6.08,0.88
0.001134,-6,0.88
0.001136,-5.92,0.88
0.001138,-5.76,0.96
0.00114,-5.68,0.96
0.001142,-5.68,0.96
0.001144,-5.6,0.96
0.001146,-5.6,0.96
0.001148,-5.76,1.04
0.00115,-5.76,1.04
0.001152,-5.76,1.04
0.001154,-5.84,1.12
0.001156,-5.84,1.04
0.001158,-5.76,1.04
0.00116,-5.76,1.04
0.001162,-5.6,1.12
0.001164,-5.6,1.12
0.001166,-5.6,1.12
0.001168,-5.6,1.2
0.00117,-5.6,1.2
0.001172,-5.6,1.28
0.001174,-5.68,1.2
0.001176,-5.76,1.28
0.001178,-5.68,1.28
0.00118,-5.6,1.28
0.001182,-5.52,1.36
0.001184,-5.52,1.36
0.001186,-5.44,1.36
0.001188,-5.52,1.36
0.00119,-5.52,1.36
0.001192,-5.52,1.36
0.001194,-5.52,1.36
0.001196,-5.52,1.36
0.001198,-5.6,1.36
0.0012,-5.44,1.36
0.001202,-5.36,1.44
0.001204,-5.36,1.44
0.001206,-5.28,1.44
0.001208,-5.2,1.36
0.00121,-5.28,1.44
0.001212,-5.28,1.44
0.001214,-5.36,1.44
0.001216,-5.44,1.44
0.001218,-5.44,1.44
0.00122,-5.36,1.44
0.001222,-5.36,1.44
0.001224,-5.28,1.52
0.001226,-5.2,1.52
0.001228,-5.12,1.6
0.00123,-5.12,1.6
0.001232,-5.12,1.6
0.001234,-5.2,1.68
0.001236,-5.28,1.6
0.001238,-5.28,1.6
0.00124,-5.28,1.6
0.001242,-5.28,1.6
0.001244,-5.2,1.6
0.001246,-5.12,1.68
0.001248,-5.04,1.68
0.00125,-4.96,1.68
0.001252,-5.04,1.76
0.001254,-5.04,1.84
0.001256,-4.96,1.84
0.001258,-5.04,1.84
0.00126,-5.04,1.84
0.001262,-5.12,1.84
0.001264,-5.04,1.84
0.001266,-5.04,1.84
0.001268,-4.96,1.84
0.00127,-4.88,1.84
0.001272,-4.88,1.84
0.001274,-4.96,1.92
0.001276,-4.88,1.84
0.001278,-4.96,1.84
0.00128,-4.96,1.84
0.001282,-4.96,1.84
0.001284,-4.96,1.92
0.001286,-4.96,1.92
0.001288,-4.8,1.92
0.00129,-4.8,1.92
0.001292,-4.72,1.92
0.001294,-4.72,1.92
0.001296,-4.72,2
0.001298,-4.8,1.92
0.0013,-4.8,1.92
0.001302,-4.88,2
0.001304,-4.88,2
0.001306,-4.88,2
0.001308,-4.8,2
0.00131,-4.72,2
0.001312,-4.64,2
0.001314,-4.56,2.08
0.001316,-4.56,2.08
0.001318,-4.48,2.08
0.00132,-4.56,2.08
0.001322,-4.64,2.08
0.001324,-4.64,2.08
0.001326,-4.56,2.08
0.001328,-4.56,2
0.00133,-4.48,2
0.001332,-4.4,2.08
0.001334,-4.4,2
0.001336,-4.32,2.08
0.001338,-4.4,2.08
0.00134,-4.4,2.08
0.001342,-4.4,2.08
0.001344,-4.48,2.08
0.001346,-4.48,2.16
0.001348,-4.48,2.08
0.00135,-4.4,2.08
0.001352,-4.32,2.08
0.001354,-4.24,2.16
0.001356,-4.16,2.16
0.001358,-4.16,2.16
0.00136,-4.16,2.16
0.001362,-4.16,2.16
0.001364,-4.24,2.16
0.001366,-4.24,2.16
0.001368,-4.24,2.16
0.00137,-4.16,2.24
0.001372,-4.16,2.24
0.001374,-4.16,2.16
0.001376,-4,2.16
0.001378,-4,2.16
0.00138,-3.92,2.24
0.001382,-4,2.16
0.001384,-4,2.16
0.001386,-4,2.24
0.001388,-4.08,2.24
0.00139,-4.16,2.24
0.001392,-4.08,2.24
0.001394,-4.08,2.16
0.001396,-4,2.24
0.001398,-3.84,2.24
0.0014,-3.76,2.24
0.001402,-3.84,2.24
0.001404,-3.84,2.24
0.001406,-3.92,2.24
0.001408,-4,2.24
0.00141,-4,2.24
0.001412,-4,2.24
0.001414,-4,2.24
0.001416,-3.84,2.32
0.001418,-3.76,2.32
0.00142,-3.68,2.32
0.001422,-3.68,2.4
0.001424,-3.68,2.4
0.001426,-3.6,2.32
0.001428,-3.68,2.32
0.00143,-3.68,2.32
0.001432,-3.76,2.32
0.001434,-3.76,2.32
0.001436,-3.76,2.24
0.001438,-3.68,2.24
0.00144,-3.6,2.24
0.001442,-3.52,2.24
0.001444,-3.52,2.24
0.001446,-3.52,2.24
0.001448,-3.52,2.24
0.00145,-3.6,2.24
0.001452,-3.68,2.32
0.001454,-3.68,2.32
0.001456,-3.68,2.32
0.001458,-3.6,2.32
0.00146,-3.52,2.32
0.001462,-3.44,2.32
0.001464,-3.44,2.32
0.001466,-3.36,2.32
0.001468,-3.44,2.24
0.00147,-3.52,2.24
0.001472,-3.52,2.24
0.001474,-3.6,2.24
0.001476,-3.6,2.24
0.001478,-3.52,2.32
0.00148,-3.44,2.32
0.001482,-3.36,2.32
0.001484,-3.2,2.32
0.001486,-3.2,2.32
0.001488,-3.2,2.24
0.00149,-3.28,2.32
0.001492,-3.28,2.24
0.001494,-3.28,2.32
0.001496,-3.44,2.24
0.001498,-3.44,2.24
0.0015,-3.36,2.24
0.001502,-3.36,2.24
0.001504,-3.2,2.24
0.001506,-3.2,2.24
0.001508,-3.12,2.24
0.00151,-3.12,2.32
0.001512,-3.2,2.32
0.001514,-3.2,2.32
0.001516,-3.28,2.32
0.001518,-3.28,2.32
0.00152,-3.28,2.32
0.001522,-3.2,2.32
0.001524,-3.12,2.32
0.001526,-3.04,2.32
0.001528,-2.96,2.32
0.00153,-2.96,2.32
0.001532,-2.96,2.24
0.001534,-3.04,2.24
0.001536,-3.04,2.24
0.001538,-3.12,2.24
0.00154,-3.2,2.24
0.001542,-3.2,2.24
0.001544,-3.12,2.16
0.001546,-3.04,2.16
0.001548,-2.96,2.16
0.00155,-2.96,2.24
0.001552,-2.96,2.24
0.001554,-2.88,2.16
0.001556,-2.96,2.16
0.001558,-2.96,2.16
0.00156,-3.04,2.16
0.001562,-3.04,2.16
0.001564,-2.96,2.24
0.001566,-2.96,2.16
0.001568,-2.8,2.24
0.00157,-2.72,2.16
0.001572,-2.72,2.16
0.001574,-2.72,2.24
0.001576,-2.8,2.16
0.001578,-2.88,2.16
0.00158,-2.88,2.16
0.001582,-2.88,2.16
0.001584,-2.8,2.16
0.001586,-2.8,2.08
0.001588,-2.72,2.08
0.00159,-2.64,2
0.001592,-2.56,2.08
0.001594,-2.56,2.08
0.001596,-2.56,2.08
0.001598,-2.56,2.16
0.0016,-2.64,2.08
0.001602,-2.64,2.08
0.001604,-2.72,2.08
0.001606,-2.72,2.08
0.001608,-2.64,2.08
0.00161,-2.56,2.08
0.001612,-2.48,2.08
0.001614,-2.4,2.08
0.001616,-2.48,2.08
0.001618,-2.48,2.08
0.00162,-2.56,2.08
0.001622,-2.64,2.08
0.001624,-2.64,2.16
0.001626,-2.72,2.08
0.001628,-2.64,2.16
0.00163,-2.56,2.08
0.001632,-2.48,2.08
0.001634,-2.48,2.08
0.001636,-2.4,2.08
0.001638,-2.32,2.08
0.00164,-2.4,2
0.001642,-2.4,2.08
0.001644,-2.48,2
0.001646,-2.48,2
0.001648,-2.48,1.92
0.00165,-2.48,2
0.001652,-2.4,1.92
0.001654,-2.32,2
0.001656,-2.24,2
0.001658,-2.24,1.92
0.00166,-2.24,1.92
0.001662,-2.24,1.92
0.001664,-2.32,1.92
0.001666,-2.4,1.92
0.001668,-2.48,1.92
0.00167,-2.48,1.92
0.001672,-2.4,1.92
0.001674,-2.32,1.92
0.001676,-2.24,1.92
0.001678,-2.16,1.92
0.00168,-2.16,1.92
0.001682,-2.24,1.92
0.001684,-2.24,1.92
0.001686,-2.32,1.92
0.001688,-2.32,1.92
0.00169,-2.4,1.92
0.001692,-2.4,1.92
0.001694,-2.32,1.84
0.001696,-2.24,1.92
0.001698,-2.08,1.84
0.0017,-2.08,1.84
0.001702,-2,1.84
0.001704,-2.08,1.84
0.001706,-2.08,1.84
0.001708,-2.16,1.92
0.00171,-2.24,1.84
0.001712,-2.16,1.84
0.001714,-2.16,1.84
0.001716,-2.08,1.84
0.001718,-2.08,1.84
0.00172,-2.08,1.84
0.001722,-2,1.84
0.001724,-2,1.76
0.001726,-2.08,1.76
0.001728,-2.08,1.76
0.00173,-2.16,1.68
0.001732,-2.24,1.76
0.001734,-2.16,1.68
0.001736,-2.16,1.68
0.001738,-2.08,1.76
0.00174,-2.08,1.68
0.001742,-2,1.68
0.001744,-2.08,1.76
0.001746,-2,1.76
0.001748,-2.08,1.68
0.00175,-2.08,1.68
0.001752,-2.24,1.68
0.001754,-2.24,1.68
0.001756,-2.24,1.68
0.001758,-2.16,1.68
0.00176,-2.08,1.68
0.001762,-2,1.76
0.001764,-1.92,1.68
0.001766,-1.92,1.68
0.001768,-2,1.68
0.00177,-2,1.68
0.001772,-2.08,1.68
0.001774,-2.08,1.6
0.001776,-2.08,1.6
0.001778,-2.08,1.6
0.00178,-2,1.6
0.001782,-2,1.6
0.001784,-2,1.6
0.001786,-1.92,1.6
0.001788,-1.84,1.52
0.00179,-2,1.52
0.001792,-2,1.52
0.001794,-2,1.52
0.001796,-2,1.52
0.001798,-2.08,1.52
0.0018,-2,1.44
0.001802,-2,1.44
0.001804,-1.92,1.44
0.001806,-1.84,1.44
0.001808,-1.84,1.44
0.00181,-1.84,1.44
0.001812,-1.84,1.44
0.001814,-1.92,1.44
0.001816,-2,1.44
0.001818,-2,1.44
0.00182,-2,1.44
0.001822,-2,1.44
0.001824,-1.92,1.36
0.001826,-1.92,1.36
0.001828,-1.84,1.44
0.00183,-1.84,1.44
0.001832,-1.84,1.36
0.001834,-1.92,1.36
0.001836,-2,1.44
0.001838,-2,1.36
0.00184,-2.08,1.36
0.001842,-2.08,1.36
0.001844,-2.08,1.36
0.001846,-1.92,1.36
0.001848,-1.84,1.36
0.00185,-1.76,1.36
0.001852,-1.76,1.36
0.001854,-1.76,1.36
0.001856,-1.84,1.36
0.001858,-1.92,1.36
0.00186,-1.92,1.36
0.001862,-1.92,1.36
0.001864,-1.92,1.36
0.001866,-1.84,1.28
0.001868,-1.76,1.28
0.00187,-1.76,1.28
0.001872,-1.76,1.28
0.001874,-1.68,1.28
0.001876,-1.76,1.2
0.001878,-1.84,1.2
0.00188,-1.92,1.28
0.001882,-1.92,1.2
0.001884,-1.84,1.2
0.001886,-1.84,1.2
0.001888,-1.76,1.12
0.00189,-1.68,1.12
0.001892,-1.6,1.12
0.001894,-1.6,1.12
0.001896,-1.6,1.12
0.001898,-1.68,1.12
0.0019,-1.84,1.12
0.001902,-1.84,1.12
0.001904,-1.84,1.12
0.001906,-1.92,1.2
0.001908,-1.84,1.12
0.00191,-1.76,1.12
0.001912,-1.76,1.2
0.001914,-1.76,1.12
0.001916,-1.68,1.2
0.001918,-1.76,1.2
0.00192,-1.76,1.12
0.001922,-1.76,1.12
0.001924,-1.84,1.12
0.001926,-1.92,1.12
0.001928,-1.84,1.12
0.00193,-1.76,1.12
0.001932,-1.76,1.04
0.001934,-1.68,1.04
0.001936,-1.6,1.04
0.001938,-1.6,0.96
0.00194,-1.68,0.96
0.001942,-1.76,0.96
0.001944,-1.84,0.96
0.001946,-1.84,0.96
0.001948,-1.84,0.96
0.00195,-1.84,0.96
0.001952,-1.76,0.96
0.001954,-1.68,0.96
0.001956,-1.68,0.96
0.001958,-1.68,0.96
0.00196,-1.6,0.88
0.001962,-1.68,0.96
0.001964,-1.76,0.88
0.001966,-1.84,0.88
0.001968,-1.84,0.96
0.00197,-1.84,0.96
0.001972,-1.84,0.96
0.001974,-1.76,0.88
0.001976,-1.76,0.88
0.001978,-1.68,0.88
0.00198,-1.6,0.8
0.001982,-1.68,0.8
0.001984,-1.68,0.8
0.001986,-1.76,0.8
0.001988,-1.84,0.8
0.00199,-1.84,0.8
0.001992,-1.84,0.8
0.001994,-1.76,0.8
0.001996,-1.68,0.8
0.001998,-1.68,0.8
0.002,-1.6,0.8
0.002002,-1.6,0.8
0.002004,-1.6,0.8
0.002006,-1.76,0.8
0.002008,-1.76,0.8
0.00201,-1.84,0.72
0.002012,-1.92,0.72
0.002014,-1.84,0.64
0.002016,-1.84,0.64
0.002018,-1.76,0.64
0.00202,-1.76,0.64
0.002022,-1.68,0.64
0.002024,-1.68,0.64
0.002026,-1.76,0.64
0.002028,-1.76,0.64
0.00203,-1.84,0.64
0.002032,-1.92,0.64
0.002034,-1.84,0.64
0.002036,-1.84,0.64
0.002038,-1.84,0.64
0.00204,-1.76,0.64
0.002042,-1.68,0.64
0.002044,-1.6,0.64
0.002046,-1.68,0.64
0.002048,-1.76,0.72
0.00205,-1.76,0.64
0.002052,-1.84,0.64
0.002054,-1.92,0.64
0.002056,-1.92,0.64
0.002058,-1.84,0.64
0.00206,-1.76,0.64
0.002062,-1.68,0.64
0.002064,-1.68,0.56
0.002066,-1.68,0.56
0.002068,-1.6,0.64
0.00207,-1.68,0.64
0.002072,-1.76,0.64
0.002074,-1.84,0.64
0.002076,-1.84,0.64
0.002078,-1.84,0.64
0.00208,-1.84,0.64
0.002082,-1.76,0.64
0.002084,-1.76,0.64
0.002086,-1.68,0.64
0.002088,-1.6,0.64
0.00209,-1.68,0.64
0.002092,-1.76,0.56
0.002094,-1.84,0.56
0.002096,-1.92,0.56
0.002098,-2,0.48
0.0021,-1.84,0.48
0.002102,-1.84,0.4
0.002104,-1.76,0.4
0.002106,-1.68,0.48
0.002108,-1.6,0.4
0.00211,-1.6,0.4
0.002112,-1.68,0.4
0.002114,-1.84,0.48
0.002116,-1.84,0.48
0.002118,-1.84,0.4
0.00212,-1.84,0.4
0.002122,-1.84,0.4
0.002124,-1.76,0.4
0.002126,-1.76,0.4
0.002128,-1.68,0.4
0.00213,-1.6,0.4
0.002132,-1.68,0.4
0.002134,-1.68,0.4
0.002136,-1.76,0.4
0.002138,-1.84,0.4
0.00214,-2,0.4
0.002142,-1.92,0.4
0.002144,-2,0.4
0.002146,-1.92,0.4
0.002148,-1.76,0.4
0.00215,-1.76,0.4
0.002152,-1.76,0.4
0.002154,-1.76,0.4
0.002156,-1.84,0.4
0.002158,-1.92,0.32
0.00216,-2,0.4
0.002162,-2,0.32
0.002164,-1.92,0.32
0.002166,-1.84,0.32
0.002168,-1.76,0.32
0.00217,-1.76,0.32
0.002172,-1.76,0.32
0.002174,-1.68,0.4
0.002176,-1.76,0.4
0.002178,-1.84,0.32
0.00218,-1.92,0.32
0.002182,-2,0.32
0.002184,-2,0.32
0.002186,-1.92,0.32
0.002188,-1.84,0.32
0.00219,-1.76,0.32
0.002192,-1.76,0.32
0.002194,-1.76,0.32
0.002196,-1.76,0.24
0.002198,-1.84,0.32
0.0022,-1.84,0.24
0.002202,-2,0.32
0.002204,-2,0.24
0.002206,-2,0.24
0.002208,-1.92,0.24
0.00221,-1.92,0.24
0.002212,-1.84,0.32
0.002214,-1.84,0.32
0.002216,-1.84,0.24
0.002218,-1.84,0.32
0.00222,-1.84,0.32
0.002222,-1.92,0.32
0.002224,-2,0.24
0.002226,-2,0.24
0.002228,-2.08,0.24
0.00223,-2,0.24
0.002232,-1.84,0.24
0.002234,-1.84,0.24
0.002236,-1.76,0.16
0.002238,-1.76,0.16
0.00224,-1.84,0.16
0.002242,-1.84,0.16
0.002244,-2,0.24
0.002246,-2,0.24
0.002248,-2.08,0.24
0.00225,-2,0.24
0.002252,-2,0.32
0.002254,-1.92,0.32
0.002256,-1.84,0.32
0.002258,-1.84,0.32
0.00226,-1.84,0.24
0.002262,-1.84,0.24
0.002264,-2,0.32
0.002266,-2,0.24
0.002268,-2.08,0.24
0.00227,-2.08,0.24
0.002272,-2.08,0.24
0.002274,-2,0.24
0.002276,-1.92,0.16
0.002278,-1.84,0.24
0.00228,-1.84,0.16
0.002282,-1.84,0.16
0.002284,-1.92,0.08
0.002286,-2,0.16
0.002288,-2.08,0.16
0.00229,-2.08,0.16
0.002292,-2.08,0.16
0.002294,-2.08,0.16
0.002296,-2,0.16
0.002298,-1.92,0.24
0.0023,-1.84,0.24
0.002302,-1.84,0.16
0.002304,-2,0.24
0.002306,-2,0.16
0.002308,-2.08,0.24
0.00231,-2.08,0.24
0.002312,-2.16,0.24
0.002314,-2.16,0.16
0.002316,-2.08,0.16
0.002318,-2,0.16
0.00232,-1.92,0.24
0.002322,-1.92,0.24
0.002324,-1.92,0.16
0.002326,-1.92,0.16
0.002328,-2.08,0.16
0.00233,-2,0.16
0.002332,-2.08,0.08
0.002334,-2.08,0.08
0.002336,-2.08,0.08
0.002338,-2,0.08
0.00234,-2,0.08
0.002342,-1.92,0.08
0.002344,-1.92,0.08
0.002346,-1.84,0.16
0.002348,-2,0.08
0.00235,-2,0.08
0.002352,-2.08,0.08
0.002354,-2.16,0.16
0.002356,-2.16,0.16
0.002358,-2.08,0.16
0.00236,-2.08,0.16
0.002362,-2,0.16
0.002364,-2,0.16
0.002366,-1.92,0.16
0.002368,-2,0.08
0.00237,-2,0.16
0.002372,-2.08,0.08
0.002374,-2.16,0.08
0.002376,-2.16,0.08
0.002378,-2.16,0.08
0.00238,-2.08,0.08
0.002382,-2.08,0.08
0.002384,-2,0
0.002386,-2,0
0.002388,-2,0
0.00239,-2,0
0.002392,-2.08,0
0.002394,-2.16,0
0.002396,-2.16,0.08
0.002398,-2.24,0.08
0.0024,-2.24,0.08
0.002402,-2.08,0.08
0.002404,-2.08,0.16
0.002406,-2,0.16
0.002408,-2,0.16
0.00241,-2,0.16
0.002412,-2,0.16
0.002414,-2.08,0.16
0.002416,-2.16,0.16
0.002418,-2.16,0.16
0.00242,-2.24,0.16
0.002422,-2.24,0.16
0.002424,-2.16,0.16
0.002426,-2.08,0.16
0.002428,-2,0.16
0.00243,-2,0.16
0.002432,-2,0.16
0.002434,-2.08,0.16
0.002436,-2.08,0.08
0.002438,-2.16,0.16
0.00244,-2.16,0.08
0.002442,-2.16,0.08
0.002444,-2.16,0.08
0.002446,-2.16,0.16
0.002448,-2.08,0.16
0.00245,-2,0.16
0.002452,-2.08,0.08
0.002454,-2.08,0.08
0.002456,-2.08,0.08
0.002458,-2.16,0.08
0.00246,-2.24,0.08
0.002462,-2.32,0
0.002464,-2.32,0.08
0.002466,-2.16,0
0.002468,-2.08,0
0.00247,-2.08,0
0.002472,-2,0
0.002474,-2,0
0.002476,-2,0
0.002478,-2.08,0
0.00248,-2.16,0
0.002482,-2.24,0.08
0.002484,-2.24,0.08
0.002486,-2.24,0.08
0.002488,-2.16,0.08
0.00249,-2.16,0.08
0.002492,-2.08,0.08
0.002494,-2.08,0
0.002496,-2.08,0
0.002498,-2.08,0.08
0.0025,-2.08,0.08
0.002502,-2.16,0.08
0.002504,-2.24,0
0.002506,-2.32,0.08
0.002508,-2.24,0.08
0.00251,-2.16,0.08
0.002512,-2.08,0.08
0.002514,-2.16,0.08
0.002516,-2,0.08
0.002518,-2.08,0.08
0.00252,-2.16,0.16
0.002522,-2.16,0
0.002524,-2.32,0.08
0.002526,-2.24,0.08
0.002528,-2.24,0.08
0.00253,-2.24,0
0.002532,-2.16,0.08
0.002534,-2.08,0
0.002536,-2,0.08
0.002538,-2,0.08
0.00254,-2.08,0.08
0.002542,-2.08,0.08
0.002544,-2.16,0.08
0.002546,-2.24,0.08
0.002548,-2.24,0
0.00255,-2.24,0.08
0.002552,-2.24,0.08
0.002554,-2.16,0.08
0.002556,-2.08,0
0.002558,-2.08,0
0.00256,-2.08,0
0.002562,-2.16,0.08
0.002564,-2.32,0.08
0.002566,-2.32,0
0.002568,-2.32,0.08
0.00257,-2.4,0.08
0.002572,-2.32,0.16
0.002574,-2.32,0.08
0.002576,-2.24,0.08
0.002578,-2.24,0.08
0.00258,-2.24,0.08
0.002582,-2.16,0.16
0.002584,-2.24,0.08
0.002586,-2.24,0.08
0.002588,-2.32,0
0.00259,-2.4,0
0.002592,-2.32,0
0.002594,-2.32,0
0.002596,-2.24,0
0.002598,-2.16,-0.08
0.0026,-2.16,0
0.002602,-2.16,0
0.002604,-2.16,0
0.002606,-2.24,0
0.002608,-2.32,0
0.00261,-2.4,0
0.002612,-2.48,0
0.002614,-2.48,0.08
0.002616,-2.4,0.08
0.002618,-2.32,0.08
0.00262,-2.24,0
0.002622,-2.24,0
0.002624,-2.16,0
0.002626,-2.24,0
0.002628,-2.32,0.08
0.00263,-2.4,0
0.002632,-2.4,0.08
0.002634,-2.4,0.08
0.002636,-2.4,0.08
0.002638,-2.4,0.08
0.00264,-2.32,0.08
0.002642,-2.24,0.08
0.002644,-2.24,0.16
0.002646,-2.24,0.08
0.002648,-2.32,0.08
0.00265,-2.32,0.08
0.002652,-2.32,0.08
0.002654,-2.4,0.08
0.002656,-2.48,0.08
0.002658,-2.4,0.08
0.00266,-2.4,0.08
0.002662,-2.32,0.08
0.002664,-2.24,0.08
0.002666,-2.24,0.08
0.002668,-2.24,0.08
0.00267,-2.32,0.08
0.002672,-2.32,0.08
0.002674,-2.48,0.08
0.002676,-2.48,0.08
0.002678,-2.4,0.08
0.00268,-2.4,0
0.002682,-2.32,0
0.002684,-2.32,0
0.002686,-2.24,0
0.002688,-2.24,0
0.00269,-2.24,0
0.002692,-2.24,0
0.002694,-2.32,0
0.002696,-2.32,0
0.002698,-2.4,0.08
0.0027,-2.4,0.08
0.002702,-2.4,0.16
0.002704,-2.32,0.08
0.002706,-2.24,0.08
0.002708,-2.24,0.08
0.00271,-2.24,0.08
0.002712,-2.24,0.16
0.002714,-2.32,0.08
0.002716,-2.4,0.08
0.002718,-2.4,0.08
0.00272,-2.4,0.08
0.002722,-2.4,0.08
0.002724,-2.32,0.08
0.002726,-2.24,0.08
0.002728,-2.24,0.08
0.00273,-2.16,0.08
0.002732,-2.16,0
0.002734,-2.32,0
0.002736,-2.32,0
0.002738,-2.4,0
0.00274,-2.4,0
0.002742,-2.48,0.08
0.002744,-2.4,0.08
0.002746,-2.32,0.16
0.002748,-2.24,0.16
0.00275,-2.24,0.16
0.002752,-2.16,0.16
0.002754,-2.16,0.16
0.002756,-2.24,0.16
0.002758,-2.32,0.24
0.00276,-2.4,0.16
0.002762,-2.4,0.16
0.002764,-2.4,0.16
0.002766,-2.32,0.16
0.002768,-2.32,0.16
0.00277,-2.24,0.16
0.002772,-2.16,0.16
0.002774,-2.24,0.16
0.002776,-2.24,0.16
0.002778,-2.32,0.16
0.00278,-2.32,0.16
0.002782,-2.4,0.16
0.002784,-2.48,0.08
0.002786,-2.4,0.16
0.002788,-2.4,0.16
0.00279,-2.4,0.08
0.002792,-2.32,0.08
0.002794,-2.24,0.16
0.002796,-2.32,0
0.002798,-2.24,0.08
0.0028,-2.32,0.08
0.002802,-2.48,0.08
0.002804,-2.48,0.08
0.002806,-2.48,0.08
0.002808,-2.48,0.08
0.00281,-2.4,0.08
0.002812,-2.32,0.08
0.002814,-2.24,0.16
0.002816,-2.24,0.08
0.002818,-2.24,0.08
0.00282,-2.32,0.08
0.002822,-2.4,0.08
0.002824,-2.4,0.08
0.002826,-2.48,0.08
0.002828,-2.48,0.08
0.00283,-2.48,0.16
0.002832,-2.32,0.16
0.002834,-2.24,0.16
0.002836,-2.24,0.16
0.002838,-2.24,0.08
0.00284,-2.24,0.08
0.002842,-2.32,0.08
0.002844,-2.48,0
0.002846,-2.48,0
0.002848,-2.56,0
0.00285,-2.56,0
0.002852,-2.48,0.08
0.002854,-2.32,0.08
0.002856,-2.32,0.16
0.002858,-2.24,0.16
0.00286,-2.24,0.08
0.002862,-2.32,0.08
0.002864,-2.32,0.08
0.002866,-2.4,0.16
0.002868,-2.48,0.16
0.00287,-2.48,0.16
0.002872,-2.48,0.16
0.002874,-2.4,0.16
0.002876,-2.32,0.32
0.002878,-2.32,0.24
0.00288,-2.24,0.24
0.002882,-2.24,0.16
0.002884,-2.24,0.16
0.002886,-2.32,0.16
0.002888,-2.4,0.16
0.00289,-2.4,0.16
0.002892,-2.4,0.16
0.002894,-2.32,0.08
0.002896,-2.32,0.08
0.002898,-2.24,0.08
0.0029,-2.16,0
0.002902,-2.16,0.08
0.002904,-2.24,0.08
0.002906,-2.24,0.16
0.002908,-2.4,0.16
0.00291,-2.48,0.16
0.002912,-2.48,0.16
0.002914,-2.48,0.16
0.002916,-2.48,0.16
0.002918,-2.4,0.08
0.00292,-2.32,0.08
0.002922,-2.24,0
0.002924,-2.24,0.08
0.002926,-2.32,0.08
0.002928,-2.4,0.08
0.00293,-2.48,0.08
0.002932,-2.48,0.08
0.002934,-2.4,0.08
0.002936,-2.48,0.08
0.002938,-2.4,0
0.00294,-2.32,0
0.002942,-2.32,0.08
0.002944,-2.32,0
0.002946,-2.32,0.08
0.002948,-2.32,0
0.00295,-2.32,0.08
0.002952,-2.4,0
0.002954,-2.48,0
0.002956,-2.48,0
0.002958,-2.4,0.08
0.00296,-2.4,0.08
0.002962,-2.32,0.08
0.002964,-2.24,0.08
0.002966,-2.24,0.16
0.002968,-2.24,0.16
0.00297,-2.24,0.16
0.002972,-2.32,0.16
0.002974,-2.48,0.16
0.002976,-2.48,0.08
0.002978,-2.48,0.08
0.00298,-2.48,0.16
0.002982,-2.4,0.08
0.002984,-2.32,0.16
0.002986,-2.32,0.16
0.002988,-2.24,0.16
0.00299,-2.32,0.16
0.002992,-2.32,0.08
0.002994,-2.4,0.08
0.002996,-2.48,0.16
0.002998,-2.48,0.08
0.003,-2.56,0.08
0.003002,-2.48,0
0.003004,-2.48,0.08
0.003006,-2.4,0.08
0.003008,-2.32,0.08
0.00301,-2.32,0.08
0.003012,-2.32,0.08
0.003014,-2.4,0.08
0.003016,-2.48,0.08
0.003018,-2.48,0.16
0.00302,-2.48,0.08
0.003022,-2.4,0.08
0.003024,-2.32,0.08
0.003026,-2.32,0.08
0.003028,-2.24,0.08
0.00303,-2.16,0.08
0.003032,-2.24,0.08
0.003034,-2.24,0
0.003036,-2.4,0
0.003038,-2.4,0.08
0.00304,-2.48,0.08
0.003042,-2.56,0.16
0.003044,-2.48,0.16
0.003046,-2.4,0.16
0.003048,-2.32,0.08
0.00305,-2.24,0.08
0.003052,-2.24,0.08
0.003054,-2.24,0.08
0.003056,-2.32,0.16
0.003058,-2.32,0.16
0.00306,-2.4,0.16
0.003062,-2.48,0.16
0.003064,-2.48,0.08
0.003066,-2.48,0.16
0.003068,-2.4,0.08
0.00307,-2.32,0.08
0.003072,-2.32,0
0.003074,-2.24,0
0.003076,-2.32,0
0.003078,-2.4,0
0.00308,-2.48,0.08
0.003082,-2.48,0.08
0.003084,-2.48,0.08
0.003086,-2.48,0.08
0.003088,-2.48,0.08
0.00309,-2.32,0.16
0.003092,-2.32,0.16
0.003094,-2.24,0.16
0.003096,-2.24,0.16
0.003098,-2.24,0.24
0.0031,-2.32,0.24
0.003102,-2.4,0.24
0.003104,-2.4,0.16
0.003106,-2.48,0.16
0.003108,-2.4,0.16
0.00311,-2.32,0.16
0.003112,-2.24,0.16
0.003114,-2.24,0.16
0.003116,-2.16,0.16
0.003118,-2.16,0.16
0.00312,-2.24,0.16
0.003122,-2.32,0.16
0.003124,-2.48,0.16
0.003126,-2.48,0.16
0.003128,-2.48,0.16
0.00313,-2.48,0.08
0.003132,-2.4,0.08
0.003134,-2.32,0.08
0.003136,-2.24,0.08
0.003138,-2.24,0.08
0.00314,-2.24,0.08
0.003142,-2.32,0.08
0.003144,-2.4,0.08
0.003146,-2.48,0.08
0.003148,-2.56,0.16
0.00315,-2.48,0.08
0.003152,-2.48,0.16
0.003154,-2.4,0.16
0.003156,-2.32,0.08
0.003158,-2.24,0.16
0.00316,-2.24,0.08
0.003162,-2.32,0.08
0.003164,-2.32,0.16
0.003166,-2.4,0.16
0.003168,-2.48,0.16
0.00317,-2.48,0.16
0.003172,-2.48,0.16
0.003174,-2.4,0.16
0.003176,-2.32,0.16
0.003178,-2.24,0.16
0.00318,-2.24,0.16
0.003182,-2.16,0.16
0.003184,-2.24,0.16
0.003186,-2.24,0.16
0.003188,-2.32,0.16
0.00319,-2.4,0.16
0.003192,-2.48,0.16
0.003194,-2.4,0.16
0.003196,-2.32,0.16
0.003198,-2.32,0.16
0.0032,-2.32,0.16
0.003202,-2.32,0.16
0.003204,-2.32,0.16
0.003206,-2.32,0.16
0.003208,-2.48,0.16
0.00321,-2.48,0.16
0.003212,-2.48,0.16
0.003214,-2.56,0.16
0.003216,-2.48,0.16
0.003218,-2.4,0.16
0.00322,-2.32,0.08
0.003222,-2.24,0.08
0.003224,-2.24,0.08
0.003226,-2.32,0
0.003228,-2.4,0
0.00323,-2.48,0
0.003232,-2.56,0.08
0.003234,-2.56,0.08
0.003236,-2.56,0.16
0.003238,-2.48,0.16
0.00324,-2.4,0.16
0.003242,-2.32,0.16
0.003244,-2.32,0.16
0.003246,-2.32,0.16
0.003248,-2.32,0.16
0.00325,-2.32,0.16
0.003252,-2.48,0.16
0.003254,-2.48,0.16
0.003256,-2.48,0.24
0.003258,-2.4,0.16
0.00326,-2.4,0.16
0.003262,-2.24,0.16
0.003264,-2.24,0.08
0.003266,-2.24,0.16
0.003268,-2.16,0.16
0.00327,-2.24,0.16
0.003272,-2.24,0.16
0.003274,-2.4,0.16
0.003276,-2.48,0.16
0.003278,-2.48,0.16
0.00328,-2.4,0.16
0.003282,-2.32,0.16
0.003284,-2.24,0.16
0.003286,-2.24,0.08
0.003288,-2.24,0.16
0.00329,-2.24,0.08
0.003292,-2.24,0.16
0.003294,-2.4,0.08
0.003296,-2.48,0.08
0.003298,-2.48,0.08
0.0033,-2.48,0.08
0.003302,-2.48,0.08
0.003304,-2.32,0.16
0.003306,-2.32,0.16
0.003308,-2.24,0.16
0.00331,-2.24,0.16
0.003312,-2.24,0.16
0.003314,-2.32,0.16
0.003316,-2.4,0.16
0.003318,-2.4,0.08
0.00332,-2.48,0.16
0.003322,-2.48,0.08
0.003324,-2.4,0.08
0.003326,-2.32,0.16
0.003328,-2.32,0.08
0.00333,-2.24,0.16
0.003332,-2.24,0.16
0.003334,-2.32,0.16
0.003336,-2.32,0.16
0.003338,-2.48,0.16
0.00334,-2.48,0.24
0.003342,-2.48,0.16
0.003344,-2.48,0.24
0.003346,-2.4,0.16
0.003348,-2.32,0.16
0.00335,-2.32,0.16
0.003352,-2.24,0.16
0.003354,-2.24,0.16
0.003356,-2.32,0.08
0.003358,-2.4,0.08
0.00336,-2.48,0.08
0.003362,-2.48,0.16
0.003364,-2.48,0.16
0.003366,-2.48,0.16
0.003368,-2.48,0.16
0.00337,-2.32,0.24
0.003372,-2.32,0.16
0.003374,-2.24,0.16
0.003376,-2.24,0.16
0.003378,-2.32,0.16
0.00338,-2.4,0.16
0.003382,-2.48,0.08
0.003384,-2.56,0.08
0.003386,-2.48,0.08
0.003388,-2.48,0.08
0.00339,-2.4,0.08
0.003392,-2.32,0.16
0.003394,-2.24,0.08
0.003396,-2.24,0.08
0.003398,-2.24,0.08
0.0034,-2.32,0.08
0.003402,-2.4,0.08
0.003404,-2.48,0.08
0.003406,-2.48,0.08
0.003408,-2.48,0.08
0.00341,-2.4,0.16
0.003412,-2.4,0.16
0.003414,-2.32,0.16
0.003416,-2.32,0.24
0.003418,-2.32,0.16
0.00342,-2.4,0.16
0.003422,-2.4,0.08
0.003424,-2.48,0.16
0.003426,-2.48,0.16
0.003428,-2.48,0.16
0.00343,-2.48,0.16
0.003432,-2.4,0.16
0.003434,-2.32,0.16
0.003436,-2.24,0.16
0.003438,-2.16,0.16
0.00344,-2.24,0.16
0.003442,-2.24,0.16
0.003444,-2.4,0.16
0.003446,-2.48,0.16
0.003448,-2.4,0.08
0.00345,-2.48,0.16
0.003452,-2.48,0.08
0.003454,-2.4,0.16
0.003456,-2.32,0.16
0.003458,-2.24,0.24
0.00346,-2.24,0.24
0.003462,-2.32,0.24
0.003464,-2.4,0.24
0.003466,-2.48,0.24
0.003468,-2.48,0.32
0.00347,-2.48,0.32
0.003472,-2.48,0.24
0.003474,-2.4,0.24
0.003476,-2.32,0.24
0.003478,-2.24,0.24
0.00348,-2.16,0.24
0.003482,-2.16,0.16
0.003484,-2.32,0.16
0.003486,-2.32,0.08
0.003488,-2.4,0.08
0.00349,-2.48,0.08
0.003492,-2.48,0.08
0.003494,-2.48,0.08
0.003496,-2.4,0.16
0.003498,-2.4,0.08
0.0035,-2.24,0.08
0.003502,-2.32,0.16
0.003504,-2.32,0.16
0.003506,-2.32,0.16
0.003508,-2.4,0.16
0.00351,-2.4,0.16
0.003512,-2.48,0.08
0.003514,-2.48,0.08
0.003516,-2.4,0.16
0.003518,-2.4,0.08
0.00352,-2.32,0.08
0.003522,-2.24,0
0.003524,-2.24,0.08
0.003526,-2.16,0.16
0.003528,-2.24,0.08
0.00353,-2.32,0.16
0.003532,-2.4,0.16
0.003534,-2.48,0.16
0.003536,-2.4,0.24
0.003538,-2.4,0.16
0.00354,-2.32,0.16
0.003542,-2.24,0.16
0.003544,-2.24,0.16
0.003546,-2.24,0.16
0.003548,-2.24,0.16
0.00355,-2.32,0.16
0.003552,-2.4,0.16
0.003554,-2.48,0.08
0.003556,-2.48,0.16
0.003558,-2.48,0.16
0.00356,-2.4,0.16
0.003562,-2.32,0.08
0.003564,-2.32,0.16
0.003566,-2.24,0.16
0.003568,-2.24,0.16
0.00357,-2.32,0.16
0.003572,-2.32,0.16
0.003574,-2.48,0.16
0.003576,-2.48,0.08
0.003578,-2.48,0.16
0.00358,-2.48,0.16
0.003582,-2.4,0.16
0.003584,-2.32,0.16
0.003586,-2.24,0.16
0.003588,-2.24,0.16
0.00359,-2.24,0.16
0.003592,-2.32,0.16
0.003594,-2.32,0.16
0.003596,-2.4,0.16
0.003598,-2.48,0.16
0.0036,-2.48,0.16
0.003602,-2.4,0.16
0.003604,-2.32,0.08
0.003606,-2.32,0.08
0.003608,-2.24,0.08
0.00361,-2.24,0.08
0.003612,-2.24,0.16
0.003614,-2.32,0.08
0.003616,-2.4,0.08
0.003618,-2.48,0.16
0.00362,-2.56,0.16
0.003622,-2.48,0.16
0.003624,-2.48,0.16
0.003626,-2.4,0.16
0.003628,-2.32,0.16
0.00363,-2.32,0.16
0.003632,-2.24,0.16
0.003634,-2.32,0.16
0.003636,-2.4,0.16
0.003638,-2.48,0.16
0.00364,-2.48,0.16
0.003642,-2.56,0.16
0.003644,-2.48,0.16
0.003646,-2.48,0.16
0.003648,-2.4,0.16
0.00365,-2.32,0.16
0.003652,-2.24,0.08
0.003654,-2.24,0.08
0.003656,-2.32,0.08
0.003658,-2.32,0.08
0.00366,-2.4,0.08
0.003662,-2.4,0
0.003664,-2.48,0
0.003666,-2.4,0
0.003668,-2.32,0.08
0.00367,-2.32,0.16
0.003672,-2.24,0.08
0.003674,-2.24,0.16
0.003676,-2.24,0.16
0.003678,-2.32,0.16
0.00368,-2.4,0.16
0.003682,-2.4,0.16
0.003684,-2.48,0.16
0.003686,-2.48,0.16
0.003688,-2.4,0.16
0.00369,-2.32,0.24
0.003692,-2.32,0.24
0.003694,-2.32,0.16
0.003696,-2.24,0.24
0.003698,-2.32,0.16
0.0037,-2.32,0.16
0.003702,-2.4,0.16
0.003704,-2.48,0.16
0.003706,-2.48,0.08
0.003708,-2.48,0.16
0.00371,-2.4,0.16
0.003712,-2.32,0.16
0.003714,-2.24,0.16
0.003716,-2.32,0.16
0.003718,-2.24,0.16
0.00372,-2.32,0.16
0.003722,-2.32,0.16
0.003724,-2.4,0.24
0.003726,-2.48,0.16
0.003728,-2.48,0.16
0.00373,-2.4,0.16
0.003732,-2.4,0.16
0.003734,-2.32,0.16
0.003736,-2.32,0.16
0.003738,-2.24,0.16
0.00374,-2.24,0.16
0.003742,-2.32,0.16
0.003744,-2.32,0.16
0.003746,-2.4,0.16
0.003748,-2.48,0.16
0.00375,-2.48,0.16
0.003752,-2.48,0.16
0.003754,-2.4,0.16
0.003756,-2.32,0.16
0.003758,-2.24,0.16
0.00376,-2.16,0.16
0.003762,-2.24,0.08
0.003764,-2.24,0.08
0.003766,-2.32,0
0.003768,-2.4,0
0.00377,-2.48,0.08
0.003772,-2.48,0.08
0.003774,-2.48,0.08
0.003776,-2.4,0.08
0.003778,-2.32,0.08
0.00378,-2.24,0.08
0.003782,-2.24,0.08
0.003784,-2.24,0.16
0.003786,-2.4,0.08
0.003788,-2.48,0.08
0.00379,-2.48,0.16
0.003792,-2.56,0.16
0.003794,-2.56,0.16
0.003796,-2.48,0.16
0.003798,-2.32,0.16
0.0038,-2.32,0.16
0.003802,-2.24,0.16
0.003804,-2.24,0.16
0.003806,-2.32,0.16
0.003808,-2.4,0.24
0.00381,-2.48,0.24
0.003812,-2.56,0.24
0.003814,-2.56,0.16
0.003816,-2.56,0.24
0.003818,-2.48,0.24
0.00382,-2.4,0.16
0.003822,-2.32,0.16
0.003824,-2.32,0.24
0.003826,-2.4,0.24
0.003828,-2.4,0.24
0.00383,-2.48,0.16
0.003832,-2.56,0.16
0.003834,-2.48,0.24
0.003836,-2.48,0.24
0.003838,-2.48,0.16
0.00384,-2.32,0.16
0.003842,-2.32,0.16
0.003844,-2.24,0.16
0.003846,-2.24,0.16
0.003848,-2.32,0.16
0.00385,-2.32,0.16
0.003852,-2.4,0.16
0.003854,-2.4,0.24
0.003856,-2.4,0.16
0.003858,-2.4,0.24
0.00386,-2.32,0.16
0.003862,-2.24,0.24
0.003864,-2.24,0.24
0.003866,-2.24,0.16
0.003868,-2.24,0.16
0.00387,-2.24,0.16
0.003872,-2.32,0.16
0.003874,-2.32,0.24
0.003876,-2.4,0.16
0.003878,-2.4,0.16
0.00388,-2.4,0.16
0.003882,-2.4,0.16
0.003884,-2.32,0.16
0.003886,-2.24,0.16
0.003888,-2.32,0.16
0.00389,-2.32,0.16
0.003892,-2.32,0.16
0.003894,-2.4,0.16
0.003896,-2.48,0.16
0.003898,-2.48,0.16
0.0039,-2.56,0.16
0.003902,-2.48,0.16
0.003904,-2.48,0.16
0.003906,-2.4,0.16
0.003908,-2.32,0.16
0.00391,-2.32,0.16
0.003912,-2.32,0.16
0.003914,-2.32,0.16
0.003916,-2.4,0.16
0.003918,-2.48,0.16
0.00392,-2.48,0.16
0.003922,-2.48,0.24
0.003924,-2.4,0.24
0.003926,-2.32,0.24
0.003928,-2.24,0.24
0.00393,-2.24,0.24
0.003932,-2.16,0.24
0.003934,-2.16,0.24
0.003936,-2.32,0.24
0.003938,-2.32,0.16
0.00394,-2.32,0.24
0.003942,-2.4,0.24
0.003944,-2.4,0.24
0.003946,-2.4,0.24
0.003948,-2.32,0.24
0.00395,-2.32,0.24
0.003952,-2.24,0.24
0.003954,-2.32,0.32
0.003956,-2.32,0.24
0.003958,-2.4,0.24
0.00396,-2.48,0.24
0.003962,-2.48,0.24
0.003964,-2.4,0.24
0.003966,-2.4,0.24
0.003968,-2.4,0.16
0.00397,-2.32,0.16
0.003972,-2.32,0.16
0.003974,-2.24,0.24
0.003976,-2.24,0.16
0.003978,-2.24,0.16
0.00398,-2.32,0.24
0.003982,-2.32,0.24
0.003984,-2.32,0.16
0.003986,-2.4,0.24
0.003988,-2.4,0.24
0.00399,-2.32,0.24
0.003992,-2.24,0.24
0.003994,-2.24,0.24
0.003996,-2.24,0.24
0.003998,-2.24,0.24
0.004,-2.32,0.24
0.004002,-2.32,0.24
0.004004,-2.4,0.24
0.004006,-2.4,0.24
0.004008,-2.4,0.24
0.00401,-2.48,0.24
0.004012,-2.32,0.32
0.004014,-2.32,0.24
0.004016,-2.32,0.24
0.004018,-2.24,0.16
0.00402,-2.32,0.24
0.004022,-2.32,0.24
0.004024,-2.4,0.24
0.004026,-2.4,0.16
0.004028,-2.48,0.24
0.00403,-2.48,0.32
0.004032,-2.4,0.32
0.004034,-2.32,0.32
0.004036,-2.24,0.24
0.004038,-2.24,0.24
0.00404,-2.24,0.24
0.004042,-2.32,0.16
0.004044,-2.32,0.24
0.004046,-2.4,0.32
0.004048,-2.48,0.24
0.00405,-2.48,0.24
0.004052,-2.4,0.24
0.004054,-2.4,0.24
0.004056,-2.32,0.16
0.004058,-2.24,0.16
0.00406,-2.24,0.16
0.004062,-2.24,0.16
0.004064,-2.32,0.24
0.004066,-2.32,0.24
0.004068,-2.4,0.16
0.00407,-2.48,0.24
0.004072,-2.4,0.16
0.004074,-2.4,0.16
0.004076,-2.32,0.24
0.004078,-2.32,0.24
