-0.00066,-2.16,0.08
-0.000658,-2.16,0.08
-0.000656,-2.24,0.08
-0.000654,-2.08,0.16
-0.000652,-2.08,0.16
-0.00065,-1.92,0.08
-0.000648,-1.84,0.08
-0.000646,-1.84,0.16
-0.000644,-1.92,0.16
-0.000642,-2,0.16
-0.00064,-2.16,0.08
-0.000638,-2.24,0.08
-0.000636,-2.24,0.08
-0.000634,-2.24,0
-0.000632,-2.16,0
-0.00063,-2,0.08
-0.000628,-1.92,0
-0.000626,-1.92,0
-0.000624,-1.92,0.08
-0.000622,-2,0.08
-0.00062,-2,0
-0.000618,-2.08,0.08
-0.000616,-2.16,0.08
-0.000614,-2.24,0.08
-0.000612,-2.16,0.16
-0.00061,-2.16,0.16
-0.000608,-2.08,0.16
-0.000606,-2,0.08
-0.000604,-2,0.08
-0.000602,-2,0.08
-0.0006,-2.08,0.08
-0.000598,-2.16,0.08
-0.000596,-2.24,0.08
-0.000594,-2.24,0.08
-0.000592,-2.32,0.08
-0.00059,-2.32,0.08
-0.000588,-2.24,0.08
-0.000586,-2.16,0.08
-0.000584,-2.08,0.08
-0.000582,-2,0.08
-0.00058,-2,0.08
-0.000578,-2.08,0.08
-0.000576,-2.16,0.08
-0.000574,-2.24,0.08
-0.000572,-2.32,0
-0.00057,-2.32,0.08
-0.000568,-2.24,0.08
-0.000566,-2.24,0
-0.000564,-2.16,0
-0.000562,-2.08,0
-0.00056,-2.08,0
-0.000558,-2.08,0
-0.000556,-2.16,0
-0.000554,-2.16,0
-0.000552,-2.24,0.08
-0.00055,-2.24,0.08
-0.000548,-2.24,0.08
-0.000546,-2.24,0.08
-0.000544,-2.16,0
-0.000542,-2.08,0.08
-0.00054,-2,0
-0.000538,-2,0.08
-0.000536,-2.08,0
-0.000534,-2.16,0.08
-0.000532,-2.24,0.08
-0.00053,-2.24,0.08
-0.000528,-2.32,0.08
-0.000526,-2.24,0.08
-0.000524,-2.24,0.08
-0.000522,-2.08,0.08
-0.00052,-2,0.08
-0.000518,-2,0.08
-0.000516,-2,0
-0.000514,-2.08,0
-0.000512,-2.08,0
-0.00051,-2.16,0
-0.000508,-2.24,0.08
-0.000506,-2.24,0.08
-0.000504,-2.24,0
-0.000502,-2.08,0.08
-0.0005,-2,0.08
-0.000498,-2,0.08
-0.000496,-2,0.08
-0.000494,-2,0.08
-0.000492,-2.16,0.08
-0.00049,-2.24,0.08
-0.000488,-2.24,0.08
-0.000486,-2.24,0.08
-0.000484,-2.24,0.08
-0.000482,-2.16,0
-0.00048,-2,0.08
-0.000478,-2,0.16
-0.000476,-2,0.08
-0.000474,-2,0.08
-0.000472,-2,0.08
-0.00047,-2.08,0.08
-0.000468,-2.16,0
-0.000466,-2.32,0
-0.000464,-2.4,0
-0.000462,-2.32,0
-0.00046,-2.24,0
-0.000458,-2.08,0
-0.000456,-2.08,0
-0.000454,-2,0.08
-0.000452,-2,0.08
-0.00045,-2.08,0.08
-0.000448,-2.08,0.08
-0.000446,-2.16,0.16
-0.000444,-2.24,0.16
-0.000442,-2.24,0.16
-0.00044,-2.24,0.16
-0.000438,-2.16,0.08
-0.000436,-2.08,0.08
-0.000434,-2,0.08
-0.000432,-2,0.08
-0.00043,-2.08,0.08
-0.000428,-2.08,0.08
-0.000426,-2.16,0.08
-0.000424,-2.24,0.08
-0.000422,-2.24,0.08
-0.00042,-2.24,0.08
-0.000418,-2.16,0.16
-0.000416,-2.08,0.16
-0.000414,-2,0.16
-0.000412,-1.92,0.08
-0.00041,-1.92,0.08
-0.000408,-1.92,0.08
-0.000406,-2.08,0.08
-0.000404,-2.08,0.08
-0.000402,-2.16,0.08
-0.0004,-2.24,0.08
-0.000398,-2.24,0.16
-0.000396,-2.16,0.16
-0.000394,-2.16,0.08
-0.000392,-2,0.08
-0.00039,-2,0.08
-0.000388,-2,0.08
-0.000386,-2.08,0.08
-0.000384,-2.16,0.08
-0.000382,-2.24,0.08
-0.00038,-2.32,0.08
-0.000378,-2.24,0.08
-0.000376,-2.24,0.08
-0.000374,-2.16,0.08
-0.000372,-2.08,0.08
-0.00037,-2,0.08
-0.000368,-2,0.08
-0.000366,-2,0.08
-0.000364,-2.08,0.08
-0.000362,-2.16,0.08
-0.00036,-2.24,0.08
-0.000358,-2.24,0
-0.000356,-2.24,0.08
-0.000354,-2.24,0.08
-0.000352,-2.16,0.08
-0.00035,-2.08,0.16
-0.000348,-2,0.16
-0.000346,-2,0.08
-0.000344,-2,0.08
-0.000342,-2.08,0.08
-0.00034,-2.16,0.16
-0.000338,-2.24,0.16
-0.000336,-2.24,0.16
-0.000334,-2.32,0.08
-0.000332,-2.24,0.08
-0.00033,-2.16,0
-0.000328,-2.08,0
-0.000326,-2,0
-0.000324,-2,0
-0.000322,-2.08,0
-0.00032,-2.08,0
-0.000318,-2.16,0
-0.000316,-2.24,0
-0.000314,-2.24,0
-0.000312,-2.24,0
-0.00031,-2.16,0.08
-0.000308,-2.08,0.16
-0.000306,-2,0.08
-0.000304,-2,0.08
-0.000302,-2,0.08
-0.0003,-2,0.08
-0.000298,-2.08,0.08
-0.000296,-2.24,0.08
-0.000294,-2.24,0.08
-0.000292,-2.24,0.16
-0.00029,-2.24,0.16
-0.000288,-2.16,0.16
-0.000286,-2.08,0.16
-0.000284,-2,0.16
-0.000282,-2,0.08
-0.00028,-2.08,0.08
-0.000278,-2.08,0.08
-0.000276,-2.16,0.08
-0.000274,-2.24,0.08
-0.000272,-2.24,0.08
-0.00027,-2.24,0.08
-0.000268,-2.24,0.08
-0.000266,-2.16,0.08
-0.000264,-2.08,0.08
-0.000262,-2.08,0.08
-0.00026,-2.08,0.08
-0.000258,-2.08,0.08
-0.000256,-2.16,0.08
-0.000254,-2.24,0.08
-0.000252,-2.32,0.08
-0.00025,-2.4,0.16
-0.000248,-2.4,0.08
-0.000246,-2.32,0.08
-0.000244,-2.24,0.08
-0.000242,-2.24,0.08
-0.00024,-2.08,0.08
-0.000238,-2.16,0.16
-0.000236,-2.16,0.08
-0.000234,-2.16,0.16
-0.000232,-2.24,0.16
-0.00023,-2.24,0.16
-0.000228,-2.24,0.16
-0.000226,-2.24,0.16
-0.000224,-2.24,0.16
-0.000222,-2.16,0.16
-0.00022,-2,0.16
-0.000218,-2,0.16
-0.000216,-2,0.08
-0.000214,-2.08,0.08
-0.000212,-2.16,0.08
-0.00021,-2.16,0.08
-0.000208,-2.16,0.08
-0.000206,-2.24,0.08
-0.000204,-2.16,0.16
-0.000202,-2.16,0.16
-0.0002,-2.08,0.08
-0.000198,-2,0.08
-0.000196,-2,0.08
-0.000194,-2.08,0.08
-0.000192,-2.24,0.08
-0.00019,-2.24,0.08
-0.000188,-2.32,0.08
-0.000186,-2.4,0.08
-0.000184,-2.32,0.16
-0.000182,-2.24,0.16
-0.00018,-2.24,0.16
-0.000178,-2.08,0.16
-0.000176,-2,0.08
-0.000174,-2.08,0.08
-0.000172,-2,0.08
-0.00017,-2.08,0.08
-0.000168,-2.24,0.08
-0.000166,-2.32,0.08
-0.000164,-2.24,0.08
-0.000162,-2.24,0.08
-0.00016,-2.24,0.08
-0.000158,-2.16,0.08
-0.000156,-2.08,0.08
-0.000154,-2,0.08
-0.000152,-2,0.08
-0.00015,-2,0.08
-0.000148,-2.08,0.08
-0.000146,-2.16,0
-0.000144,-2.24,0
-0.000142,-2.24,0
-0.00014,-2.24,0
-0.000138,-2.08,0.08
-0.000136,-2.08,0.08
-0.000134,-1.92,0
-0.000132,-2,0
-0.00013,-2,0
-0.000128,-2.08,0
-0.000126,-2.16,0
-0.000124,-2.16,0
-0.000122,-2.24,0
-0.00012,-2.24,0
-0.000118,-2.24,0
-0.000116,-2.16,0
-0.000114,-2.08,0.08
-0.000112,-2,0.08
-0.00011,-2,0.08
-0.000108,-2,0.08
-0.000106,-2.08,0.08
-0.000104,-2.16,0.08
-0.000102,-2.24,0
-0.0001,-2.32,0.08
-9.8e-005,-2.32,0.08
-9.6e-005,-2.24,0.08
-9.4e-005,-2.16,0
-9.2e-005,-2.08,0.08
-9e-005,-2,0
-8.8e-005,-2,0
-8.6e-005,-2,0
-8.4e-005,-2.16,0
-8.2e-005,-2.24,0
-8e-005,-2.32,0
-7.8e-005,-2.32,0
-7.6e-005,-2.24,0
-7.4e-005,-2.16,0.08
-7.2e-005,-2.08,0.16
-7e-005,-2,0.08
-6.8e-005,-2,0.08
-6.6e-005,-2,0.08
-6.4e-005,-2,0.08
-6.2e-005,-2.08,0
-6e-005,-2.16,0
-5.8e-005,-2.24,0
-5.6e-005,-2.24,0
-5.4e-005,-2.24,0
-5.2e-005,-2.16,0
-5e-005,-2.08,0
-4.8e-005,-2,0
-4.6e-005,-2,0
-4.4e-005,-2,0.08
-4.2e-005,-2.08,0.08
-4e-005,-2.16,0.08
-3.8e-005,-2.24,0
-3.6e-005,-2.24,0
-3.4e-005,-2.24,-0.08
-3.2e-005,-2.24,0
-3e-005,-2.08,0
-2.8e-005,-2.08,-0.08
-2.6e-005,-2.08,0
-2.4e-005,-2,0
-2.2e-005,-2.08,0
-2e-005,-2.16,0
-1.8e-005,-2.24,0
-1.6e-005,-2.24,0
-1.4e-005,-2.32,0
-1.2e-005,-2.24,0.08
-1e-005,-2.16,0.16
-8e-006,-7.2,-7.12
-6e-006,-7.2,-7.2
-4e-006,-7.2,-7.2
-2e-006,-7.28,-7.2
0,-7.2,-7.2
2e-006,-7.28,-7.2
4e-006,-7.28,7.12
6e-006,-7.28,7.2
8e-006,-7.2,7.28
1e-005,-7.28,7.28
1.2e-005,-7.2,7.28
1.4e-005,-7.2,7.28
1.6e-005,-7.2,7.28
1.8e-005,-7.2,7.28
2e-005,-7.28,7.28
2.2e-005,-7.2,7.28
2.4e-005,-7.28,7.28
2.6e-005,-7.28,7.28
2.8e-005,-7.2,7.28
3e-005,-7.2,7.28
3.2e-005,-7.2,7.28
3.4e-005,-7.2,7.28
3.6e-005,-7.2,7.28
3.8e-005,-7.2,7.36
4e-005,-7.2,7.36
4.2e-005,-7.2,7.28
4.4e-005,-7.2,7.28
4.6e-005,-7.28,7.36
4.8e-005,-7.2,7.28
5e-005,-7.2,7.28
5.2e-005,-7.2,7.28
5.4e-005,-7.2,7.28
5.6e-005,-7.2,7.28
5.8e-005,-7.2,7.28
6e-005,-7.2,7.28
6.2e-005,-7.2,7.28
6.4e-005,-7.28,7.28
6.6e-005,-7.28,7.28
6.8e-005,-7.2,7.28
7e-005,-7.2,7.28
7.2e-005,-7.2,7.28
7.4e-005,-7.2,7.28
7.6e-005,-7.2,7.28
7.8e-005,-7.2,7.28
8e-005,-7.2,7.28
8.2e-005,-7.2,7.28
8.4e-005,-7.2,3.04
8.6e-005,-7.2,0.16
8.8e-005,-7.2,-2.16
9e-005,-7.2,-4
9.2e-005,-7.28,-5.2
9.4e-005,-7.2,-6
9.6e-005,-7.2,-6.48
9.8e-005,-7.2,-6.64
0.0001,-5.68,-6.56
0.000102,-4.24,-6.4
0.000104,-3.12,-6.08
0.000106,-2.16,-5.76
0.000108,-1.44,-5.36
0.00011,-0.8,-5.04
0.000112,-0.32,-4.72
0.000114,0.16,-4.4
0.000116,0.48,-4.16
0.000118,0.88,-4
0.00012,1.2,-3.84
0.000122,1.44,-3.76
0.000124,1.6,-3.68
0.000126,1.68,-3.68
0.000128,1.6,-3.68
0.00013,1.52,-3.76
0.000132,1.52,-3.76
0.000134,1.36,-3.84
0.000136,1.36,-4
0.000138,1.28,-4.16
0.00014,1.28,-4.16
0.000142,1.28,-4.32
0.000144,1.28,-4.4
0.000146,1.2,-4.48
0.000148,1.2,-4.72
0.00015,1.04,-4.8
0.000152,0.88,-4.88
0.000154,0.8,-4.96
0.000156,0.72,-5.12
0.000158,0.56,-5.12
0.00016,0.56,-5.2
0.000162,0.72,-5.2
0.000164,0.72,-5.28
0.000166,0.8,-5.36
0.000168,0.8,-5.36
0.00017,0.72,-5.44
0.000172,0.64,-5.44
0.000174,0.56,-5.44
0.000176,0.48,-5.44
0.000178,0.4,-5.52
0.00018,0.32,-5.52
0.000182,0.4,-5.6
0.000184,0.4,-5.6
0.000186,0.48,-5.68
0.000188,0.48,-5.6
0.00019,0.48,-5.68
0.000192,0.4,-5.6
0.000194,0.32,-5.68
0.000196,0.24,-5.76
0.000198,0.08,-5.84
0.0002,0,-5.76
0.000202,-0.08,-5.76
0.000204,0,-5.84
0.000206,0,-5.84
0.000208,0.08,-5.84
0.00021,0.24,-5.92
0.000212,0.16,-5.92
0.000214,0.08,-5.92
0.000216,0,-6
0.000218,-0.08,-6
0.00022,-0.16,-6
0.000222,-0.32,-6
0.000224,-0.24,-6.08
0.000226,-0.24,-6.08
0.000228,-0.24,-6
0.00023,-0.16,-6
0.000232,-0.16,-6.08
0.000234,-0.24,-6
0.000236,-0.32,-6
0.000238,-0.4,-6.08
0.00024,-0.56,-6.08
0.000242,-0.64,-6.08
0.000244,-0.64,-6.08
0.000246,-0.64,-6.08
0.000248,-0.56,-6.16
0.00025,-0.56,-6.16
0.000252,-0.48,-6.16
0.000254,-0.48,-6.16
0.000256,-0.56,-6.16
0.000258,-0.64,-6.24
0.00026,-0.72,-6.24
0.000262,-0.8,-6.24
0.000264,-0.88,-6.32
0.000266,-0.96,-6.32
0.000268,-0.96,-6.32
0.00027,-0.88,-6.32
0.000272,-0.88,-6.24
0.000274,-0.72,-6.24
0.000276,-0.8,-6.32
0.000278,-0.88,-6.24
0.00028,-0.88,-6.32
0.000282,-1.04,-6.32
0.000284,-1.12,-6.4
0.000286,-1.2,-6.4
0.000288,-1.2,-6.32
0.00029,-1.2,-6.4
0.000292,-1.12,-6.4
0.000294,-1.12,-6.4
0.000296,-1.04,-6.4
0.000298,-1.12,-6.32
0.0003,-1.2,-6.32
0.000302,-1.36,-6.4
0.000304,-1.36,-6.32
0.000306,-1.52,-6.32
0.000308,-1.52,-6.32
0.00031,-1.6,-6.32
0.000312,-1.52,-6.32
0.000314,-1.52,-6.32
0.000316,-1.44,-6.32
0.000318,-1.52,-6.4
0.00032,-1.52,-6.32
0.000322,-1.68,-6.48
0.000324,-1.76,-6.48
0.000326,-1.84,-6.48
0.000328,-1.92,-6.48
0.00033,-2,-6.4
0.000332,-1.92,-6.4
0.000334,-2,-6.4
0.000336,-1.84,-6.4
0.000338,-1.84,-6.4
0.00034,-1.92,-6.32
0.000342,-1.92,-6.32
0.000344,-2,-6.32
0.000346,-2.16,-6.32
0.000348,-2.24,-6.32
0.00035,-2.32,-6.4
0.000352,-2.32,-6.4
0.000354,-2.32,-6.4
0.000356,-2.32,-6.4
0.000358,-2.24,-6.48
0.00036,-2.16,-6.4
0.000362,-2.24,-6.4
0.000364,-2.32,-6.4
0.000366,-2.4,-6.4
0.000368,-2.48,-6.4
0.00037,-2.56,-6.32
0.000372,-2.64,-6.32
0.000374,-2.64,-6.32
0.000376,-2.64,-6.32
0.000378,-2.64,-6.32
0.00038,-2.56,-6.32
0.000382,-2.56,-6.4
0.000384,-2.64,-6.4
0.000386,-2.72,-6.4
0.000388,-2.8,-6.48
0.00039,-2.88,-6.4
0.000392,-2.96,-6.32
0.000394,-3.04,-6.32
0.000396,-3.12,-6.32
0.000398,-2.96,-6.32
0.0004,-2.96,-6.32
0.000402,-2.88,-6.32
0.000404,-2.88,-6.32
0.000406,-2.96,-6.32
0.000408,-2.96,-6.24
0.00041,-3.2,-6.24
0.000412,-3.2,-6.24
0.000414,-3.28,-6.24
0.000416,-3.28,-6.24
0.000418,-3.28,-6.24
0.00042,-3.28,-6.24
0.000422,-3.2,-6.24
0.000424,-3.28,-6.24
0.000426,-3.28,-6.24
0.000428,-3.36,-6.24
0.00043,-3.44,-6.24
0.000432,-3.52,-6.24
0.000434,-3.68,-6.16
0.000436,-3.68,-6.24
0.000438,-3.68,-6.16
0.00044,-3.68,-6.16
0.000442,-3.68,-6.08
0.000444,-3.6,-6.16
0.000446,-3.6,-6.08
0.000448,-3.6,-6.08
0.00045,-3.68,-6
0.000452,-3.76,-6.08
0.000454,-3.92,-6
0.000456,-4,-6.08
0.000458,-4.08,-6.08
0.00046,-4.08,-6.08
0.000462,-4.08,-6.08
0.000464,-4,-6.08
0.000466,-3.92,-6
0.000468,-3.92,-6
0.00047,-3.92,-5.92
0.000472,-4,-5.92
0.000474,-4.08,-5.92
0.000476,-4.24,-5.92
0.000478,-4.32,-5.84
0.00048,-4.32,-5.84
0.000482,-4.32,-5.84
0.000484,-4.32,-5.76
0.000486,-4.24,-5.84
0.000488,-4.24,-5.84
0.00049,-4.24,-5.76
0.000492,-4.24,-5.84
0.000494,-4.4,-5.76
0.000496,-4.48,-5.84
0.000498,-4.56,-5.76
0.0005,-4.64,-5.68
0.000502,-4.72,-5.68
0.000504,-4.64,-5.6
0.000506,-4.64,-5.6
0.000508,-4.64,-5.6
0.00051,-4.56,-5.6
0.000512,-4.56,-5.6
0.000514,-4.64,-5.52
0.000516,-4.72,-5.44
0.000518,-4.88,-5.44
0.00052,-4.96,-5.44
0.000522,-5.04,-5.36
0.000524,-5.04,-5.44
0.000526,-5.04,-5.44
0.000528,-4.96,-5.36
0.00053,-4.96,-5.36
0.000532,-4.88,-5.36
0.000534,-4.96,-5.36
0.000536,-4.96,-5.28
0.000538,-5.04,-5.28
0.00054,-5.12,-5.28
0.000542,-5.28,-5.28
0.000544,-5.28,-5.28
0.000546,-5.28,-5.28
0.000548,-5.2,-5.2
0.00055,-5.2,-5.2
0.000552,-5.12,-5.2
0.000554,-5.12,-5.12
0.000556,-5.12,-5.12
0.000558,-5.28,-5.12
0.00056,-5.36,-5.04
0.000562,-5.52,-5.04
0.000564,-5.52,-4.96
0.000566,-5.6,-4.96
0.000568,-5.52,-4.96
0.00057,-5.52,-4.88
0.000572,-5.44,-4.88
0.000574,-5.36,-4.96
0.000576,-5.36,-4.8
0.000578,-5.36,-4.8
0.00058,-5.52,-4.8
0.000582,-5.6,-4.8
0.000584,-5.76,-4.8
0.000586,-5.76,-4.72
0.000588,-5.84,-4.72
0.00059,-5.76,-4.72
0.000592,-5.68,-4.72
0.000594,-5.6,-4.72
0.000596,-5.6,-4.72
0.000598,-5.6,-4.72
0.0006,-5.68,-4.64
0.000602,-5.76,-4.64
0.000604,-5.84,-4.64
0.000606,-5.92,-4.64
0.000608,-6,-4.64
0.00061,-6,-4.56
0.000612,-5.92,-4.48
0.000614,-5.84,-4.48
0.000616,-5.76,-4.48
0.000618,-5.84,-4.4
0.00062,-5.84,-4.4
0.000622,-5.92,-4.4
0.000624,-6,-4.32
0.000626,-6.08,-4.32
0.000628,-6.16,-4.24
0.00063,-6.16,-4.24
0.000632,-6.16,-4.16
0.000634,-6.16,-4.08
0.000636,-6.08,-4.08
0.000638,-6,-4.08
0.00064,-6,-4.08
0.000642,-6,-4.08
0.000644,-6.08,-4
0.000646,-6.24,-4
0.000648,-6.32,-3.92
0.00065,-6.32,-3.92
0.000652,-6.32,-3.84
0.000654,-6.32,-3.92
0.000656,-6.24,-3.76
0.000658,-6.24,-3.84
0.00066,-6.16,-3.84
0.000662,-6.24,-3.76
0.000664,-6.24,-3.76
0.000666,-6.32,-3.68
0.000668,-6.32,-3.68
0.00067,-6.48,-3.68
0.000672,-6.56,-3.68
0.000674,-6.56,-3.6
0.000676,-6.56,-3.6
0.000678,-6.48,-3.6
0.00068,-6.32,-3.6
0.000682,-6.32,-3.52
0.000684,-6.32,-3.52
0.000686,-6.4,-3.52
0.000688,-6.4,-3.52
0.00069,-6.56,-3.44
0.000692,-6.64,-3.44
0.000694,-6.64,-3.44
0.000696,-6.64,-3.28
0.000698,-6.56,-3.28
0.0007,-6.48,-3.28
0.000702,-6.48,-3.28
0.000704,-6.48,-3.28
0.000706,-6.48,-3.2
0.000708,-6.48,-3.2
0.00071,-6.56,-3.2
0.000712,-6.72,-3.12
0.000714,-6.72,-3.04
0.000716,-6.72,-3.04
0.000718,-6.72,-3.04
0.00072,-6.64,-2.96
0.000722,-6.56,-2.88
0.000724,-6.56,-2.96
0.000726,-6.56,-2.88
0.000728,-6.64,-2.88
0.00073,-6.72,-2.88
0.000732,-6.72,-2.8
0.000734,-6.8,-2.8
0.000736,-6.8,-2.72
0.000738,-6.8,-2.64
0.00074,-6.72,-2.64
0.000742,-6.72,-2.64
0.000744,-6.64,-2.56
0.000746,-6.64,-2.56
0.000748,-6.56,-2.56
0.00075,-6.64,-2.56
0.000752,-6.8,-2.48
0.000754,-6.88,-2.48
0.000756,-6.88,-2.4
0.000758,-6.88,-2.4
0.00076,-6.96,-2.32
0.000762,-6.88,-2.24
0.000764,-6.8,-2.24
0.000766,-6.8,-2.24
0.000768,-6.72,-2.16
0.00077,-6.72,-2.16
0.000772,-6.8,-2.16
0.000774,-6.8,-2.08
0.000776,-6.96,-2.16
0.000778,-6.96,-2.08
0.00078,-7.04,-2.08
0.000782,-6.96,-2
0.000784,-6.88,-1.92
0.000786,-6.8,-1.92
0.000788,-6.72,-1.92
0.00079,-6.72,-1.84
0.000792,-6.72,-1.92
0.000794,-6.8,-1.84
0.000796,-6.88,-1.84
0.000798,-6.96,-1.84
0.0008,-7.04,-1.76
0.000802,-7.04,-1.76
0.000804,-6.96,-1.68
0.000806,-6.88,-1.68
0.000808,-6.8,-1.68
0.00081,-6.72,-1.6
0.000812,-6.72,-1.6
0.000814,-6.72,-1.52
0.000816,-6.8,-1.44
0.000818,-6.88,-1.52
0.00082,-6.96,-1.52
0.000822,-7.04,-1.44
0.000824,-7.04,-1.44
0.000826,-6.96,-1.44
0.000828,-6.96,-1.36
0.00083,-6.8,-1.36
0.000832,-6.8,-1.28
0.000834,-6.8,-1.2
0.000836,-6.88,-1.2
0.000838,-7.04,-1.2
0.00084,-7.12,-1.2
0.000842,-7.2,-1.12
0.000844,-7.12,-1.04
0.000846,-7.12,-1.04
0.000848,-7.04,-1.04
0.00085,-6.96,-0.96
0.000852,-6.88,-0.96
0.000854,-6.8,-0.88
0.000856,-6.8,-0.96
0.000858,-6.88,-0.88
0.00086,-6.88,-0.88
0.000862,-6.96,-0.88
0.000864,-6.96,-0.8
0.000866,-7.04,-0.8
0.000868,-6.96,-0.72
0.00087,-6.96,-0.72
0.000872,-6.88,-0.72
0.000874,-6.8,-0.72
0.000876,-6.72,-0.72
0.000878,-6.72,-0.64
0.00088,-6.8,-0.64
0.000882,-6.8,-0.56
0.000884,-6.88,-0.48
0.000886,-6.88,-0.48
0.000888,-6.88,-0.48
0.00089,-6.8,-0.4
0.000892,-6.8,-0.4
0.000894,-6.72,-0.4
0.000896,-6.56,-0.32
0.000898,-6.64,-0.32
0.0009,-6.64,-0.32
0.000902,-6.72,-0.32
0.000904,-6.8,-0.24
0.000906,-6.8,-0.16
0.000908,-6.88,-0.16
0.00091,-6.88,-0.16
0.000912,-6.8,-0.08
0.000914,-6.72,-0.08
0.000916,-6.64,-0.08
0.000918,-6.56,-0.08
0.00092,-6.56,-0.08
0.000922,-6.64,0
0.000924,-6.72,0
0.000926,-6.72,0.08
0.000928,-6.8,0.08
0.00093,-6.8,0.08
0.000932,-6.8,0.08
0.000934,-6.72,0.16
0.000936,-6.72,0.16
0.000938,-6.64,0.24
0.00094,-6.56,0.24
0.000942,-6.56,0.24
0.000944,-6.64,0.24
0.000946,-6.64,0.32
0.000948,-6.72,0.32
0.00095,-6.72,0.32
0.000952,-6.72,0.32
0.000954,-6.72,0.4
0.000956,-6.56,0.4
0.000958,-6.48,0.48
0.00096,-6.48,0.48
0.000962,-6.4,0.56
0.000964,-6.4,0.56
0.000966,-6.48,0.64
0.000968,-6.48,0.72
0.00097,-6.56,0.72
0.000972,-6.56,0.64
0.000974,-6.48,0.72
0.000976,-6.48,0.72
0.000978,-6.32,0.72
0.00098,-6.32,0.72
0.000982,-6.24,0.72
0.000984,-6.24,0.8
0.000986,-6.24,0.8
0.000988,-6.32,0.8
0.00099,-6.32,0.8
0.000992,-6.4,0.8
0.000994,-6.4,0.8
0.000996,-6.32,0.88
0.000998,-6.24,0.88
0.001,-6.16,0.88
0.001002,-6.16,0.96
0.001004,-6.08,0.96
0.001006,-6.08,1.04
0.001008,-6.16,1.04
0.00101,-6.24,1.04
0.001012,-6.24,1.12
0.001014,-6.32,1.12
0.001016,-6.32,1.12
0.001018,-6.32,1.2
0.00102,-6.24,1.2
0.001022,-6.16,1.2
0.001024,-6.08,1.28
0.001026,-6,1.28
0.001028,-6,1.28
0.00103,-6.08,1.28
0.001032,-6.08,1.28
0.001034,-6.16,1.28
0.001036,-6.16,1.36
0.001038,-6.16,1.44
0.00104,-6.08,1.44
0.001042,-6,1.36
0.001044,-5.92,1.44
0.001046,-5.84,1.44
0.001048,-5.84,1.44
0.00105,-5.84,1.52
0.001052,-5.84,1.52
0.001054,-5.92,1.52
0.001056,-5.92,1.52
0.001058,-6,1.6
0.00106,-5.92,1.6
0.001062,-5.84,1.68
0.001064,-5.76,1.6
0.001066,-5.68,1.68
0.001068,-5.6,1.68
0.00107,-5.52,1.68
0.001072,-5.6,1.76
0.001074,-5.68,1.76
0.001076,-5.68,1.76
0.001078,-5.76,1.76
0.00108,-5.84,1.76
0.001082,-5.76,1.76
0.001084,-5.68,1.76
0.001086,-5.6,1.76
0.001088,-5.52,1.84
0.00109,-5.44,1.84
0.001092,-5.44,1.92
0.001094,-5.52,1.92
0.001096,-5.52,1.92
0.001098,-5.6,1.92
0.0011,-5.6,1.92
0.001102,-5.68,1.92
0.001104,-5.6,1.92
0.001106,-5.52,1.92
0.001108,-5.36,2
0.00111,-5.36,2
0.001112,-5.28,2
0.001114,-5.28,2.08
0.001116,-5.28,2.08
0.001118,-5.36,2
0.00112,-5.44,2.08
0.001122,-5.44,2.16
0.001124,-5.44,2.08
0.001126,-5.36,2.16
0.001128,-5.28,2.16
0.00113,-5.12,2.16
0.001132,-5.12,2.24
0.001134,-5.04,2.24
0.001136,-5.12,2.24
0.001138,-5.2,2.24
0.00114,-5.28,2.32
0.001142,-5.36,2.32
0.001144,-5.28,2.32
0.001146,-5.28,2.32
0.001148,-5.2,2.4
0.00115,-5.12,2.4
0.001152,-5.04,2.4
0.001154,-4.96,2.4
0.001156,-4.88,2.4
0.001158,-4.96,2.48
0.00116,-5.04,2.4
0.001162,-5.04,2.48
0.001164,-5.04,2.48
0.001166,-5.12,2.48
0.001168,-5.04,2.48
0.00117,-4.96,2.56
0.001172,-4.88,2.48
0.001174,-4.8,2.56
0.001176,-4.72,2.56
0.001178,-4.72,2.56
0.00118,-4.72,2.48
0.001182,-4.8,2.56
0.001184,-4.8,2.56
0.001186,-4.8,2.56
0.001188,-4.88,2.56
0.00119,-4.8,2.56
0.001192,-4.64,2.56
0.001194,-4.56,2.56
0.001196,-4.48,2.56
0.001198,-4.48,2.64
0.0012,-4.48,2.56
0.001202,-4.48,2.56
0.001204,-4.64,2.64
0.001206,-4.56,2.64
0.001208,-4.64,2.56
0.00121,-4.56,2.64
0.001212,-4.48,2.64
0.001214,-4.4,2.56
0.001216,-4.32,2.56
0.001218,-4.24,2.64
0.00122,-4.24,2.64
0.001222,-4.24,2.64
0.001224,-4.32,2.72
0.001226,-4.4,2.72
0.001228,-4.4,2.72
0.00123,-4.48,2.72
0.001232,-4.4,2.72
0.001234,-4.32,2.8
0.001236,-4.24,2.8
0.001238,-4.16,2.8
0.00124,-4,2.72
0.001242,-4.08,2.8
0.001244,-4.08,2.72
0.001246,-4.16,2.8
0.001248,-4.24,2.8
0.00125,-4.24,2.72
0.001252,-4.24,2.8
0.001254,-4.16,2.8
0.001256,-4.08,2.72
0.001258,-4,2.8
0.00126,-3.92,2.8
0.001262,-3.92,2.8
0.001264,-3.92,2.8
0.001266,-3.92,2.8
0.001268,-4,2.8
0.00127,-4,2.8
0.001272,-4.08,2.8
0.001274,-4,2.8
0.001276,-4,2.8
0.001278,-3.84,2.8
0.00128,-3.76,2.8
0.001282,-3.68,2.8
0.001284,-3.68,2.8
0.001286,-3.68,2.8
0.001288,-3.68,2.8
0.00129,-3.76,2.8
0.001292,-3.76,2.8
0.001294,-3.84,2.8
0.001296,-3.84,2.8
0.001298,-3.76,2.8
0.0013,-3.6,2.8
0.001302,-3.6,2.8
0.001304,-3.52,2.8
0.001306,-3.52,2.8
0.001308,-3.52,2.8
0.00131,-3.52,2.8
0.001312,-3.6,2.8
0.001314,-3.68,2.8
0.001316,-3.6,2.88
0.001318,-3.52,2.88
0.00132,-3.44,2.88
0.001322,-3.36,2.88
0.001324,-3.28,2.88
0.001326,-3.2,2.88
0.001328,-3.2,2.88
0.00133,-3.28,2.88
0.001332,-3.28,2.8
0.001334,-3.44,2.88
0.001336,-3.44,2.8
0.001338,-3.44,2.8
0.00134,-3.44,2.88
0.001342,-3.28,2.8
0.001344,-3.2,2.8
0.001346,-3.12,2.8
0.001348,-3.04,2.88
0.00135,-3.04,2.88
0.001352,-3.12,2.88
0.001354,-3.2,2.88
0.001356,-3.2,2.8
0.001358,-3.2,2.8
0.00136,-3.2,2.88
0.001362,-3.12,2.8
0.001364,-3.04,2.88
0.001366,-2.96,2.8
0.001368,-2.8,2.88
0.00137,-2.8,2.8
0.001372,-2.8,2.8
0.001374,-2.88,2.8
0.001376,-2.96,2.8
0.001378,-3.04,2.8
0.00138,-3.04,2.8
0.001382,-2.96,2.8
0.001384,-2.88,2.8
0.001386,-2.8,2.8
0.001388,-2.72,2.8
0.00139,-2.64,2.8
0.001392,-2.64,2.8
0.001394,-2.72,2.8
0.001396,-2.8,2.8
0.001398,-2.8,2.8
0.0014,-2.88,2.8
0.001402,-2.88,2.8
0.001404,-2.88,2.8
0.001406,-2.72,2.8
0.001408,-2.64,2.8
0.00141,-2.56,2.8
0.001412,-2.48,2.72
0.001414,-2.48,2.72
0.001416,-2.56,2.72
0.001418,-2.56,2.72
0.00142,-2.64,2.72
0.001422,-2.64,2.72
0.001424,-2.72,2.72
0.001426,-2.64,2.72
0.001428,-2.56,2.72
0.00143,-2.48,2.72
0.001432,-2.4,2.64
0.001434,-2.32,2.64
0.001436,-2.4,2.64
0.001438,-2.4,2.72
0.00144,-2.48,2.64
0.001442,-2.48,2.64
0.001444,-2.48,2.72
0.001446,-2.56,2.72
0.001448,-2.48,2.72
0.00145,-2.32,2.72
0.001452,-2.24,2.72
0.001454,-2.16,2.64
0.001456,-2.16,2.64
0.001458,-2.24,2.64
0.00146,-2.24,2.64
0.001462,-2.32,2.64
0.001464,-2.32,2.56
0.001466,-2.4,2.56
0.001468,-2.4,2.64
0.00147,-2.32,2.64
0.001472,-2.24,2.64
0.001474,-2.16,2.56
0.001476,-2.16,2.56
0.001478,-2.08,2.56
0.00148,-2.16,2.56
0.001482,-2.24,2.56
0.001484,-2.24,2.48
0.001486,-2.32,2.56
0.001488,-2.32,2.56
0.00149,-2.32,2.56
0.001492,-2.08,2.56
0.001494,-2.08,2.56
0.001496,-2,2.56
0.001498,-2,2.56
0.0015,-2,2.48
0.001502,-2,2.48
0.001504,-2.08,2.56
0.001506,-2.08,2.48
0.001508,-2.16,2.48
0.00151,-2.16,2.56
0.001512,-2.08,2.48
0.001514,-2,2.48
0.001516,-1.92,2.48
0.001518,-1.84,2.48
0.00152,-1.84,2.48
0.001522,-1.84,2.48
0.001524,-1.92,2.48
0.001526,-1.92,2.48
0.001528,-1.92,2.48
0.00153,-2,2.48
0.001532,-2,2.48
0.001534,-1.84,2.4
0.001536,-1.76,2.4
0.001538,-1.68,2.4
0.00154,-1.6,2.32
0.001542,-1.6,2.32
0.001544,-1.6,2.24
0.001546,-1.68,2.24
0.001548,-1.76,2.24
0.00155,-1.84,2.24
0.001552,-1.84,2.24
0.001554,-1.84,2.24
0.001556,-1.76,2.24
0.001558,-1.68,2.24
0.00156,-1.6,2.24
0.001562,-1.6,2.16
0.001564,-1.6,2.16
0.001566,-1.68,2.24
0.001568,-1.76,2.16
0.00157,-1.76,2.16
0.001572,-1.84,2.16
0.001574,-1.76,2.16
0.001576,-1.76,2.16
0.001578,-1.68,2.16
0.00158,-1.6,2.08
0.001582,-1.52,2.08
0.001584,-1.52,2.08
0.001586,-1.52,2.08
0.001588,-1.52,2.08
0.00159,-1.6,2.08
0.001592,-1.68,2.08
0.001594,-1.68,2
0.001596,-1.68,2.08
0.001598,-1.6,2.08
0.0016,-1.52,2.08
0.001602,-1.44,2.08
0.001604,-1.36,2.08
0.001606,-1.36,2
0.001608,-1.36,2
0.00161,-1.44,2
0.001612,-1.52,2.08
0.001614,-1.6,2
0.001616,-1.6,2
0.001618,-1.6,1.92
0.00162,-1.52,2
0.001622,-1.52,1.92
0.001624,-1.36,1.92
0.001626,-1.28,2
0.001628,-1.28,1.92
0.00163,-1.36,2
0.001632,-1.36,1.92
0.001634,-1.44,1.92
0.001636,-1.52,1.92
0.001638,-1.52,1.92
0.00164,-1.44,1.92
0.001642,-1.28,1.92
0.001644,-1.2,1.84
0.001646,-1.12,1.84
0.001648,-1.12,1.84
0.00165,-1.12,1.84
0.001652,-1.28,1.84
0.001654,-1.36,1.84
0.001656,-1.44,1.76
0.001658,-1.44,1.76
0.00166,-1.44,1.76
0.001662,-1.44,1.76
0.001664,-1.36,1.76
0.001666,-1.2,1.76
0.001668,-1.12,1.76
0.00167,-1.12,1.76
0.001672,-1.2,1.68
0.001674,-1.28,1.68
0.001676,-1.36,1.68
0.001678,-1.44,1.68
0.00168,-1.52,1.6
0.001682,-1.52,1.6
0.001684,-1.36,1.6
0.001686,-1.36,1.6
0.001688,-1.28,1.6
0.00169,-1.2,1.6
0.001692,-1.28,1.52
0.001694,-1.28,1.6
0.001696,-1.28,1.52
0.001698,-1.36,1.52
0.0017,-1.36,1.52
0.001702,-1.36,1.52
0.001704,-1.36,1.52
0.001706,-1.28,1.52
0.001708,-1.2,1.52
0.00171,-1.2,1.52
0.001712,-1.12,1.52
0.001714,-1.2,1.44
0.001716,-1.2,1.44
0.001718,-1.28,1.44
0.00172,-1.36,1.44
0.001722,-1.36,1.44
0.001724,-1.36,1.36
0.001726,-1.36,1.36
0.001728,-1.28,1.36
0.00173,-1.2,1.28
0.001732,-1.12,1.28
0.001734,-1.12,1.36
0.001736,-1.12,1.28
0.001738,-1.2,1.36
0.00174,-1.28,1.36
0.001742,-1.36,1.28
0.001744,-1.36,1.28
0.001746,-1.36,1.36
0.001748,-1.28,1.36
0.00175,-1.2,1.28
0.001752,-1.2,1.28
0.001754,-1.04,1.28
0.001756,-1.04,1.28
0.001758,-1.12,1.2
0.00176,-1.12,1.12
0.001762,-1.2,1.12
0.001764,-1.28,1.2
0.001766,-1.28,1.2
0.001768,-1.28,1.2
0.00177,-1.2,1.2
0.001772,-1.12,1.2
0.001774,-1.04,1.2
0.001776,-1.04,1.12
0.001778,-1.04,1.12
0.00178,-1.12,1.04
0.001782,-1.2,1.12
0.001784,-1.28,1.12
0.001786,-1.28,1.12
0.001788,-1.36,1.12
0.00179,-1.28,1.12
0.001792,-1.2,1.12
0.001794,-1.12,1.04
0.001796,-1.04,1.04
0.001798,-1.04,1.04
0.0018,-1.04,1.04
0.001802,-1.04,0.96
0.001804,-1.12,0.96
0.001806,-1.2,0.96
0.001808,-1.28,0.96
0.00181,-1.28,0.96
0.001812,-1.2,0.96
0.001814,-1.2,0.96
0.001816,-1.12,0.96
0.001818,-1.04,0.96
0.00182,-1.04,0.96
0.001822,-1.12,0.96
0.001824,-1.12,0.96
0.001826,-1.2,1.04
0.001828,-1.28,1.04
0.00183,-1.28,0.96
0.001832,-1.28,0.96
0.001834,-1.2,0.96
0.001836,-1.12,0.88
0.001838,-1.04,0.88
0.00184,-1.04,0.88
0.001842,-1.04,0.88
0.001844,-1.04,0.8
0.001846,-1.12,0.8
0.001848,-1.2,0.8
0.00185,-1.28,0.8
0.001852,-1.28,0.8
0.001854,-1.28,0.8
0.001856,-1.2,0.8
0.001858,-1.12,0.8
0.00186,-1.04,0.88
0.001862,-1.04,0.8
0.001864,-1.04,0.8
0.001866,-1.12,0.8
0.001868,-1.2,0.72
0.00187,-1.28,0.8
0.001872,-1.28,0.72
0.001874,-1.36,0.64
0.001876,-1.28,0.64
0.001878,-1.2,0.64
0.00188,-1.12,0.64
0.001882,-1.04,0.64
0.001884,-1.04,0.64
0.001886,-1.04,0.64
0.001888,-1.12,0.64
0.00189,-1.12,0.56
0.001892,-1.28,0.56
0.001894,-1.28,0.56
0.001896,-1.28,0.64
0.001898,-1.28,0.56
0.0019,-1.2,0.56
0.001902,-1.12,0.56
0.001904,-1.04,0.56
0.001906,-1.04,0.56
0.001908,-1.04,0.56
0.00191,-1.12,0.56
0.001912,-1.28,0.56
0.001914,-1.36,0.48
0.001916,-1.36,0.56
0.001918,-1.36,0.56
0.00192,-1.28,0.56
0.001922,-1.2,0.56
0.001924,-1.12,0.56
0.001926,-1.12,0.56
0.001928,-1.04,0.56
0.00193,-1.12,0.56
0.001932,-1.2,0.56
0.001934,-1.28,0.48
0.001936,-1.36,0.56
0.001938,-1.36,0.56
0.00194,-1.28,0.56
0.001942,-1.28,0.56
0.001944,-1.2,0.48
0.001946,-1.12,0.48
0.001948,-1.12,0.48
0.00195,-1.12,0.48
0.001952,-1.2,0.4
0.001954,-1.2,0.4
0.001956,-1.36,0.4
0.001958,-1.36,0.4
0.00196,-1.36,0.4
0.001962,-1.36,0.4
0.001964,-1.28,0.4
0.001966,-1.2,0.32
0.001968,-1.12,0.32
0.00197,-1.12,0.4
0.001972,-1.12,0.4
0.001974,-1.28,0.4
0.001976,-1.36,0.32
0.001978,-1.36,0.32
0.00198,-1.44,0.32
0.001982,-1.44,0.24
0.001984,-1.36,0.24
0.001986,-1.28,0.24
0.001988,-1.2,0.24
0.00199,-1.2,0.24
0.001992,-1.2,0.24
0.001994,-1.2,0.24
0.001996,-1.28,0.24
0.001998,-1.44,0.24
0.002,-1.44,0.24
0.002002,-1.52,0.24
0.002004,-1.52,0.24
0.002006,-1.44,0.32
0.002008,-1.36,0.24
0.00201,-1.28,0.24
0.002012,-1.2,0.24
0.002014,-1.2,0.24
0.002016,-1.28,0.24
0.002018,-1.36,0.16
0.00202,-1.44,0.24
0.002022,-1.44,0.16
0.002024,-1.52,0.16
0.002026,-1.44,0.16
0.002028,-1.36,0.16
0.00203,-1.28,0.16
0.002032,-1.2,0.16
0.002034,-1.2,0.08
0.002036,-1.28,0.08
0.002038,-1.36,0.08
0.00204,-1.44,0.08
0.002042,-1.52,0.08
0.002044,-1.52,0.08
0.002046,-1.6,0.08
0.002048,-1.6,0.16
0.00205,-1.52,0.16
0.002052,-1.44,0.16
0.002054,-1.36,0.16
0.002056,-1.36,0.08
0.002058,-1.36,0.16
0.00206,-1.36,0.16
0.002062,-1.52,0.16
0.002064,-1.52,0.08
0.002066,-1.6,0.08
0.002068,-1.6,0.08
0.00207,-1.52,0.08
0.002072,-1.44,0
0.002074,-1.36,0
0.002076,-1.36,0
0.002078,-1.36,0
0.00208,-1.44,0.08
0.002082,-1.6,0.16
0.002084,-1.6,0.16
0.002086,-1.68,0.16
0.002088,-1.76,0.16
0.00209,-1.6,0.16
0.002092,-1.6,0.16
0.002094,-1.52,0.16
0.002096,-1.44,0.08
0.002098,-1.44,0.08
0.0021,-1.44,0.08
0.002102,-1.52,0
0.002104,-1.52,0
0.002106,-1.6,0
0.002108,-1.68,0
0.00211,-1.68,0
0.002112,-1.68,-0.08
0.002114,-1.6,0
0.002116,-1.52,0
0.002118,-1.52,0
0.00212,-1.44,0
0.002122,-1.44,0
0.002124,-1.52,0
0.002126,-1.6,0
0.002128,-1.68,0.08
0.00213,-1.76,0
0.002132,-1.76,0
0.002134,-1.68,0.08
0.002136,-1.6,0.08
0.002138,-1.52,0
0.00214,-1.52,0.08
0.002142,-1.52,0
0.002144,-1.52,0
0.002146,-1.6,0
0.002148,-1.68,0
0.00215,-1.76,0
0.002152,-1.76,0
0.002154,-1.76,0
0.002156,-1.68,-0.08
0.002158,-1.6,0
0.00216,-1.52,-0.08
0.002162,-1.44,0
0.002164,-1.52,0
0.002166,-1.52,-0.08
0.002168,-1.68,-0.08
0.00217,-1.76,-0.08
0.002172,-1.84,-0.08
0.002174,-1.84,-0.08
0.002176,-1.84,0
0.002178,-1.68,0
0.00218,-1.76,0
0.002182,-1.6,0
0.002184,-1.6,0
0.002186,-1.6,-0.08
0.002188,-1.68,0
0.00219,-1.76,0
0.002192,-1.84,0
0.002194,-1.84,-0.08
0.002196,-1.84,0
0.002198,-1.76,0
0.0022,-1.76,0
0.002202,-1.68,-0.08
0.002204,-1.6,0
0.002206,-1.52,-0.08
0.002208,-1.6,0
0.00221,-1.68,0
0.002212,-1.76,-0.08
0.002214,-1.84,-0.08
0.002216,-1.84,-0.08
0.002218,-1.92,-0.08
0.00222,-1.84,0
0.002222,-1.76,0
0.002224,-1.68,0
0.002226,-1.68,0
0.002228,-1.68,0
0.00223,-1.68,-0.08
0.002232,-1.76,-0.08
0.002234,-1.84,-0.08
0.002236,-1.92,-0.08
0.002238,-1.92,-0.08
0.00224,-1.84,-0.08
0.002242,-1.76,-0.08
0.002244,-1.68,-0.08
0.002246,-1.68,-0.08
0.002248,-1.6,-0.08
0.00225,-1.6,-0.08
0.002252,-1.76,-0.16
0.002254,-1.84,-0.16
0.002256,-1.84,-0.08
0.002258,-1.92,-0.16
0.00226,-1.92,-0.08
0.002262,-1.84,-0.08
0.002264,-1.76,-0.08
0.002266,-1.76,-0.08
0.002268,-1.68,-0.08
0.00227,-1.68,-0.08
0.002272,-1.68,-0.08
0.002274,-1.76,-0.08
0.002276,-1.84,-0.08
0.002278,-1.92,-0.16
0.00228,-2,-0.16
0.002282,-2,-0.16
0.002284,-1.92,-0.16
0.002286,-1.84,-0.16
0.002288,-1.76,-0.16
0.00229,-1.76,-0.08
0.002292,-1.76,-0.08
0.002294,-1.76,-0.16
0.002296,-1.84,-0.16
0.002298,-2,-0.08
0.0023,-2,-0.16
0.002302,-2,-0.16
0.002304,-2,-0.16
0.002306,-1.92,-0.08
0.002308,-1.84,-0.08
0.00231,-1.76,-0.08
0.002312,-1.76,-0.08
0.002314,-1.76,-0.16
0.002316,-1.84,-0.08
0.002318,-1.92,-0.08
0.00232,-2,-0.16
0.002322,-2.08,-0.08
0.002324,-2.08,-0.08
0.002326,-2.08,-0.08
0.002328,-2,-0.08
0.00233,-1.92,-0.08
0.002332,-1.92,-0.08
0.002334,-1.84,-0.08
0.002336,-1.92,0
0.002338,-2,-0.08
0.00234,-2.08,-0.08
0.002342,-2.08,-0.08
0.002344,-2.08,-0.08
0.002346,-2.08,-0.08
0.002348,-2.08,-0.08
0.00235,-2,-0.08
0.002352,-1.92,-0.08
0.002354,-1.84,-0.08
0.002356,-1.84,-0.08
0.002358,-1.84,-0.08
0.00236,-1.92,-0.08
0.002362,-2,-0.08
0.002364,-2,-0.08
0.002366,-2.08,-0.16
0.002368,-2,-0.08
0.00237,-2,-0.16
0.002372,-1.92,-0.16
0.002374,-1.92,-0.08
0.002376,-1.84,-0.16
0.002378,-1.92,-0.16
0.00238,-1.92,-0.08
0.002382,-2,-0.08
0.002384,-2.08,-0.16
0.002386,-2.16,-0.16
0.002388,-2.16,-0.16
0.00239,-2.08,-0.16
0.002392,-2.08,-0.16
0.002394,-2,-0.16
0.002396,-1.92,-0.16
0.002398,-1.92,-0.16
0.0024,-1.92,-0.16
0.002402,-2,-0.08
0.002404,-2.08,-0.08
0.002406,-2.08,-0.08
0.002408,-2.16,-0.08
0.00241,-2.16,-0.08
0.002412,-2.16,-0.08
0.002414,-2.08,-0.08
0.002416,-1.92,-0.08
0.002418,-1.84,-0.08
0.00242,-1.84,-0.16
0.002422,-1.92,-0.16
0.002424,-1.92,-0.24
0.002426,-2.08,-0.16
0.002428,-2.08,-0.16
0.00243,-2.16,-0.16
0.002432,-2.16,-0.16
0.002434,-2.16,-0.16
0.002436,-2.08,-0.08
0.002438,-2,-0.16
0.00244,-1.92,-0.16
0.002442,-1.92,-0.16
0.002444,-2,-0.08
0.002446,-2,-0.16
0.002448,-2.08,-0.08
0.00245,-2.16,-0.08
0.002452,-2.16,-0.08
0.002454,-2.16,-0.08
0.002456,-2.08,0
0.002458,-2,-0.08
0.00246,-1.92,0
0.002462,-1.92,0
0.002464,-1.92,-0.08
0.002466,-2,0
0.002468,-2,0
0.00247,-2.08,-0.08
0.002472,-2.16,0
0.002474,-2.16,-0.08
0.002476,-2.16,0
0.002478,-2.08,0
0.00248,-2,0
0.002482,-2,0
0.002484,-1.92,0
0.002486,-2,0
0.002488,-2.08,-0.08
0.00249,-2.24,-0.08
0.002492,-2.24,-0.16
0.002494,-2.24,-0.16
0.002496,-2.24,-0.16
0.002498,-2.24,-0.08
0.0025,-2.16,-0.08
0.002502,-2,-0.08
0.002504,-2,-0.08
0.002506,-2,-0.08
0.002508,-2.08,-0.08
0.00251,-2.08,-0.08
0.002512,-2.16,-0.08
0.002514,-2.24,-0.08
0.002516,-2.24,-0.08
0.002518,-2.24,-0.08
0.00252,-2.16,0
0.002522,-2.16,-0.08
0.002524,-2.08,0
0.002526,-2,-0.08
0.002528,-2,-0.08
0.00253,-2.08,-0.08
0.002532,-2.08,0
0.002534,-2.24,0
0.002536,-2.24,0
0.002538,-2.24,0
0.00254,-2.24,0
0.002542,-2.08,0
0.002544,-2.08,-0.08
0.002546,-2,0
0.002548,-2,0
0.00255,-2,0
0.002552,-2,0
0.002554,-2.16,0
0.002556,-2.16,0
0.002558,-2.24,0
0.00256,-2.24,-0.08
0.002562,-2.24,0
0.002564,-2.16,0
0.002566,-2.16,0
0.002568,-2.08,0
0.00257,-2.08,0
0.002572,-2,0.08
0.002574,-2.08,0
0.002576,-2.16,0
0.002578,-2.24,0
0.00258,-2.32,0
0.002582,-2.24,0
0.002584,-2.24,0
0.002586,-2.16,-0.08
0.002588,-2.08,0
0.00259,-2,0
0.002592,-2,0
0.002594,-2.08,0
0.002596,-2.16,0
0.002598,-2.16,0.08
0.0026,-2.24,0.08
0.002602,-2.24,0
0.002604,-2.24,0
0.002606,-2.24,0
0.002608,-2.16,0
0.00261,-2.08,0
0.002612,-2.08,0
0.002614,-2.08,0
0.002616,-2.08,0
0.002618,-2.16,0
0.00262,-2.16,0
0.002622,-2.32,0
0.002624,-2.24,0.08
0.002626,-2.32,0.08
0.002628,-2.24,0.08
0.00263,-2.16,0.08
0.002632,-2.08,0.08
0.002634,-2.08,0.08
0.002636,-2.08,0.08
0.002638,-2.16,0.08
0.00264,-2.24,0
0.002642,-2.32,0
0.002644,-2.4,0
0.002646,-2.32,0
0.002648,-2.4,-0.08
0.00265,-2.32,0
0.002652,-2.24,0
0.002654,-2.16,0
0.002656,-2.16,0
0.002658,-2.16,-0.08
0.00266,-2.24,0
0.002662,-2.32,0
0.002664,-2.32,0
0.002666,-2.32,0
0.002668,-2.4,0
0.00267,-2.32,0.08
0.002672,-2.16,0.08
0.002674,-2.08,0.08
0.002676,-2.08,0.08
0.002678,-2.08,0
0.00268,-2.08,0
0.002682,-2.16,0
0.002684,-2.24,0
0.002686,-2.24,0
0.002688,-2.24,0
0.00269,-2.24,0
0.002692,-2.16,0
0.002694,-2.08,-0.08
0.002696,-2.08,0
0.002698,-2,-0.08
0.0027,-2,0
0.002702,-2.08,0
0.002704,-2.16,0
0.002706,-2.32,0
0.002708,-2.32,0
0.00271,-2.32,0
0.002712,-2.24,0.08
0.002714,-2.24,0.08
0.002716,-2.16,0.08
0.002718,-2.08,0.16
0.00272,-2.08,0.16
0.002722,-2.08,0.08
0.002724,-2.16,0.16
0.002726,-2.24,0.08
0.002728,-2.32,0
0.00273,-2.32,0
0.002732,-2.32,0
0.002734,-2.32,0
0.002736,-2.16,0
0.002738,-2.08,0
0.00274,-2.08,0
0.002742,-2,0.08
0.002744,-2.08,0.08
0.002746,-2.16,0.16
0.002748,-2.24,0.16
0.00275,-2.32,0.16
0.002752,-2.4,0.16
0.002754,-2.4,0.16
0.002756,-2.32,0.16
0.002758,-2.24,0.08
0.00276,-2.16,0.08
0.002762,-2.08,0.16
0.002764,-2.08,0.08
0.002766,-2.16,0.08
0.002768,-2.16,0.08
0.00277,-2.24,0.08
0.002772,-2.24,0.08
0.002774,-2.4,0.08
0.002776,-2.32,0.08
0.002778,-2.24,0.16
0.00278,-2.24,0.08
0.002782,-2.08,0.08
0.002784,-2.08,0.08
0.002786,-2.08,0.08
0.002788,-2.16,0.08
0.00279,-2.24,0.08
0.002792,-2.24,0.08
0.002794,-2.32,0.08
0.002796,-2.32,0.08
0.002798,-2.24,0.08
0.0028,-2.16,0.16
0.002802,-2.08,0.08
0.002804,-2,0.08
0.002806,-2,0.16
0.002808,-2.08,0.08
0.00281,-2.08,0.08
0.002812,-2.16,0
0.002814,-2.24,0.08
0.002816,-2.32,0.08
0.002818,-2.24,0.08
0.00282,-2.24,0.08
0.002822,-2.16,0.08
0.002824,-2.16,0
0.002826,-2.08,0
0.002828,-2,0
0.00283,-2.08,0.08
0.002832,-2.08,0.08
0.002834,-2.16,0
0.002836,-2.32,0.08
0.002838,-2.4,0.16
0.00284,-2.32,0.08
0.002842,-2.32,0.08
0.002844,-2.24,0.16
0.002846,-2.08,0.16
0.002848,-2.08,0.16
0.00285,-2.16,0.08
0.002852,-2.08,0.08
0.002854,-2.24,0.08
0.002856,-2.24,0.16
0.002858,-2.32,0.16
0.00286,-2.32,0.24
0.002862,-2.24,0.16
0.002864,-2.24,0.24
0.002866,-2.08,0.24
0.002868,-2.08,0.16
0.00287,-2.08,0.16
0.002872,-2.08,0.16
0.002874,-2.16,0.16
0.002876,-2.24,0.08
0.002878,-2.24,0.08
0.00288,-2.4,0.08
0.002882,-2.32,0.16
0.002884,-2.32,0.16
0.002886,-2.24,0.16
0.002888,-2.08,0.16
0.00289,-2.08,0.24
0.002892,-2,0.16
0.002894,-2,0.16
0.002896,-2.16,0.16
0.002898,-2.24,0.16
0.0029,-2.24,0.16
0.002902,-2.32,0.16
0.002904,-2.32,0.16
0.002906,-2.24,0.16
0.002908,-2.16,0.16
0.00291,-2.08,0.16
0.002912,-2,0.16
0.002914,-2,0.16
0.002916,-2.08,0.16
0.002918,-2.08,0.16
0.00292,-2.24,0.16
0.002922,-2.24,0.16
0.002924,-2.24,0.16
0.002926,-2.24,0.16
0.002928,-2.16,0.16
0.00293,-2.08,0.16
0.002932,-2.08,0.08
0.002934,-2,0.16
0.002936,-2.08,0.16
0.002938,-2.08,0.08
0.00294,-2.16,0.08
0.002942,-2.24,0.08
0.002944,-2.24,0.08
0.002946,-2.24,0.08
0.002948,-2.24,0.08
0.00295,-2.16,0.16
0.002952,-2.08,0.08
0.002954,-2.08,0.08
0.002956,-2,0.08
0.002958,-2.08,0.08
0.00296,-2.16,0.08
0.002962,-2.24,0.08
0.002964,-2.32,0.08
0.002966,-2.32,0.16
0.002968,-2.32,0.08
0.00297,-2.24,0.08
0.002972,-2.16,0.08
0.002974,-2.16,0.08
0.002976,-2,0.08
0.002978,-2,0.08
0.00298,-2.08,0
0.002982,-2.08,0
0.002984,-2.16,0.08
0.002986,-2.24,0.08
0.002988,-2.32,0.08
0.00299,-2.32,0.08
0.002992,-2.24,0.08
0.002994,-2.24,0.08
0.002996,-2.16,0.16
0.002998,-2.16,0.08
0.003,-2.08,0.08
0.003002,-2.16,0.08
0.003004,-2.24,0.08
0.003006,-2.24,0.08
0.003008,-2.32,0.08
0.00301,-2.32,0.08
0.003012,-2.32,0.08
0.003014,-2.24,0.16
0.003016,-2.08,0.16
0.003018,-2.08,0.08
0.00302,-2,0.08
0.003022,-2,0.08
0.003024,-2.08,0.08
0.003026,-2.16,0.08
0.003028,-2.24,0.08
0.00303,-2.24,0.08
0.003032,-2.24,0.08
0.003034,-2.24,0
0.003036,-2.16,0.08
0.003038,-2.08,0
0.00304,-2,0.08
0.003042,-2,0
0.003044,-2,0
0.003046,-2.08,0
0.003048,-2.24,0
0.00305,-2.32,0.08
0.003052,-2.32,0
0.003054,-2.32,0
0.003056,-2.24,0.08
0.003058,-2.16,0.08
0.00306,-2.08,0.08
0.003062,-2,0.08
0.003064,-2.08,0.08
0.003066,-2.08,0.16
0.003068,-2.16,0.08
0.00307,-2.24,0.08
0.003072,-2.32,0.16
0.003074,-2.32,0.08
0.003076,-2.24,0.16
0.003078,-2.24,0.16
0.00308,-2.08,0.08
0.003082,-2,0.08
0.003084,-2,0.08
0.003086,-2.08,0.08
0.003088,-2.08,0.08
0.00309,-2.16,0.16
0.003092,-2.24,0.08
0.003094,-2.32,0.08
0.003096,-2.32,0.08
0.003098,-2.32,0.08
0.0031,-2.24,0.08
0.003102,-2.16,0
0.003104,-2.08,0
0.003106,-2.08,0
0.003108,-2.08,0
0.00311,-2.16,0
0.003112,-2.24,0
0.003114,-2.24,0
0.003116,-2.32,0
0.003118,-2.32,0.08
0.00312,-2.24,0.08
0.003122,-2.24,0.08
0.003124,-2.08,0.08
0.003126,-2.08,0.08
0.003128,-2,0.08
0.00313,-2,0.16
0.003132,-2.08,0
0.003134,-2.16,0.08
0.003136,-2.24,0.08
0.003138,-2.24,0.08
0.00314,-2.24,0.16
0.003142,-2.16,0.08
0.003144,-2.08,0.16
0.003146,-2,0.16
0.003148,-2,0.16
0.00315,-2,0.16
0.003152,-2,0.16
0.003154,-2.16,0.08
0.003156,-2.24,0.08
0.003158,-2.24,0.08
0.00316,-2.24,0.08
0.003162,-2.24,0.08
0.003164,-2.24,0.16
0.003166,-2.08,0.16
0.003168,-2,0.08
0.00317,-1.92,0.08
0.003172,-2,0.08
0.003174,-2.08,0.08
0.003176,-2.08,0.08
0.003178,-2.16,0.08
0.00318,-2.24,0.16
0.003182,-2.24,0.16
0.003184,-2.16,0.16
0.003186,-2.08,0.16
0.003188,-2.08,0.08
0.00319,-2,0.16
0.003192,-2,0.16
0.003194,-2,0.08
0.003196,-2.16,0.08
0.003198,-2.24,0.08
0.0032,-2.24,0.08
0.003202,-2.24,0.16
0.003204,-2.24,0.16
0.003206,-2.24,0.16
0.003208,-2.08,0.08
0.00321,-2,0.08
0.003212,-1.92,0.08
0.003214,-1.92,0.08
0.003216,-2,0.08
0.003218,-2,0.08
0.00322,-2.08,0
0.003222,-2.24,0
0.003224,-2.24,0.08
0.003226,-2.24,0.08
0.003228,-2.24,0.08
0.00323,-2.08,0.08
0.003232,-2.08,0.08
0.003234,-2,0.08
0.003236,-2,0.08
0.003238,-2.08,0.08
0.00324,-2.16,0.16
0.003242,-2.24,0.08
0.003244,-2.24,0.16
0.003246,-2.24,0.08
0.003248,-2.24,0.08
0.00325,-2.08,0
0.003252,-2,0.08
0.003254,-2,0.08
0.003256,-2,0.08
0.003258,-2,0.16
0.00326,-2.08,0.08
0.003262,-2.24,0.16
0.003264,-2.24,0.16
0.003266,-2.32,0.16
0.003268,-2.4,0.16
0.00327,-2.32,0.08
0.003272,-2.24,0.08
0.003274,-2.08,0.08
0.003276,-2.08,0.08
0.003278,-2.08,0.08
0.00328,-2.08,0.08
0.003282,-2.16,0.08
0.003284,-2.24,0.08
0.003286,-2.24,0
0.003288,-2.32,0
0.00329,-2.32,0.08
0.003292,-2.24,0.08
0.003294,-2.24,0.08
0.003296,-2.16,0.08
0.003298,-2.08,0.08
0.0033,-2.08,0.08
0.003302,-2.16,0.08
0.003304,-2.16,0.16
0.003306,-2.24,0.16
0.003308,-2.32,0.16
0.00331,-2.32,0.16
0.003312,-2.24,0.16
0.003314,-2.24,0.08
0.003316,-2.08,0.08
0.003318,-2.08,0.08
0.00332,-2,0.08
0.003322,-2,0.08
0.003324,-2,0.08
0.003326,-2.08,0.08
0.003328,-2.16,0.08
0.00333,-2.24,0
0.003332,-2.24,0.08
0.003334,-2.24,0.08
0.003336,-2.16,0.08
0.003338,-2.08,0.16
0.00334,-2,0.16
0.003342,-2,0.24
0.003344,-2,0.16
0.003346,-2,0.16
0.003348,-2.16,0.16
0.00335,-2.24,0.16
0.003352,-2.24,0.16
0.003354,-2.16,0.16
0.003356,-2.08,0.16
0.003358,-2.08,0.16
0.00336,-2,0.08
0.003362,-1.92,0.16
0.003364,-1.92,0.08
0.003366,-2,0
0.003368,-2.08,0.08
0.00337,-2.16,0.08
0.003372,-2.16,0.08
0.003374,-2.32,0.08
0.003376,-2.24,0.08
0.003378,-2.16,0.16
0.00338,-2.08,0.16
0.003382,-2,0.16
0.003384,-1.92,0.16
0.003386,-2,0.16
0.003388,-2.08,0.24
0.00339,-2.08,0.16
0.003392,-2.24,0.16
0.003394,-2.24,0.16
0.003396,-2.24,0.16
0.003398,-2.24,0.16
0.0034,-2.08,0.08
0.003402,-2.08,0.16
0.003404,-2.08,0.08
0.003406,-2.08,0.08
0.003408,-2,0.08
0.00341,-2.08,0.08
0.003412,-2.24,0.16
0.003414,-2.24,0.16
0.003416,-2.24,0.16
0.003418,-2.24,0.16
0.00342,-2.24,0.16
0.003422,-2.08,0.16
0.003424,-2,0.08
0.003426,-1.92,0.08
0.003428,-1.92,0.08
0.00343,-2,0
0.003432,-2,0
0.003434,-2.08,0
0.003436,-2.16,0
0.003438,-2.24,0
0.00344,-2.24,0
0.003442,-2.16,0
0.003444,-2.08,0
0.003446,-2,0.08
0.003448,-2,0.08
0.00345,-2,0.16
0.003452,-2,0.08
0.003454,-2.08,0.08
0.003456,-2.16,0.16
0.003458,-2.16,0.08
0.00346,-2.24,0.16
0.003462,-2.24,0.16
0.003464,-2.08,0.16
0.003466,-2.08,0.16
0.003468,-2,0.16
0.00347,-1.92,0.16
0.003472,-2,0.16
0.003474,-2,0.08
0.003476,-2.08,0.08
0.003478,-2.24,0.16
0.00348,-2.24,0.08
0.003482,-2.32,0.08
0.003484,-2.24,0.16
0.003486,-2.24,0.16
0.003488,-2.16,0.16
0.00349,-2.08,0.24
0.003492,-2.08,0.24
0.003494,-2.08,0.24
0.003496,-2.16,0.24
0.003498,-2.16,0.24
0.0035,-2.24,0.24
0.003502,-2.24,0.16
0.003504,-2.24,0.24
0.003506,-2.24,0.16
0.003508,-2.16,0.16
0.00351,-2.08,0.16
0.003512,-2,0.16
0.003514,-2,0.08
0.003516,-2.08,0
0.003518,-2.08,0.08
0.00352,-2.24,0.08
0.003522,-2.24,0.08
0.003524,-2.24,0.08
0.003526,-2.24,0.08
0.003528,-2.16,0.08
0.00353,-2.08,0.08
0.003532,-2,0.08
0.003534,-2,0.08
0.003536,-2,0.08
0.003538,-2,0.08
0.00354,-2.08,0.08
0.003542,-2.16,0.08
0.003544,-2.24,0.08
0.003546,-2.24,0.08
0.003548,-2.24,0.08
0.00355,-2.16,0.16
0.003552,-2.08,0.16
0.003554,-2,0.16
0.003556,-2,0.08
0.003558,-2,0.16
0.00356,-2,0.16
0.003562,-2.16,0.16
0.003564,-2.16,0.24
0.003566,-2.24,0.24
0.003568,-2.24,0.24
0.00357,-2.16,0.24
0.003572,-2.08,0.24
0.003574,-2,0.16
0.003576,-1.92,0.16
0.003578,-2,0.16
0.00358,-2,0.16
0.003582,-2.08,0.16
0.003584,-2.16,0.16
0.003586,-2.24,0.16
0.003588,-2.32,0.16
0.00359,-2.32,0.16
0.003592,-2.24,0.16
0.003594,-2.16,0.16
0.003596,-2.08,0.16
0.003598,-2,0.16
0.0036,-2,0.16
0.003602,-2,0.16
0.003604,-2.08,0.16
0.003606,-2.08,0.08
0.003608,-2.16,0.08
0.00361,-2.24,0.16
0.003612,-2.16,0.16
0.003614,-2.16,0.16
0.003616,-2.08,0.08
0.003618,-2,0.16
0.00362,-2,0.08
0.003622,-2,0.16
0.003624,-2,0.16
0.003626,-2.08,0.16
0.003628,-2.16,0.16
0.00363,-2.16,0.16
0.003632,-2.16,0.16
0.003634,-2.16,0.16
0.003636,-2.08,0.16
0.003638,-2,0.16
0.00364,-1.92,0.16
0.003642,-1.84,0.16
0.003644,-1.84,0.16
0.003646,-1.92,0.16
0.003648,-2,0.16
0.00365,-2.08,0.16
0.003652,-2.16,0.16
0.003654,-2.24,0.16
0.003656,-2.16,0.16
0.003658,-2.08,0.16
0.00366,-2,0.16
0.003662,-2,0.16
0.003664,-2,0.16
0.003666,-2,0.16
0.003668,-2.08,0.08
0.00367,-2.16,0.08
0.003672,-2.24,0.08
0.003674,-2.24,0.08
0.003676,-2.24,0.08
0.003678,-2.16,0.16
0.00368,-2.08,0.16
0.003682,-2,0.16
0.003684,-2,0.16
0.003686,-1.92,0.08
0.003688,-2,0.08
0.00369,-2.08,0.16
0.003692,-2.24,0.08
0.003694,-2.24,0.16
0.003696,-2.24,0.16
0.003698,-2.24,0.08
0.0037,-2.24,0.16
0.003702,-2.08,0.16
0.003704,-2.08,0.16
0.003706,-2,0.08
0.003708,-2,0.16
0.00371,-2.08,0.16
0.003712,-2.16,0.08
0.003714,-2.16,0.16
0.003716,-2.24,0.08
0.003718,-2.24,0.16
0.00372,-2.24,0.16
0.003722,-2.08,0.16
0.003724,-2.08,0.08
0.003726,-1.92,0.08
0.003728,-1.92,0
0.00373,-2,0
0.003732,-2.08,0
0.003734,-2.08,0
0.003736,-2.16,0
0.003738,-2.16,0
0.00374,-2.08,0.08
0.003742,-2.08,0.08
0.003744,-2,0.08
0.003746,-1.92,0.08
0.003748,-1.84,0.08
0.00375,-1.84,0.08
0.003752,-1.92,0.08
0.003754,-1.92,0.08
0.003756,-2.08,0.16
0.003758,-2.08,0.16
0.00376,-2.16,0.16
0.003762,-2.08,0.16
0.003764,-2.08,0.16
0.003766,-2,0.16
0.003768,-2,0.16
0.00377,-1.92,0.16
0.003772,-1.92,0.16
0.003774,-1.92,0.08
0.003776,-2,0.08
0.003778,-2.08,0.16
0.00378,-2.16,0.08
0.003782,-2.08,0.08
0.003784,-2.08,0.16
0.003786,-2.08,0.08
0.003788,-1.92,0.16
0.00379,-1.92,0.16
0.003792,-1.92,0.16
0.003794,-1.92,0.24
0.003796,-2,0.16
0.003798,-2,0.16
0.0038,-2.16,0.16
0.003802,-2.16,0.16
0.003804,-2.16,0.16
0.003806,-2.08,0.16
0.003808,-2.08,0.08
0.00381,-2,0.08
0.003812,-1.92,0.16
0.003814,-1.92,0.16
0.003816,-2,0.16
0.003818,-2,0.16
0.00382,-2.08,0.16
0.003822,-2.16,0.16
0.003824,-2.24,0.16
0.003826,-2.24,0.16
0.003828,-2.16,0.08
0.00383,-2.08,0.08
0.003832,-2,0.16
0.003834,-1.92,0.08
0.003836,-1.92,0.08
0.003838,-2,0.08
0.00384,-2,0.08
0.003842,-2.08,0.08
0.003844,-2.16,0.08
0.003846,-2.16,0.08
0.003848,-2.08,0.08
0.00385,-2,0.08
0.003852,-1.92,0.16
0.003854,-1.84,0.08
0.003856,-1.76,0.08
0.003858,-1.76,0.08
0.00386,-1.84,0.08
0.003862,-1.92,0.08
0.003864,-2,0.08
0.003866,-2.08,0.08
0.003868,-2.08,0.08
0.00387,-2.08,0.08
0.003872,-2,0.08
0.003874,-1.92,0.08
0.003876,-1.84,0.08
0.003878,-1.84,0.16
0.00388,-1.84,0.08
0.003882,-1.92,0.08
0.003884,-2,0.16
0.003886,-2.08,0.16
0.003888,-2.08,0.16
0.00389,-2.16,0.08
0.003892,-2.08,0.08
0.003894,-2.08,0.08
0.003896,-2,0.08
0.003898,-1.92,0.08
0.0039,-1.92,0.08
0.003902,-1.92,0
0.003904,-2,0
0.003906,-2.08,0.08
0.003908,-2.16,0.08
0.00391,-2.24,0.08
0.003912,-2.16,0
0.003914,-2.08,0.08
0.003916,-2.08,0.08
0.003918,-2.08,0.08
0.00392,-2,0.08
0.003922,-2,0.08
0.003924,-2.08,0.08
0.003926,-2.08,0.08
0.003928,-2.16,0.08
0.00393,-2.24,0.08
0.003932,-2.16,0.16
0.003934,-2.16,0.16
0.003936,-2.08,0.16
0.003938,-2,0.16
0.00394,-1.92,0.16
0.003942,-1.84,0.16
0.003944,-1.84,0.16
0.003946,-2,0.16
0.003948,-2,0.16
0.00395,-2.16,0.16
0.003952,-2.16,0.16
0.003954,-2.16,0.16
0.003956,-2.16,0.16
0.003958,-2.08,0.16
0.00396,-2,0.16
0.003962,-1.92,0.16
0.003964,-1.92,0.16
0.003966,-2,0.16
0.003968,-2,0.08
0.00397,-2.16,0.08
0.003972,-2.24,0.08
0.003974,-2.24,0.08
0.003976,-2.24,0.08
0.003978,-2.16,0.16
0.00398,-2.08,0.08
0.003982,-2,0.08
0.003984,-1.92,0.16
0.003986,-1.84,0.16
0.003988,-1.92,0.08
0.00399,-2,0.16
0.003992,-2.08,0.08
0.003994,-2.16,0.16
0.003996,-2.16,0.24
0.003998,-2.16,0.24
0.004,-2.08,0.16
0.004002,-2,0.16
0.004004,-1.92,0.16
0.004006,-1.84,0.08
0.004008,-1.92,0.08
0.00401,-2,0.08
0.004012,-2,0.08
0.004014,-2.16,0
0.004016,-2.16,0.08
0.004018,-2.16,0
0.00402,-2.16,0
0.004022,-2.08,0
0.004024,-2,0
0.004026,-1.92,0
0.004028,-1.92,0
0.00403,-1.92,0
0.004032,-2,0
0.004034,-2.08,0
0.004036,-2.16,0
0.004038,-2.24,0.08
0.00404,-2.24,0.08
0.004042,-2.08,0.16
0.004044,-2,0.16
0.004046,-1.92,0.16
0.004048,-1.84,0.16
0.00405,-1.84,0.16
0.004052,-1.84,0.16
0.004054,-1.92,0.16
0.004056,-2,0.16
0.004058,-2.08,0.16
0.00406,-2.16,0.08
0.004062,-2.08,0.16
0.004064,-2.08,0.16
0.004066,-2,0.08
0.004068,-2,0.08
0.00407,-1.92,0.08
0.004072,-2,0.08
0.004074,-2,0.16
0.004076,-2.08,0.16
0.004078,-2.16,0.16
0.00408,-2.24,0.16
0.004082,-2.24,0.16
0.004084,-2.16,0.16
0.004086,-2.08,0.16
0.004088,-2.08,0.16
0.00409,-2,0.08
0.004092,-1.92,0.16
0.004094,-1.92,0.16
0.004096,-2,0.08
0.004098,-2.08,0.08
0.0041,-2.08,0
0.004102,-2.16,0.08
0.004104,-2.16,0
0.004106,-2.16,0.08
0.004108,-2.08,0.08
0.00411,-2,0.08
0.004112,-1.92,0
0.004114,-1.92,0
0.004116,-1.92,0
0.004118,-2,0.08
0.00412,-2.08,0
0.004122,-2.24,0
0.004124,-2.32,0
0.004126,-2.32,0
0.004128,-2.24,-0.08
0.00413,-2.08,0
0.004132,-2.08,0
0.004134,-2,0
0.004136,-2,0
0.004138,-1.92,0
0.00414,-2,0
0.004142,-2.08,0
0.004144,-2.16,0
0.004146,-2.24,0
0.004148,-2.24,0
0.00415,-2.08,0
0.004152,-2.08,0
0.004154,-1.92,0.08
0.004156,-2,0.08
0.004158,-1.92,0.08
0.00416,-1.92,0
0.004162,-2.08,0.08
0.004164,-2.16,0
0.004166,-2.24,0.08
0.004168,-2.24,0.08
0.00417,-2.16,0.08
0.004172,-2.08,0.08
0.004174,-2.08,0.16
0.004176,-1.92,0.16
0.004178,-1.84,0.08
0.00418,-1.92,0.08
0.004182,-2,0.08
0.004184,-2.08,0.08
0.004186,-2.16,0.08
0.004188,-2.16,0
0.00419,-2.16,0
0.004192,-2.16,0.08
0.004194,-2.08,0
0.004196,-1.92,0.08
0.004198,-1.84,0.08
0.0042,-1.76,0.08
0.004202,-1.84,0.08
0.004204,-1.92,0
0.004206,-2,0.08
0.004208,-2.08,0.08
0.00421,-2.08,0.08
0.004212,-2.08,0
0.004214,-2.08,0.08
0.004216,-1.92,0
0.004218,-1.92,0
0.00422,-1.84,0
0.004222,-1.84,0
0.004224,-1.84,0
0.004226,-2,0
0.004228,-2.08,0
0.00423,-2.16,0
0.004232,-2.16,0
0.004234,-2.16,0
0.004236,-2.08,0
0.004238,-2,0
0.00424,-1.92,0.08
0.004242,-1.84,0.08
0.004244,-1.92,0
0.004246,-1.92,0
0.004248,-1.92,0
0.00425,-2.08,0
0.004252,-2.08,0
0.004254,-2.16,0
0.004256,-2.08,0
0.004258,-2.08,0
0.00426,-2,0
0.004262,-1.92,0
0.004264,-1.84,-0.08
0.004266,-1.92,-0.08
0.004268,-2,-0.08
0.00427,-2.08,0
0.004272,-2.16,0
0.004274,-2.24,0
0.004276,-2.16,0.08
0.004278,-2.08,0.08
0.00428,-2.08,0
0.004282,-2,0
0.004284,-2,0
0.004286,-1.92,0
0.004288,-2,0
0.00429,-2,0
0.004292,-2.08,0.08
0.004294,-2.16,0
0.004296,-2.24,0
0.004298,-2.24,0.08
0.0043,-2.16,0.08
0.004302,-2.08,0.08
0.004304,-2,0.16
0.004306,-1.92,0.16
0.004308,-1.92,0.16
0.00431,-2,0.16
0.004312,-2.08,0.16
0.004314,-2.16,0.08
0.004316,-2.16,0.08
0.004318,-2.24,0.08
0.00432,-2.16,0.08
0.004322,-2.08,0.16
0.004324,-2.08,0.08
0.004326,-2,0.08
0.004328,-2,0.08
0.00433,-2,0.08
0.004332,-2.08,0.08
0.004334,-2.08,0.08
0.004336,-2.16,0.08
0.004338,-2.16,0.08
