0.3275,-2.12,0.2
0.32751,-2.08,0.2
0.32752,-2.12,0.2
0.32753,-2.12,0.24
0.32754,-2.08,0.24
0.32755,-2.08,0.24
0.32756,-2.04,0.2
0.32757,-2,0.16
0.32758,-2.04,0.2
0.32759,-2.08,0.24
0.3276,-2.04,0.24
0.32761,-2.04,0.24
0.32762,-2.04,0.24
0.32763,-2.08,0.24
0.32764,-2.08,0.2
0.32765,-2.08,0.2
0.32766,-2,0.24
0.32767,-2.04,0.2
0.32768,-2.08,0.2
0.32769,-2.08,0.2
0.3277,-2.12,0.2
0.32771,-2.08,0.24
0.32772,-2.12,0.16
0.32773,-2.08,0.16
0.32774,-2.08,0.2
0.32775,-2.04,0.16
0.32776,-2.08,0.2
0.32777,-2.08,0.2
0.32778,-2.12,0.2
0.32779,-2.08,0.16
0.3278,-2.12,0.16
0.32781,-2.08,0.2
0.32782,-2.04,0.24
0.32783,-2.04,0.24
0.32784,-2.08,0.16
0.32785,-2.08,0.16
0.32786,-2.08,0.16
0.32787,-2.08,0.16
0.32788,-2.08,0.2
0.32789,-2.08,0.24
0.3279,-2.08,0.2
0.32791,-2.12,0.16
0.32792,-2.04,0.2
0.32793,-2.04,0.2
0.32794,-2.08,0.16
0.32795,-2.08,0.12
0.32796,-2.08,0.12
0.32797,-2.12,0.12
0.32798,-2.08,0.24
0.32799,-2.12,0.2
0.328,-2.08,0.2
0.32801,-2.12,0.2
0.32802,-2.08,0.2
0.32803,-2.08,0.2
0.32804,-2.12,0.2
0.32805,-2.12,0.16
0.32806,-2.08,0.2
0.32807,-2.04,0.24
0.32808,-2.04,0.2
0.32809,-2.08,0.2
0.3281,-2.12,0.2
0.32811,-2.04,0.2
0.32812,-2.08,0.24
0.32813,-2.08,0.2
0.32814,-2.12,0.2
0.32815,-2.04,0.24
0.32816,-2.08,0.12
0.32817,-2.08,0.2
0.32818,-2.08,0.16
0.32819,-2.08,0.2
0.3282,-2,0.2
0.32821,-2.08,0.12
0.32822,-2.04,0.16
0.32823,-2.08,0.16
0.32824,-2.04,0.12
0.32825,-2.08,0.16
0.32826,-2.08,0.2
0.32827,-2.04,0.2
0.32828,-2.08,0.16
0.32829,-2.12,0.2
0.3283,-2.08,0.2
0.32831,-2.12,0.2
0.32832,-2.08,0.2
0.32833,-2.08,0.16
0.32834,-2.16,0.2
0.32835,-2.12,0.16
0.32836,-2.08,0.16
0.32837,-2.08,0.24
0.32838,-2.08,0.2
0.32839,-2.04,0.24
0.3284,-2.08,0.2
0.32841,-2,0.24
0.32842,-2.04,0.24
0.32843,-2.08,0.2
0.32844,-2.12,0.2
0.32845,-2.12,0.24
0.32846,-2.08,0.24
0.32847,-2.08,0.24
0.32848,-2.04,0.2
0.32849,-2.08,0.2
0.3285,-2.04,0.2
0.32851,-2.08,0.2
0.32852,-2.08,0.16
0.32853,-2.08,0.16
0.32854,-2.08,0.16
0.32855,-2.12,0.16
0.32856,-2.08,0.16
0.32857,-2.08,0.2
0.32858,-2.08,0.16
0.32859,-2.08,0.2
0.3286,-2.08,0.2
0.32861,-2.08,0.2
0.32862,-2.08,0.2
0.32863,-2.08,0.2
0.32864,-2.08,0.2
0.32865,-2.08,0.12
0.32866,-2.08,0.16
0.32867,-2.04,0.16
0.32868,-2.04,0.12
0.32869,-2.04,0.2
0.3287,-2.08,0.16
0.32871,-2.08,0.2
0.32872,-2.08,0.12
0.32873,-2.08,0.2
0.32874,-2.08,0.2
0.32875,-2,0.16
0.32876,-2.04,0.16
0.32877,-2.08,0.16
0.32878,-2.04,0.2
0.32879,-2.04,0.12
0.3288,-2.08,0.16
0.32881,-2.04,0.16
0.32882,-2.04,0.12
0.32883,-2.08,0.12
0.32884,-2.04,0.16
0.32885,-2,0.12
0.32886,-2.04,0.12
0.32887,-2.04,0.16
0.32888,-2.04,0.2
0.32889,-2.04,0.16
0.3289,-2.08,0.16
0.32891,-2.04,0.12
0.32892,-2.08,0.2
0.32893,-2.08,0.2
0.32894,-2.12,0.2
0.32895,-2.12,0.24
0.32896,-2.08,0.24
0.32897,-2.08,0.24
0.32898,-2.08,0.2
0.32899,-2.04,0.2
0.329,-2.04,0.12
0.32901,-2.04,0.12
0.32902,-2.08,0.12
0.32903,-2.08,0.2
0.32904,-2.08,0.16
0.32905,-2.04,0.2
0.32906,-2.04,0.12
0.32907,-2.08,0.16
0.32908,-2.08,0.16
0.32909,-2.08,0.16
0.3291,-2,0.12
0.32911,-2.08,0.16
0.32912,-2.04,0.12
0.32913,-2,0.12
0.32914,-2.04,0.12
0.32915,-2.08,0.12
0.32916,-2.08,0.16
0.32917,-2.08,0.16
0.32918,-2.04,0.2
0.32919,-2.08,0.16
0.3292,-2.04,0.16
0.32921,-2.04,0.16
0.32922,-2.08,0.16
0.32923,-2.04,0.16
0.32924,-2.08,0.16
0.32925,-2.08,0.2
0.32926,-2.08,0.2
0.32927,-2.04,0.2
0.32928,-2.04,0.2
0.32929,-2.04,0.2
0.3293,-2.04,0.2
0.32931,-2,0.2
0.32932,-2.08,0.2
0.32933,-2.04,0.2
0.32934,-2.04,0.2
0.32935,-2.04,0.2
0.32936,-2.04,0.16
0.32937,-2.08,0.2
0.32938,-2,0.16
0.32939,-2.04,0.16
0.3294,-2.04,0.16
0.32941,-2.08,0.2
0.32942,-2.08,0.16
0.32943,-2.08,0.16
0.32944,-2,0.16
0.32945,-2.04,0.2
0.32946,-2.08,0.2
0.32947,-2.04,0.2
0.32948,-2,0.2
0.32949,-2,0.16
0.3295,-2,0.2
0.32951,-2,0.16
0.32952,-2.04,0.16
0.32953,-2.04,0.2
0.32954,-2.08,0.16
0.32955,-2.04,0.2
0.32956,-2,0.2
0.32957,-2,0.24
0.32958,-2,0.2
0.32959,-2.04,0.2
0.3296,-2.04,0.16
0.32961,-2,0.16
0.32962,-2.04,0.2
0.32963,-2.04,0.2
0.32964,-2.04,0.2
0.32965,-2.04,0.2
0.32966,-2.04,0.24
0.32967,-2.04,0.2
0.32968,-2.04,0.2
0.32969,-2.04,0.16
0.3297,-2.08,0.16
0.32971,-2.08,0.2
0.32972,-2.08,0.2
0.32973,-2.08,0.2
0.32974,-2.04,0.2
0.32975,-2.04,0.16
0.32976,-2.08,0.2
0.32977,-2.04,0.2
0.32978,-2,0.2
0.32979,-2.04,0.2
0.3298,-2.04,0.2
0.32981,-2.08,0.16
0.32982,-2.04,0.2
0.32983,-2,0.16
0.32984,-2,0.2
0.32985,-2,0.16
0.32986,-2.04,0.2
0.32987,-2.04,0.2
0.32988,-2.12,0.16
0.32989,-2.04,0.12
0.3299,-2.08,0.16
0.32991,-2.04,0.16
0.32992,-2.08,0.2
0.32993,-2.08,0.16
0.32994,-2.04,0.16
0.32995,-2.04,0.16
0.32996,-2.04,0.16
0.32997,-2.04,0.2
0.32998,-2.04,0.2
0.32999,-2.04,0.24
0.33,-2,0.2
0.33001,-2.04,0.2
0.33002,-2.04,0.16
0.33003,-2.08,0.16
0.33004,-2.04,0.16
0.33005,-2.04,0.16
0.33006,-2.04,0.2
0.33007,-2.08,0.16
0.33008,-2.08,0.2
0.33009,-2.04,0.12
0.3301,-2.08,0.12
0.33011,-2.08,0.12
0.33012,-2.08,0.12
0.33013,-2.04,0.16
0.33014,-2.08,0.16
0.33015,-2.04,0.24
0.33016,-2,0.2
0.33017,-2.04,0.12
0.33018,-2.08,0.12
0.33019,-2.08,0.16
0.3302,-2.04,0.16
0.33021,-2.04,0.2
0.33022,-2.08,0.16
0.33023,-2.04,0.2
0.33024,-2.04,0.16
0.33025,-2.04,0.24
0.33026,-2.04,0.24
0.33027,-2.04,0.2
0.33028,-2,0.16
0.33029,-2.04,0.16
0.3303,-2.04,0.16
0.33031,-2.08,0.16
0.33032,-2.04,0.2
0.33033,-2.08,0.2
0.33034,-2.04,0.16
0.33035,-2.08,0.16
0.33036,-2.04,0.16
0.33037,-2.08,0.16
0.33038,-2.04,0.2
0.33039,-2.08,0.2
0.3304,-2.04,0.2
0.33041,-2.04,0.2
0.33042,-2,0.16
0.33043,-2.04,0.16
0.33044,-2.04,0.16
0.33045,-2.04,0.16
0.33046,-2.08,0.2
0.33047,-2.04,0.2
0.33048,-2.08,0.2
0.33049,-2.04,0.2
0.3305,-2.08,0.16
0.33051,-2.08,0.2
0.33052,-2.08,0.16
0.33053,-2.04,0.16
0.33054,-2.08,0.16
0.33055,-2.08,0.16
0.33056,-2.12,0.16
0.33057,-2.04,0.16
0.33058,-2.08,0.16
0.33059,-2.12,0.2
0.3306,-2.04,0.16
0.33061,-2.04,0.16
0.33062,-2.04,0.16
0.33063,-2.08,0.16
0.33064,-2.08,0.12
0.33065,-2.08,0.16
0.33066,-2.08,0.2
0.33067,-2.04,0.2
0.33068,-2.04,0.2
0.33069,-2.04,0.16
0.3307,-2.04,0.16
0.33071,-2.08,0.2
0.33072,-2.04,0.24
0.33073,-2.04,0.16
0.33074,-2.04,0.16
0.33075,-2.04,0.12
0.33076,-2.08,0.16
0.33077,-2.08,0.2
0.33078,-2.08,0.16
0.33079,-2.08,0.16
0.3308,-2.04,0.12
0.33081,-2.04,0.08
0.33082,-2.08,0.12
0.33083,-2.04,0.16
0.33084,-2.08,0.16
0.33085,-2.08,0.2
0.33086,-2.08,0.2
0.33087,-2.08,0.16
0.33088,-2.04,0.12
0.33089,-2.04,0.16
0.3309,-2.04,0.16
0.33091,-2.08,0.16
0.33092,-2.04,0.2
0.33093,-2.08,0.16
0.33094,-2.08,0.16
0.33095,-2.12,0.16
0.33096,-2.08,0.24
0.33097,-2.08,0.2
0.33098,-2.08,0.16
0.33099,-2.04,0.16
0.331,-2.08,0.2
0.33101,-2.08,0.2
0.33102,-2.08,0.24
0.33103,-2.08,0.2
0.33104,-2.12,0.12
0.33105,-2.08,0.12
0.33106,-2.04,0.16
0.33107,-2,0.16
0.33108,-2.08,0.16
0.33109,-2.08,0.2
0.3311,-2.04,0.2
0.33111,-2.08,0.2
0.33112,-2.08,0.16
0.33113,-2.04,0.16
0.33114,-2.04,0.12
0.33115,-2.08,0.2
0.33116,-2.08,0.2
0.33117,-2.08,0.16
0.33118,-2.08,0.12
0.33119,-2.08,0.16
0.3312,-2.04,0.16
0.33121,-2.08,0.16
0.33122,-2.04,0.2
0.33123,-2.08,0.16
0.33124,-2.08,0.12
0.33125,-2.12,0.12
0.33126,-2.12,0.16
0.33127,-2.12,0.2
0.33128,-2.08,0.16
0.33129,-2.08,0.12
0.3313,-2,0.24
0.33131,-2.04,0.2
0.33132,-2.04,0.16
0.33133,-2.08,0.12
0.33134,-2.08,0.12
0.33135,-2.04,0.12
0.33136,-2.08,0.16
0.33137,-2.08,0.2
0.33138,-2.08,0.24
0.33139,-2.08,0.2
0.3314,-2.12,0.2
0.33141,-2.08,0.2
0.33142,-2.04,0.2
0.33143,-2.04,0.16
0.33144,-2.08,0.12
0.33145,-2.12,0.2
0.33146,-2.08,0.2
0.33147,-2.08,0.16
0.33148,-2.08,0.24
0.33149,-2.08,0.2
0.3315,-2.08,0.2
0.33151,-2.12,0.2
0.33152,-2.08,0.16
0.33153,-2.08,0.16
0.33154,-2.04,0.16
0.33155,-2.12,0.2
0.33156,-2.08,0.2
0.33157,-2.08,0.16
0.33158,-2.08,0.16
0.33159,-2.08,0.12
0.3316,-2.08,0.16
0.33161,-2.08,0.12
0.33162,-2.08,0.16
0.33163,-2.08,0.16
0.33164,-2.12,0.16
0.33165,-2.12,0.16
0.33166,-2.08,0.12
0.33167,-2.08,0.2
0.33168,-2.08,0.2
0.33169,-2.08,0.2
0.3317,-2.08,0.16
0.33171,-2.08,0.16
0.33172,-2,0.12
0.33173,-2.08,0.16
0.33174,-2.08,0.2
0.33175,-2.04,0.2
0.33176,-2.04,0.2
0.33177,-2.04,0.2
0.33178,-2.04,0.16
0.33179,-2.04,0.16
0.3318,-2.04,0.16
0.33181,-2.08,0.16
0.33182,-2.04,0.2
0.33183,-2.08,0.16
0.33184,-2.08,0.16
0.33185,-2.12,0.16
0.33186,-2.08,0.16
0.33187,-2.08,0.16
0.33188,-2.04,0.16
0.33189,-2.08,0.12
0.3319,-2.12,0.16
0.33191,-2.12,0.16
0.33192,-2.08,0.16
0.33193,-2.08,0.12
0.33194,-2.08,0.16
0.33195,-2.08,0.2
0.33196,-2.08,0.2
0.33197,-2.08,0.16
0.33198,-2.08,0.08
0.33199,-2.04,0.16
0.332,-2.08,0.2
0.33201,-2.08,0.16
0.33202,-2.12,0.16
0.33203,-2.08,0.2
0.33204,-2.12,0.12
0.33205,-2.08,0.16
0.33206,-2.04,0.16
0.33207,-2.08,0.16
0.33208,-2.08,0.16
0.33209,-2.08,0.12
0.3321,-2.08,0.12
0.33211,-2.08,0.2
0.33212,-2.08,0.24
0.33213,-2.08,0.2
0.33214,-2.08,0.2
0.33215,-2.08,0.16
0.33216,-2.08,0.24
0.33217,-2.04,0.16
0.33218,-2.08,0.2
0.33219,-2.12,0.16
0.3322,-2.12,0.16
0.33221,-2.08,0.16
0.33222,-2.08,0.2
0.33223,-2.04,0.16
0.33224,-2.04,0.16
0.33225,-2.04,0.2
0.33226,-2.04,0.16
0.33227,-2.04,0.2
0.33228,-2.04,0.2
0.33229,-2.04,0.2
0.3323,-2.08,0.16
0.33231,-2.04,0.2
0.33232,-2.04,0.2
0.33233,-2.12,0.2
0.33234,-2.12,0.2
0.33235,-2.08,0.24
0.33236,-2,0.2
0.33237,-2.04,0.2
0.33238,-2.04,0.2
0.33239,-2.08,0.16
0.3324,-2.04,0.12
0.33241,-2.08,0.2
0.33242,-2.04,0.2
0.33243,-2.04,0.2
0.33244,-2.08,0.2
0.33245,-2.08,0.16
0.33246,-2.08,0.2
0.33247,-2.08,0.16
0.33248,-2.08,0.16
0.33249,-2.08,0.16
0.3325,-2.08,0.16
0.33251,-2.08,0.12
0.33252,-2.12,0.2
0.33253,-2.08,0.24
0.33254,-2.12,0.2
0.33255,-2.08,0.2
0.33256,-2.08,0.2
0.33257,-2.12,0.16
0.33258,-2.12,0.16
0.33259,-2.04,0.16
0.3326,-2.08,0.2
0.33261,-2.04,0.2
0.33262,-2.12,0.2
0.33263,-2.12,0.2
0.33264,-2.08,0.2
0.33265,-2.08,0.2
0.33266,-2.08,0.2
0.33267,-2,0.2
0.33268,-2.08,0.12
0.33269,-2.12,0.16
0.3327,-2.12,0.2
0.33271,-2.12,0.2
0.33272,-2.08,0.28
0.33273,-2.08,0.2
0.33274,-2.08,0.2
0.33275,-2.12,0.12
0.33276,-2.12,0.2
0.33277,-2.08,0.2
0.33278,-2.08,0.16
0.33279,-2.08,0.16
0.3328,-2.08,0.2
0.33281,-2.08,0.24
0.33282,-2.08,0.24
0.33283,-2.08,0.24
0.33284,-2.12,0.16
0.33285,-2.08,0.2
0.33286,-2.04,0.2
0.33287,-2.04,0.2
0.33288,-2.12,0.16
0.33289,-2.08,0.2
0.3329,-2.08,0.24
0.33291,-2.08,0.24
0.33292,-2.08,0.2
0.33293,-2.04,0.16
0.33294,-2.08,0.2
0.33295,-2.04,0.16
0.33296,-2.04,0.16
0.33297,-2.04,0.16
0.33298,-2.08,0.16
0.33299,-2.12,0.2
0.333,-2.12,0.2
0.33301,-2.12,0.16
0.33302,-2.12,0.2
0.33303,-2.12,0.2
0.33304,-2.08,0.16
0.33305,-2.08,0.16
0.33306,-2.08,0.2
0.33307,-2.16,0.2
0.33308,-2.08,0.2
0.33309,-2.12,0.2
0.3331,-2.04,0.2
0.33311,-2.04,0.2
0.33312,-2.04,0.2
0.33313,-2.04,0.2
0.33314,-2.08,0.2
0.33315,-2.08,0.16
0.33316,-2.12,0.16
0.33317,-2.04,0.2
0.33318,-2.04,0.16
0.33319,-2.12,0.16
0.3332,-2.12,0.16
0.33321,-2.08,0.16
0.33322,-2.12,0.2
0.33323,-2.12,0.2
0.33324,-2.12,0.2
0.33325,-2.12,0.2
0.33326,-2.08,0.16
0.33327,-2.04,0.2
0.33328,-2.08,0.2
0.33329,-2.12,0.2
0.3333,-2.12,0.2
0.33331,-2.16,0.16
0.33332,-2.04,0.24
0.33333,-2.12,0.24
0.33334,-2.08,0.24
0.33335,-2.08,0.24
0.33336,-2.04,0.2
0.33337,-2.12,0.16
0.33338,-2.08,0.16
0.33339,-2.08,0.16
0.3334,-2.08,0.2
0.33341,-2.08,0.2
0.33342,-2.08,0.2
0.33343,-2.08,0.2
0.33344,-2.08,0.16
0.33345,-2.04,0.2
0.33346,-2.04,0.2
0.33347,-2.04,0.24
0.33348,-2.08,0.16
0.33349,-2.08,0.2
0.3335,-2.08,0.16
0.33351,-2.08,0.2
0.33352,-2.08,0.2
0.33353,-2.12,0.2
0.33354,-2.08,0.2
0.33355,-2.08,0.16
0.33356,-2.08,0.12
0.33357,-2.12,0.12
0.33358,-2.12,0.16
0.33359,-2.12,0.2
0.3336,-2.08,0.2
0.33361,-2.08,0.16
0.33362,-2.04,0.2
0.33363,-2.08,0.2
0.33364,-2.04,0.2
0.33365,-2.08,0.16
0.33366,-2.08,0.16
0.33367,-2.08,0.16
0.33368,-2.08,0.16
0.33369,-2.08,0.2
0.3337,-2.08,0.16
0.33371,-2.08,0.12
0.33372,-2.12,0.12
0.33373,-2.16,0.12
0.33374,-2.12,0.12
0.33375,-2.04,0.12
0.33376,-2.08,0.12
0.33377,-2.08,0.16
0.33378,-2.08,0.16
0.33379,-2.08,0.16
0.3338,-2.12,0.2
0.33381,-2.04,0.2
0.33382,-2.04,0.24
0.33383,-2.04,0.2
0.33384,-2.08,0.16
0.33385,-2.04,0.2
0.33386,-2,0.16
0.33387,-2.08,0.16
0.33388,-2.04,0.2
0.33389,-2.04,0.16
0.3339,-2.04,0.16
0.33391,-2.04,0.16
0.33392,-2.08,0.16
0.33393,-2.08,0.2
0.33394,-2.04,0.16
0.33395,-2.08,0.12
0.33396,-2.08,0.16
0.33397,-2.04,0.16
0.33398,-2.04,0.2
0.33399,-2.08,0.24
0.334,-2.08,0.2
0.33401,-2.12,0.2
0.33402,-2.08,0.16
0.33403,-2.08,0.16
0.33404,-2.12,0.12
0.33405,-2.12,0.16
0.33406,-2.12,0.16
0.33407,-2.12,0.16
0.33408,-2.12,0.12
0.33409,-2.08,0.16
0.3341,-2.12,0.12
0.33411,-2.04,0.12
0.33412,-2.04,0.12
0.33413,-2.04,0.12
0.33414,-2.04,0.12
0.33415,-2.08,0.2
0.33416,-2.08,0.16
0.33417,-2.12,0.16
0.33418,-2.12,0.2
0.33419,-2.08,0.2
0.3342,-2.04,0.16
0.33421,-2.04,0.2
0.33422,-2.08,0.2
0.33423,-2.12,0.16
0.33424,-2.12,0.12
0.33425,-2.16,0.16
0.33426,-2.08,0.2
0.33427,-2.12,0.16
0.33428,-2.08,0.2
0.33429,-2.08,0.16
0.3343,-2.12,0.16
0.33431,-2.08,0.16
0.33432,-2.12,0.16
0.33433,-2.08,0.2
0.33434,-2.12,0.2
0.33435,-2.08,0.2
0.33436,-2.08,0.24
0.33437,-2.08,0.16
0.33438,-2.08,0.2
0.33439,-2.08,0.16
0.3344,-2.08,0.2
0.33441,-2.08,0.2
0.33442,-2.08,0.16
0.33443,-2.08,0.12
0.33444,-2.12,0.12
0.33445,-2.12,0.2
0.33446,-2.16,0.12
0.33447,-2.12,0.16
0.33448,-2.08,0.2
0.33449,-2.08,0.2
0.3345,-2.08,0.2
0.33451,-2.08,0.16
0.33452,-2.04,0.2
0.33453,-2.08,0.2
0.33454,-2.04,0.2
0.33455,-2.08,0.16
0.33456,-2.04,0.2
0.33457,-2.04,0.16
0.33458,-2.12,0.2
0.33459,-2.08,0.2
0.3346,-2.08,0.16
0.33461,-2.08,0.16
0.33462,-2.04,0.16
0.33463,-2,0.2
0.33464,-2.08,0.2
0.33465,-2.12,0.2
0.33466,-2.12,0.16
0.33467,-2.08,0.16
0.33468,-2.04,0.16
0.33469,-2.04,0.16
0.3347,-2.04,0.16
0.33471,-2.08,0.2
0.33472,-2.12,0.16
0.33473,-2.08,0.16
0.33474,-2.08,0.16
0.33475,-2.08,0.16
0.33476,-2.04,0.16
0.33477,-2.04,0.12
0.33478,-2.08,0.2
0.33479,-2.08,0.2
0.3348,-2.08,0.2
0.33481,-2.08,0.2
0.33482,-2.08,0.16
0.33483,-2.08,0.16
0.33484,-2.08,0.16
0.33485,-2,0.2
0.33486,-2,0.2
0.33487,-2.04,0.2
0.33488,-2.08,0.2
0.33489,-2.08,0.2
0.3349,-2.08,0.16
0.33491,-2.08,0.2
0.33492,-2.08,0.2
0.33493,-2.08,0.16
0.33494,-2.08,0.16
0.33495,-2.08,0.2
0.33496,-2.04,0.24
0.33497,-2.04,0.28
0.33498,-2.08,0.24
0.33499,-2.04,0.24
0.335,-2.08,0.16
0.33501,-2.08,0.2
0.33502,-2.12,0.2
0.33503,-2.08,0.24
0.33504,-2.08,0.2
0.33505,-2.04,0.24
0.33506,-2.08,0.24
0.33507,-2.04,0.16
0.33508,-2.04,0.2
0.33509,-2.04,0.16
0.3351,-2.08,0.16
0.33511,-2.08,0.16
0.33512,-2.08,0.2
0.33513,-2.12,0.2
0.33514,-2.04,0.2
0.33515,-2.08,0.28
0.33516,-2.08,0.24
0.33517,-2.08,0.24
0.33518,-2.08,0.2
0.33519,-2.08,0.2
0.3352,-2.12,0.2
0.33521,-2.08,0.2
0.33522,-2.08,0.2
0.33523,-2.12,0.16
0.33524,-2.08,0.16
0.33525,-2.04,0.2
0.33526,-2.04,0.16
0.33527,-2.08,0.2
0.33528,-2.04,0.2
0.33529,-2.08,0.24
0.3353,-2.04,0.2
0.33531,-2,0.2
0.33532,-2.04,0.24
0.33533,-2.08,0.24
0.33534,-2.08,0.28
0.33535,-2.08,0.2
0.33536,-2.08,0.24
0.33537,-2.08,0.24
0.33538,-2.08,0.24
0.33539,-2.08,0.24
0.3354,-2.04,0.28
0.33541,-2.08,0.2
0.33542,-2.04,0.2
0.33543,-2.08,0.24
0.33544,-2.08,0.24
0.33545,-2.12,0.24
0.33546,-2.08,0.2
0.33547,-2.08,0.2
0.33548,-2.08,0.2
0.33549,-2.08,0.2
0.3355,-2.12,0.24
0.33551,-2.08,0.2
0.33552,-2.08,0.2
0.33553,-2.04,0.2
0.33554,-2.08,0.2
0.33555,-2.04,0.24
0.33556,-2.08,0.24
0.33557,-2.08,0.24
0.33558,-2.08,0.2
0.33559,-2.08,0.2
0.3356,-2.12,0.24
0.33561,-2.16,0.24
0.33562,-2.12,0.24
0.33563,-2.04,0.28
0.33564,-2.04,0.28
0.33565,-2.08,0.28
0.33566,-2.08,0.24
0.33567,-2.08,0.2
0.33568,-2.04,0.24
0.33569,-2.08,0.24
0.3357,-2.08,0.24
0.33571,-2.12,0.2
0.33572,-2.08,0.2
0.33573,-2.08,0.24
0.33574,-2,0.2
0.33575,-2.04,0.2
0.33576,-2.04,0.2
0.33577,-2.08,0.24
0.33578,-2,0.24
0.33579,-2.04,0.2
0.3358,-2.08,0.2
0.33581,-2.08,0.16
0.33582,-2.12,0.16
0.33583,-2.08,0.16
0.33584,-2.08,0.2
0.33585,-2.04,0.2
0.33586,-2.04,0.2
0.33587,-2.04,0.2
0.33588,-2.08,0.2
0.33589,-2.08,0.2
0.3359,-2.08,0.2
0.33591,-2.04,0.24
0.33592,-2.08,0.2
0.33593,-2.08,0.2
0.33594,-2.08,0.2
0.33595,-2.08,0.24
0.33596,-2.04,0.24
0.33597,-2.04,0.24
0.33598,-2.04,0.24
0.33599,-2.08,0.24
0.336,-2.04,0.28
0.33601,-2.08,0.24
0.33602,-2.04,0.2
0.33603,-2.08,0.2
0.33604,-2.04,0.24
0.33605,-2.08,0.2
0.33606,-2.08,0.2
0.33607,-2.08,0.2
0.33608,-2.08,0.24
0.33609,-2.08,0.24
0.3361,-2.08,0.24
0.33611,-2.08,0.16
0.33612,-2.08,0.2
0.33613,-2.12,0.24
0.33614,-2.12,0.2
0.33615,-2.08,0.24
0.33616,-2.12,0.2
0.33617,-2.12,0.2
0.33618,-2.12,0.24
0.33619,-2.08,0.28
0.3362,-2.08,0.28
0.33621,-2.04,0.2
0.33622,-2.08,0.24
0.33623,-2.04,0.2
0.33624,-2.12,0.16
0.33625,-2.12,0.2
0.33626,-2.08,0.24
0.33627,-2.08,0.24
0.33628,-2.08,0.24
0.33629,-2.12,0.24
0.3363,-2.04,0.24
0.33631,-2.12,0.24
0.33632,-2.08,0.28
0.33633,-2.12,0.28
0.33634,-2.04,0.24
0.33635,-2.08,0.2
0.33636,-2.12,0.2
0.33637,-2.12,0.16
0.33638,-2.04,0.2
0.33639,-2.04,0.24
0.3364,-2.04,0.2
0.33641,-2.04,0.16
0.33642,-2.08,0.16
0.33643,-2.08,0.2
0.33644,-2.04,0.2
0.33645,-2,0.16
0.33646,-2.08,0.16
0.33647,-2.08,0.16
0.33648,-2.12,0.2
0.33649,-2.04,0.24
0.3365,-2.08,0.2
0.33651,-2.04,0.2
0.33652,-2.08,0.16
0.33653,-2.08,0.16
0.33654,-2.08,0.2
0.33655,-2.04,0.2
0.33656,-2.08,0.16
0.33657,-2.08,0.2
0.33658,-2.08,0.2
0.33659,-2.12,0.16
0.3366,-2.08,0.2
0.33661,-2.08,0.16
0.33662,-2.12,0.2
0.33663,-2.12,0.2
0.33664,-2.08,0.16
0.33665,-2.08,0.2
0.33666,-2.08,0.16
0.33667,-2.12,0.16
0.33668,-2.12,0.2
0.33669,-2.12,0.2
0.3367,-2.12,0.16
0.33671,-2.08,0.2
0.33672,-2.04,0.16
0.33673,-2.04,0.2
0.33674,-2.08,0.2
0.33675,-2.08,0.2
0.33676,-2.12,0.2
0.33677,-2.16,0.2
0.33678,-2.12,0.2
0.33679,-2.08,0.2
0.3368,-2.12,0.16
0.33681,-2.08,0.24
0.33682,-2.04,0.2
0.33683,-2.04,0.16
0.33684,-2.08,0.12
0.33685,-2.04,0.16
0.33686,-2.04,0.16
0.33687,-2.04,0.16
0.33688,-2.08,0.2
0.33689,-2.08,0.24
0.3369,-2.04,0.2
0.33691,-2.08,0.24
0.33692,-2.08,0.2
0.33693,-2.08,0.2
0.33694,-2.08,0.2
0.33695,-2.12,0.2
0.33696,-2.04,0.2
0.33697,-2.08,0.16
0.33698,-2.08,0.24
0.33699,-2.08,0.2
0.337,-2.04,0.24
0.33701,-2.08,0.2
0.33702,-2.08,0.12
0.33703,-2.08,0.12
0.33704,-2.12,0.2
0.33705,-2.08,0.2
0.33706,-2.08,0.16
0.33707,-2.08,0.16
0.33708,-2.08,0.2
0.33709,-2.08,0.12
0.3371,-2.12,0.16
0.33711,-2.04,0.16
0.33712,-2,0.12
0.33713,-2.04,0.16
0.33714,-2.04,0.16
0.33715,-2.04,0.16
0.33716,-2.08,0.2
0.33717,-2.08,0.2
0.33718,-2.04,0.24
0.33719,-2.08,0.2
0.3372,-2.08,0.2
0.33721,-2.08,0.2
0.33722,-2.04,0.2
0.33723,-2.04,0.16
0.33724,-2,0.24
0.33725,-2.08,0.16
0.33726,-2.04,0.16
0.33727,-2.04,0.2
0.33728,-2,0.24
0.33729,-2.04,0.24
0.3373,-2,0.12
0.33731,-2.04,0.16
0.33732,-2.04,0.16
0.33733,-2.08,0.16
0.33734,-2.08,0.16
0.33735,-2.04,0.2
0.33736,-2,0.16
0.33737,-2.04,0.16
0.33738,-2,0.16
0.33739,-2.04,0.16
0.3374,-2.08,0.16
0.33741,-2.04,0.16
0.33742,-2.04,0.16
0.33743,-2.04,0.2
0.33744,-2.08,0.16
0.33745,-2.08,0.2
0.33746,-2.04,0.16
0.33747,-2.04,0.24
0.33748,-2,0.16
0.33749,-2,0.16
0.3375,-2,0.16
0.33751,-2.04,0.16
0.33752,-2,0.16
0.33753,-2.04,0.16
0.33754,-2.04,0.16
0.33755,-2.08,0.16
0.33756,-2.08,0.16
0.33757,-2.04,0.2
0.33758,-2.04,0.2
0.33759,-2.08,0.12
0.3376,-2.04,0.2
0.33761,-2.08,0.2
0.33762,-2.08,0.2
0.33763,-2.04,0.2
0.33764,-1.96,0.16
0.33765,-2,0.16
0.33766,-2.08,0.2
0.33767,-2,0.24
0.33768,-2.08,0.2
0.33769,-2,0.2
0.3377,-2.04,0.2
0.33771,-2.04,0.16
0.33772,-2.08,0.2
0.33773,-2.04,0.16
0.33774,-2.04,0.16
0.33775,-2.04,0.2
0.33776,-2,0.2
0.33777,-2,0.24
0.33778,-2,0.24
0.33779,-2,0.24
0.3378,-2.04,0.2
0.33781,-2.08,0.16
0.33782,-2.04,0.2
0.33783,-2.04,0.16
0.33784,-2.04,0.16
0.33785,-2.08,0.16
0.33786,-2.04,0.2
0.33787,-2.04,0.2
0.33788,-2.04,0.2
0.33789,-2,0.2
0.3379,-2,0.24
0.33791,-2.04,0.24
0.33792,-2.04,0.2
0.33793,-2.04,0.24
0.33794,-2,0.24
0.33795,-2.04,0.24
0.33796,-2.04,0.2
0.33797,-2,0.2
0.33798,-2.04,0.2
0.33799,-2.04,0.24
0.338,-2.04,0.2
0.33801,-2.08,0.2
0.33802,-2.08,0.16
0.33803,-2.04,0.2
0.33804,-2.04,0.2
0.33805,-2.04,0.24
0.33806,-2.08,0.24
0.33807,-2.08,0.24
0.33808,-2.04,0.28
0.33809,-2.08,0.24
0.3381,-2.08,0.2
0.33811,-2.08,0.24
0.33812,-2.04,0.24
0.33813,-2.08,0.24
0.33814,-2.04,0.2
0.33815,-2.08,0.2
0.33816,-2.04,0.2
0.33817,-2.08,0.16
0.33818,-2.08,0.2
0.33819,-2.12,0.2
0.3382,-2.12,0.2
0.33821,-2.08,0.24
0.33822,-2.08,0.28
0.33823,-2.08,0.24
0.33824,-2.12,0.2
0.33825,-2.04,0.24
0.33826,-2.08,0.24
0.33827,-2.12,0.2
0.33828,-2.12,0.24
0.33829,-2.12,0.24
0.3383,-2.16,0.24
0.33831,-2.12,0.28
0.33832,-2.12,0.24
0.33833,-2.12,0.28
0.33834,-2.16,0.24
0.33835,-2.12,0.28
0.33836,-2.16,0.28
0.33837,-2.16,0.28
0.33838,-2.16,0.28
0.33839,-2.12,0.24
0.3384,-2.08,0.24
0.33841,-2.16,0.24
0.33842,-2.2,0.28
0.33843,-2.16,0.28
0.33844,-2.12,0.28
0.33845,-2.12,0.32
0.33846,-2.12,0.28
0.33847,-2.16,0.24
0.33848,-2.16,0.28
0.33849,-2.16,0.28
0.3385,-2.16,0.28
0.33851,-2.2,0.28
0.33852,-2.24,0.32
0.33853,-2.16,0.28
0.33854,-2.16,0.28
0.33855,-2.16,0.28
0.33856,-2.16,0.32
0.33857,-2.16,0.32
0.33858,-2.2,0.32
0.33859,-2.24,0.32
0.3386,-2.2,0.32
0.33861,-2.2,0.32
0.33862,-2.24,0.32
0.33863,-2.24,0.32
0.33864,-2.2,0.28
0.33865,-2.24,0.32
0.33866,-2.28,0.28
0.33867,-2.28,0.32
0.33868,-2.24,0.32
0.33869,-2.28,0.32
0.3387,-2.24,0.32
0.33871,-2.24,0.36
0.33872,-2.24,0.36
0.33873,-2.28,0.32
0.33874,-2.28,0.36
0.33875,-2.28,0.36
0.33876,-2.24,0.36
0.33877,-2.28,0.36
0.33878,-2.28,0.36
0.33879,-2.32,0.36
0.3388,-2.28,0.4
0.33881,-2.28,0.36
0.33882,-2.32,0.36
0.33883,-2.32,0.36
0.33884,-2.36,0.36
0.33885,-2.32,0.36
0.33886,-2.32,0.4
0.33887,-2.28,0.44
0.33888,-2.32,0.36
0.33889,-2.36,0.36
0.3389,-2.32,0.4
0.33891,-2.32,0.44
0.33892,-2.32,0.44
0.33893,-2.36,0.44
0.33894,-2.36,0.44
0.33895,-2.4,0.4
0.33896,-2.4,0.4
0.33897,-2.4,0.44
0.33898,-2.36,0.44
0.33899,-2.36,0.4
0.339,-2.36,0.44
0.33901,-2.4,0.4
0.33902,-2.4,0.36
0.33903,-2.44,0.44
0.33904,-2.44,0.48
0.33905,-2.48,0.4
0.33906,-2.48,0.48
0.33907,-2.44,0.44
0.33908,-2.4,0.44
0.33909,-2.4,0.44
0.3391,-2.44,0.44
0.33911,-2.48,0.4
0.33912,-2.48,0.44
0.33913,-2.52,0.48
0.33914,-2.52,0.48
0.33915,-2.52,0.48
0.33916,-2.52,0.44
0.33917,-2.52,0.48
0.33918,-2.56,0.52
0.33919,-2.52,0.48
0.3392,-2.52,0.48
0.33921,-2.48,0.52
0.33922,-2.52,0.48
0.33923,-2.52,0.52
0.33924,-2.6,0.56
0.33925,-2.56,0.56
0.33926,-2.52,0.56
0.33927,-2.52,0.6
0.33928,-2.52,0.6
0.33929,-2.6,0.56
0.3393,-2.52,0.52
0.33931,-2.56,0.52
0.33932,-2.56,0.52
0.33933,-2.56,0.56
0.33934,-2.56,0.52
0.33935,-2.64,0.56
0.33936,-2.6,0.56
0.33937,-2.6,0.56
0.33938,-2.6,0.6
0.33939,-2.6,0.56
0.3394,-2.64,0.56
0.33941,-2.6,0.6
0.33942,-2.6,0.56
0.33943,-2.64,0.6
0.33944,-2.68,0.6
0.33945,-2.64,0.6
0.33946,-2.64,0.64
0.33947,-2.64,0.64
0.33948,-2.68,0.6
0.33949,-2.68,0.56
0.3395,-2.72,0.56
0.33951,-2.68,0.6
0.33952,-2.68,0.6
0.33953,-2.72,0.56
0.33954,-2.72,0.6
0.33955,-2.68,0.6
0.33956,-2.72,0.64
0.33957,-2.68,0.72
0.33958,-2.68,0.64
0.33959,-2.72,0.6
0.3396,-2.72,0.6
0.33961,-2.72,0.64
0.33962,-2.68,0.64
0.33963,-2.72,0.68
0.33964,-2.72,0.68
0.33965,-2.76,0.6
0.33966,-2.76,0.68
0.33967,-2.76,0.68
0.33968,-2.72,0.64
0.33969,-2.72,0.72
0.3397,-2.68,0.68
0.33971,-2.76,0.72
0.33972,-2.8,0.68
0.33973,-2.8,0.64
0.33974,-2.76,0.68
0.33975,-2.76,0.68
0.33976,-2.76,0.68
0.33977,-2.76,0.68
0.33978,-2.8,0.72
0.33979,-2.8,0.68
0.3398,-2.8,0.72
0.33981,-2.76,0.72
0.33982,-2.8,0.68
0.33983,-2.76,0.72
0.33984,-2.76,0.72
0.33985,-2.8,0.8
0.33986,-2.8,0.76
0.33987,-2.8,0.72
0.33988,-2.8,0.68
0.33989,-2.76,0.68
0.3399,-2.8,0.68
0.33991,-2.84,0.68
0.33992,-2.8,0.72
0.33993,-2.8,0.72
0.33994,-2.76,0.72
0.33995,-2.84,0.76
0.33996,-2.84,0.76
0.33997,-2.84,0.72
0.33998,-2.8,0.72
0.33999,-2.84,0.72
0.34,-2.8,0.72
0.34001,-2.76,0.76
0.34002,-2.76,0.72
0.34003,-2.76,0.72
0.34004,-2.8,0.76
0.34005,-2.8,0.76
0.34006,-2.8,0.76
0.34007,-2.76,0.76
0.34008,-2.8,0.8
0.34009,-2.84,0.8
0.3401,-2.84,0.76
0.34011,-2.8,0.76
0.34012,-2.84,0.8
0.34013,-2.8,0.76
0.34014,-2.8,0.76
0.34015,-2.84,0.72
0.34016,-2.84,0.72
0.34017,-2.88,0.68
0.34018,-2.8,0.76
0.34019,-2.84,0.72
0.3402,-2.8,0.72
0.34021,-2.84,0.72
0.34022,-2.76,0.76
0.34023,-2.84,0.8
0.34024,-2.76,0.76
0.34025,-2.76,0.8
0.34026,-2.76,0.76
0.34027,-2.8,0.72
0.34028,-2.8,0.8
0.34029,-2.84,0.76
0.3403,-2.8,0.8
0.34031,-2.76,0.8
0.34032,-2.76,0.8
0.34033,-2.8,0.8
0.34034,-2.76,0.72
0.34035,-2.8,0.76
0.34036,-2.8,0.76
0.34037,-2.8,0.76
0.34038,-2.84,0.72
0.34039,-2.76,0.8
0.3404,-2.8,0.76
0.34041,-2.8,0.72
0.34042,-2.8,0.76
0.34043,-2.76,0.8
0.34044,-2.76,0.76
0.34045,-2.8,0.76
0.34046,-2.76,0.76
0.34047,-2.76,0.72
0.34048,-2.72,0.8
0.34049,-2.76,0.8
0.3405,-2.76,0.76
0.34051,-2.76,0.76
0.34052,-2.68,0.76
0.34053,-2.72,0.76
0.34054,-2.76,0.8
0.34055,-2.76,0.76
0.34056,-2.72,0.8
0.34057,-2.76,0.76
0.34058,-2.72,0.76
0.34059,-2.72,0.72
0.3406,-2.72,0.8
0.34061,-2.76,0.76
0.34062,-2.72,0.72
0.34063,-2.72,0.72
0.34064,-2.72,0.72
0.34065,-2.72,0.72
0.34066,-2.72,0.68
0.34067,-2.68,0.72
0.34068,-2.72,0.72
0.34069,-2.64,0.68
0.3407,-2.72,0.68
0.34071,-2.68,0.72
0.34072,-2.68,0.68
0.34073,-2.64,0.72
0.34074,-2.68,0.68
0.34075,-2.68,0.68
0.34076,-2.72,0.72
0.34077,-2.64,0.72
0.34078,-2.64,0.72
0.34079,-2.68,0.76
0.3408,-2.6,0.72
0.34081,-2.64,0.72
0.34082,-2.64,0.72
0.34083,-2.6,0.68
0.34084,-2.6,0.68
0.34085,-2.64,0.64
0.34086,-2.64,0.68
0.34087,-2.6,0.68
0.34088,-2.6,0.64
0.34089,-2.6,0.64
0.3409,-2.6,0.64
0.34091,-2.6,0.64
0.34092,-2.6,0.64
0.34093,-2.6,0.64
0.34094,-2.56,0.64
0.34095,-2.6,0.6
0.34096,-2.6,0.68
0.34097,-2.56,0.64
0.34098,-2.56,0.64
0.34099,-2.52,0.68
0.341,-2.56,0.64
0.34101,-2.56,0.64
0.34102,-2.56,0.56
0.34103,-2.56,0.56
0.34104,-2.6,0.6
0.34105,-2.52,0.6
0.34106,-2.52,0.6
0.34107,-2.52,0.6
0.34108,-2.52,0.6
0.34109,-2.48,0.6
0.3411,-2.44,0.56
0.34111,-2.48,0.56
0.34112,-2.48,0.56
0.34113,-2.48,0.56
0.34114,-2.44,0.56
0.34115,-2.48,0.52
0.34116,-2.48,0.56
0.34117,-2.44,0.56
0.34118,-2.44,0.52
0.34119,-2.48,0.48
0.3412,-2.48,0.52
0.34121,-2.44,0.56
0.34122,-2.48,0.52
0.34123,-2.48,0.52
0.34124,-2.44,0.52
0.34125,-2.4,0.48
0.34126,-2.44,0.48
0.34127,-2.4,0.56
0.34128,-2.4,0.56
0.34129,-2.4,0.48
0.3413,-2.4,0.48
0.34131,-2.4,0.52
0.34132,-2.44,0.48
0.34133,-2.4,0.44
0.34134,-2.44,0.4
0.34135,-2.36,0.44
0.34136,-2.36,0.44
0.34137,-2.36,0.48
0.34138,-2.32,0.4
0.34139,-2.32,0.44
0.3414,-2.32,0.48
0.34141,-2.32,0.44
0.34142,-2.32,0.44
0.34143,-2.32,0.48
0.34144,-2.32,0.48
0.34145,-2.36,0.4
0.34146,-2.32,0.4
0.34147,-2.32,0.4
0.34148,-2.32,0.36
0.34149,-2.32,0.4
0.3415,-2.24,0.44
0.34151,-2.28,0.44
0.34152,-2.32,0.48
0.34153,-2.32,0.44
0.34154,-2.28,0.4
0.34155,-2.24,0.4
0.34156,-2.2,0.36
0.34157,-2.28,0.36
0.34158,-2.36,0.32
0.34159,-2.32,0.32
0.3416,-2.28,0.36
0.34161,-2.24,0.32
0.34162,-2.28,0.32
0.34163,-2.28,0.32
0.34164,-2.32,0.24
0.34165,-2.28,0.36
0.34166,-2.28,0.36
0.34167,-2.32,0.4
0.34168,-2.24,0.36
0.34169,-2.24,0.32
0.3417,-2.28,0.28
0.34171,-2.24,0.28
0.34172,-2.2,0.32
0.34173,-2.24,0.28
0.34174,-2.24,0.32
0.34175,-2.2,0.28
0.34176,-2.16,0.28
0.34177,-2.2,0.24
0.34178,-2.2,0.28
0.34179,-2.24,0.28
0.3418,-2.2,0.28
0.34181,-2.2,0.24
0.34182,-2.2,0.28
0.34183,-2.2,0.28
0.34184,-2.24,0.28
0.34185,-2.2,0.28
0.34186,-2.2,0.24
0.34187,-2.2,0.24
0.34188,-2.2,0.24
0.34189,-2.16,0.24
0.3419,-2.2,0.24
0.34191,-2.16,0.24
0.34192,-2.16,0.28
0.34193,-2.16,0.24
0.34194,-2.16,0.2
0.34195,-2.16,0.2
0.34196,-2.2,0.24
0.34197,-2.16,0.24
0.34198,-2.16,0.16
0.34199,-2.2,0.2
0.342,-2.12,0.24
0.34201,-2.16,0.24
0.34202,-2.16,0.24
0.34203,-2.16,0.28
0.34204,-2.16,0.24
0.34205,-2.2,0.2
0.34206,-2.12,0.2
0.34207,-2.16,0.2
0.34208,-2.16,0.24
0.34209,-2.16,0.2
0.3421,-2.16,0.2
0.34211,-2.2,0.2
0.34212,-2.16,0.2
0.34213,-2.16,0.2
0.34214,-2.12,0.12
0.34215,-2.12,0.2
0.34216,-2.16,0.16
0.34217,-2.16,0.16
0.34218,-2.12,0.16
0.34219,-2.12,0.16
0.3422,-2.08,0.16
0.34221,-2.04,0.16
0.34222,-2.04,0.16
0.34223,-2.08,0.16
0.34224,-2.08,0.16
0.34225,-2.12,0.16
0.34226,-2.12,0.12
0.34227,-2.12,0.16
0.34228,-2.08,0.12
0.34229,-2.12,0.16
0.3423,-2.12,0.16
0.34231,-2.12,0.16
0.34232,-2.12,0.16
0.34233,-2.08,0.2
0.34234,-2.08,0.16
0.34235,-2.08,0.16
0.34236,-2.12,0.16
0.34237,-2.12,0.16
0.34238,-2.04,0.16
0.34239,-2.04,0.16
0.3424,-2.08,0.2
0.34241,-2.08,0.2
0.34242,-2.12,0.16
0.34243,-2.08,0.16
0.34244,-2.12,0.16
0.34245,-2.12,0.16
0.34246,-2.12,0.2
0.34247,-2.08,0.16
0.34248,-2.12,0.12
0.34249,-2.08,0.12
0.3425,-2.04,0.16
0.34251,-2,0.2
0.34252,-2.04,0.12
0.34253,-2.08,0.12
0.34254,-2.04,0.12
0.34255,-2.04,0.12
0.34256,-2.08,0.16
0.34257,-2.08,0.16
0.34258,-2.08,0.12
0.34259,-2.08,0.16
0.3426,-2.04,0.2
0.34261,-2.08,0.12
0.34262,-2.12,0.16
0.34263,-2.08,0.12
0.34264,-2.04,0.16
0.34265,-2.08,0.12
0.34266,-2.04,0.16
0.34267,-2.08,0.16
0.34268,-2.04,0.16
0.34269,-2.08,0.12
0.3427,-2.08,0.16
0.34271,-2,0.12
0.34272,-2.04,0.16
0.34273,-2.04,0.16
0.34274,-2.08,0.12
0.34275,-2.08,0.08
0.34276,-2.08,0.12
0.34277,-2.04,0.16
0.34278,-2.08,0.16
0.34279,-2.04,0.12
0.3428,-2.08,0.16
0.34281,-2.08,0.12
0.34282,-2.08,0.16
0.34283,-2.04,0.12
0.34284,-2.04,0.12
0.34285,-2.08,0.16
0.34286,-2.04,0.12
0.34287,-2.08,0.12
0.34288,-2.04,0.12
0.34289,-2.04,0.16
0.3429,-2,0.16
0.34291,-2.04,0.12
0.34292,-2.04,0.12
0.34293,-2.08,0.16
0.34294,-2.04,0.16
0.34295,-2.04,0.16
0.34296,-2.04,0.16
0.34297,-2.08,0.2
0.34298,-2.04,0.16
0.34299,-2.04,0.2
0.343,-2.04,0.16
0.34301,-2.08,0.2
0.34302,-2.08,0.16
0.34303,-2.04,0.16
0.34304,-2.04,0.16
0.34305,-2.04,0.2
0.34306,-2.04,0.16
0.34307,-2.08,0.16
0.34308,-2.08,0.12
0.34309,-2.08,0.16
0.3431,-2.12,0.16
0.34311,-2.04,0.16
0.34312,-2.08,0.12
0.34313,-2,0.16
0.34314,-2.04,0.12
0.34315,-2.04,0.16
0.34316,-2.08,0.16
0.34317,-2.08,0.16
0.34318,-2.08,0.16
0.34319,-2.08,0.16
0.3432,-2.04,0.16
0.34321,-2.08,0.16
0.34322,-2.08,0.24
0.34323,-2.08,0.2
0.34324,-2.08,0.24
0.34325,-2.08,0.16
0.34326,-2,0.16
0.34327,-2.04,0.2
0.34328,-2.04,0.2
0.34329,-2.12,0.16
0.3433,-2.08,0.16
0.34331,-2.08,0.16
0.34332,-2.12,0.2
0.34333,-2.08,0.24
0.34334,-2.04,0.2
0.34335,-2.04,0.24
0.34336,-2,0.2
0.34337,-2,0.2
0.34338,-2.04,0.24
0.34339,-2.04,0.28
0.3434,-2.08,0.2
0.34341,-2.08,0.2
0.34342,-2.04,0.16
0.34343,-2.08,0.16
0.34344,-2.08,0.2
0.34345,-2.04,0.2
0.34346,-2.04,0.24
0.34347,-2,0.24
0.34348,-2.04,0.24
0.34349,-2.08,0.24
0.3435,-2.08,0.2
0.34351,-2.12,0.16
0.34352,-2.08,0.24
0.34353,-2.08,0.24
0.34354,-2.08,0.24
0.34355,-2.08,0.24
0.34356,-2,0.24
0.34357,-2.04,0.2
0.34358,-2.04,0.2
0.34359,-2.08,0.16
0.3436,-2.08,0.16
0.34361,-2.08,0.2
0.34362,-2,0.24
0.34363,-2,0.2
0.34364,-2.04,0.2
0.34365,-2.04,0.24
0.34366,-2.08,0.2
0.34367,-2.04,0.2
0.34368,-2.12,0.16
0.34369,-2.04,0.2
0.3437,-2.08,0.24
0.34371,-2.08,0.24
0.34372,-2.12,0.24
0.34373,-2.08,0.24
0.34374,-2.12,0.2
0.34375,-2.12,0.24
0.34376,-2.04,0.16
0.34377,-2.08,0.16
0.34378,-2.04,0.2
0.34379,-2.04,0.2
0.3438,-2.04,0.2
0.34381,-2.08,0.16
0.34382,-2.08,0.16
0.34383,-2.04,0.2
0.34384,-2.04,0.24
0.34385,-2.04,0.24
0.34386,-2.04,0.2
0.34387,-2.08,0.24
0.34388,-2.04,0.2
0.34389,-2.08,0.2
0.3439,-2.04,0.2
0.34391,-2.08,0.16
0.34392,-2.08,0.16
0.34393,-2.12,0.2
0.34394,-2.08,0.2
0.34395,-2.08,0.2
0.34396,-2.12,0.24
0.34397,-2.08,0.2
0.34398,-2.12,0.2
0.34399,-2.08,0.16
0.344,-2.12,0.16
0.34401,-2.08,0.2
0.34402,-2.08,0.2
0.34403,-2.04,0.2
0.34404,-2.04,0.2
0.34405,-2.04,0.2
0.34406,-2.08,0.24
0.34407,-2.04,0.24
0.34408,-2.04,0.24
0.34409,-2.08,0.24
0.3441,-2.12,0.12
0.34411,-2.12,0.12
0.34412,-2.04,0.16
0.34413,-2.08,0.16
0.34414,-2.08,0.16
0.34415,-2.08,0.2
0.34416,-2,0.24
0.34417,-2.04,0.16
0.34418,-2.04,0.2
0.34419,-2.04,0.2
0.3442,-2.08,0.16
0.34421,-2.08,0.16
0.34422,-2.08,0.2
0.34423,-2.08,0.2
0.34424,-2.12,0.12
0.34425,-2.04,0.2
0.34426,-2.04,0.16
0.34427,-2.08,0.16
0.34428,-2.08,0.2
0.34429,-2.08,0.16
0.3443,-2.04,0.16
0.34431,-2.08,0.16
0.34432,-2.08,0.16
0.34433,-2.04,0.2
0.34434,-2.12,0.16
0.34435,-2.12,0.24
0.34436,-2.08,0.16
0.34437,-2.12,0.16
0.34438,-2.08,0.16
0.34439,-2.08,0.16
0.3444,-2.08,0.2
0.34441,-2.12,0.2
0.34442,-2.04,0.16
0.34443,-2.04,0.16
0.34444,-2.04,0.2
0.34445,-2.08,0.08
0.34446,-2.12,0.16
0.34447,-2.16,0.2
0.34448,-2.08,0.2
0.34449,-2.08,0.16
0.3445,-2.08,0.24
0.34451,-2.04,0.24
0.34452,-2.08,0.24
0.34453,-2.04,0.2
0.34454,-2.08,0.16
0.34455,-2.08,0.2
0.34456,-2.08,0.2
0.34457,-2.08,0.16
0.34458,-2.08,0.16
0.34459,-2.08,0.16
0.3446,-2.08,0.2
0.34461,-2.08,0.2
0.34462,-2.08,0.12
0.34463,-2.12,0.12
0.34464,-2.08,0.16
0.34465,-2.08,0.16
0.34466,-2.08,0.16
0.34467,-2.04,0.16
0.34468,-2.04,0.12
0.34469,-2.08,0.16
0.3447,-2.08,0.16
0.34471,-2.08,0.12
0.34472,-2.12,0.16
0.34473,-2.12,0.2
0.34474,-2.12,0.2
0.34475,-2.12,0.2
0.34476,-2.04,0.2
0.34477,-2.08,0.24
0.34478,-2.04,0.24
0.34479,-2.04,0.12
0.3448,-2.08,0.16
0.34481,-2.08,0.16
0.34482,-2.08,0.16
0.34483,-2.08,0.16
0.34484,-2.08,0.16
0.34485,-2.08,0.16
0.34486,-2.08,0.16
0.34487,-2.04,0.16
0.34488,-2.04,0.16
0.34489,-2.04,0.2
0.3449,-2.12,0.2
0.34491,-2.08,0.16
0.34492,-2.08,0.2
0.34493,-2.04,0.12
0.34494,-2.08,0.16
0.34495,-2.08,0.16
0.34496,-2.08,0.16
0.34497,-2.08,0.16
0.34498,-2.08,0.16
0.34499,-2.08,0.16
0.345,-2.04,0.2
0.34501,-2.04,0.16
0.34502,-2.04,0.2
0.34503,-2.12,0.2
0.34504,-2.08,0.2
0.34505,-2.08,0.16
0.34506,-2.04,0.16
0.34507,-2.04,0.2
0.34508,-2.04,0.2
0.34509,-2.04,0.16
0.3451,-2.08,0.2
0.34511,-2.04,0.12
0.34512,-2.04,0.16
0.34513,-2.04,0.16
0.34514,-2.04,0.16
0.34515,-2.04,0.2
0.34516,-2.04,0.24
0.34517,-2.04,0.24
0.34518,-2.08,0.24
0.34519,-2.04,0.2
0.3452,-2.04,0.16
0.34521,-2,0.2
0.34522,-2.04,0.16
0.34523,-2.04,0.12
0.34524,-2.08,0.16
0.34525,-2.08,0.2
0.34526,-2.04,0.2
0.34527,-2.08,0.16
0.34528,-2.08,0.16
0.34529,-2.08,0.2
0.3453,-2.04,0.16
0.34531,-2.04,0.24
0.34532,-2,0.16
0.34533,-2.08,0.12
0.34534,-2.04,0.16
0.34535,-2.04,0.2
0.34536,-2.08,0.2
0.34537,-2.12,0.2
0.34538,-2.08,0.2
0.34539,-2.08,0.2
0.3454,-2,0.2
0.34541,-2.04,0.12
0.34542,-2,0.2
0.34543,-2.08,0.16
0.34544,-2.12,0.16
0.34545,-2.12,0.2
0.34546,-2.08,0.2
0.34547,-2.08,0.2
0.34548,-2.12,0.2
0.34549,-2.08,0.2
0.3455,-2.08,0.2
0.34551,-2.08,0.2
0.34552,-2.08,0.2
0.34553,-2.04,0.16
0.34554,-2.08,0.2
0.34555,-2.04,0.2
0.34556,-2.08,0.2
0.34557,-2.08,0.2
0.34558,-2.04,0.24
0.34559,-2.08,0.24
0.3456,-2.04,0.2
0.34561,-2.08,0.16
0.34562,-2.04,0.2
0.34563,-2.08,0.16
0.34564,-2.04,0.2
0.34565,-2,0.2
0.34566,-2.04,0.2
0.34567,-2,0.2
0.34568,-2,0.2
0.34569,-2.08,0.12
0.3457,-2.08,0.16
0.34571,-2.08,0.24
0.34572,-2.08,0.2
0.34573,-2.08,0.2
0.34574,-2.08,0.24
0.34575,-2.04,0.2
0.34576,-2.08,0.2
0.34577,-2.08,0.24
0.34578,-2.08,0.24
0.34579,-2.04,0.2
0.3458,-2.04,0.2
0.34581,-2.04,0.2
0.34582,-2.08,0.2
0.34583,-2.04,0.2
0.34584,-2.08,0.2
0.34585,-2.08,0.2
0.34586,-2.04,0.2
0.34587,-2.04,0.2
0.34588,-2.04,0.2
0.34589,-2.08,0.16
0.3459,-2.04,0.16
0.34591,-2.04,0.16
0.34592,-2,0.2
0.34593,-2.04,0.2
0.34594,-2.04,0.2
0.34595,-2.04,0.2
0.34596,-2,0.24
0.34597,-2.04,0.2
0.34598,-1.96,0.2
0.34599,-2.04,0.16
0.346,-2,0.16
0.34601,-2.04,0.12
0.34602,-2,0.16
0.34603,-2.04,0.2
0.34604,-2.04,0.2
0.34605,-2,0.16
0.34606,-2.04,0.12
0.34607,-2.04,0.16
0.34608,-2.08,0.16
0.34609,-2.04,0.16
0.3461,-2.08,0.16
0.34611,-2.08,0.16
0.34612,-2.12,0.12
0.34613,-2.04,0.2
0.34614,-2.04,0.2
0.34615,-2.04,0.24
0.34616,-2.08,0.2
0.34617,-2.04,0.2
0.34618,-2,0.2
0.34619,-2.04,0.16
0.3462,-2.04,0.16
0.34621,-2.08,0.16
0.34622,-2.04,0.12
0.34623,-2.08,0.2
0.34624,-2.04,0.2
0.34625,-2.08,0.24
0.34626,-2.04,0.24
0.34627,-2.04,0.16
0.34628,-2.04,0.16
0.34629,-2.08,0.24
0.3463,-2.04,0.2
0.34631,-2.12,0.2
0.34632,-2.04,0.2
0.34633,-2.04,0.2
0.34634,-2.08,0.2
0.34635,-2,0.24
0.34636,-2,0.2
0.34637,-2.04,0.2
0.34638,-2.04,0.2
0.34639,-2.08,0.2
0.3464,-2.08,0.24
0.34641,-2.08,0.24
0.34642,-2.12,0.2
0.34643,-2.04,0.2
0.34644,-2.08,0.24
0.34645,-2.04,0.2
0.34646,-2.04,0.16
0.34647,-2.04,0.16
0.34648,-2.08,0.16
0.34649,-2.08,0.2
0.3465,-2.04,0.12
0.34651,-2.04,0.16
0.34652,-2.04,0.2
0.34653,-2.08,0.16
0.34654,-2.08,0.2
0.34655,-2.08,0.16
0.34656,-2.08,0.16
0.34657,-2.04,0.16
0.34658,-2.04,0.12
0.34659,-2.04,0.16
0.3466,-2.04,0.16
0.34661,-2,0.16
0.34662,-2.04,0.2
0.34663,-2.04,0.2
0.34664,-2.08,0.2
0.34665,-2,0.16
0.34666,-2,0.12
0.34667,-2,0.12
0.34668,-2.04,0.16
0.34669,-2,0.16
0.3467,-2.04,0.16
0.34671,-2,0.16
0.34672,-2.04,0.16
0.34673,-2.04,0.16
0.34674,-2.04,0.12
0.34675,-2.04,0.12
0.34676,-2.04,0.16
0.34677,-2.04,0.16
0.34678,-2.04,0.2
0.34679,-2.08,0.2
0.3468,-2.04,0.16
0.34681,-2.08,0.16
0.34682,-2.12,0.2
0.34683,-2.08,0.2
0.34684,-2.04,0.2
0.34685,-2.08,0.24
0.34686,-2.08,0.2
0.34687,-2.04,0.16
0.34688,-2.04,0.2
0.34689,-2.08,0.16
0.3469,-2.04,0.16
0.34691,-2.04,0.2
0.34692,-2.04,0.2
0.34693,-2.04,0.16
0.34694,-2.04,0.2
0.34695,-2.04,0.08
0.34696,-2.04,0.12
0.34697,-2,0.12
0.34698,-2.08,0.12
0.34699,-2.04,0.16
0.347,-2.08,0.2
0.34701,-2.08,0.24
0.34702,-2.08,0.16
0.34703,-2.08,0.16
0.34704,-2.04,0.16
0.34705,-2.04,0.2
0.34706,-2.08,0.12
0.34707,-2.04,0.16
0.34708,-2.04,0.2
0.34709,-2.08,0.24
0.3471,-2.04,0.16
0.34711,-2.12,0.2
0.34712,-2.04,0.2
0.34713,-2.12,0.16
0.34714,-2.04,0.16
0.34715,-2.04,0.16
0.34716,-2.04,0.12
0.34717,-2.08,0.12
0.34718,-2.08,0.2
0.34719,-2.08,0.2
0.3472,-2.08,0.16
0.34721,-2,0.2
0.34722,-2.04,0.16
0.34723,-2.04,0.12
0.34724,-2.04,0.12
0.34725,-2.08,0.16
0.34726,-2.12,0.24
0.34727,-2.04,0.24
0.34728,-2.04,0.24
0.34729,-2.04,0.2
0.3473,-2.12,0.2
0.34731,-2.04,0.2
0.34732,-2.08,0.16
0.34733,-2,0.2
0.34734,-2.04,0.2
0.34735,-2.08,0.24
0.34736,-2.08,0.2
0.34737,-2.08,0.2
0.34738,-2.04,0.24
0.34739,-2.04,0.2
0.3474,-2.04,0.24
0.34741,-2.04,0.16
0.34742,-2.04,0.16
0.34743,-2.04,0.16
0.34744,-2.04,0.2
0.34745,-2.08,0.2
0.34746,-2.04,0.16
0.34747,-2.08,0.16
0.34748,-2.08,0.2
0.34749,-2.08,0.16
0.3475,-2.08,0.16
0.34751,-2.08,0.12
0.34752,-2.08,0.16
0.34753,-2.04,0.16
0.34754,-2.08,0.2
0.34755,-2.08,0.24
0.34756,-2.12,0.24
0.34757,-2.16,0.2
0.34758,-2.12,0.16
0.34759,-2.08,0.16
0.3476,-2.08,0.16
0.34761,-2.04,0.12
0.34762,-2.04,0.12
0.34763,-2.04,0.16
0.34764,-2.12,0.12
0.34765,-2.08,0.2
0.34766,-2.08,0.2
0.34767,-2,0.2
0.34768,-2.04,0.16
0.34769,-2.08,0.16
0.3477,-2.08,0.12
0.34771,-2.08,0.16
0.34772,-2.08,0.12
0.34773,-2.08,0.16
0.34774,-2.08,0.2
0.34775,-2.08,0.2
0.34776,-2.08,0.2
0.34777,-2.08,0.2
0.34778,-2.08,0.2
0.34779,-2.08,0.2
0.3478,-2.08,0.2
0.34781,-2.08,0.16
0.34782,-2.08,0.16
0.34783,-2.08,0.16
0.34784,-2.08,0.12
0.34785,-2.04,0.16
0.34786,-2.08,0.12
0.34787,-2.08,0.12
0.34788,-2.08,0.16
0.34789,-2.08,0.2
0.3479,-2.08,0.24
0.34791,-2.04,0.2
0.34792,-2.04,0.2
0.34793,-2.04,0.2
0.34794,-2.08,0.2
0.34795,-2.12,0.16
0.34796,-2.08,0.16
0.34797,-2.04,0.12
0.34798,-2.12,0.12
0.34799,-2.08,0.2
0.348,-2.08,0.2
0.34801,-2.08,0.16
0.34802,-2.04,0.2
0.34803,-2.04,0.2
0.34804,-2.08,0.16
0.34805,-2.04,0.16
0.34806,-2.08,0.16
0.34807,-2.08,0.24
0.34808,-2.04,0.2
0.34809,-2.08,0.16
0.3481,-2.04,0.2
0.34811,-2.04,0.16
0.34812,-2.08,0.16
0.34813,-2.08,0.16
0.34814,-2.08,0.16
0.34815,-2.04,0.16
0.34816,-2.08,0.16
0.34817,-2.04,0.16
0.34818,-2.08,0.12
0.34819,-2.08,0.16
0.3482,-2.12,0.16
0.34821,-2.08,0.12
0.34822,-2.08,0.16
0.34823,-2.04,0.2
0.34824,-2.08,0.2
0.34825,-2.12,0.2
0.34826,-2.08,0.2
0.34827,-2.04,0.2
0.34828,-2.04,0.2
0.34829,-2.04,0.2
0.3483,-2.08,0.2
0.34831,-2.08,0.2
0.34832,-2.04,0.16
0.34833,-2.04,0.2
0.34834,-2.04,0.16
0.34835,-2.08,0.12
0.34836,-2.04,0.12
0.34837,-2.08,0.12
0.34838,-2.08,0.12
0.34839,-2.12,0.16
0.3484,-2.04,0.2
0.34841,-2.04,0.2
0.34842,-2.12,0.16
0.34843,-2.08,0.12
0.34844,-2.08,0.12
0.34845,-2.08,0.2
0.34846,-2.08,0.2
0.34847,-2.08,0.2
0.34848,-2.12,0.16
0.34849,-2.08,0.2
0.3485,-2.12,0.2
0.34851,-2.04,0.2
0.34852,-2.04,0.12
0.34853,-2.08,0.16
0.34854,-2.08,0.16
0.34855,-2.12,0.2
0.34856,-2.12,0.2
0.34857,-2.08,0.16
0.34858,-2.08,0.16
0.34859,-2.04,0.2
0.3486,-2.04,0.2
0.34861,-2.08,0.2
0.34862,-2.04,0.16
0.34863,-2.08,0.16
0.34864,-2.08,0.16
0.34865,-2.08,0.2
0.34866,-2.04,0.16
0.34867,-2.04,0.16
0.34868,-2.08,0.16
0.34869,-2.08,0.2
0.3487,-2.08,0.2
0.34871,-2.04,0.2
0.34872,-2.04,0.16
0.34873,-2,0.16
0.34874,-2.08,0.12
0.34875,-2.08,0.12
0.34876,-2.12,0.12
0.34877,-2.12,0.12
0.34878,-2.12,0.16
0.34879,-2.08,0.2
0.3488,-2.08,0.2
0.34881,-2.04,0.16
0.34882,-2.04,0.16
0.34883,-2.04,0.12
0.34884,-2.08,0.16
0.34885,-2.04,0.2
0.34886,-2.04,0.2
0.34887,-2.04,0.2
0.34888,-2.04,0.16
0.34889,-2.04,0.16
0.3489,-2.04,0.16
0.34891,-2.04,0.2
0.34892,-2.04,0.16
0.34893,-2.04,0.16
0.34894,-2.04,0.2
0.34895,-2.08,0.2
0.34896,-2.12,0.2
0.34897,-2.08,0.2
0.34898,-2.08,0.24
0.34899,-2.04,0.2
0.349,-2.08,0.2
0.34901,-2.08,0.2
0.34902,-2.08,0.16
0.34903,-2.08,0.12
0.34904,-2.12,0.16
0.34905,-2.08,0.2
0.34906,-2.08,0.16
0.34907,-2.04,0.2
0.34908,-2.08,0.16
0.34909,-2.04,0.2
0.3491,-2.04,0.16
0.34911,-2.04,0.2
0.34912,-2.04,0.2
0.34913,-2.08,0.2
0.34914,-2.08,0.16
0.34915,-2.04,0.2
0.34916,-2.04,0.2
0.34917,-2.04,0.24
0.34918,-2.08,0.2
0.34919,-2.08,0.2
0.3492,-2.12,0.2
0.34921,-2.16,0.2
0.34922,-2.08,0.16
0.34923,-2.12,0.16
0.34924,-2.12,0.2
0.34925,-2.12,0.16
0.34926,-2.04,0.2
0.34927,-2.12,0.2
0.34928,-2.08,0.2
0.34929,-2.08,0.24
0.3493,-2.04,0.2
0.34931,-2.04,0.16
0.34932,-2.08,0.2
0.34933,-2.08,0.2
0.34934,-2.08,0.16
0.34935,-2.08,0.12
0.34936,-2.08,0.12
0.34937,-2.04,0.16
0.34938,-2.04,0.16
0.34939,-2,0.2
0.3494,-2,0.2
0.34941,-2,0.2
0.34942,-2.08,0.16
0.34943,-2.08,0.2
0.34944,-2.04,0.2
0.34945,-2.04,0.16
0.34946,-2.04,0.16
0.34947,-2.04,0.2
0.34948,-2.04,0.2
0.34949,-2,0.16
0.3495,-2,0.2
0.34951,-2.04,0.2
0.34952,-2,0.12
0.34953,-2.12,0.16
0.34954,-2.04,0.2
0.34955,-2.12,0.2
0.34956,-2.08,0.2
0.34957,-2.16,0.16
0.34958,-2.04,0.24
0.34959,-2.08,0.16
0.3496,-2.08,0.2
0.34961,-2.08,0.16
0.34962,-2.08,0.2
0.34963,-2.08,0.2
0.34964,-2.08,0.24
0.34965,-2.08,0.16
0.34966,-2.04,0.2
0.34967,-2.04,0.2
0.34968,-2.04,0.2
0.34969,-2.08,0.2
0.3497,-2.08,0.2
0.34971,-2,0.2
0.34972,-2.08,0.12
0.34973,-2.04,0.16
0.34974,-2.04,0.2
0.34975,-2.04,0.24
0.34976,-2.04,0.16
0.34977,-2.04,0.2
0.34978,-2,0.2
0.34979,-2.04,0.2
0.3498,-2.08,0.16
0.34981,-2.08,0.2
0.34982,-2.04,0.24
0.34983,-2.08,0.16
0.34984,-2.08,0.16
0.34985,-2.08,0.16
0.34986,-2.04,0.16
0.34987,-2.08,0.16
0.34988,-2.08,0.16
0.34989,-2.08,0.2
0.3499,-2.04,0.16
0.34991,-2.08,0.2
0.34992,-2.04,0.24
0.34993,-2.04,0.2
0.34994,-2.04,0.2
0.34995,-2.04,0.2
0.34996,-2.08,0.08
0.34997,-2.04,0.12
0.34998,-2.08,0.16
0.34999,-2.08,0.16
0.35,-2.08,0.16
0.35001,-2,0.2
0.35002,-2.04,0.16
0.35003,-2.08,0.2
0.35004,-2.08,0.2
0.35005,-2.04,0.2
0.35006,-2.08,0.2
0.35007,-2.04,0.2
0.35008,-2,0.2
0.35009,-2.04,0.16
0.3501,-2.08,0.16
0.35011,-2.08,0.2
0.35012,-2.04,0.2
0.35013,-2.08,0.2
0.35014,-2.04,0.24
0.35015,-2.08,0.24
0.35016,-2.04,0.24
0.35017,-2.08,0.2
0.35018,-2.04,0.2
0.35019,-2.04,0.16
0.3502,-2.12,0.16
0.35021,-2.08,0.16
0.35022,-2.08,0.16
0.35023,-2.08,0.2
0.35024,-2.12,0.2
0.35025,-2.04,0.16
0.35026,-2.08,0.16
0.35027,-2.04,0.2
0.35028,-2.08,0.16
0.35029,-2.08,0.16
0.3503,-2.08,0.2
0.35031,-2.08,0.2
0.35032,-2.08,0.16
0.35033,-2.08,0.2
0.35034,-2.08,0.16
0.35035,-2.08,0.2
0.35036,-2.08,0.16
0.35037,-2.08,0.16
0.35038,-2.08,0.16
0.35039,-2.08,0.16
0.3504,-2.08,0.08
0.35041,-2.08,0.2
0.35042,-2.04,0.2
0.35043,-2.08,0.16
0.35044,-2.04,0.16
0.35045,-2.08,0.16
0.35046,-2.04,0.12
0.35047,-2.08,0.08
0.35048,-2.08,0.08
0.35049,-2.08,0.12
0.3505,-2.08,0.12
0.35051,-2.08,0.16
0.35052,-2.08,0.2
0.35053,-2.04,0.2
0.35054,-2.04,0.2
0.35055,-2.08,0.2
0.35056,-2.04,0.2
0.35057,-2.04,0.16
0.35058,-2.08,0.12
0.35059,-2.04,0.2
0.3506,-2.08,0.2
0.35061,-2.04,0.2
0.35062,-2.04,0.2
0.35063,-2,0.16
0.35064,-2.08,0.2
0.35065,-2.04,0.16
0.35066,-2.04,0.16
0.35067,-2.04,0.16
0.35068,-2.08,0.12
0.35069,-2.08,0.12
0.3507,-2.04,0.16
0.35071,-2.08,0.16
0.35072,-2.08,0.2
0.35073,-2.08,0.2
0.35074,-2.08,0.16
0.35075,-2,0.16
0.35076,-2.04,0.16
0.35077,-2.08,0.2
0.35078,-2.04,0.2
0.35079,-2.08,0.16
0.3508,-2.08,0.16
0.35081,-2.08,0.16
0.35082,-2.04,0.16
0.35083,-2.04,0.16
0.35084,-2.08,0.2
0.35085,-2.04,0.2
0.35086,-2.08,0.16
0.35087,-2.08,0.16
0.35088,-2.08,0.16
0.35089,-2.08,0.16
0.3509,-2.08,0.16
0.35091,-2,0.16
0.35092,-2.08,0.12
0.35093,-2.04,0.2
0.35094,-2.08,0.16
0.35095,-2.08,0.16
0.35096,-2.04,0.2
0.35097,-2.08,0.2
0.35098,-2.08,0.16
0.35099,-2.08,0.16
0.351,-2.04,0.12
0.35101,-2.12,0.12
0.35102,-2.08,0.16
0.35103,-2.08,0.16
0.35104,-2.08,0.2
0.35105,-2.08,0.2
0.35106,-2.04,0.2
0.35107,-2.12,0.16
0.35108,-2.12,0.24
0.35109,-2.08,0.2
0.3511,-2.04,0.2
0.35111,-2.08,0.16
0.35112,-2.08,0.12
0.35113,-2.04,0.12
0.35114,-2.04,0.16
0.35115,-2.04,0.24
0.35116,-2.08,0.24
0.35117,-2.08,0.2
0.35118,-2.12,0.2
0.35119,-2.08,0.2
0.3512,-2.08,0.16
0.35121,-2.12,0.2
0.35122,-2.08,0.2
0.35123,-2.04,0.2
0.35124,-2.04,0.2
0.35125,-2,0.2
0.35126,-2.08,0.16
0.35127,-2.04,0.24
0.35128,-2,0.2
0.35129,-2.08,0.24
0.3513,-2.08,0.2
0.35131,-2.08,0.16
0.35132,-2.04,0.2
0.35133,-2.08,0.24
0.35134,-2.04,0.16
0.35135,-2.08,0.2
0.35136,-2.04,0.16
0.35137,-2.12,0.16
0.35138,-2.08,0.2
0.35139,-2.04,0.16
0.3514,-2.04,0.16
0.35141,-2.08,0.16
0.35142,-2.08,0.2
0.35143,-2.04,0.16
0.35144,-2.08,0.2
0.35145,-2.12,0.2
0.35146,-2.08,0.2
0.35147,-2.04,0.2
0.35148,-2.08,0.2
0.35149,-2.08,0.2
0.3515,-2.08,0.16
0.35151,-2.04,0.2
0.35152,-2.08,0.16
0.35153,-2.08,0.2
0.35154,-2.04,0.2
0.35155,-2.04,0.2
0.35156,-2,0.16
0.35157,-2.04,0.16
0.35158,-2.04,0.16
0.35159,-2.08,0.2
0.3516,-2.08,0.16
0.35161,-2.12,0.16
0.35162,-2.08,0.2
0.35163,-2.08,0.16
0.35164,-2.04,0.2
0.35165,-2.04,0.16
0.35166,-2.04,0.16
0.35167,-2.08,0.2
0.35168,-2.08,0.24
0.35169,-2.08,0.2
0.3517,-2.04,0.24
0.35171,-2.04,0.24
0.35172,-2.08,0.2
0.35173,-2.08,0.24
0.35174,-2.08,0.24
0.35175,-2.04,0.24
0.35176,-2.08,0.24
0.35177,-2.12,0.2
0.35178,-2.12,0.16
0.35179,-2.08,0.2
0.3518,-2.08,0.2
0.35181,-2.08,0.2
0.35182,-2.12,0.16
0.35183,-2.08,0.16
0.35184,-2.08,0.16
0.35185,-2.08,0.2
0.35186,-2.08,0.16
0.35187,-2.08,0.2
0.35188,-2.08,0.16
0.35189,-2.08,0.16
0.3519,-2.08,0.2
0.35191,-2.08,0.16
0.35192,-2.04,0.16
0.35193,-2.08,0.12
0.35194,-2.08,0.16
0.35195,-2.08,0.16
0.35196,-2.08,0.24
0.35197,-2.08,0.2
0.35198,-2.08,0.24
0.35199,-2.08,0.2
0.352,-2.12,0.16
0.35201,-2.16,0.2
0.35202,-2.12,0.24
0.35203,-2.08,0.16
0.35204,-2.08,0.16
0.35205,-2.04,0.2
0.35206,-2.04,0.16
0.35207,-2.04,0.2
0.35208,-2.08,0.2
0.35209,-2.04,0.16
0.3521,-2.04,0.2
0.35211,-2.08,0.16
0.35212,-2.12,0.16
0.35213,-2.04,0.2
0.35214,-2.08,0.16
0.35215,-2.08,0.16
0.35216,-2.08,0.16
0.35217,-2.08,0.2
0.35218,-2.08,0.2
0.35219,-2.04,0.2
0.3522,-2.04,0.24
0.35221,-2.08,0.16
0.35222,-2.04,0.16
0.35223,-2.08,0.16
0.35224,-2.04,0.2
0.35225,-2.08,0.16
0.35226,-2.12,0.2
0.35227,-2.12,0.24
0.35228,-2.08,0.24
0.35229,-2.12,0.2
0.3523,-2.08,0.24
0.35231,-2.08,0.2
0.35232,-2.08,0.24
0.35233,-2.04,0.16
0.35234,-2.04,0.2
0.35235,-2.08,0.24
0.35236,-2.08,0.24
0.35237,-2.08,0.2
0.35238,-2.08,0.2
0.35239,-2.08,0.16
0.3524,-2.08,0.16
0.35241,-2.08,0.24
0.35242,-2.08,0.24
0.35243,-2.04,0.24
0.35244,-2.08,0.2
0.35245,-2.08,0.2
0.35246,-2.04,0.2
0.35247,-2.04,0.2
0.35248,-2.08,0.2
0.35249,-2.12,0.24
