1.8275,-1.56,0.12
1.8275,-1.56,0.12
1.8275,-1.6,0.12
1.8275,-1.6,0.12
1.8275,-1.64,0.16
1.8276,-1.64,0.16
1.8276,-1.6,0.16
1.8276,-1.6,0.2
1.8276,-1.6,0.12
1.8276,-1.56,0.16
1.8276,-1.56,0.16
1.8276,-1.56,0.2
1.8276,-1.56,0.24
1.8276,-1.6,0.16
1.8276,-1.6,0.12
1.8277,-1.6,0.12
1.8277,-1.6,0.16
1.8277,-1.64,0.16
1.8277,-1.64,0.08
1.8277,-1.64,0.12
1.8277,-1.6,0.16
1.8277,-1.6,0.12
1.8277,-1.6,0.08
1.8277,-1.56,0.08
1.8277,-1.56,0.12
1.8278,-1.56,0.12
1.8278,-1.6,0.08
1.8278,-1.6,0.12
1.8278,-1.52,0.16
1.8278,-1.52,0.2
1.8278,-1.56,0.16
1.8278,-1.6,0.2
1.8278,-1.6,0.16
1.8278,-1.56,0.12
1.8278,-1.56,0.16
1.8279,-1.6,0.16
1.8279,-1.6,0.12
1.8279,-1.6,0.16
1.8279,-1.6,0.16
1.8279,-1.64,0.12
1.8279,-1.6,0.12
1.8279,-1.56,0.12
1.8279,-1.6,0.12
1.8279,-1.56,0.16
1.8279,-1.56,0.12
1.828,-1.64,0.08
1.828,-1.56,0.12
1.828,-1.6,0.16
1.828,-1.6,0.16
1.828,-1.6,0.16
1.828,-1.52,0.16
1.828,-1.6,0.16
1.828,-1.56,0.16
1.828,-1.56,0.12
1.828,-1.6,0.12
1.8281,-1.56,0.12
1.8281,-1.6,0.08
1.8281,-1.6,0.08
1.8281,-1.6,0.12
1.8281,-1.6,0.16
1.8281,-1.6,0.16
1.8281,-1.64,0.12
1.8281,-1.6,0.12
1.8281,-1.6,0.12
1.8281,-1.56,0.12
1.8281,-1.56,0.16
1.8282,-1.56,0.16
1.8282,-1.6,0.2
1.8282,-1.6,0.16
1.8282,-1.52,0.16
1.8282,-1.56,0.16
1.8282,-1.56,0.12
1.8282,-1.56,0.16
1.8282,-1.56,0.16
1.8282,-1.6,0.16
1.8282,-1.64,0.16
1.8283,-1.6,0.16
1.8283,-1.64,0.16
1.8283,-1.52,0.12
1.8283,-1.56,0.12
1.8283,-1.56,0.12
1.8283,-1.6,0.16
1.8283,-1.6,0.16
1.8283,-1.6,0.12
1.8283,-1.6,0.12
1.8283,-1.56,0.12
1.8284,-1.56,0.12
1.8284,-1.6,0.12
1.8284,-1.64,0.12
1.8284,-1.64,0.16
1.8284,-1.56,0.12
1.8284,-1.56,0.2
1.8284,-1.6,0.16
1.8284,-1.56,0.12
1.8284,-1.6,0.16
1.8284,-1.6,0.12
1.8285,-1.6,0.08
1.8285,-1.6,0.12
1.8285,-1.64,0.12
1.8285,-1.56,0.16
1.8285,-1.6,0.16
1.8285,-1.6,0.12
1.8285,-1.6,0.08
1.8285,-1.6,0.12
1.8285,-1.64,0.12
1.8285,-1.6,0.16
1.8286,-1.6,0.16
1.8286,-1.56,0.16
1.8286,-1.56,0.16
1.8286,-1.56,0.12
1.8286,-1.56,0.12
1.8286,-1.6,0.12
1.8286,-1.6,0.12
1.8286,-1.56,0.16
1.8286,-1.6,0.12
1.8286,-1.6,0.12
1.8287,-1.6,0.12
1.8287,-1.52,0.16
1.8287,-1.52,0.12
1.8287,-1.56,0.16
1.8287,-1.6,0.12
1.8287,-1.56,0.04
1.8287,-1.64,0.08
1.8287,-1.6,0.08
1.8287,-1.6,0.08
1.8287,-1.6,0.12
1.8288,-1.56,0.12
1.8288,-1.56,0.12
1.8288,-1.6,0.12
1.8288,-1.6,0.12
1.8288,-1.56,0.08
1.8288,-1.6,0.12
1.8288,-1.56,0.12
1.8288,-1.6,0.12
1.8288,-1.6,0.12
1.8288,-1.6,0.12
1.8289,-1.6,0.12
1.8289,-1.6,0.12
1.8289,-1.6,0.12
1.8289,-1.6,0.12
1.8289,-1.56,0.08
1.8289,-1.56,0.08
1.8289,-1.6,0.12
1.8289,-1.6,0.12
1.8289,-1.6,0.16
1.8289,-1.6,0.12
1.829,-1.6,0.12
1.829,-1.56,0.12
1.829,-1.56,0.16
1.829,-1.52,0.12
1.829,-1.6,0.16
1.829,-1.64,0.16
1.829,-1.64,0.12
1.829,-1.6,0.12
1.829,-1.56,0.16
1.829,-1.6,0.12
1.8291,-1.6,0.12
1.8291,-1.6,0.12
1.8291,-1.6,0.16
1.8291,-1.56,0.12
1.8291,-1.56,0.12
1.8291,-1.52,0.12
1.8291,-1.52,0.12
1.8291,-1.52,0.12
1.8291,-1.56,0.12
1.8291,-1.6,0.16
1.8292,-1.6,0.12
1.8292,-1.56,0.12
1.8292,-1.6,0.16
1.8292,-1.6,0.16
1.8292,-1.64,0.16
1.8292,-1.6,0.16
1.8292,-1.6,0.12
1.8292,-1.6,0.08
1.8292,-1.6,0.12
1.8292,-1.6,0.12
1.8293,-1.56,0.12
1.8293,-1.56,0.16
1.8293,-1.56,0.16
1.8293,-1.56,0.12
1.8293,-1.6,0.12
1.8293,-1.6,0.12
1.8293,-1.56,0.16
1.8293,-1.56,0.16
1.8293,-1.6,0.16
1.8293,-1.56,0.12
1.8294,-1.56,0.12
1.8294,-1.6,0.16
1.8294,-1.56,0.16
1.8294,-1.56,0.16
1.8294,-1.56,0.2
1.8294,-1.6,0.12
1.8294,-1.6,0.16
1.8294,-1.56,0.12
1.8294,-1.52,0.12
1.8294,-1.52,0.12
1.8295,-1.56,0.16
1.8295,-1.56,0.12
1.8295,-1.56,0.12
1.8295,-1.56,0.12
1.8295,-1.52,0.12
1.8295,-1.56,0.08
1.8295,-1.56,0.16
1.8295,-1.56,0.12
1.8295,-1.56,0.16
1.8296,-1.6,0.16
1.8296,-1.56,0.16
1.8296,-1.56,0.16
1.8296,-1.6,0.16
1.8296,-1.56,0.12
1.8296,-1.6,0.08
1.8296,-1.64,0.12
1.8296,-1.6,0.12
1.8296,-1.56,0.16
1.8296,-1.56,0.16
1.8297,-1.56,0.12
1.8297,-1.6,0.12
1.8297,-1.56,0.16
1.8297,-1.56,0.12
1.8297,-1.56,0.16
1.8297,-1.56,0.12
1.8297,-1.56,0.12
1.8297,-1.56,0.08
1.8297,-1.56,0.12
1.8297,-1.56,0.12
1.8298,-1.52,0.12
1.8298,-1.56,0.16
1.8298,-1.6,0.12
1.8298,-1.56,0.16
1.8298,-1.56,0.16
1.8298,-1.6,0.12
1.8298,-1.56,0.12
1.8298,-1.52,0.2
1.8298,-1.56,0.16
1.8298,-1.56,0.16
1.8299,-1.52,0.16
1.8299,-1.56,0.16
1.8299,-1.56,0.12
1.8299,-1.6,0.12
1.8299,-1.6,0.12
1.8299,-1.6,0.16
1.8299,-1.6,0.2
1.8299,-1.56,0.2
1.8299,-1.56,0.16
1.8299,-1.56,0.16
1.83,-1.56,0.16
1.83,-1.56,0.16
1.83,-1.6,0.16
1.83,-1.6,0.12
1.83,-1.6,0.12
1.83,-1.6,0.12
1.83,-1.6,0.08
1.83,-1.56,0.16
1.83,-1.6,0.16
1.83,-1.56,0.12
1.8301,-1.6,0.12
1.8301,-1.6,0.12
1.8301,-1.6,0.12
1.8301,-1.6,0.12
1.8301,-1.6,0.12
1.8301,-1.56,0.2
1.8301,-1.6,0.2
1.8301,-1.52,0.16
1.8301,-1.56,0.12
1.8301,-1.6,0.12
1.8301,-1.56,0.12
1.8302,-1.6,0.12
1.8302,-1.52,0.16
1.8302,-1.52,0.12
1.8302,-1.56,0.12
1.8302,-1.56,0.12
1.8302,-1.6,0.16
1.8302,-1.56,0.12
1.8302,-1.6,0.16
1.8302,-1.56,0.12
1.8302,-1.56,0.08
1.8303,-1.6,0.16
1.8303,-1.56,0.16
1.8303,-1.6,0.16
1.8303,-1.6,0.12
1.8303,-1.6,0.12
1.8303,-1.6,0.16
1.8303,-1.56,0.16
1.8303,-1.56,0.16
1.8303,-1.56,0.12
1.8303,-1.6,0.12
1.8304,-1.56,0.16
1.8304,-1.6,0.2
1.8304,-1.6,0.16
1.8304,-1.6,0.2
1.8304,-1.64,0.16
1.8304,-1.6,0.16
1.8304,-1.56,0.16
1.8304,-1.6,0.12
1.8304,-1.6,0.16
1.8304,-1.56,0.16
1.8305,-1.6,0.2
1.8305,-1.6,0.16
1.8305,-1.56,0.12
1.8305,-1.6,0.2
1.8305,-1.6,0.2
1.8305,-1.6,0.2
1.8305,-1.6,0.12
1.8305,-1.64,0.16
1.8305,-1.6,0.12
1.8305,-1.56,0.16
1.8306,-1.56,0.16
1.8306,-1.6,0.16
1.8306,-1.6,0.16
1.8306,-1.64,0.12
1.8306,-1.6,0.12
1.8306,-1.6,0.16
1.8306,-1.56,0.16
1.8306,-1.6,0.12
1.8306,-1.6,0.12
1.8306,-1.64,0.16
1.8307,-1.56,0.16
1.8307,-1.6,0.16
1.8307,-1.56,0.16
1.8307,-1.6,0.12
1.8307,-1.6,0.16
1.8307,-1.6,0.16
1.8307,-1.6,0.16
1.8307,-1.6,0.16
1.8307,-1.6,0.16
1.8307,-1.6,0.12
1.8308,-1.64,0.16
1.8308,-1.64,0.2
1.8308,-1.6,0.16
1.8308,-1.6,0.16
1.8308,-1.6,0.2
1.8308,-1.6,0.16
1.8308,-1.64,0.16
1.8308,-1.6,0.16
1.8308,-1.6,0.16
1.8308,-1.6,0.12
1.8309,-1.6,0.2
1.8309,-1.6,0.2
1.8309,-1.6,0.12
1.8309,-1.6,0.16
1.8309,-1.64,0.16
1.8309,-1.6,0.16
1.8309,-1.64,0.16
1.8309,-1.6,0.2
1.8309,-1.6,0.2
1.8309,-1.64,0.2
1.831,-1.64,0.2
1.831,-1.64,0.16
1.831,-1.64,0.12
1.831,-1.6,0.16
1.831,-1.6,0.16
1.831,-1.6,0.16
1.831,-1.64,0.16
1.831,-1.64,0.16
1.831,-1.6,0.16
1.831,-1.56,0.16
1.8311,-1.56,0.16
1.8311,-1.56,0.16
1.8311,-1.56,0.16
1.8311,-1.6,0.16
1.8311,-1.64,0.16
1.8311,-1.6,0.16
1.8311,-1.64,0.16
1.8311,-1.64,0.16
1.8311,-1.64,0.16
1.8311,-1.6,0.12
1.8312,-1.6,0.08
1.8312,-1.6,0.12
1.8312,-1.56,0.12
1.8312,-1.52,0.12
1.8312,-1.56,0.12
1.8312,-1.6,0.12
1.8312,-1.6,0.16
1.8312,-1.6,0.12
1.8312,-1.56,0.16
1.8312,-1.6,0.2
1.8313,-1.56,0.16
1.8313,-1.6,0.16
1.8313,-1.6,0.16
1.8313,-1.64,0.16
1.8313,-1.64,0.12
1.8313,-1.6,0.12
1.8313,-1.64,0.16
1.8313,-1.6,0.16
1.8313,-1.6,0.16
1.8313,-1.6,0.2
1.8314,-1.6,0.16
1.8314,-1.64,0.16
1.8314,-1.68,0.12
1.8314,-1.6,0.12
1.8314,-1.6,0.12
1.8314,-1.64,0.16
1.8314,-1.6,0.12
1.8314,-1.6,0.16
1.8314,-1.6,0.16
1.8314,-1.6,0.2
1.8315,-1.56,0.16
1.8315,-1.6,0.16
1.8315,-1.6,0.12
1.8315,-1.64,0.12
1.8315,-1.64,0.16
1.8315,-1.6,0.12
1.8315,-1.6,0.16
1.8315,-1.6,0.16
1.8315,-1.56,0.12
1.8316,-1.6,0.16
1.8316,-1.56,0.16
1.8316,-1.6,0.16
1.8316,-1.64,0.16
1.8316,-1.64,0.16
1.8316,-1.64,0.16
1.8316,-1.64,0.2
1.8316,-1.6,0.2
1.8316,-1.6,0.16
1.8316,-1.6,0.2
1.8317,-1.56,0.16
1.8317,-1.6,0.12
1.8317,-1.56,0.12
1.8317,-1.64,0.12
1.8317,-1.6,0.12
1.8317,-1.6,0.16
1.8317,-1.6,0.12
1.8317,-1.64,0.12
1.8317,-1.64,0.16
1.8317,-1.6,0.16
1.8318,-1.6,0.16
1.8318,-1.6,0.2
1.8318,-1.6,0.16
1.8318,-1.6,0.12
1.8318,-1.6,0.12
1.8318,-1.6,0.16
1.8318,-1.6,0.16
1.8318,-1.6,0.16
1.8318,-1.6,0.12
1.8318,-1.56,0.16
1.8319,-1.56,0.12
1.8319,-1.6,0.16
1.8319,-1.6,0.16
1.8319,-1.6,0.16
1.8319,-1.6,0.12
1.8319,-1.6,0.16
1.8319,-1.64,0.16
1.8319,-1.64,0.16
1.8319,-1.64,0.2
1.8319,-1.6,0.2
1.832,-1.56,0.12
1.832,-1.6,0.16
1.832,-1.64,0.16
1.832,-1.6,0.12
1.832,-1.56,0.16
1.832,-1.6,0.12
1.832,-1.6,0.16
1.832,-1.6,0.12
1.832,-1.6,0.16
1.832,-1.56,0.16
1.8321,-1.56,0.16
1.8321,-1.56,0.16
1.8321,-1.56,0.16
1.8321,-1.56,0.16
1.8321,-1.6,0.2
1.8321,-1.52,0.12
1.8321,-1.56,0.12
1.8321,-1.56,0.12
1.8321,-1.56,0.12
1.8321,-1.52,0.12
1.8321,-1.6,0.16
1.8322,-1.56,0.16
1.8322,-1.6,0.12
1.8322,-1.6,0.16
1.8322,-1.6,0.16
1.8322,-1.6,0.16
1.8322,-1.6,0.12
1.8322,-1.6,0.16
1.8322,-1.56,0.16
1.8322,-1.56,0.2
1.8322,-1.56,0.16
1.8323,-1.64,0.2
1.8323,-1.6,0.2
1.8323,-1.6,0.16
1.8323,-1.6,0.16
1.8323,-1.64,0.2
1.8323,-1.64,0.12
1.8323,-1.64,0.16
1.8323,-1.6,0.12
1.8323,-1.6,0.12
1.8323,-1.6,0.16
1.8324,-1.6,0.16
1.8324,-1.64,0.16
1.8324,-1.56,0.16
1.8324,-1.6,0.12
1.8324,-1.6,0.12
1.8324,-1.64,0.16
1.8324,-1.6,0.16
1.8324,-1.6,0.16
1.8324,-1.6,0.16
1.8324,-1.6,0.16
1.8325,-1.6,0.2
1.8325,-1.56,0.2
1.8325,-1.6,0.12
1.8325,-1.6,0.16
1.8325,-1.6,0.16
1.8325,-1.64,0.12
1.8325,-1.6,0.16
1.8325,-1.6,0.12
1.8325,-1.6,0.16
1.8325,-1.6,0.2
1.8326,-1.56,0.16
1.8326,-1.56,0.2
1.8326,-1.6,0.2
1.8326,-1.64,0.12
1.8326,-1.64,0.16
1.8326,-1.6,0.16
1.8326,-1.6,0.12
1.8326,-1.56,0.12
1.8326,-1.6,0.12
1.8326,-1.64,0.16
1.8327,-1.6,0.16
1.8327,-1.6,0.2
1.8327,-1.6,0.16
1.8327,-1.6,0.2
1.8327,-1.6,0.24
1.8327,-1.6,0.24
1.8327,-1.56,0.2
1.8327,-1.56,0.16
1.8327,-1.6,0.16
1.8327,-1.6,0.16
1.8328,-1.64,0.16
1.8328,-1.64,0.16
1.8328,-1.56,0.12
1.8328,-1.6,0.08
1.8328,-1.56,0.12
1.8328,-1.56,0.08
1.8328,-1.6,0.12
1.8328,-1.6,0.16
1.8328,-1.56,0.16
1.8328,-1.6,0.12
1.8329,-1.6,0.16
1.8329,-1.56,0.12
1.8329,-1.6,0.12
1.8329,-1.64,0.16
1.8329,-1.64,0.16
1.8329,-1.6,0.16
1.8329,-1.6,0.16
1.8329,-1.56,0.2
1.8329,-1.6,0.12
1.8329,-1.6,0.16
1.833,-1.6,0.16
1.833,-1.6,0.16
1.833,-1.6,0.2
1.833,-1.6,0.16
1.833,-1.6,0.12
1.833,-1.64,0.16
1.833,-1.6,0.12
1.833,-1.64,0.16
1.833,-1.6,0.12
1.833,-1.6,0.12
1.8331,-1.6,0.12
1.8331,-1.64,0.12
1.8331,-1.64,0.12
1.8331,-1.64,0.16
1.8331,-1.56,0.16
1.8331,-1.6,0.16
1.8331,-1.56,0.16
1.8331,-1.56,0.16
1.8331,-1.56,0.12
1.8331,-1.64,0.12
1.8332,-1.6,0.12
1.8332,-1.6,0.12
1.8332,-1.56,0.12
1.8332,-1.56,0.12
1.8332,-1.6,0.16
1.8332,-1.6,0.12
1.8332,-1.6,0.12
1.8332,-1.6,0.12
1.8332,-1.64,0.12
1.8332,-1.6,0.12
1.8333,-1.64,0.16
1.8333,-1.6,0.16
1.8333,-1.6,0.16
1.8333,-1.6,0.16
1.8333,-1.6,0.12
1.8333,-1.6,0.12
1.8333,-1.56,0.16
1.8333,-1.6,0.16
1.8333,-1.56,0.08
1.8333,-1.56,0.12
1.8334,-1.6,0.12
1.8334,-1.56,0.16
1.8334,-1.56,0.16
1.8334,-1.6,0.12
1.8334,-1.56,0.16
1.8334,-1.56,0.12
1.8334,-1.56,0.08
1.8334,-1.6,0.12
1.8334,-1.6,0.16
1.8334,-1.6,0.12
1.8335,-1.6,0.16
1.8335,-1.56,0.12
1.8335,-1.6,0.12
1.8335,-1.6,0.16
1.8335,-1.6,0.12
1.8335,-1.56,0.12
1.8335,-1.6,0.12
1.8335,-1.6,0.12
1.8335,-1.6,0.16
1.8336,-1.56,0.12
1.8336,-1.6,0.08
1.8336,-1.6,0.16
1.8336,-1.6,0.12
1.8336,-1.6,0.16
1.8336,-1.52,0.16
1.8336,-1.56,0.12
1.8336,-1.56,0.12
1.8336,-1.6,0.12
1.8336,-1.6,0.12
1.8337,-1.6,0.12
1.8337,-1.6,0.12
1.8337,-1.64,0.12
1.8337,-1.64,0.12
1.8337,-1.6,0.12
1.8337,-1.52,0.16
1.8337,-1.64,0.16
1.8337,-1.6,0.12
1.8337,-1.56,0.08
1.8337,-1.6,0.08
1.8338,-1.56,0.12
1.8338,-1.6,0.16
1.8338,-1.64,0.16
1.8338,-1.6,0.16
1.8338,-1.6,0.16
1.8338,-1.6,0.16
1.8338,-1.6,0.12
1.8338,-1.64,0.08
1.8338,-1.64,0.08
1.8338,-1.6,0.08
1.8339,-1.6,0.08
1.8339,-1.6,0.12
1.8339,-1.56,0.12
1.8339,-1.56,0.08
1.8339,-1.52,0.04
1.8339,-1.56,0.04
1.8339,-1.56,0.08
1.8339,-1.56,0.12
1.8339,-1.6,0.12
1.8339,-1.56,0.16
1.834,-1.56,0.12
1.834,-1.56,0.08
1.834,-1.56,0.08
1.834,-1.52,0.08
1.834,-1.56,0.16
1.834,-1.56,0.12
1.834,-1.6,0.12
1.834,-1.6,0.12
1.834,-1.6,0.12
1.834,-1.6,0.12
1.8341,-1.64,0.08
1.8341,-1.56,0.08
1.8341,-1.6,0.08
1.8341,-1.56,0.08
1.8341,-1.6,0.08
1.8341,-1.6,0.12
1.8341,-1.56,0.12
1.8341,-1.6,0.08
1.8341,-1.6,0.08
1.8341,-1.6,0.12
1.8341,-1.56,0.08
1.8342,-1.56,0.08
1.8342,-1.56,0.12
1.8342,-1.56,0.08
1.8342,-1.56,0.08
1.8342,-1.56,0.08
1.8342,-1.56,0.12
1.8342,-1.56,0.16
1.8342,-1.6,0.16
1.8342,-1.56,0.12
1.8342,-1.56,0.08
1.8343,-1.56,0.08
1.8343,-1.56,0.08
1.8343,-1.52,0.08
1.8343,-1.56,0.08
1.8343,-1.52,0.16
1.8343,-1.6,0.08
1.8343,-1.6,0.12
1.8343,-1.56,0.08
1.8343,-1.6,0.12
1.8343,-1.56,0.12
1.8344,-1.52,0.16
1.8344,-1.56,0.08
1.8344,-1.56,0.08
1.8344,-1.6,0.08
1.8344,-1.56,0.08
1.8344,-1.6,0.08
1.8344,-1.56,0.12
1.8344,-1.52,0.08
1.8344,-1.52,0.04
1.8344,-1.56,0.08
1.8345,-1.56,0.12
1.8345,-1.52,0.16
1.8345,-1.56,0.12
1.8345,-1.56,0.16
1.8345,-1.56,0.08
1.8345,-1.6,0.12
1.8345,-1.56,0.08
1.8345,-1.56,0.08
1.8345,-1.56,0.12
1.8345,-1.52,0.12
1.8346,-1.52,0.08
1.8346,-1.56,0.08
1.8346,-1.56,0.12
1.8346,-1.56,0.08
1.8346,-1.56,0.12
1.8346,-1.56,0.08
1.8346,-1.56,0.12
1.8346,-1.56,0.16
1.8346,-1.56,0.08
1.8346,-1.6,0.08
1.8347,-1.6,0.08
1.8347,-1.6,0.04
1.8347,-1.6,0.08
1.8347,-1.56,0.08
1.8347,-1.56,0.08
1.8347,-1.56,0.12
1.8347,-1.6,0.12
1.8347,-1.6,0.16
1.8347,-1.56,0.12
1.8347,-1.56,0.12
1.8348,-1.56,0.12
1.8348,-1.56,0.12
1.8348,-1.56,0.08
1.8348,-1.56,0.08
1.8348,-1.56,0.08
1.8348,-1.52,0.08
1.8348,-1.52,0.12
1.8348,-1.52,0.12
1.8348,-1.52,0.08
1.8348,-1.56,0.12
1.8349,-1.52,0.08
1.8349,-1.52,0.08
1.8349,-1.52,0.12
1.8349,-1.6,0.12
1.8349,-1.52,0.12
1.8349,-1.56,0.16
1.8349,-1.56,0.08
1.8349,-1.56,0.08
1.8349,-1.56,0.12
1.8349,-1.56,0.08
1.835,-1.6,0.08
1.835,-1.6,0.12
1.835,-1.6,0.12
1.835,-1.6,0.08
1.835,-1.6,0.08
1.835,-1.6,0.08
1.835,-1.64,0.12
1.835,-1.56,0.12
1.835,-1.6,0.12
1.835,-1.56,0.12
1.8351,-1.6,0.12
1.8351,-1.56,0.16
1.8351,-1.56,0.12
1.8351,-1.52,0.12
1.8351,-1.52,0.08
1.8351,-1.56,0.12
1.8351,-1.56,0.08
1.8351,-1.56,0.08
1.8351,-1.6,0.08
1.8351,-1.56,0.12
1.8352,-1.56,0.08
1.8352,-1.56,0.12
1.8352,-1.56,0.12
1.8352,-1.56,0.16
1.8352,-1.6,0.12
1.8352,-1.6,0.12
1.8352,-1.6,0.12
1.8352,-1.56,0.16
1.8352,-1.56,0.16
1.8352,-1.56,0.16
1.8353,-1.56,0.12
1.8353,-1.56,0.12
1.8353,-1.6,0.12
1.8353,-1.56,0.12
1.8353,-1.52,0.12
1.8353,-1.56,0.12
1.8353,-1.6,0.12
1.8353,-1.6,0.16
1.8353,-1.6,0.12
1.8353,-1.56,0.16
1.8354,-1.52,0.12
1.8354,-1.52,0.16
1.8354,-1.56,0.16
1.8354,-1.56,0.12
1.8354,-1.56,0.12
1.8354,-1.56,0.16
1.8354,-1.56,0.12
1.8354,-1.56,0.16
1.8354,-1.52,0.12
1.8354,-1.52,0.12
1.8355,-1.52,0.12
1.8355,-1.56,0.12
1.8355,-1.56,0.12
1.8355,-1.56,0.12
1.8355,-1.6,0.16
1.8355,-1.56,0.16
1.8355,-1.56,0.12
1.8355,-1.52,0.12
1.8355,-1.56,0.12
1.8355,-1.56,0.12
1.8356,-1.6,0.12
1.8356,-1.56,0.08
1.8356,-1.56,0.16
1.8356,-1.52,0.16
1.8356,-1.56,0.16
1.8356,-1.56,0.12
1.8356,-1.56,0.12
1.8356,-1.56,0.12
1.8356,-1.56,0.16
1.8357,-1.6,0.16
1.8357,-1.6,0.2
1.8357,-1.56,0.16
1.8357,-1.52,0.16
1.8357,-1.52,0.16
1.8357,-1.52,0.16
1.8357,-1.56,0.12
1.8357,-1.6,0.12
1.8357,-1.6,0.12
1.8357,-1.6,0.16
1.8358,-1.64,0.16
1.8358,-1.56,0.16
1.8358,-1.56,0.16
1.8358,-1.6,0.16
1.8358,-1.56,0.16
1.8358,-1.56,0.16
1.8358,-1.56,0.12
1.8358,-1.56,0.16
1.8358,-1.56,0.16
1.8358,-1.56,0.12
1.8359,-1.6,0.12
1.8359,-1.6,0.16
1.8359,-1.56,0.12
1.8359,-1.56,0.16
1.8359,-1.56,0.12
1.8359,-1.6,0.12
1.8359,-1.6,0.16
1.8359,-1.56,0.12
1.8359,-1.6,0.12
1.8359,-1.6,0.12
1.836,-1.56,0.12
1.836,-1.6,0.08
1.836,-1.56,0.12
1.836,-1.56,0.12
1.836,-1.52,0.16
1.836,-1.56,0.12
1.836,-1.56,0.12
1.836,-1.52,0.16
1.836,-1.56,0.16
1.836,-1.56,0.16
1.8361,-1.52,0.12
1.8361,-1.52,0.12
1.8361,-1.6,0.12
1.8361,-1.6,0.16
1.8361,-1.6,0.16
1.8361,-1.6,0.16
1.8361,-1.6,0.2
1.8361,-1.6,0.12
1.8361,-1.6,0.16
1.8361,-1.64,0.12
1.8361,-1.64,0.12
1.8362,-1.64,0.12
1.8362,-1.6,0.16
1.8362,-1.56,0.16
1.8362,-1.6,0.16
1.8362,-1.6,0.08
1.8362,-1.6,0.12
1.8362,-1.6,0.16
1.8362,-1.6,0.12
1.8362,-1.64,0.12
1.8362,-1.6,0.12
1.8363,-1.56,0.16
1.8363,-1.6,0.16
1.8363,-1.6,0.16
1.8363,-1.56,0.12
1.8363,-1.6,0.12
1.8363,-1.6,0.12
1.8363,-1.56,0.12
1.8363,-1.6,0.16
1.8363,-1.56,0.16
1.8363,-1.56,0.12
1.8364,-1.64,0.16
1.8364,-1.6,0.12
1.8364,-1.56,0.12
1.8364,-1.6,0.12
1.8364,-1.56,0.12
1.8364,-1.6,0.12
1.8364,-1.6,0.16
1.8364,-1.6,0.12
1.8364,-1.64,0.12
1.8364,-1.64,0.12
1.8365,-1.6,0.16
1.8365,-1.64,0.16
1.8365,-1.6,0.2
1.8365,-1.6,0.12
1.8365,-1.6,0.08
1.8365,-1.6,0.08
1.8365,-1.6,0.04
1.8365,-1.6,0.08
1.8365,-1.64,0.08
1.8365,-1.64,0.12
1.8366,-1.64,0.12
1.8366,-1.56,0.16
1.8366,-1.6,0.12
1.8366,-1.56,0.12
1.8366,-1.6,0.08
1.8366,-1.6,0.12
1.8366,-1.56,0.16
1.8366,-1.6,0.12
1.8366,-1.6,0.12
1.8366,-1.6,0.12
1.8367,-1.6,0.16
1.8367,-1.6,0.12
1.8367,-1.6,0.12
1.8367,-1.6,0.08
1.8367,-1.6,0.12
1.8367,-1.6,0.12
1.8367,-1.6,0.12
1.8367,-1.6,0.12
1.8367,-1.6,0.12
1.8367,-1.56,0.12
1.8368,-1.6,0.16
1.8368,-1.6,0.12
1.8368,-1.6,0.12
1.8368,-1.6,0.12
1.8368,-1.6,0.12
1.8368,-1.6,0.12
1.8368,-1.6,0.08
1.8368,-1.6,0.12
1.8368,-1.64,0.16
1.8368,-1.56,0.12
1.8369,-1.56,0.12
1.8369,-1.6,0.12
1.8369,-1.6,0.12
1.8369,-1.6,0.12
1.8369,-1.6,0.12
1.8369,-1.6,0.12
1.8369,-1.6,0.08
1.8369,-1.6,0.08
1.8369,-1.6,0.12
1.8369,-1.56,0.08
1.837,-1.56,0.08
1.837,-1.6,0.08
1.837,-1.56,0.12
1.837,-1.6,0.12
1.837,-1.6,0.12
1.837,-1.6,0.08
1.837,-1.6,0.16
1.837,-1.6,0.12
1.837,-1.64,0.08
1.837,-1.6,0.16
1.8371,-1.6,0.12
1.8371,-1.56,0.08
1.8371,-1.6,0.16
1.8371,-1.56,0.12
1.8371,-1.56,0.08
1.8371,-1.6,0.08
1.8371,-1.6,0.12
1.8371,-1.56,0.12
1.8371,-1.56,0.12
1.8371,-1.52,0.12
1.8372,-1.56,0.12
1.8372,-1.52,0.12
1.8372,-1.56,0.16
1.8372,-1.56,0.12
1.8372,-1.56,0.12
1.8372,-1.52,0.12
1.8372,-1.52,0.08
1.8372,-1.56,0.12
1.8372,-1.56,0.16
1.8372,-1.6,0.16
1.8373,-1.56,0.12
1.8373,-1.56,0.12
1.8373,-1.56,0.12
1.8373,-1.56,0.12
1.8373,-1.56,0.12
1.8373,-1.52,0.12
1.8373,-1.52,0.16
1.8373,-1.52,0.12
1.8373,-1.56,0.16
1.8373,-1.6,0.16
1.8374,-1.6,0.16
1.8374,-1.56,0.12
1.8374,-1.56,0.16
1.8374,-1.52,0.16
1.8374,-1.52,0.12
1.8374,-1.48,0.12
1.8374,-1.52,0.12
1.8374,-1.56,0.08
1.8374,-1.56,0.12
1.8374,-1.56,0.12
1.8375,-1.56,0.12
1.8375,-1.56,0.12
1.8375,-1.6,0.16
1.8375,-1.6,0.16
1.8375,-1.56,0.12
1.8375,-1.56,0.12
1.8375,-1.56,0.12
1.8375,-1.6,0.12
1.8375,-1.56,0.16
1.8375,-1.6,0.16
1.8376,-1.56,0.16
1.8376,-1.6,0.12
1.8376,-1.56,0.12
1.8376,-1.56,0.12
1.8376,-1.52,0.08
1.8376,-1.52,0.12
1.8376,-1.56,0.12
1.8376,-1.56,0.16
1.8376,-1.56,0.16
1.8377,-1.52,0.12
1.8377,-1.56,0.12
1.8377,-1.56,0.16
1.8377,-1.52,0.2
1.8377,-1.56,0.2
1.8377,-1.56,0.2
1.8377,-1.56,0.16
1.8377,-1.56,0.12
1.8377,-1.56,0.16
1.8377,-1.56,0.12
1.8378,-1.52,0.2
1.8378,-1.52,0.16
1.8378,-1.52,0.12
1.8378,-1.52,0.12
1.8378,-1.48,0.16
1.8378,-1.52,0.16
1.8378,-1.52,0.2
1.8378,-1.52,0.16
1.8378,-1.56,0.16
1.8378,-1.52,0.16
1.8379,-1.56,0.12
1.8379,-1.56,0.16
1.8379,-1.52,0.12
1.8379,-1.52,0.16
1.8379,-1.56,0.16
1.8379,-1.56,0.16
1.8379,-1.56,0.16
1.8379,-1.56,0.12
1.8379,-1.56,0.16
1.8379,-1.56,0.16
1.838,-1.52,0.16
1.838,-1.52,0.2
1.838,-1.48,0.16
1.838,-1.52,0.16
1.838,-1.56,0.16
1.838,-1.56,0.2
1.838,-1.56,0.16
1.838,-1.56,0.16
1.838,-1.56,0.2
1.838,-1.52,0.2
1.8381,-1.56,0.16
1.8381,-1.56,0.2
1.8381,-1.52,0.2
1.8381,-1.56,0.2
1.8381,-1.52,0.16
1.8381,-1.48,0.2
1.8381,-1.52,0.24
1.8381,-1.56,0.2
1.8381,-1.56,0.16
1.8381,-1.56,0.2
1.8382,-1.56,0.2
1.8382,-1.52,0.24
1.8382,-1.56,0.24
1.8382,-1.6,0.2
1.8382,-1.6,0.2
1.8382,-1.56,0.2
1.8382,-1.56,0.2
1.8382,-1.56,0.16
1.8382,-1.6,0.16
1.8382,-1.56,0.2
1.8382,-1.52,0.2
1.8383,-1.56,0.2
1.8383,-1.52,0.24
1.8383,-1.56,0.2
1.8383,-1.6,0.2
1.8383,-1.56,0.24
1.8383,-1.56,0.2
1.8383,-1.6,0.24
1.8383,-1.56,0.2
1.8383,-1.6,0.2
1.8383,-1.6,0.24
1.8384,-1.56,0.2
1.8384,-1.56,0.2
1.8384,-1.6,0.2
1.8384,-1.56,0.2
1.8384,-1.64,0.24
1.8384,-1.6,0.28
1.8384,-1.6,0.24
1.8384,-1.68,0.2
1.8384,-1.6,0.24
1.8384,-1.64,0.28
1.8385,-1.64,0.2
1.8385,-1.6,0.2
1.8385,-1.6,0.24
1.8385,-1.64,0.2
1.8385,-1.68,0.2
1.8385,-1.68,0.24
1.8385,-1.68,0.2
1.8385,-1.68,0.28
1.8385,-1.64,0.24
1.8385,-1.64,0.2
1.8386,-1.64,0.24
1.8386,-1.64,0.24
1.8386,-1.6,0.24
1.8386,-1.64,0.24
1.8386,-1.68,0.24
1.8386,-1.72,0.2
1.8386,-1.68,0.24
1.8386,-1.72,0.28
1.8386,-1.72,0.32
1.8386,-1.72,0.32
1.8387,-1.72,0.28
1.8387,-1.76,0.32
1.8387,-1.68,0.28
1.8387,-1.68,0.28
1.8387,-1.68,0.24
1.8387,-1.72,0.28
1.8387,-1.68,0.28
1.8387,-1.76,0.24
1.8387,-1.76,0.28
1.8387,-1.72,0.32
1.8388,-1.72,0.32
1.8388,-1.72,0.28
1.8388,-1.68,0.28
1.8388,-1.76,0.24
1.8388,-1.72,0.28
1.8388,-1.76,0.32
1.8388,-1.76,0.32
1.8388,-1.8,0.28
1.8388,-1.76,0.32
1.8388,-1.8,0.32
1.8389,-1.76,0.32
1.8389,-1.72,0.28
1.8389,-1.76,0.32
1.8389,-1.8,0.32
1.8389,-1.76,0.32
1.8389,-1.8,0.36
1.8389,-1.84,0.36
1.8389,-1.8,0.32
1.8389,-1.84,0.32
1.8389,-1.8,0.32
1.839,-1.84,0.32
1.839,-1.8,0.36
1.839,-1.84,0.36
1.839,-1.84,0.32
1.839,-1.8,0.32
1.839,-1.84,0.4
1.839,-1.84,0.36
1.839,-1.88,0.36
1.839,-1.88,0.32
1.839,-1.88,0.32
1.8391,-1.88,0.36
1.8391,-1.88,0.36
1.8391,-1.84,0.4
1.8391,-1.88,0.44
1.8391,-1.88,0.44
1.8391,-1.92,0.4
1.8391,-1.88,0.44
1.8391,-1.96,0.36
1.8391,-1.92,0.36
1.8391,-1.92,0.32
1.8392,-1.92,0.28
1.8392,-1.92,0.28
1.8392,-1.92,0.32
1.8392,-1.92,0.36
1.8392,-1.96,0.32
1.8392,-1.96,0.4
1.8392,-1.96,0.4
1.8392,-1.92,0.4
1.8392,-1.92,0.4
1.8392,-1.92,0.4
1.8393,-2,0.32
1.8393,-1.96,0.4
1.8393,-2,0.4
1.8393,-2,0.48
1.8393,-2,0.4
1.8393,-2.04,0.4
1.8393,-2.04,0.36
1.8393,-2.04,0.4
1.8393,-2,0.4
1.8393,-2,0.4
1.8394,-2,0.44
1.8394,-2,0.44
1.8394,-2,0.4
1.8394,-2.04,0.4
1.8394,-2,0.44
1.8394,-2.04,0.4
1.8394,-2.08,0.44
1.8394,-2.04,0.44
1.8394,-2,0.44
1.8394,-2.04,0.44
1.8395,-2.08,0.48
1.8395,-2.08,0.44
1.8395,-2.08,0.4
1.8395,-2.08,0.44
1.8395,-2.08,0.44
1.8395,-2.08,0.48
1.8395,-2.08,0.44
1.8395,-2.08,0.48
1.8395,-2.08,0.48
1.8395,-2.08,0.44
1.8396,-2.08,0.52
1.8396,-2.12,0.44
1.8396,-2.12,0.48
1.8396,-2.08,0.48
1.8396,-2.08,0.48
1.8396,-2.12,0.48
1.8396,-2.16,0.44
1.8396,-2.16,0.44
1.8396,-2.12,0.48
1.8397,-2.12,0.52
1.8397,-2.12,0.48
1.8397,-2.12,0.52
1.8397,-2.12,0.48
1.8397,-2.12,0.52
1.8397,-2.16,0.48
1.8397,-2.16,0.48
1.8397,-2.12,0.48
1.8397,-2.12,0.48
1.8397,-2.16,0.52
1.8398,-2.16,0.48
1.8398,-2.16,0.52
1.8398,-2.16,0.48
1.8398,-2.16,0.52
1.8398,-2.2,0.56
1.8398,-2.2,0.56
1.8398,-2.16,0.48
1.8398,-2.2,0.48
1.8398,-2.24,0.48
1.8398,-2.16,0.52
1.8399,-2.16,0.52
1.8399,-2.16,0.52
1.8399,-2.16,0.52
1.8399,-2.24,0.48
1.8399,-2.24,0.48
1.8399,-2.2,0.52
1.8399,-2.24,0.48
1.8399,-2.2,0.52
1.8399,-2.24,0.52
1.8399,-2.24,0.48
1.84,-2.24,0.56
1.84,-2.24,0.6
1.84,-2.2,0.52
1.84,-2.24,0.52
1.84,-2.24,0.56
1.84,-2.28,0.56
1.84,-2.28,0.56
1.84,-2.24,0.52
1.84,-2.2,0.52
1.84,-2.2,0.48
1.8401,-2.2,0.48
1.8401,-2.24,0.52
1.8401,-2.24,0.52
1.8401,-2.24,0.56
1.8401,-2.2,0.52
1.8401,-2.2,0.56
1.8401,-2.2,0.52
1.8401,-2.2,0.56
1.8401,-2.24,0.52
1.8401,-2.32,0.56
1.8402,-2.24,0.56
1.8402,-2.2,0.56
1.8402,-2.2,0.52
1.8402,-2.24,0.56
1.8402,-2.28,0.56
1.8402,-2.24,0.52
1.8402,-2.2,0.56
1.8402,-2.2,0.52
1.8402,-2.24,0.56
1.8402,-2.24,0.56
1.8402,-2.28,0.56
1.8403,-2.24,0.56
1.8403,-2.24,0.6
1.8403,-2.2,0.56
1.8403,-2.24,0.56
1.8403,-2.2,0.52
1.8403,-2.24,0.52
1.8403,-2.2,0.56
1.8403,-2.24,0.56
1.8403,-2.2,0.52
1.8403,-2.28,0.56
1.8404,-2.24,0.56
1.8404,-2.24,0.48
1.8404,-2.24,0.56
1.8404,-2.2,0.52
1.8404,-2.2,0.56
1.8404,-2.2,0.56
1.8404,-2.2,0.56
1.8404,-2.2,0.52
1.8404,-2.16,0.52
1.8404,-2.16,0.48
1.8405,-2.2,0.48
1.8405,-2.2,0.56
1.8405,-2.2,0.48
1.8405,-2.2,0.56
1.8405,-2.16,0.52
1.8405,-2.16,0.56
1.8405,-2.16,0.52
1.8405,-2.16,0.48
1.8405,-2.2,0.48
1.8405,-2.2,0.52
1.8406,-2.16,0.56
1.8406,-2.12,0.48
1.8406,-2.16,0.48
1.8406,-2.16,0.52
1.8406,-2.16,0.48
1.8406,-2.16,0.52
1.8406,-2.16,0.52
1.8406,-2.16,0.48
1.8406,-2.12,0.52
1.8406,-2.16,0.48
1.8407,-2.16,0.52
1.8407,-2.16,0.48
1.8407,-2.16,0.48
1.8407,-2.16,0.48
1.8407,-2.16,0.48
1.8407,-2.08,0.48
1.8407,-2.12,0.48
1.8407,-2.08,0.48
1.8407,-2.12,0.48
1.8407,-2.08,0.48
1.8408,-2.12,0.44
1.8408,-2.12,0.44
1.8408,-2.08,0.44
1.8408,-2.08,0.48
1.8408,-2.08,0.44
1.8408,-2.04,0.44
1.8408,-2.04,0.44
1.8408,-2.04,0.44
1.8408,-2.04,0.4
1.8408,-2.08,0.4
1.8409,-2.08,0.44
1.8409,-2.08,0.48
1.8409,-2,0.44
1.8409,-2.04,0.4
1.8409,-2.04,0.44
1.8409,-2.04,0.4
1.8409,-2.04,0.4
1.8409,-2.04,0.4
1.8409,-1.96,0.44
1.8409,-2.04,0.4
1.841,-2,0.4
1.841,-2.04,0.36
1.841,-2.04,0.4
1.841,-2,0.4
1.841,-2,0.4
1.841,-1.96,0.4
1.841,-1.96,0.36
1.841,-2,0.36
1.841,-2,0.36
1.841,-1.96,0.36
1.8411,-2,0.36
1.8411,-2,0.4
1.8411,-1.92,0.36
1.8411,-1.96,0.4
1.8411,-1.96,0.32
1.8411,-1.96,0.36
1.8411,-1.96,0.4
1.8411,-1.92,0.36
1.8411,-1.92,0.36
1.8411,-1.96,0.32
1.8412,-1.92,0.36
1.8412,-1.96,0.36
1.8412,-1.96,0.36
1.8412,-1.96,0.36
1.8412,-1.96,0.36
1.8412,-1.92,0.32
1.8412,-1.92,0.36
1.8412,-1.92,0.32
1.8412,-1.88,0.28
1.8412,-1.92,0.28
1.8413,-1.92,0.32
1.8413,-1.88,0.28
1.8413,-1.88,0.32
1.8413,-1.88,0.32
1.8413,-1.88,0.28
1.8413,-1.88,0.28
1.8413,-1.92,0.24
1.8413,-1.88,0.28
1.8413,-1.92,0.28
1.8413,-1.84,0.28
1.8414,-1.88,0.28
1.8414,-1.84,0.28
1.8414,-1.88,0.32
1.8414,-1.84,0.32
1.8414,-1.88,0.28
1.8414,-1.84,0.28
1.8414,-1.84,0.28
1.8414,-1.84,0.24
1.8414,-1.8,0.28
1.8414,-1.88,0.24
1.8415,-1.84,0.24
1.8415,-1.8,0.28
1.8415,-1.8,0.24
1.8415,-1.84,0.24
1.8415,-1.8,0.24
1.8415,-1.8,0.24
1.8415,-1.8,0.28
1.8415,-1.76,0.24
1.8415,-1.76,0.24
1.8415,-1.76,0.2
1.8416,-1.8,0.24
1.8416,-1.76,0.24
1.8416,-1.76,0.2
1.8416,-1.76,0.2
1.8416,-1.76,0.2
1.8416,-1.76,0.16
1.8416,-1.76,0.24
1.8416,-1.72,0.2
1.8416,-1.8,0.2
1.8417,-1.84,0.16
1.8417,-1.76,0.2
1.8417,-1.72,0.16
1.8417,-1.72,0.2
1.8417,-1.72,0.24
1.8417,-1.76,0.16
1.8417,-1.72,0.16
1.8417,-1.72,0.16
1.8417,-1.76,0.12
1.8417,-1.72,0.12
1.8418,-1.72,0.16
1.8418,-1.76,0.16
1.8418,-1.76,0.16
1.8418,-1.72,0.2
1.8418,-1.72,0.16
1.8418,-1.64,0.16
1.8418,-1.68,0.16
1.8418,-1.68,0.16
1.8418,-1.68,0.12
1.8418,-1.68,0.12
1.8419,-1.72,0.12
1.8419,-1.68,0.12
1.8419,-1.64,0.08
1.8419,-1.68,0.16
1.8419,-1.68,0.12
1.8419,-1.68,0.12
1.8419,-1.68,0.16
1.8419,-1.72,0.12
1.8419,-1.68,0.12
1.8419,-1.72,0.12
1.842,-1.68,0.12
1.842,-1.64,0.12
1.842,-1.6,0.12
1.842,-1.64,0.08
1.842,-1.64,0.12
1.842,-1.6,0.12
1.842,-1.6,0.12
1.842,-1.64,0.12
1.842,-1.68,0.12
1.842,-1.64,0.08
1.8421,-1.68,0.08
1.8421,-1.64,0.12
1.8421,-1.64,0.08
1.8421,-1.64,0.08
1.8421,-1.6,0.12
1.8421,-1.64,0.12
1.8421,-1.68,0.12
1.8421,-1.6,0.08
1.8421,-1.64,0.04
1.8421,-1.64,0.08
1.8422,-1.6,0.08
1.8422,-1.6,0.04
1.8422,-1.64,0.08
1.8422,-1.64,0.08
1.8422,-1.64,0.12
1.8422,-1.64,0.12
1.8422,-1.6,0.04
1.8422,-1.64,0.04
1.8422,-1.6,0.04
1.8422,-1.6,0.04
1.8422,-1.6,0.08
1.8423,-1.6,0.08
1.8423,-1.6,0.08
1.8423,-1.6,0.08
1.8423,-1.6,0.08
1.8423,-1.64,0.08
1.8423,-1.6,0.08
1.8423,-1.56,0.08
1.8423,-1.56,0.04
1.8423,-1.6,0.08
1.8423,-1.6,0.08
1.8424,-1.6,0.08
1.8424,-1.64,0.12
1.8424,-1.6,0.04
1.8424,-1.64,0.08
1.8424,-1.68,0.12
1.8424,-1.64,0.08
1.8424,-1.6,0.08
1.8424,-1.6,0.04
1.8424,-1.56,0.08
1.8424,-1.6,0.08
1.8425,-1.64,0.08
1.8425,-1.6,0.04
1.8425,-1.56,0.08
1.8425,-1.56,0.08
1.8425,-1.6,0.04
1.8425,-1.56,0.08
1.8425,-1.56,0.04
1.8425,-1.56,0.12
1.8425,-1.6,0.08
1.8425,-1.6,0.12
1.8426,-1.56,0.08
1.8426,-1.56,0.08
1.8426,-1.56,0.04
1.8426,-1.56,0.08
1.8426,-1.56,0.04
1.8426,-1.6,0.08
1.8426,-1.56,0.04
1.8426,-1.56,0.08
1.8426,-1.56,0.08
1.8426,-1.56,0.04
1.8427,-1.6,0.04
1.8427,-1.56,0.08
1.8427,-1.56,0.08
1.8427,-1.56,0.04
1.8427,-1.56,0.04
1.8427,-1.6,0.08
1.8427,-1.56,0.12
1.8427,-1.56,0.08
1.8427,-1.56,0.08
1.8427,-1.6,0.08
1.8428,-1.56,0.08
1.8428,-1.6,0.08
1.8428,-1.56,0.08
1.8428,-1.6,0.08
1.8428,-1.6,0.08
1.8428,-1.56,0.08
1.8428,-1.6,0.08
1.8428,-1.56,0.08
1.8428,-1.6,0.12
1.8428,-1.64,0.12
1.8429,-1.64,0.08
1.8429,-1.56,0.08
1.8429,-1.56,0.08
1.8429,-1.56,0.08
1.8429,-1.56,0.12
1.8429,-1.56,0.12
1.8429,-1.56,0.12
1.8429,-1.6,0.12
1.8429,-1.6,0.08
1.8429,-1.56,0.12
1.843,-1.56,0.12
1.843,-1.56,0.08
1.843,-1.6,0.12
1.843,-1.56,0.12
1.843,-1.56,0.12
1.843,-1.6,0.08
1.843,-1.6,0.08
1.843,-1.56,0.12
1.843,-1.56,0.12
1.843,-1.56,0.08
1.8431,-1.56,0.08
1.8431,-1.56,0.08
1.8431,-1.56,0.12
1.8431,-1.56,0.08
1.8431,-1.6,0.08
1.8431,-1.52,0.08
1.8431,-1.56,0.08
1.8431,-1.56,0.12
1.8431,-1.6,0.12
1.8431,-1.6,0.12
1.8432,-1.6,0.16
1.8432,-1.56,0.12
1.8432,-1.56,0.16
1.8432,-1.56,0.16
1.8432,-1.56,0.16
1.8432,-1.56,0.12
1.8432,-1.56,0.08
1.8432,-1.56,0.12
1.8432,-1.52,0.12
1.8432,-1.6,0.12
1.8433,-1.6,0.12
1.8433,-1.6,0.12
1.8433,-1.6,0.08
1.8433,-1.6,0.08
1.8433,-1.56,0.12
1.8433,-1.56,0.12
1.8433,-1.6,0.12
1.8433,-1.6,0.12
1.8433,-1.56,0.16
1.8433,-1.56,0.12
1.8434,-1.56,0.12
1.8434,-1.6,0.12
1.8434,-1.56,0.12
1.8434,-1.56,0.12
1.8434,-1.6,0.12
1.8434,-1.56,0.12
1.8434,-1.56,0.12
1.8434,-1.56,0.12
1.8434,-1.56,0.12
1.8434,-1.6,0.12
1.8435,-1.6,0.12
1.8435,-1.6,0.12
1.8435,-1.6,0.12
1.8435,-1.56,0.12
1.8435,-1.6,0.08
1.8435,-1.56,0.08
1.8435,-1.6,0.12
1.8435,-1.6,0.16
1.8435,-1.56,0.12
1.8435,-1.56,0.12
1.8436,-1.56,0.08
1.8436,-1.64,0.12
1.8436,-1.6,0.16
1.8436,-1.6,0.16
1.8436,-1.56,0.08
1.8436,-1.6,0.16
1.8436,-1.6,0.2
1.8436,-1.6,0.16
1.8436,-1.6,0.12
1.8437,-1.56,0.12
1.8437,-1.64,0.12
1.8437,-1.64,0.12
1.8437,-1.64,0.16
1.8437,-1.64,0.12
1.8437,-1.64,0.12
1.8437,-1.64,0.16
1.8437,-1.64,0.12
1.8437,-1.56,0.16
1.8437,-1.6,0.12
1.8438,-1.52,0.16
1.8438,-1.56,0.12
1.8438,-1.6,0.08
1.8438,-1.6,0.12
1.8438,-1.6,0.12
1.8438,-1.6,0.16
1.8438,-1.6,0.12
1.8438,-1.56,0.12
1.8438,-1.6,0.12
1.8438,-1.6,0.12
1.8439,-1.56,0.16
1.8439,-1.6,0.16
1.8439,-1.6,0.12
1.8439,-1.64,0.16
1.8439,-1.64,0.12
1.8439,-1.6,0.16
1.8439,-1.64,0.12
1.8439,-1.6,0.16
1.8439,-1.64,0.16
1.8439,-1.6,0.12
1.844,-1.64,0.12
1.844,-1.64,0.12
1.844,-1.6,0.08
1.844,-1.6,0.16
1.844,-1.56,0.16
1.844,-1.6,0.12
1.844,-1.6,0.12
1.844,-1.64,0.2
1.844,-1.6,0.16
1.844,-1.6,0.12
1.8441,-1.6,0.12
1.8441,-1.64,0.16
1.8441,-1.6,0.16
1.8441,-1.6,0.12
1.8441,-1.6,0.12
1.8441,-1.6,0.08
1.8441,-1.6,0.12
1.8441,-1.64,0.08
1.8441,-1.6,0.12
1.8441,-1.56,0.08
1.8442,-1.6,0.16
1.8442,-1.64,0.16
1.8442,-1.64,0.16
1.8442,-1.6,0.16
1.8442,-1.6,0.16
1.8442,-1.56,0.12
1.8442,-1.56,0.12
1.8442,-1.56,0.12
1.8442,-1.6,0.08
1.8442,-1.6,0.12
1.8442,-1.6,0.12
1.8443,-1.6,0.12
1.8443,-1.6,0.16
1.8443,-1.64,0.12
1.8443,-1.64,0.16
1.8443,-1.6,0.12
1.8443,-1.6,0.12
1.8443,-1.56,0.12
1.8443,-1.56,0.12
1.8443,-1.6,0.08
1.8443,-1.6,0.16
1.8444,-1.6,0.2
1.8444,-1.56,0.16
1.8444,-1.64,0.12
1.8444,-1.64,0.16
1.8444,-1.64,0.16
1.8444,-1.6,0.12
1.8444,-1.64,0.16
1.8444,-1.6,0.16
1.8444,-1.6,0.12
1.8444,-1.6,0.16
1.8445,-1.6,0.08
1.8445,-1.6,0.12
1.8445,-1.6,0.12
1.8445,-1.56,0.12
1.8445,-1.6,0.12
1.8445,-1.56,0.12
1.8445,-1.52,0.08
1.8445,-1.6,0.12
1.8445,-1.56,0.12
1.8445,-1.56,0.12
1.8446,-1.56,0.08
1.8446,-1.56,0.12
1.8446,-1.56,0.12
1.8446,-1.56,0.08
1.8446,-1.6,0.12
1.8446,-1.64,0.12
1.8446,-1.64,0.12
1.8446,-1.6,0.12
1.8446,-1.64,0.08
1.8446,-1.6,0.12
1.8447,-1.6,0.12
1.8447,-1.56,0.16
1.8447,-1.6,0.12
1.8447,-1.6,0.12
1.8447,-1.6,0.12
1.8447,-1.56,0.16
1.8447,-1.6,0.16
1.8447,-1.6,0.12
1.8447,-1.6,0.12
1.8447,-1.64,0.12
1.8448,-1.64,0.16
1.8448,-1.64,0.12
1.8448,-1.64,0.12
1.8448,-1.64,0.08
1.8448,-1.56,0.12
1.8448,-1.6,0.12
1.8448,-1.6,0.12
1.8448,-1.56,0.12
1.8448,-1.56,0.12
1.8448,-1.56,0.08
1.8449,-1.6,0.12
1.8449,-1.6,0.16
1.8449,-1.64,0.16
1.8449,-1.64,0.16
1.8449,-1.6,0.12
1.8449,-1.6,0.08
1.8449,-1.64,0.12
1.8449,-1.6,0.08
1.8449,-1.6,0.12
1.8449,-1.6,0.16
1.845,-1.6,0.12
1.845,-1.6,0.12
1.845,-1.64,0.12
1.845,-1.6,0.12
1.845,-1.6,0.12
1.845,-1.56,0.12
1.845,-1.64,0.08
1.845,-1.6,0.16
1.845,-1.6,0.12
1.845,-1.6,0.12
1.8451,-1.6,0.12
1.8451,-1.6,0.12
1.8451,-1.6,0.08
1.8451,-1.56,0.12
1.8451,-1.56,0.12
1.8451,-1.6,0.08
1.8451,-1.6,0.12
1.8451,-1.6,0.12
1.8451,-1.56,0.12
1.8451,-1.56,0.12
1.8452,-1.56,0.12
1.8452,-1.6,0.12
1.8452,-1.6,0.16
1.8452,-1.52,0.16
1.8452,-1.56,0.16
1.8452,-1.56,0.12
1.8452,-1.56,0.12
1.8452,-1.6,0.12
1.8452,-1.6,0.12
1.8452,-1.6,0.2
1.8453,-1.64,0.16
1.8453,-1.56,0.16
1.8453,-1.56,0.16
1.8453,-1.56,0.08
1.8453,-1.56,0.08
1.8453,-1.64,0.16
1.8453,-1.64,0.16
1.8453,-1.64,0.12
1.8453,-1.6,0.16
1.8453,-1.56,0.16
1.8454,-1.56,0.16
1.8454,-1.64,0.12
1.8454,-1.6,0.16
1.8454,-1.6,0.12
1.8454,-1.56,0.12
1.8454,-1.56,0.12
1.8454,-1.52,0.12
1.8454,-1.48,0.12
1.8454,-1.52,0.16
1.8454,-1.6,0.08
1.8455,-1.6,0.08
1.8455,-1.6,0.08
1.8455,-1.64,0.12
1.8455,-1.56,0.16
1.8455,-1.52,0.16
1.8455,-1.56,0.12
1.8455,-1.6,0.08
1.8455,-1.6,0.16
1.8455,-1.6,0.16
1.8455,-1.56,0.16
1.8456,-1.56,0.16
1.8456,-1.52,0.16
1.8456,-1.52,0.16
1.8456,-1.52,0.16
1.8456,-1.56,0.16
1.8456,-1.56,0.12
1.8456,-1.52,0.16
1.8456,-1.56,0.08
1.8456,-1.56,0.12
1.8457,-1.56,0.2
1.8457,-1.56,0.16
1.8457,-1.6,0.08
1.8457,-1.56,0.12
1.8457,-1.52,0.12
1.8457,-1.52,0.08
1.8457,-1.6,0.12
1.8457,-1.52,0.16
1.8457,-1.56,0.12
1.8457,-1.56,0.2
1.8458,-1.56,0.16
1.8458,-1.52,0.16
1.8458,-1.56,0.12
1.8458,-1.6,0.12
1.8458,-1.6,0.16
1.8458,-1.6,0.16
1.8458,-1.56,0.16
1.8458,-1.56,0.12
1.8458,-1.56,0.12
1.8458,-1.56,0.08
1.8459,-1.6,0.12
1.8459,-1.56,0.12
1.8459,-1.52,0.12
1.8459,-1.56,0.16
1.8459,-1.56,0.16
1.8459,-1.6,0.12
1.8459,-1.6,0.16
1.8459,-1.56,0.16
1.8459,-1.56,0.16
1.8459,-1.6,0.16
1.846,-1.56,0.12
1.846,-1.6,0.16
1.846,-1.56,0.16
1.846,-1.52,0.16
1.846,-1.56,0.12
1.846,-1.52,0.12
1.846,-1.56,0.08
1.846,-1.56,0.12
1.846,-1.56,0.12
1.846,-1.52,0.16
1.8461,-1.56,0.16
1.8461,-1.56,0.16
1.8461,-1.56,0.12
1.8461,-1.56,0.12
1.8461,-1.56,0.16
1.8461,-1.56,0.16
1.8461,-1.6,0.12
1.8461,-1.56,0.12
1.8461,-1.56,0.12
1.8461,-1.56,0.16
1.8462,-1.52,0.16
1.8462,-1.52,0.12
1.8462,-1.56,0.16
1.8462,-1.6,0.16
1.8462,-1.6,0.16
1.8462,-1.6,0.16
1.8462,-1.56,0.2
1.8462,-1.56,0.16
1.8462,-1.56,0.2
1.8462,-1.6,0.12
1.8462,-1.6,0.12
1.8463,-1.56,0.12
1.8463,-1.6,0.16
1.8463,-1.56,0.16
1.8463,-1.56,0.16
1.8463,-1.56,0.12
1.8463,-1.56,0.16
1.8463,-1.6,0.16
1.8463,-1.56,0.16
1.8463,-1.6,0.16
1.8463,-1.6,0.12
1.8464,-1.6,0.16
1.8464,-1.52,0.12
1.8464,-1.56,0.16
1.8464,-1.56,0.2
1.8464,-1.56,0.16
1.8464,-1.6,0.12
1.8464,-1.56,0.12
1.8464,-1.6,0.12
1.8464,-1.6,0.12
1.8464,-1.6,0.16
1.8465,-1.56,0.16
1.8465,-1.56,0.16
1.8465,-1.6,0.16
1.8465,-1.56,0.2
1.8465,-1.52,0.12
1.8465,-1.56,0.16
1.8465,-1.56,0.2
1.8465,-1.56,0.12
1.8465,-1.56,0.12
1.8465,-1.56,0.16
1.8466,-1.56,0.16
1.8466,-1.56,0.2
1.8466,-1.52,0.12
1.8466,-1.56,0.12
1.8466,-1.6,0.12
1.8466,-1.56,0.12
1.8466,-1.6,0.12
1.8466,-1.6,0.12
1.8466,-1.56,0.12
1.8466,-1.52,0.12
1.8467,-1.56,0.12
1.8467,-1.56,0.16
1.8467,-1.56,0.16
1.8467,-1.56,0.12
1.8467,-1.56,0.12
1.8467,-1.52,0.12
1.8467,-1.48,0.16
1.8467,-1.52,0.12
1.8467,-1.6,0.12
1.8467,-1.6,0.12
1.8468,-1.6,0.12
1.8468,-1.56,0.16
1.8468,-1.6,0.12
1.8468,-1.6,0.16
1.8468,-1.56,0.16
1.8468,-1.56,0.16
1.8468,-1.6,0.12
1.8468,-1.6,0.12
1.8468,-1.6,0.12
1.8468,-1.56,0.12
1.8469,-1.6,0.16
1.8469,-1.56,0.12
1.8469,-1.56,0.12
1.8469,-1.6,0.16
1.8469,-1.6,0.12
1.8469,-1.6,0.16
1.8469,-1.6,0.16
1.8469,-1.6,0.16
1.8469,-1.56,0.16
1.8469,-1.6,0.16
1.847,-1.6,0.16
1.847,-1.6,0.12
1.847,-1.6,0.16
1.847,-1.6,0.16
1.847,-1.56,0.2
1.847,-1.56,0.16
1.847,-1.6,0.16
1.847,-1.56,0.16
1.847,-1.6,0.12
1.847,-1.6,0.16
1.8471,-1.56,0.16
1.8471,-1.56,0.12
1.8471,-1.6,0.16
1.8471,-1.56,0.16
1.8471,-1.6,0.12
1.8471,-1.56,0.16
1.8471,-1.6,0.16
1.8471,-1.56,0.16
1.8471,-1.64,0.2
1.8471,-1.6,0.2
1.8472,-1.56,0.2
1.8472,-1.56,0.16
1.8472,-1.56,0.16
1.8472,-1.6,0.16
1.8472,-1.6,0.16
1.8472,-1.6,0.2
1.8472,-1.6,0.2
1.8472,-1.64,0.16
1.8472,-1.6,0.16
1.8472,-1.64,0.16
1.8473,-1.64,0.16
1.8473,-1.64,0.16
1.8473,-1.6,0.16
1.8473,-1.6,0.12
1.8473,-1.56,0.12
1.8473,-1.6,0.16
1.8473,-1.6,0.16
1.8473,-1.6,0.12
1.8473,-1.56,0.12
1.8473,-1.56,0.12
1.8474,-1.56,0.12
1.8474,-1.56,0.12
1.8474,-1.6,0.16
1.8474,-1.64,0.16
1.8474,-1.6,0.16
1.8474,-1.6,0.16
1.8474,-1.6,0.16
1.8474,-1.6,0.16
1.8474,-1.6,0.12
1.8474,-1.6,0.16
1.8475,-1.56,0.16
1.8475,-1.6,0.2
1.8475,-1.6,0.16
1.8475,-1.64,0.12
1.8475,-1.6,0.16
1.8475,-1.6,0.2
1.8475,-1.56,0.2
1.8475,-1.6,0.2
1.8475,-1.6,0.2
1.8475,-1.6,0.16
1.8476,-1.6,0.2
1.8476,-1.56,0.16
1.8476,-1.56,0.16
1.8476,-1.56,0.2
1.8476,-1.56,0.2
1.8476,-1.6,0.16
1.8476,-1.6,0.12
1.8476,-1.56,0.16
1.8476,-1.64,0.2
1.8476,-1.64,0.16
1.8477,-1.68,0.16
1.8477,-1.64,0.16
1.8477,-1.6,0.16
1.8477,-1.64,0.12
1.8477,-1.64,0.16
1.8477,-1.64,0.12
1.8477,-1.6,0.12
1.8477,-1.6,0.16
1.8477,-1.6,0.12
1.8478,-1.64,0.2
1.8478,-1.6,0.12
1.8478,-1.56,0.08
1.8478,-1.56,0.08
1.8478,-1.64,0.12
1.8478,-1.64,0.16
1.8478,-1.6,0.16
1.8478,-1.56,0.2
1.8478,-1.56,0.2
1.8478,-1.6,0.16
1.8479,-1.6,0.16
1.8479,-1.6,0.12
1.8479,-1.6,0.12
1.8479,-1.6,0.16
1.8479,-1.56,0.2
1.8479,-1.56,0.16
1.8479,-1.6,0.16
1.8479,-1.6,0.16
1.8479,-1.56,0.16
1.8479,-1.6,0.2
1.848,-1.6,0.2
1.848,-1.6,0.2
1.848,-1.6,0.16
1.848,-1.6,0.16
1.848,-1.6,0.16
1.848,-1.6,0.16
1.848,-1.56,0.16
1.848,-1.56,0.16
1.848,-1.56,0.12
1.848,-1.56,0.12
1.8481,-1.52,0.12
1.8481,-1.56,0.16
1.8481,-1.6,0.16
1.8481,-1.56,0.16
1.8481,-1.56,0.12
1.8481,-1.52,0.16
1.8481,-1.56,0.16
1.8481,-1.56,0.24
1.8481,-1.6,0.2
1.8481,-1.6,0.2
1.8482,-1.56,0.2
1.8482,-1.56,0.2
1.8482,-1.6,0.16
1.8482,-1.56,0.2
1.8482,-1.64,0.16
1.8482,-1.6,0.16
1.8482,-1.56,0.16
1.8482,-1.56,0.2
1.8482,-1.6,0.16
1.8482,-1.6,0.16
1.8482,-1.64,0.2
1.8483,-1.64,0.2
1.8483,-1.6,0.2
1.8483,-1.56,0.16
1.8483,-1.56,0.2
1.8483,-1.6,0.2
1.8483,-1.6,0.2
1.8483,-1.6,0.16
1.8483,-1.6,0.2
1.8483,-1.56,0.2
1.8483,-1.56,0.2
1.8484,-1.6,0.16
1.8484,-1.6,0.12
1.8484,-1.6,0.16
1.8484,-1.6,0.16
1.8484,-1.6,0.2
1.8484,-1.64,0.2
1.8484,-1.64,0.16
1.8484,-1.6,0.16
1.8484,-1.6,0.16
1.8484,-1.64,0.12
1.8485,-1.6,0.16
1.8485,-1.56,0.2
1.8485,-1.56,0.16
1.8485,-1.6,0.16
1.8485,-1.56,0.2
1.8485,-1.6,0.16
1.8485,-1.64,0.12
1.8485,-1.64,0.08
1.8485,-1.6,0.16
1.8485,-1.6,0.12
1.8486,-1.64,0.08
1.8486,-1.6,0.12
1.8486,-1.6,0.16
1.8486,-1.56,0.16
1.8486,-1.56,0.12
1.8486,-1.56,0.08
1.8486,-1.6,0.12
1.8486,-1.6,0.16
1.8486,-1.56,0.2
1.8486,-1.56,0.12
1.8487,-1.6,0.12
1.8487,-1.56,0.12
1.8487,-1.6,0.12
1.8487,-1.64,0.12
1.8487,-1.56,0.2
1.8487,-1.56,0.2
1.8487,-1.56,0.16
1.8487,-1.6,0.12
1.8487,-1.64,0.16
1.8487,-1.6,0.2
1.8488,-1.56,0.2
1.8488,-1.56,0.2
1.8488,-1.6,0.16
1.8488,-1.6,0.16
1.8488,-1.6,0.2
1.8488,-1.6,0.2
1.8488,-1.6,0.16
1.8488,-1.6,0.16
1.8488,-1.56,0.16
1.8488,-1.6,0.12
1.8489,-1.6,0.12
1.8489,-1.6,0.16
1.8489,-1.64,0.16
1.8489,-1.6,0.16
1.8489,-1.64,0.16
1.8489,-1.64,0.12
1.8489,-1.56,0.12
1.8489,-1.56,0.16
1.8489,-1.56,0.16
1.8489,-1.56,0.16
1.849,-1.6,0.16
1.849,-1.6,0.16
1.849,-1.6,0.16
1.849,-1.6,0.16
1.849,-1.64,0.16
1.849,-1.6,0.2
1.849,-1.64,0.16
1.849,-1.6,0.16
1.849,-1.56,0.12
1.849,-1.52,0.16
1.8491,-1.52,0.16
1.8491,-1.56,0.12
1.8491,-1.6,0.16
1.8491,-1.6,0.12
1.8491,-1.56,0.16
1.8491,-1.6,0.12
1.8491,-1.6,0.12
1.8491,-1.6,0.16
1.8491,-1.6,0.12
1.8491,-1.56,0.12
1.8492,-1.6,0.12
1.8492,-1.56,0.12
1.8492,-1.56,0.12
1.8492,-1.56,0.16
1.8492,-1.6,0.12
1.8492,-1.6,0.16
1.8492,-1.6,0.12
1.8492,-1.6,0.12
1.8492,-1.6,0.12
1.8492,-1.6,0.16
1.8493,-1.56,0.12
1.8493,-1.56,0.16
1.8493,-1.64,0.12
1.8493,-1.6,0.16
1.8493,-1.6,0.16
1.8493,-1.6,0.12
1.8493,-1.56,0.12
1.8493,-1.56,0.12
1.8493,-1.56,0.12
1.8493,-1.6,0.12
1.8494,-1.6,0.16
1.8494,-1.6,0.12
1.8494,-1.6,0.12
1.8494,-1.6,0.08
1.8494,-1.6,0.16
1.8494,-1.6,0.16
1.8494,-1.6,0.12
1.8494,-1.6,0.12
1.8494,-1.6,0.12
1.8494,-1.6,0.12
1.8495,-1.6,0.08
1.8495,-1.6,0.12
1.8495,-1.6,0.12
1.8495,-1.6,0.12
1.8495,-1.56,0.12
1.8495,-1.56,0.16
1.8495,-1.6,0.12
1.8495,-1.6,0.16
1.8495,-1.6,0.16
1.8495,-1.56,0.12
1.8496,-1.6,0.12
1.8496,-1.6,0.16
1.8496,-1.56,0.12
1.8496,-1.6,0.12
1.8496,-1.56,0.12
1.8496,-1.6,0.12
1.8496,-1.6,0.16
1.8496,-1.6,0.16
1.8496,-1.56,0.12
1.8497,-1.56,0.12
1.8497,-1.52,0.12
1.8497,-1.56,0.12
1.8497,-1.6,0.16
1.8497,-1.56,0.16
1.8497,-1.52,0.16
1.8497,-1.56,0.16
1.8497,-1.56,0.12
1.8497,-1.52,0.12
1.8497,-1.6,0.12
1.8498,-1.6,0.16
1.8498,-1.6,0.08
1.8498,-1.6,0.12
1.8498,-1.56,0.16
1.8498,-1.6,0.12
1.8498,-1.6,0.12
1.8498,-1.56,0.16
1.8498,-1.6,0.12
1.8498,-1.6,0.16
1.8498,-1.6,0.12
1.8499,-1.6,0.12
1.8499,-1.64,0.12
1.8499,-1.6,0.16
1.8499,-1.56,0.16
1.8499,-1.56,0.12
1.8499,-1.56,0.08
1.8499,-1.6,0.12
1.8499,-1.6,0.12
1.8499,-1.6,0.12
1.8499,-1.56,0.12
1.85,-1.6,0.08
1.85,-1.6,0.08
1.85,-1.6,0.12
1.85,-1.56,0.12
1.85,-1.6,0.12
1.85,-1.56,0.16
1.85,-1.6,0.12
1.85,-1.6,0.08
1.85,-1.6,0.08
1.85,-1.6,0.12
1.8501,-1.56,0.12
1.8501,-1.56,0.12
1.8501,-1.56,0.12
1.8501,-1.56,0.16
1.8501,-1.6,0.16
1.8501,-1.52,0.12
1.8501,-1.52,0.16
1.8501,-1.6,0.16
1.8501,-1.56,0.16
1.8501,-1.52,0.16
1.8502,-1.56,0.12
1.8502,-1.6,0.12
1.8502,-1.6,0.16
1.8502,-1.56,0.16
1.8502,-1.56,0.12
1.8502,-1.56,0.12
1.8502,-1.56,0.08
1.8502,-1.52,0.12
1.8502,-1.56,0.04
1.8502,-1.6,0.12
1.8503,-1.6,0.16
1.8503,-1.52,0.16
1.8503,-1.6,0.08
1.8503,-1.6,0.12
1.8503,-1.52,0.12
1.8503,-1.56,0.12
1.8503,-1.64,0.12
1.8503,-1.6,0.16
1.8503,-1.6,0.16
1.8503,-1.6,0.16
1.8503,-1.56,0.16
1.8504,-1.56,0.12
1.8504,-1.52,0.12
1.8504,-1.56,0.04
1.8504,-1.56,0.08
1.8504,-1.56,0.04
1.8504,-1.56,0.08
1.8504,-1.56,0.08
1.8504,-1.56,0.08
1.8504,-1.56,0.12
1.8504,-1.6,0.16
1.8505,-1.56,0.12
1.8505,-1.56,0.12
1.8505,-1.56,0.12
1.8505,-1.6,0.08
1.8505,-1.6,0.08
1.8505,-1.64,0.08
1.8505,-1.56,0.08
1.8505,-1.6,0.12
1.8505,-1.6,0.12
1.8505,-1.6,0.08
1.8506,-1.6,0.08
1.8506,-1.6,0.12
1.8506,-1.56,0.12
1.8506,-1.56,0.16
1.8506,-1.6,0.16
1.8506,-1.64,0.16
1.8506,-1.6,0.16
1.8506,-1.56,0.16
1.8506,-1.6,0.12
1.8506,-1.6,0.08
1.8507,-1.56,0.08
1.8507,-1.6,0.12
1.8507,-1.64,0.08
1.8507,-1.6,0.08
1.8507,-1.64,0.08
1.8507,-1.6,0.12
1.8507,-1.6,0.08
1.8507,-1.56,0.16
1.8507,-1.56,0.12
1.8507,-1.6,0.08
1.8508,-1.6,0.08
1.8508,-1.56,0.08
1.8508,-1.6,0.12
1.8508,-1.6,0.12
1.8508,-1.56,0.08
1.8508,-1.56,0.12
1.8508,-1.56,0.12
1.8508,-1.56,0.08
1.8508,-1.56,0.08
1.8508,-1.56,0.16
1.8509,-1.56,0.12
1.8509,-1.56,0.12
1.8509,-1.6,0.16
1.8509,-1.6,0.08
1.8509,-1.6,0.12
1.8509,-1.6,0.12
1.8509,-1.6,0.12
1.8509,-1.56,0.12
1.8509,-1.52,0.08
1.8509,-1.56,0.12
1.851,-1.52,0.08
1.851,-1.52,0.12
1.851,-1.6,0.08
1.851,-1.6,0.12
1.851,-1.56,0.08
1.851,-1.56,0.16
1.851,-1.56,0.12
1.851,-1.56,0.12
1.851,-1.52,0.08
1.851,-1.52,0.12
1.8511,-1.56,0.12
1.8511,-1.56,0.12
1.8511,-1.56,0.16
1.8511,-1.56,0.12
1.8511,-1.56,0.12
1.8511,-1.52,0.08
1.8511,-1.52,0.12
1.8511,-1.56,0.12
1.8511,-1.56,0.12
1.8511,-1.56,0.08
1.8512,-1.56,0.08
1.8512,-1.56,0.12
1.8512,-1.6,0.08
1.8512,-1.6,0.08
1.8512,-1.6,0.12
1.8512,-1.56,0.12
1.8512,-1.6,0.08
1.8512,-1.56,0.12
1.8512,-1.56,0.12
1.8512,-1.52,0.12
1.8513,-1.56,0.12
1.8513,-1.52,0.16
1.8513,-1.56,0.12
1.8513,-1.6,0.12
1.8513,-1.6,0.08
1.8513,-1.56,0.08
1.8513,-1.6,0.08
1.8513,-1.6,0.08
1.8513,-1.56,0.08
1.8513,-1.56,0.12
1.8514,-1.6,0.12
1.8514,-1.56,0.12
1.8514,-1.6,0.04
1.8514,-1.56,0.04
1.8514,-1.56,0.12
1.8514,-1.52,0.08
1.8514,-1.56,0.12
1.8514,-1.52,0.12
1.8514,-1.6,0.08
1.8514,-1.6,0.08
1.8515,-1.56,0.08
1.8515,-1.56,0.08
1.8515,-1.52,0.12
1.8515,-1.56,0.12
1.8515,-1.52,0.12
1.8515,-1.52,0.12
1.8515,-1.52,0.12
1.8515,-1.48,0.12
1.8515,-1.52,0.12
1.8515,-1.52,0.12
1.8516,-1.6,0.16
1.8516,-1.56,0.16
1.8516,-1.56,0.12
1.8516,-1.52,0.16
1.8516,-1.52,0.12
1.8516,-1.56,0.16
1.8516,-1.56,0.08
1.8516,-1.56,0.08
1.8516,-1.56,0.12
1.8516,-1.52,0.12
1.8517,-1.56,0.12
1.8517,-1.56,0.08
1.8517,-1.56,0.08
1.8517,-1.56,0.08
1.8517,-1.52,0.04
1.8517,-1.52,0.12
1.8517,-1.52,0.12
1.8517,-1.52,0.08
1.8517,-1.52,0.12
1.8518,-1.56,0.08
1.8518,-1.56,0.12
1.8518,-1.6,0.12
1.8518,-1.52,0.12
1.8518,-1.48,0.08
1.8518,-1.52,0.12
1.8518,-1.56,0.12
1.8518,-1.56,0.08
1.8518,-1.52,0.08
1.8518,-1.52,0.12
1.8519,-1.52,0.12
1.8519,-1.56,0.12
1.8519,-1.56,0.16
1.8519,-1.56,0.16
1.8519,-1.52,0.12
1.8519,-1.56,0.12
1.8519,-1.56,0.12
1.8519,-1.6,0.12
1.8519,-1.6,0.12
1.8519,-1.52,0.12
1.852,-1.52,0.12
1.852,-1.56,0.12
1.852,-1.6,0.12
1.852,-1.56,0.12
1.852,-1.6,0.16
1.852,-1.56,0.16
1.852,-1.56,0.12
1.852,-1.56,0.08
1.852,-1.56,0.08
1.852,-1.56,0.08
1.8521,-1.56,0.08
1.8521,-1.56,0.12
1.8521,-1.56,0.12
1.8521,-1.52,0.12
1.8521,-1.6,0.12
1.8521,-1.48,0.12
1.8521,-1.52,0.12
1.8521,-1.56,0.12
1.8521,-1.6,0.16
1.8521,-1.6,0.12
1.8522,-1.6,0.12
1.8522,-1.6,0.12
1.8522,-1.6,0.12
1.8522,-1.56,0.12
1.8522,-1.52,0.16
1.8522,-1.56,0.12
1.8522,-1.56,0.16
1.8522,-1.56,0.12
1.8522,-1.56,0.12
1.8522,-1.56,0.16
1.8523,-1.56,0.12
1.8523,-1.56,0.08
1.8523,-1.56,0.08
1.8523,-1.56,0.08
1.8523,-1.56,0.12
1.8523,-1.52,0.08
1.8523,-1.56,0.08
1.8523,-1.52,0.12
1.8523,-1.56,0.12
1.8523,-1.52,0.12
1.8523,-1.52,0.12
1.8524,-1.52,0.08
1.8524,-1.52,0.12
1.8524,-1.56,0.16
1.8524,-1.52,0.12
1.8524,-1.52,0.08
1.8524,-1.56,0.08
1.8524,-1.56,0.08
1.8524,-1.56,0.08
1.8524,-1.56,0.08
1.8524,-1.52,0.08
1.8525,-1.6,0.16
1.8525,-1.6,0.12
1.8525,-1.6,0.04
1.8525,-1.52,0.04
