0.00396,-2.2,0.08
0.003964,-2.16,0.08
0.003968,-2.16,0.1
0.003972,-2.18,0.12
0.003976,-2.14,0.14
0.00398,-2.1,0.14
0.003984,-2.06,0.18
0.003988,-2.06,0.18
0.003992,-2.1,0.18
0.003996,-2.12,0.18
0.004,-2.1,0.16
0.004004,-2.1,0.18
0.004008,-2.1,0.14
0.004012,-2.12,0.12
0.004016,-2.18,0.1
0.00402,-2.16,0.1
0.004024,-2.1,0.16
0.004028,-2.08,0.14
0.004032,-2.08,0.1
0.004036,-2.12,0.1
0.00404,-2.12,0.06
0.004044,-2.1,0.06
0.004048,-2.04,0.12
0.004052,-2.06,0.18
0.004056,-2.08,0.16
0.00406,-2.1,0.14
0.004064,-2.1,0.14
0.004068,-2.08,0.14
0.004072,-2.06,0.1
0.004076,-2.04,0.14
0.00408,-2.1,0.14
0.004084,-2.12,0.12
0.004088,-2.12,0.14
0.004092,-2.1,0.14
0.004096,-2.1,0.14
0.0041,-2.12,0.1
0.004104,-2.12,0.08
0.004108,-2.1,0.06
0.004112,-2.06,0.06
0.004116,-2.1,0.06
0.00412,-2.14,0.06
0.004124,-2.18,0.06
0.004128,-2.2,0.12
0.004132,-2.16,0.1
0.004136,-2.16,0.1
0.00414,-2.18,0.1
0.004144,-2.18,0.14
0.004148,-2.22,0.18
0.004152,-2.2,0.14
0.004156,-2.16,0.12
0.00416,-2.16,0.14
0.004164,-2.18,0.1
0.004168,-2.18,0.1
0.004172,-2.12,0.1
0.004176,-2.1,0.1
0.00418,-2.08,0.08
0.004184,-2.1,0.12
0.004188,-2.14,0.1
0.004192,-2.14,0.08
0.004196,-2.14,0.08
0.0042,-2.12,0.06
0.004204,-2.1,0.04
0.004208,-2.14,0.04
0.004212,-2.14,0.06
0.004216,-2.12,0.1
0.00422,-2.12,0.12
0.004224,-2.12,0.1
0.004228,-2.16,0.08
0.004232,-2.14,0.06
0.004236,-2.12,0.04
0.00424,-2.1,0.06
0.004244,-2.1,0.04
0.004248,-2.1,0.02
0.004252,-2.12,0.06
0.004256,-2.12,0.06
0.00426,-2.12,0.06
0.004264,-2.1,0.04
0.004268,-2.1,0.02
0.004272,-2.14,0.04
0.004276,-2.12,0.04
0.00428,-2.06,0.08
0.004284,-2.04,0.08
0.004288,-2.04,0.08
0.004292,-2.08,0.06
0.004296,-2.12,0.06
0.0043,-2.1,0.06
0.004304,-2.08,0.08
0.004308,-2.1,0.04
0.004312,-2.12,0.06
0.004316,-2.1,0.12
0.00432,-2.1,0.1
0.004324,-2.06,0.06
0.004328,-2.04,0.06
0.004332,-2.06,0.06
0.004336,-2.08,0.06
0.00434,-2.14,0.02
0.004344,-2.14,0.04
0.004348,-2.14,-0.02
0.004352,-2.12,-0.04
0.004356,-2.16,-0.04
0.00436,-2.14,-0.02
0.004364,-2.14,0
0.004368,-2.16,0
0.004372,-2.16,0
0.004376,-2.16,0.02
0.00438,-2.18,0
0.004384,-2.16,0
0.004388,-2.1,0
0.004392,-2.12,0.02
0.004396,-2.14,0.06
0.0044,-2.18,0.04
0.004404,-2.18,0.08
0.004408,-2.2,0.06
0.004412,-2.14,0.06
0.004416,-2.12,0
0.00442,-2.1,0.02
0.004424,-2.1,0.02
0.004428,-2.14,0.06
0.004432,-2.16,0.06
0.004436,-2.16,0.06
0.00444,-2.16,0.06
0.004444,-2.2,0.04
0.004448,-2.22,0.04
0.004452,-2.22,0.02
0.004456,-2.18,-0.02
0.00446,-2.12,0
0.004464,-2.12,-0.02
0.004468,-2.16,0
0.004472,-2.16,0.02
0.004476,-2.16,0.02
0.00448,-2.18,0.02
0.004484,-2.18,-0.02
0.004488,-2.18,-0.04
0.004492,-2.18,-0.02
0.004496,-2.14,0.02
0.0045,-2.12,0.02
0.004504,-2.14,-0.02
0.004508,-2.12,0
0.004512,-2.16,0.02
0.004516,-2.12,0
0.00452,-2.14,0
0.004524,-2.14,0.04
0.004528,-2.18,0.04
0.004532,-2.24,0.06
0.004536,-2.26,0.04
0.00454,-2.22,0.04
0.004544,-2.18,0.02
0.004548,-2.16,0
0.004552,-2.18,0
0.004556,-2.2,-0.02
0.00456,-2.22,0.02
0.004564,-2.22,0.02
0.004568,-2.26,0.02
0.004572,-2.26,0.02
0.004576,-2.28,0.02
0.00458,-2.22,0
0.004584,-2.2,0
0.004588,-2.16,-0.02
0.004592,-2.16,0
0.004596,-2.18,0
0.0046,-2.22,0.02
0.004604,-2.2,0.02
0.004608,-2.16,0.04
0.004612,-2.16,0.02
0.004616,-2.2,0.04
0.00462,-2.2,0.06
0.004624,-2.2,0.04
0.004628,-2.18,0.02
0.004632,-2.2,0
0.004636,-2.22,0.04
0.00464,-2.2,0.1
0.004644,-2.22,0.1
0.004648,-2.16,0.06
0.004652,-2.12,0.06
0.004656,-2.12,0.06
0.00466,-2.16,0.06
0.004664,-2.2,0.02
0.004668,-2.16,0.04
0.004672,-2.16,0.04
0.004676,-2.2,0.02
0.00468,-2.2,0
0.004684,-2.2,0.02
0.004688,-2.2,0.04
0.004692,-2.18,0.02
0.004696,-2.14,0
0.0047,-2.18,-0.02
0.004704,-2.16,0
0.004708,-2.18,0.02
0.004712,-2.16,0
0.004716,-2.18,0.02
0.00472,-2.16,0.04
0.004724,-2.16,0.06
0.004728,-2.14,0.08
0.004732,-2.1,0.08
0.004736,-2.06,0.1
0.00474,-2.1,0.06
0.004744,-2.14,0.02
0.004748,-2.18,0
0.004752,-2.14,0.02
0.004756,-2.12,0.02
0.00476,-2.12,0.04
0.004764,-2.16,0.06
0.004768,-2.16,0.1
0.004772,-2.16,0.08
0.004776,-2.16,0.12
0.00478,-2.14,0.14
0.004784,-2.16,0.1
0.004788,-2.2,0.08
0.004792,-2.12,0.06
0.004796,-2.12,0.06
0.0048,-2.12,0.04
0.004804,-2.16,0.04
0.004808,-2.2,0.02
0.004812,-2.22,0
0.004816,-2.2,-0.02
0.00482,-2.2,-0.02
0.004824,-2.18,-0.04
0.004828,-2.2,-0.04
0.004832,-2.26,0
0.004836,-2.24,0.02
0.00484,-2.22,0.02
0.004844,-2.16,0.06
0.004848,-2.14,0.06
0.004852,-2.22,0.04
0.004856,-2.22,0.06
0.00486,-2.22,0.04
0.004864,-2.26,0.06
0.004868,-2.22,0.02
0.004872,-2.24,0
0.004876,-2.24,0.04
0.00488,-2.22,0.06
0.004884,-2.18,0.1
0.004888,-2.18,0.08
0.004892,-2.22,0.06
0.004896,-2.24,0.02
0.0049,-2.22,0.02
0.004904,-2.2,-0.02
0.004908,-2.2,0.04
0.004912,-2.2,0.02
0.004916,-2.22,0
0.00492,-2.22,0.04
0.004924,-2.26,0.08
0.004928,-2.2,0.06
0.004932,-2.16,0.02
0.004936,-2.16,0.02
0.00494,-2.2,0.04
0.004944,-2.22,0.04
0.004948,-2.22,0.02
0.004952,-2.22,0.06
0.004956,-2.24,0.1
0.00496,-2.26,0.08
0.004964,-2.24,0.06
0.004968,-2.24,0.06
0.004972,-2.22,0.08
0.004976,-2.26,0.04
0.00498,-2.32,0.06
0.004984,-2.3,0.02
0.004988,-2.3,0.02
0.004992,-2.26,-0.02
0.004996,-2.22,-0.06
0.005,-2.28,-0.04
0.005004,-2.28,0
0.005008,-2.26,0
0.005012,-2.22,-0.02
0.005016,-2.2,-0.02
0.00502,-4.8,-2.52
0.005024,-4.8,-2.52
0.005028,-4.8,-2.52
0.005032,-4.8,2.56
0.005036,-4.8,2.56
0.00504,-4.8,2.56
0.005044,-4.8,2.56
0.005048,-4.8,2.56
0.005052,-4.8,2.56
0.005056,-4.8,2.56
0.00506,-4.8,2.56
0.005064,-4.8,2.56
0.005068,-4.8,2.56
0.005072,-4.8,2.56
0.005076,-4.8,2.56
0.00508,-4.8,2.56
0.005084,-4.8,2.56
0.005088,-4.8,2.56
0.005092,-4.8,2.56
0.005096,-4.8,2.56
0.0051,-4.8,2.56
0.005104,-4.8,2.56
0.005108,-4.8,2.56
0.005112,-4.8,2.56
0.005116,-4.8,2.56
0.00512,-4.8,2.56
0.005124,-4.8,2.56
0.005128,-4.8,2.56
0.005132,-4.8,2.56
0.005136,-4.8,2.56
0.00514,-4.8,2.56
0.005144,-4.8,2.56
0.005148,-4.8,2.56
0.005152,-4.8,2.56
0.005156,-4.8,2.56
0.00516,-4.8,2.56
0.005164,-4.8,2.56
0.005168,-4.8,2.56
0.005172,-4.8,2.56
0.005176,-4.8,2.56
0.00518,-4.8,2.56
0.005184,-4.8,2.56
0.005188,-4.8,2.56
0.005192,-4.8,2.56
0.005196,-4.8,2.56
0.0052,-4.8,2.56
0.005204,-4.8,2.56
0.005208,-4.8,2.56
0.005212,-4.8,2.56
0.005216,-4.8,2.56
0.00522,-4.8,2.56
0.005224,-4.8,2.56
0.005228,-4.8,2.56
0.005232,-4.8,2.56
0.005236,-4.8,2.56
0.00524,-4.8,2.56
0.005244,-4.8,2.56
0.005248,-4.8,2.56
0.005252,-4.8,2.56
0.005256,-4.8,2.56
0.00526,-4.8,2.56
0.005264,-4.8,2.56
0.005268,-4.8,2.56
0.005272,-4.8,2.56
0.005276,-4.8,2.56
0.00528,-4.8,2.08
0.005284,-4.8,-0.34
0.005288,-4.8,-1.32
0.005292,-4.8,-1.36
0.005296,-4.8,-0.82
0.0053,-4.8,-0.04
0.005304,-4.8,0.66
0.005308,-4.8,1.2
0.005312,-4.32,1.58
0.005316,-3.92,1.74
0.00532,-3.72,1.74
0.005324,-3.7,1.62
0.005328,-3.7,1.46
0.005332,-3.76,1.28
0.005336,-3.8,1.02
0.00534,-3.9,0.74
0.005344,-3.98,0.58
0.005348,-4.06,0.48
0.005352,-4.08,0.38
0.005356,-4.1,0.32
0.00536,-4.08,0.24
0.005364,-4,0.16
0.005368,-3.96,0.16
0.005372,-3.92,0.18
0.005376,-3.84,0.18
0.00538,-3.78,0.2
0.005384,-3.78,0.2
0.005388,-3.76,0.22
0.005392,-3.72,0.22
0.005396,-3.66,0.2
0.0054,-3.6,0.18
0.005404,-3.56,0.18
0.005408,-3.54,0.14
0.005412,-3.5,0.12
0.005416,-3.48,0.04
0.00542,-3.46,0.02
0.005424,-3.42,-0.02
0.005428,-3.42,0
0.005432,-3.4,0
0.005436,-3.42,-0.02
0.00544,-3.4,-0.04
0.005444,-3.4,-0.04
0.005448,-3.38,-0.02
0.005452,-3.4,-0.06
0.005456,-3.36,-0.06
0.00546,-3.32,-0.06
0.005464,-3.32,-0.06
0.005468,-3.34,-0.06
0.005472,-3.32,-0.08
0.005476,-3.28,-0.06
0.00548,-3.24,-0.06
0.005484,-3.22,-0.06
0.005488,-3.24,-0.08
0.005492,-3.28,-0.08
0.005496,-3.26,-0.08
0.0055,-3.3,-0.1
0.005504,-3.28,-0.12
0.005508,-3.24,-0.12
0.005512,-3.2,-0.12
0.005516,-3.18,-0.1
0.00552,-3.18,-0.08
0.005524,-3.14,-0.08
0.005528,-3.12,-0.12
0.005532,-3.08,-0.16
0.005536,-3.14,-0.16
0.00554,-3.2,-0.18
0.005544,-3.2,-0.16
0.005548,-3.16,-0.16
0.005552,-3.16,-0.16
0.005556,-3.18,-0.12
0.00556,-3.2,-0.12
0.005564,-3.16,-0.12
0.005568,-3.14,-0.14
0.005572,-3.12,-0.16
0.005576,-3.18,-0.18
0.00558,-3.22,-0.18
0.005584,-3.22,-0.16
0.005588,-3.18,-0.12
0.005592,-3.14,-0.1
0.005596,-3.12,-0.12
0.0056,-3.12,-0.16
0.005604,-3.16,-0.16
0.005608,-3.1,-0.12
0.005612,-3.06,-0.1
0.005616,-3.02,-0.12
0.00562,-3.02,-0.16
0.005624,-3.06,-0.16
0.005628,-3.12,-0.12
0.005632,-3.12,-0.06
0.005636,-3.12,-0.02
0.00564,-3.12,-0.08
0.005644,-3.12,-0.14
0.005648,-3.14,-0.1
0.005652,-3.08,-0.12
0.005656,-3.04,-0.12
0.00566,-3.08,-0.08
0.005664,-3.08,-0.02
0.005668,-3.12,-0.02
0.005672,-3.1,-0.04
0.005676,-3.04,-0.04
0.00568,-3.04,-0.06
0.005684,-3.06,-0.04
0.005688,-3.14,-0.08
0.005692,-3.18,-0.04
0.005696,-3.16,-0.02
0.0057,-3.08,-0.02
0.005704,-3.08,-0.04
0.005708,-3.08,-0.04
0.005712,-3.1,-0.08
0.005716,-3.08,-0.12
0.00572,-3.08,-0.18
0.005724,-3.12,-0.18
0.005728,-3.12,-0.16
0.005732,-3.12,-0.12
0.005736,-3.1,-0.06
0.00574,-3.04,-0.02
0.005744,-3.02,0.02
0.005748,-3.04,0.04
0.005752,-3.1,0.02
0.005756,-3.1,0
0.00576,-3.08,-0.04
0.005764,-3.08,-0.04
0.005768,-3.08,-0.04
0.005772,-3.08,0
0.005776,-3.06,0
0.00578,-3.04,0.02
0.005784,-3,-0.04
0.005788,-3,-0.06
0.005792,-3,-0.04
0.005796,-3.04,-0.02
0.0058,-3.06,-0.04
0.005804,-3.02,-0.06
0.005808,-2.96,-0.04
0.005812,-2.98,0.04
0.005816,-2.96,0.06
0.00582,-3.02,0.06
0.005824,-2.98,0.02
0.005828,-2.96,0.04
0.005832,-2.96,0.08
0.005836,-3.02,0.06
0.00584,-3.06,0.04
0.005844,-3.08,0.06
0.005848,-3.02,0.08
0.005852,-2.98,0.08
0.005856,-2.94,0.1
0.00586,-2.94,0.12
0.005864,-2.96,0.14
0.005868,-2.94,0.16
0.005872,-2.96,0.12
0.005876,-3,0.06
0.00588,-3,0.06
0.005884,-2.98,0.08
0.005888,-2.94,0.12
0.005892,-2.94,0.14
0.005896,-2.96,0.16
0.0059,-3.02,0.2
0.005904,-3.1,0.18
0.005908,-3.06,0.14
0.005912,-3.02,0.18
0.005916,-3.02,0.14
0.00592,-3.02,0.16
0.005924,-3.02,0.16
0.005928,-3,0.16
0.005932,-2.94,0.18
0.005936,-2.88,0.18
0.00594,-2.88,0.14
0.005944,-2.96,0.14
0.005948,-3,0.18
0.005952,-3,0.2
0.005956,-3.02,0.24
0.00596,-2.98,0.26
0.005964,-3.02,0.26
0.005968,-3.02,0.3
0.005972,-3,0.28
0.005976,-2.98,0.26
0.00598,-2.92,0.28
0.005984,-2.98,0.3
0.005988,-3,0.26
0.005992,-3.02,0.24
0.005996,-3.02,0.26
0.006,-3,0.28
0.006004,-2.98,0.34
0.006008,-2.96,0.32
0.006012,-2.96,0.28
0.006016,-2.94,0.3
0.00602,-2.88,0.28
0.006024,-2.88,0.24
0.006028,-2.9,0.24
0.006032,-2.96,0.28
0.006036,-2.94,0.28
0.00604,-2.92,0.34
0.006044,-2.9,0.34
0.006048,-2.9,0.3
0.006052,-2.94,0.32
0.006056,-2.88,0.38
0.00606,-2.86,0.38
0.006064,-2.88,0.34
0.006068,-2.86,0.38
0.006072,-2.88,0.36
0.006076,-2.88,0.4
0.00608,-2.86,0.44
0.006084,-2.84,0.44
0.006088,-2.84,0.42
0.006092,-2.86,0.4
0.006096,-2.88,0.42
0.0061,-2.88,0.4
0.006104,-2.88,0.4
0.006108,-2.86,0.42
0.006112,-2.82,0.44
0.006116,-2.78,0.46
0.00612,-2.76,0.46
0.006124,-2.78,0.46
0.006128,-2.76,0.44
0.006132,-2.78,0.44
0.006136,-2.84,0.4
0.00614,-2.88,0.36
0.006144,-2.9,0.4
0.006148,-2.84,0.44
0.006152,-2.8,0.46
0.006156,-2.76,0.46
0.00616,-2.78,0.46
0.006164,-2.76,0.44
0.006168,-2.76,0.46
0.006172,-2.76,0.48
0.006176,-2.76,0.5
0.00618,-2.74,0.5
0.006184,-2.74,0.5
0.006188,-2.72,0.5
0.006192,-2.66,0.5
0.006196,-2.66,0.5
0.0062,-2.68,0.5
0.006204,-2.72,0.5
0.006208,-2.72,0.48
0.006212,-2.7,0.48
0.006216,-2.68,0.54
0.00622,-2.68,0.58
0.006224,-2.68,0.56
0.006228,-2.68,0.56
0.006232,-2.68,0.56
0.006236,-2.66,0.54
0.00624,-2.64,0.46
0.006244,-2.62,0.46
0.006248,-2.64,0.46
0.006252,-2.62,0.46
0.006256,-2.64,0.46
0.00626,-2.62,0.5
0.006264,-2.64,0.54
0.006268,-2.66,0.54
0.006272,-2.64,0.58
0.006276,-2.64,0.58
0.00628,-2.64,0.54
0.006284,-2.68,0.54
0.006288,-2.68,0.54
0.006292,-2.68,0.56
0.006296,-2.62,0.54
0.0063,-2.6,0.48
0.006304,-2.58,0.48
0.006308,-2.58,0.5
0.006312,-2.6,0.46
0.006316,-2.58,0.52
0.00632,-2.6,0.52
0.006324,-2.58,0.5
0.006328,-2.56,0.54
0.006332,-2.6,0.54
0.006336,-2.62,0.54
0.00634,-2.6,0.56
0.006344,-2.56,0.58
0.006348,-2.52,0.56
0.006352,-2.52,0.54
0.006356,-2.52,0.56
0.00636,-2.46,0.56
0.006364,-2.44,0.52
0.006368,-2.44,0.54
0.006372,-2.48,0.54
0.006376,-2.52,0.56
0.00638,-2.48,0.6
0.006384,-2.46,0.62
0.006388,-2.5,0.62
0.006392,-2.48,0.64
0.006396,-2.48,0.64
0.0064,-2.46,0.62
0.006404,-2.48,0.58
0.006408,-2.48,0.54
0.006412,-2.52,0.5
0.006416,-2.54,0.5
0.00642,-2.58,0.5
0.006424,-2.56,0.5
0.006428,-2.52,0.52
0.006432,-2.5,0.5
0.006436,-2.48,0.54
0.00644,-2.48,0.56
0.006444,-2.44,0.58
0.006448,-2.38,0.56
0.006452,-2.32,0.58
0.006456,-2.36,0.62
0.00646,-2.42,0.62
0.006464,-2.44,0.6
0.006468,-2.4,0.6
0.006472,-2.36,0.62
0.006476,-2.36,0.6
0.00648,-2.42,0.52
0.006484,-2.44,0.46
0.006488,-2.42,0.5
0.006492,-2.4,0.52
0.006496,-2.4,0.5
0.0065,-2.44,0.52
0.006504,-2.44,0.48
0.006508,-2.46,0.46
0.006512,-2.42,0.46
0.006516,-2.42,0.48
0.00652,-2.42,0.48
0.006524,-2.4,0.48
0.006528,-2.36,0.54
0.006532,-2.34,0.54
0.006536,-2.32,0.58
0.00654,-2.3,0.58
0.006544,-2.32,0.56
0.006548,-2.34,0.52
0.006552,-2.34,0.5
0.006556,-2.34,0.5
0.00656,-2.34,0.48
0.006564,-2.36,0.48
0.006568,-2.36,0.44
0.006572,-2.34,0.42
0.006576,-2.28,0.44
0.00658,-2.26,0.44
0.006584,-2.28,0.44
0.006588,-2.32,0.46
0.006592,-2.3,0.44
0.006596,-2.26,0.44
0.0066,-2.26,0.36
0.006604,-2.26,0.38
0.006608,-2.34,0.4
0.006612,-2.38,0.4
0.006616,-2.38,0.44
0.00662,-2.3,0.44
0.006624,-2.3,0.44
0.006628,-2.32,0.44
0.006632,-2.3,0.46
0.006636,-2.26,0.44
0.00664,-2.28,0.46
0.006644,-2.28,0.48
0.006648,-2.3,0.46
0.006652,-2.3,0.42
0.006656,-2.32,0.42
0.00666,-2.28,0.44
0.006664,-2.24,0.44
0.006668,-2.2,0.44
0.006672,-2.22,0.44
0.006676,-2.24,0.38
0.00668,-2.2,0.42
0.006684,-2.18,0.42
0.006688,-2.2,0.38
0.006692,-2.22,0.4
0.006696,-2.22,0.4
0.0067,-2.22,0.4
0.006704,-2.22,0.4
0.006708,-2.22,0.4
0.006712,-2.22,0.4
0.006716,-2.2,0.38
0.00672,-2.2,0.32
0.006724,-2.18,0.28
0.006728,-2.14,0.26
0.006732,-2.14,0.28
0.006736,-2.12,0.32
0.00674,-2.16,0.36
0.006744,-2.12,0.36
0.006748,-2.12,0.32
0.006752,-2.1,0.32
0.006756,-2.14,0.28
0.00676,-2.18,0.28
0.006764,-2.2,0.34
0.006768,-2.18,0.34
0.006772,-2.18,0.34
0.006776,-2.18,0.32
0.00678,-2.22,0.34
0.006784,-2.24,0.36
0.006788,-2.24,0.34
0.006792,-2.2,0.32
0.006796,-2.22,0.3
0.0068,-2.26,0.28
0.006804,-2.28,0.22
0.006808,-2.3,0.2
0.006812,-2.26,0.24
0.006816,-2.16,0.28
0.00682,-2.16,0.32
0.006824,-2.18,0.3
0.006828,-2.16,0.32
0.006832,-2.16,0.32
0.006836,-2.16,0.3
0.00684,-2.18,0.3
0.006844,-2.24,0.28
0.006848,-2.3,0.32
0.006852,-2.26,0.28
0.006856,-2.16,0.32
0.00686,-2.14,0.32
0.006864,-2.12,0.32
0.006868,-2.12,0.28
0.006872,-2.14,0.28
0.006876,-2.12,0.26
0.00688,-2.14,0.3
0.006884,-2.14,0.28
0.006888,-2.16,0.28
0.006892,-2.14,0.28
0.006896,-2.08,0.28
0.0069,-2.06,0.26
0.006904,-2.1,0.26
0.006908,-2.16,0.26
0.006912,-2.2,0.24
0.006916,-2.18,0.22
0.00692,-2.18,0.24
0.006924,-2.22,0.26
0.006928,-2.2,0.32
0.006932,-2.18,0.32
0.006936,-2.14,0.3
0.00694,-2.12,0.28
0.006944,-2.1,0.28
0.006948,-2.14,0.24
0.006952,-2.18,0.22
0.006956,-2.26,0.22
0.00696,-2.22,0.22
0.006964,-2.16,0.22
0.006968,-2.12,0.16
0.006972,-2.16,0.16
0.006976,-2.16,0.2
0.00698,-2.18,0.2
0.006984,-2.16,0.18
0.006988,-2.12,0.12
0.006992,-2.14,0.1
0.006996,-2.18,0.1
0.007,-2.2,0.14
0.007004,-2.16,0.12
0.007008,-2.12,0.1
0.007012,-2.16,0.14
0.007016,-2.22,0.2
0.00702,-2.22,0.2
0.007024,-2.22,0.22
0.007028,-2.18,0.22
0.007032,-2.16,0.22
0.007036,-2.16,0.18
0.00704,-2.18,0.16
0.007044,-2.2,0.16
0.007048,-2.16,0.22
0.007052,-2.14,0.18
0.007056,-2.2,0.18
0.00706,-2.24,0.22
0.007064,-2.22,0.22
0.007068,-2.22,0.18
0.007072,-2.22,0.14
0.007076,-2.22,0.1
0.00708,-2.24,0.1
0.007084,-2.26,0.08
0.007088,-2.26,0.08
0.007092,-2.22,0.1
0.007096,-2.18,0.12
0.0071,-2.2,0.14
0.007104,-2.2,0.12
0.007108,-2.22,0.1
0.007112,-2.2,0.1
0.007116,-2.18,0.14
0.00712,-2.16,0.16
0.007124,-2.18,0.12
0.007128,-2.2,0.1
0.007132,-2.2,0.1
0.007136,-2.22,0.14
0.00714,-2.24,0.14
0.007144,-2.26,0.1
0.007148,-2.28,0.1
0.007152,-2.28,0.08
0.007156,-2.22,0.04
0.00716,-2.22,0.02
0.007164,-2.24,-0.02
0.007168,-2.26,0.02
0.007172,-2.28,0.08
0.007176,-2.26,0.12
0.00718,-2.2,0.14
0.007184,-2.22,0.1
0.007188,-2.28,0.08
0.007192,-2.28,0.1
0.007196,-2.28,0.12
0.0072,-2.24,0.12
0.007204,-2.22,0.08
0.007208,-2.26,0.1
0.007212,-2.26,0.06
0.007216,-2.26,0.1
0.00722,-2.24,0.1
0.007224,-2.26,0.08
0.007228,-2.3,0.1
0.007232,-2.3,0.12
0.007236,-2.3,0.1
0.00724,-2.3,0.1
0.007244,-2.28,0.1
0.007248,-2.24,0.08
0.007252,-2.2,0.08
0.007256,-2.22,0.02
0.00726,-2.22,0
0.007264,-2.22,0.02
0.007268,-2.22,0.04
0.007272,-2.22,0.02
0.007276,-2.24,0.02
0.00728,-2.26,0.02
0.007284,-2.26,0.06
0.007288,-2.26,0.06
0.007292,-2.3,0.04
0.007296,-2.32,0.02
0.0073,-2.32,0.02
0.007304,-2.3,0.02
0.007308,-2.24,0.06
0.007312,-2.24,0.06
0.007316,-2.28,0.06
0.00732,-2.3,0.1
0.007324,-2.32,0.1
0.007328,-2.26,0.12
0.007332,-2.28,0.1
0.007336,-2.32,0.1
0.00734,-2.36,0.06
0.007344,-2.38,0.04
0.007348,-2.38,0.02
0.007352,-2.36,0.06
0.007356,-2.32,0.1
0.00736,-2.32,0.1
0.007364,-2.3,0.12
0.007368,-2.26,0.14
0.007372,-2.22,0.2
0.007376,-2.16,0.22
0.00738,-2.2,0.18
0.007384,-2.24,0.14
0.007388,-2.26,0.1
0.007392,-2.26,0.08
0.007396,-2.26,0.04
0.0074,-2.26,0.04
0.007404,-2.26,0.08
0.007408,-2.3,0.1
0.007412,-2.32,0.08
0.007416,-2.3,0.1
0.00742,-2.28,0.1
0.007424,-2.32,0.08
0.007428,-2.34,0.14
0.007432,-2.36,0.14
0.007436,-2.38,0.14
0.00744,-2.36,0.1
0.007444,-2.36,0.1
0.007448,-2.36,0.1
0.007452,-2.38,0.06
0.007456,-2.34,0.06
0.00746,-2.28,0.04
0.007464,-2.3,0
0.007468,-2.32,-0.02
0.007472,-2.3,0.02
0.007476,-2.3,0.02
0.00748,-2.3,0
0.007484,-2.3,0.02
0.007488,-2.34,0.08
0.007492,-2.3,0.08
0.007496,-2.3,0.06
0.0075,-2.28,0.06
0.007504,-2.3,0.08
0.007508,-2.3,0.1
0.007512,-2.34,0.1
0.007516,-2.38,0.08
0.00752,-2.32,0.06
0.007524,-2.32,0.04
0.007528,-2.3,0.02
0.007532,-2.38,0.04
0.007536,-2.38,0.08
0.00754,-2.36,0.08
0.007544,-2.32,0.06
0.007548,-2.32,0.06
0.007552,-2.3,0.06
0.007556,-2.32,0.02
0.00756,-2.3,0.02
0.007564,-2.26,0.04
0.007568,-2.32,0.04
0.007572,-2.3,0.04
0.007576,-2.34,0.04
0.00758,-2.32,0.06
0.007584,-2.26,0.06
0.007588,-2.26,0.06
0.007592,-2.32,0.02
0.007596,-2.34,0.02
0.0076,-2.32,0.02
0.007604,-2.32,0.04
0.007608,-2.3,0.08
0.007612,-2.32,0.06
0.007616,-2.32,0.06
0.00762,-2.32,0.06
0.007624,-2.34,0.08
0.007628,-2.3,0.04
0.007632,-2.3,0.04
0.007636,-2.32,0.04
0.00764,-2.32,0.08
0.007644,-2.38,0.08
0.007648,-2.38,0.06
0.007652,-2.38,0.06
0.007656,-2.36,0.06
0.00766,-2.36,0.08
0.007664,-2.38,0.06
0.007668,-2.36,0.06
0.007672,-2.38,0.06
0.007676,-2.38,0.08
0.00768,-2.38,0.08
0.007684,-2.38,0.08
0.007688,-2.4,0.12
0.007692,-2.36,0.12
0.007696,-2.32,0.06
0.0077,-2.32,0.02
0.007704,-2.34,-0.02
0.007708,-2.32,0
0.007712,-2.3,-0.04
0.007716,-2.26,-0.02
0.00772,-2.28,-0.02
0.007724,-2.3,0.02
0.007728,-2.38,0.04
0.007732,-2.36,0.02
0.007736,-2.32,-0.02
0.00774,-2.32,0
0.007744,-2.36,0
0.007748,-2.38,-0.02
0.007752,-2.36,0
0.007756,-2.3,0.04
0.00776,-2.26,0.1
0.007764,-2.3,0.12
0.007768,-2.36,0.18
0.007772,-2.32,0.14
0.007776,-2.34,0.12
0.00778,-2.3,0.1
0.007784,-2.28,0.08
0.007788,-2.3,0.08
0.007792,-2.32,0.08
0.007796,-2.34,0.02
0.0078,-2.32,0.04
0.007804,-2.34,-0.02
0.007808,-2.34,-0.02
0.007812,-2.36,0
0.007816,-2.36,0.04
0.00782,-2.34,0.06
0.007824,-2.38,0.04
0.007828,-2.38,0.06
0.007832,-2.36,0.06
0.007836,-2.38,0.08
0.00784,-2.38,0.08
0.007844,-2.36,0.08
0.007848,-2.36,0.08
0.007852,-2.4,0.1
0.007856,-2.46,0.04
0.00786,-2.44,0.08
0.007864,-2.42,0.1
0.007868,-2.4,0.08
0.007872,-2.4,0.08
0.007876,-2.42,0.1
0.00788,-2.38,0.12
0.007884,-2.36,0.12
0.007888,-2.36,0.12
0.007892,-2.38,0.08
0.007896,-2.38,0.1
0.0079,-2.38,0.06
0.007904,-2.32,0.04
0.007908,-2.36,0.08
0.007912,-2.38,0.12
0.007916,-2.4,0.12
0.00792,-2.44,0.1
0.007924,-2.42,0.1
0.007928,-2.4,0.12
0.007932,-2.36,0.1
0.007936,-2.38,0.08
0.00794,-2.42,0.1
0.007944,-2.46,0.14
0.007948,-2.42,0.14
0.007952,-2.36,0.16
0.007956,-2.36,0.14
0.00796,-2.38,0.1
0.007964,-2.38,0.12
0.007968,-2.38,0.14
0.007972,-2.38,0.06
0.007976,-2.38,0.06
0.00798,-2.38,0.04
0.007984,-2.44,0.04
0.007988,-2.44,0.1
0.007992,-2.46,0.14
0.007996,-2.44,0.16
0.008,-2.42,0.12
0.008004,-2.42,0.08
0.008008,-2.42,0.06
0.008012,-2.44,0.06
0.008016,-2.42,0.1
0.00802,-2.4,0.14
0.008024,-2.4,0.16
0.008028,-2.36,0.18
0.008032,-2.32,0.16
0.008036,-2.28,0.16
0.00804,-2.32,0.14
0.008044,-2.36,0.14
0.008048,-2.4,0.14
0.008052,-2.4,0.1
0.008056,-2.38,0.1
0.00806,-2.36,0.1
0.008064,-2.34,0.08
0.008068,-2.38,0.14
0.008072,-2.38,0.16
0.008076,-2.38,0.18
0.00808,-2.36,0.18
0.008084,-2.38,0.18
0.008088,-2.46,0.24
0.008092,-2.5,0.24
0.008096,-2.48,0.24
0.0081,-2.46,0.22
0.008104,-2.46,0.18
0.008108,-2.44,0.14
0.008112,-2.46,0.12
0.008116,-2.44,0.14
0.00812,-2.4,0.14
0.008124,-2.38,0.16
0.008128,-2.38,0.12
0.008132,-2.42,0.14
0.008136,-2.4,0.18
0.00814,-2.38,0.18
0.008144,-2.38,0.18
0.008148,-2.42,0.16
0.008152,-2.46,0.16
0.008156,-2.44,0.14
0.00816,-2.42,0.16
0.008164,-2.38,0.16
0.008168,-2.38,0.16
0.008172,-2.44,0.16
0.008176,-2.44,0.14
0.00818,-2.44,0.14
0.008184,-2.4,0.16
0.008188,-2.38,0.22
0.008192,-2.38,0.22
0.008196,-2.4,0.2
0.0082,-2.42,0.22
0.008204,-2.42,0.18
0.008208,-2.42,0.16
0.008212,-2.38,0.22
0.008216,-2.42,0.22
0.00822,-2.44,0.2
0.008224,-2.46,0.18
0.008228,-2.38,0.2
0.008232,-2.4,0.2
0.008236,-2.38,0.2
0.00824,-2.4,0.24
0.008244,-2.42,0.26
0.008248,-2.38,0.26
0.008252,-2.38,0.26
0.008256,-2.4,0.22
0.00826,-2.46,0.18
0.008264,-2.52,0.2
0.008268,-2.46,0.22
0.008272,-2.42,0.2
0.008276,-2.44,0.22
0.00828,-2.44,0.24
0.008284,-2.44,0.24
0.008288,-2.44,0.28
0.008292,-2.38,0.3
0.008296,-2.34,0.32
0.0083,-2.36,0.28
0.008304,-2.4,0.28
0.008308,-2.42,0.26
0.008312,-2.42,0.28
0.008316,-2.38,0.3
0.00832,-2.38,0.28
0.008324,-2.4,0.22
0.008328,-2.4,0.16
0.008332,-2.38,0.16
0.008336,-2.38,0.18
0.00834,-2.36,0.2
0.008344,-2.36,0.22
0.008348,-2.4,0.22
0.008352,-2.42,0.28
0.008356,-2.44,0.3
0.00836,-2.42,0.26
0.008364,-2.42,0.26
0.008368,-2.46,0.28
0.008372,-2.44,0.32
0.008376,-2.38,0.36
0.00838,-2.34,0.32
0.008384,-2.36,0.32
0.008388,-2.38,0.34
0.008392,-2.4,0.32
0.008396,-2.42,0.32
0.0084,-2.4,0.28
0.008404,-2.38,0.24
0.008408,-2.36,0.24
0.008412,-2.36,0.24
0.008416,-2.38,0.26
0.00842,-2.38,0.26
0.008424,-2.34,0.24
0.008428,-2.34,0.24
0.008432,-2.36,0.26
0.008436,-2.36,0.26
0.00844,-2.36,0.28
0.008444,-2.38,0.26
0.008448,-2.38,0.28
0.008452,-2.4,0.28
0.008456,-2.38,0.26
0.00846,-2.36,0.28
0.008464,-2.36,0.3
0.008468,-2.32,0.32
0.008472,-2.32,0.3
0.008476,-2.36,0.32
0.00848,-2.4,0.32
0.008484,-2.38,0.32
0.008488,-2.34,0.32
0.008492,-2.34,0.3
0.008496,-2.38,0.32
0.0085,-2.42,0.28
0.008504,-2.42,0.32
0.008508,-2.36,0.32
0.008512,-2.36,0.34
0.008516,-2.36,0.36
0.00852,-2.34,0.38
0.008524,-2.28,0.42
0.008528,-2.26,0.42
0.008532,-2.26,0.44
0.008536,-2.28,0.4
0.00854,-2.32,0.38
0.008544,-2.38,0.36
0.008548,-2.34,0.32
0.008552,-2.3,0.32
0.008556,-2.3,0.38
0.00856,-2.32,0.38
0.008564,-2.3,0.36
0.008568,-2.28,0.38
0.008572,-2.3,0.38
0.008576,-2.28,0.4
0.00858,-2.3,0.42
0.008584,-2.3,0.42
0.008588,-2.32,0.44
0.008592,-2.3,0.44
0.008596,-2.3,0.42
0.0086,-2.3,0.4
0.008604,-2.32,0.4
0.008608,-2.34,0.38
0.008612,-2.3,0.38
0.008616,-2.26,0.4
0.00862,-2.26,0.36
0.008624,-2.22,0.36
0.008628,-2.24,0.36
0.008632,-2.2,0.34
0.008636,-2.2,0.36
0.00864,-2.18,0.4
0.008644,-2.24,0.4
0.008648,-2.3,0.38
0.008652,-2.28,0.38
0.008656,-2.26,0.38
0.00866,-2.26,0.4
0.008664,-2.22,0.38
0.008668,-2.22,0.36
0.008672,-2.22,0.38
0.008676,-2.22,0.36
0.00868,-2.22,0.34
0.008684,-2.26,0.36
0.008688,-2.3,0.32
0.008692,-2.28,0.32
0.008696,-2.26,0.34
0.0087,-2.2,0.32
0.008704,-2.16,0.36
0.008708,-2.16,0.4
0.008712,-2.16,0.4
0.008716,-2.18,0.38
0.00872,-2.18,0.36
0.008724,-2.18,0.4
0.008728,-2.16,0.38
0.008732,-2.22,0.36
0.008736,-2.24,0.34
0.00874,-2.2,0.36
0.008744,-2.16,0.38
0.008748,-2.16,0.36
0.008752,-2.12,0.34
0.008756,-2.16,0.36
0.00876,-2.14,0.34
0.008764,-2.12,0.32
0.008768,-2.1,0.34
0.008772,-2.12,0.38
0.008776,-2.16,0.42
0.00878,-2.14,0.42
0.008784,-2.14,0.42
0.008788,-2.14,0.36
0.008792,-2.14,0.36
0.008796,-2.14,0.34
0.0088,-2.16,0.32
0.008804,-2.12,0.34
0.008808,-2.06,0.3
0.008812,-2.06,0.32
0.008816,-2.1,0.32
0.00882,-2.14,0.32
0.008824,-2.12,0.36
0.008828,-2.08,0.36
0.008832,-2.12,0.36
0.008836,-2.16,0.38
0.00884,-2.18,0.36
0.008844,-2.2,0.38
0.008848,-2.14,0.38
0.008852,-2.1,0.38
0.008856,-2.08,0.4
0.00886,-2.08,0.4
0.008864,-2.12,0.38
0.008868,-2.1,0.36
0.008872,-2.08,0.34
0.008876,-2.08,0.32
0.00888,-2.12,0.3
0.008884,-2.14,0.26
0.008888,-2.08,0.28
0.008892,-2.04,0.26
0.008896,-2.02,0.24
0.0089,-2.02,0.26
0.008904,-2.04,0.26
0.008908,-2.06,0.26
0.008912,-2.04,0.3
0.008916,-2.02,0.32
0.00892,-2,0.32
0.008924,-2,0.26
0.008928,-2.06,0.22
0.008932,-2.04,0.24
0.008936,-2,0.26
0.00894,-2,0.26
0.008944,-2,0.26
0.008948,-2,0.24
0.008952,-2.04,0.26
0.008956,-2.04,0.26
0.00896,-2.02,0.26
0.008964,-2,0.22
0.008968,-1.98,0.22
0.008972,-1.96,0.22
0.008976,-1.98,0.24
0.00898,-1.96,0.22
0.008984,-1.94,0.18
0.008988,-1.92,0.2
0.008992,-1.96,0.16
0.008996,-1.96,0.18
0.009,-1.96,0.18
0.009004,-1.96,0.16
0.009008,-1.96,0.14
0.009012,-1.96,0.12
0.009016,-1.98,0.14
0.00902,-1.96,0.16
0.009024,-1.94,0.18
0.009028,-1.92,0.16
0.009032,-1.98,0.18
0.009036,-2.02,0.18
0.00904,-2.02,0.18
0.009044,-1.96,0.18
0.009048,-1.88,0.18
0.009052,-1.88,0.18
0.009056,-1.94,0.2
0.00906,-1.94,0.22
0.009064,-1.94,0.2
0.009068,-1.98,0.16
0.009072,-2,0.14
0.009076,-2.02,0.16
0.00908,-2,0.14
0.009084,-1.96,0.16
0.009088,-2,0.14
0.009092,-2,0.18
0.009096,-2.02,0.2
0.0091,-2.04,0.22
0.009104,-2,0.18
0.009108,-2.02,0.18
0.009112,-2,0.14
0.009116,-2.02,0.1
0.00912,-2,0.14
0.009124,-1.98,0.18
0.009128,-1.94,0.22
0.009132,-1.92,0.18
0.009136,-1.96,0.16
0.00914,-2,0.14
0.009144,-1.98,0.12
0.009148,-1.96,0.1
0.009152,-1.96,0.08
0.009156,-1.96,0.04
0.00916,-2,0.02
0.009164,-2.06,0
0.009168,-2.04,0.02
0.009172,-2.04,0
0.009176,-1.98,0.06
0.00918,-1.96,0.02
0.009184,-2,0
0.009188,-2.02,0.04
0.009192,-1.98,0.04
0.009196,-1.92,0
0.0092,-1.92,0
0.009204,-1.96,0
0.009208,-1.96,-0.02
0.009212,-1.92,-0.04
0.009216,-1.9,-0.02
0.00922,-1.92,-0.02
0.009224,-1.98,0.02
0.009228,-2.02,0
0.009232,-2.06,0.02
0.009236,-2.02,0
0.00924,-2.02,0
0.009244,-2.02,0.02
0.009248,-2,0
0.009252,-2.02,0
0.009256,-2,0
0.00926,-1.94,0
0.009264,-1.96,-0.02
0.009268,-2,-0.02
0.009272,-2.04,-0.04
0.009276,-2.04,-0.06
0.00928,-2.02,-0.06
0.009284,-2,-0.04
0.009288,-2.02,-0.08
0.009292,-2.02,-0.1
0.009296,-2.02,-0.14
0.0093,-2.02,-0.12
0.009304,-2,-0.1
0.009308,-2,-0.12
0.009312,-2,-0.1
0.009316,-2.02,-0.1
0.00932,-2.04,-0.12
0.009324,-2.02,-0.12
0.009328,-2,-0.16
0.009332,-2,-0.18
0.009336,-2.06,-0.14
0.00934,-2.06,-0.1
0.009344,-2.06,-0.08
0.009348,-2.06,-0.08
0.009352,-2.04,-0.12
0.009356,-2.06,-0.12
0.00936,-2.04,-0.14
0.009364,-2.04,-0.18
0.009368,-2.06,-0.22
0.009372,-2.06,-0.18
0.009376,-2.08,-0.18
0.00938,-2.06,-0.18
0.009384,-2.04,-0.18
0.009388,-2.02,-0.2
0.009392,-2.04,-0.22
0.009396,-2.1,-0.24
0.0094,-2.12,-0.24
0.009404,-2.1,-0.2
0.009408,-2.12,-0.18
0.009412,-2.1,-0.2
0.009416,-2.1,-0.22
0.00942,-2.1,-0.2
0.009424,-2.1,-0.14
0.009428,-2.12,-0.16
0.009432,-2.14,-0.16
0.009436,-2.14,-0.14
0.00944,-2.18,-0.14
0.009444,-2.12,-0.14
0.009448,-2.1,-0.16
0.009452,-2.1,-0.2
0.009456,-2.12,-0.2
0.00946,-2.16,-0.16
0.009464,-2.14,-0.14
0.009468,-2.16,-0.16
0.009472,-2.16,-0.18
0.009476,-2.12,-0.22
0.00948,-2.16,-0.24
0.009484,-2.16,-0.24
0.009488,-2.14,-0.2
0.009492,-2.12,-0.2
0.009496,-2.1,-0.2
0.0095,-2.1,-0.18
0.009504,-2.12,-0.2
0.009508,-2.14,-0.18
0.009512,-2.14,-0.2
0.009516,-2.16,-0.24
0.00952,-2.14,-0.22
0.009524,-2.16,-0.22
0.009528,-2.16,-0.26
0.009532,-2.16,-0.26
0.009536,-2.16,-0.26
0.00954,-2.16,-0.3
0.009544,-2.2,-0.28
0.009548,-2.26,-0.26
0.009552,-2.26,-0.28
0.009556,-2.28,-0.26
0.00956,-2.26,-0.26
0.009564,-2.3,-0.26
0.009568,-2.3,-0.26
0.009572,-2.3,-0.24
0.009576,-2.24,-0.22
0.00958,-2.2,-0.24
0.009584,-2.18,-0.26
0.009588,-2.22,-0.26
0.009592,-2.28,-0.26
0.009596,-2.28,-0.26
0.0096,-2.28,-0.3
0.009604,-2.26,-0.3
0.009608,-2.28,-0.3
0.009612,-2.3,-0.3
0.009616,-2.3,-0.3
0.00962,-2.3,-0.26
0.009624,-2.28,-0.22
0.009628,-2.24,-0.26
0.009632,-2.28,-0.3
0.009636,-2.28,-0.26
0.00964,-2.3,-0.26
0.009644,-2.3,-0.24
0.009648,-2.28,-0.26
0.009652,-2.32,-0.26
0.009656,-2.38,-0.3
0.00966,-2.42,-0.32
0.009664,-2.38,-0.28
0.009668,-2.36,-0.28
0.009672,-2.36,-0.24
0.009676,-2.36,-0.26
0.00968,-2.38,-0.26
0.009684,-2.38,-0.28
0.009688,-2.38,-0.26
0.009692,-2.36,-0.28
0.009696,-2.38,-0.26
0.0097,-2.44,-0.28
0.009704,-2.48,-0.24
0.009708,-2.44,-0.24
0.009712,-2.42,-0.26
0.009716,-2.44,-0.26
0.00972,-2.44,-0.24
0.009724,-2.48,-0.22
0.009728,-2.4,-0.24
0.009732,-2.36,-0.24
0.009736,-2.38,-0.24
0.00974,-2.42,-0.26
0.009744,-2.48,-0.22
0.009748,-2.44,-0.16
0.009752,-2.42,-0.16
0.009756,-2.44,-0.16
0.00976,-2.48,-0.2
0.009764,-2.48,-0.2
0.009768,-2.46,-0.2
0.009772,-2.42,-0.22
0.009776,-2.42,-0.22
0.00978,-2.46,-0.22
0.009784,-2.46,-0.26
0.009788,-2.5,-0.26
0.009792,-2.5,-0.24
0.009796,-2.52,-0.2
0.0098,-2.54,-0.18
0.009804,-2.56,-0.2
0.009808,-2.58,-0.18
0.009812,-2.56,-0.12
0.009816,-2.54,-0.14
0.00982,-2.54,-0.18
0.009824,-2.56,-0.22
0.009828,-2.6,-0.26
0.009832,-2.58,-0.24
0.009836,-2.56,-0.22
0.00984,-2.52,-0.2
0.009844,-2.52,-0.18
0.009848,-2.56,-0.18
0.009852,-2.6,-0.14
0.009856,-2.58,-0.16
0.00986,-2.6,-0.16
0.009864,-2.62,-0.2
0.009868,-2.66,-0.16
0.009872,-2.68,-0.12
0.009876,-2.66,-0.08
0.00988,-2.66,-0.08
0.009884,-2.62,-0.12
0.009888,-2.62,-0.12
0.009892,-2.62,-0.08
0.009896,-2.62,-0.12
0.0099,-2.56,-0.1
0.009904,-2.54,-0.12
0.009908,-2.58,-0.1
0.009912,-2.62,-0.08
0.009916,-2.64,0
0.00992,-2.64,0.02
0.009924,-2.62,0.02
0.009928,-2.68,0.02
0.009932,-2.68,-0.02
0.009936,-2.7,-0.08
0.00994,-2.72,-0.08
0.009944,-2.7,-0.04
0.009948,-2.66,-0.04
0.009952,-2.64,-0.02
0.009956,-2.64,0
0.00996,-2.62,0
0.009964,-2.66,0.02
0.009968,-2.66,0.02
0.009972,-2.66,0
0.009976,-2.66,-0.02
0.00998,-2.7,0
0.009984,-2.68,0
0.009988,-2.64,0
0.009992,-2.64,0
0.009996,-2.66,0
0.01,-2.66,0.04
0.010004,-2.66,0.04
0.010008,-2.64,0.06
0.010012,-2.64,0.08
0.010016,-2.66,0.06
0.01002,-2.72,0.08
0.010024,-2.72,0.08
0.010028,-2.66,0.08
0.010032,-2.66,0.04
0.010036,-2.7,0.06
0.01004,-2.74,0.08
0.010044,-2.76,0.12
0.010048,-2.74,0.1
0.010052,-2.7,0.06
0.010056,-2.7,0.04
0.01006,-2.72,0.02
0.010064,-2.68,0.08
0.010068,-2.68,0.06
0.010072,-2.64,0.1
0.010076,-2.64,0.1
0.01008,-2.66,0.14
0.010084,-2.72,0.16
0.010088,-2.76,0.18
0.010092,-2.74,0.2
0.010096,-2.72,0.2
0.0101,-2.74,0.22
0.010104,-2.78,0.2
0.010108,-2.78,0.22
0.010112,-2.72,0.22
0.010116,-2.7,0.22
0.01012,-2.66,0.22
0.010124,-2.66,0.24
0.010128,-2.7,0.26
0.010132,-2.68,0.3
0.010136,-2.68,0.32
0.01014,-2.68,0.28
0.010144,-2.72,0.28
0.010148,-2.74,0.26
0.010152,-2.74,0.26
0.010156,-2.68,0.24
0.01016,-2.66,0.2
0.010164,-2.64,0.2
0.010168,-2.64,0.24
0.010172,-2.66,0.22
0.010176,-2.66,0.24
0.01018,-2.66,0.26
0.010184,-2.64,0.26
0.010188,-2.68,0.26
0.010192,-2.7,0.26
0.010196,-2.7,0.28
0.0102,-2.68,0.28
0.010204,-2.68,0.26
0.010208,-2.68,0.32
0.010212,-2.66,0.38
0.010216,-2.68,0.38
0.01022,-2.66,0.4
0.010224,-2.64,0.4
0.010228,-2.62,0.38
0.010232,-2.66,0.36
0.010236,-2.7,0.36
0.01024,-2.68,0.38
0.010244,-2.66,0.38
0.010248,-2.62,0.4
0.010252,-2.66,0.38
0.010256,-2.68,0.38
0.01026,-2.7,0.36
0.010264,-2.66,0.4
0.010268,-2.62,0.42
0.010272,-2.6,0.42
0.010276,-2.66,0.44
0.01028,-2.66,0.42
0.010284,-2.6,0.4
0.010288,-2.62,0.4
0.010292,-2.6,0.38
0.010296,-2.62,0.4
0.0103,-2.64,0.42
0.010304,-2.64,0.42
0.010308,-2.6,0.4
0.010312,-2.6,0.44
0.010316,-2.62,0.46
0.01032,-2.62,0.5
0.010324,-2.62,0.5
0.010328,-2.62,0.48
0.010332,-2.6,0.46
0.010336,-2.62,0.46
0.01034,-2.64,0.48
0.010344,-2.64,0.48
0.010348,-2.58,0.5
0.010352,-2.54,0.5
0.010356,-2.52,0.5
0.01036,-2.52,0.5
0.010364,-2.52,0.48
0.010368,-2.5,0.5
0.010372,-2.5,0.48
0.010376,-2.52,0.48
0.01038,-2.52,0.46
0.010384,-2.56,0.46
0.010388,-2.54,0.44
0.010392,-2.54,0.46
0.010396,-2.5,0.5
0.0104,-2.52,0.52
0.010404,-2.56,0.5
0.010408,-2.58,0.54
0.010412,-2.54,0.56
0.010416,-2.48,0.58
0.01042,-2.44,0.54
0.010424,-2.48,0.52
0.010428,-2.48,0.52
0.010432,-2.46,0.52
0.010436,-2.42,0.58
0.01044,-2.4,0.6
0.010444,-2.4,0.56
0.010448,-2.44,0.54
0.010452,-2.48,0.52
0.010456,-2.42,0.54
0.01046,-2.4,0.52
0.010464,-2.42,0.52
0.010468,-2.42,0.56
0.010472,-2.42,0.6
0.010476,-2.42,0.6
0.01048,-2.4,0.58
0.010484,-2.38,0.56
0.010488,-2.4,0.56
0.010492,-2.38,0.56
0.010496,-2.38,0.58
0.0105,-2.4,0.6
0.010504,-2.38,0.64
0.010508,-2.4,0.58
0.010512,-2.42,0.58
0.010516,-2.36,0.56
0.01052,-2.34,0.54
0.010524,-2.32,0.56
0.010528,-2.34,0.62
0.010532,-2.34,0.66
0.010536,-2.34,0.66
0.01054,-2.32,0.68
0.010544,-2.28,0.68
0.010548,-2.28,0.64
0.010552,-2.28,0.62
0.010556,-2.3,0.62
0.01056,-2.32,0.56
0.010564,-2.26,0.6
0.010568,-2.22,0.66
0.010572,-2.26,0.64
0.010576,-2.32,0.66
0.01058,-2.34,0.68
0.010584,-2.26,0.64
0.010588,-2.22,0.62
0.010592,-2.24,0.6
0.010596,-2.26,0.58
0.0106,-2.28,0.58
0.010604,-2.26,0.58
0.010608,-2.24,0.6
0.010612,-2.2,0.6
0.010616,-2.22,0.6
0.01062,-2.24,0.58
0.010624,-2.22,0.64
0.010628,-2.2,0.62
0.010632,-2.2,0.6
0.010636,-2.2,0.58
0.01064,-2.22,0.54
0.010644,-2.18,0.52
0.010648,-2.18,0.5
0.010652,-2.12,0.54
0.010656,-2.16,0.54
0.01066,-2.2,0.54
0.010664,-2.2,0.56
0.010668,-2.16,0.6
0.010672,-2.16,0.6
0.010676,-2.16,0.54
0.01068,-2.16,0.5
0.010684,-2.2,0.52
0.010688,-2.2,0.48
0.010692,-2.18,0.5
0.010696,-2.1,0.54
0.0107,-2.1,0.54
0.010704,-2.1,0.56
0.010708,-2.1,0.52
0.010712,-2.1,0.5
0.010716,-2.08,0.52
0.01072,-2.06,0.54
0.010724,-2.08,0.54
0.010728,-2.08,0.54
0.010732,-2.1,0.54
0.010736,-2.06,0.5
0.01074,-2.04,0.5
0.010744,-2.04,0.5
0.010748,-2.06,0.5
0.010752,-2.02,0.52
0.010756,-2.04,0.56
0.01076,-2.06,0.56
0.010764,-2.06,0.54
0.010768,-2.1,0.5
0.010772,-2.16,0.5
0.010776,-2.14,0.5
0.01078,-2.12,0.5
0.010784,-2.1,0.5
0.010788,-2.12,0.5
0.010792,-2.08,0.5
0.010796,-2.06,0.54
0.0108,-2.04,0.56
0.010804,-2.02,0.54
0.010808,-2.02,0.54
0.010812,-2.02,0.54
0.010816,-2.04,0.54
0.01082,-2,0.5
0.010824,-2,0.5
0.010828,-2,0.48
0.010832,-2,0.46
0.010836,-2,0.48
0.01084,-1.96,0.48
0.010844,-1.92,0.48
0.010848,-1.94,0.46
0.010852,-2,0.5
0.010856,-2,0.52
0.01086,-2.02,0.46
0.010864,-2,0.42
0.010868,-1.96,0.4
0.010872,-2,0.4
0.010876,-1.98,0.36
0.01088,-1.98,0.32
0.010884,-1.98,0.34
0.010888,-1.96,0.32
0.010892,-1.94,0.36
0.010896,-1.98,0.36
0.0109,-1.98,0.38
0.010904,-1.94,0.4
0.010908,-1.96,0.4
0.010912,-1.96,0.4
0.010916,-1.96,0.4
0.01092,-1.96,0.4
0.010924,-1.96,0.36
0.010928,-1.96,0.4
0.010932,-1.92,0.42
0.010936,-1.9,0.42
0.01094,-1.92,0.4
0.010944,-1.94,0.42
0.010948,-1.98,0.44
0.010952,-1.98,0.44
0.010956,-1.96,0.42
0.01096,-1.92,0.36
0.010964,-1.92,0.4
0.010968,-1.9,0.38
0.010972,-1.9,0.32
0.010976,-1.88,0.28
0.01098,-1.9,0.26
0.010984,-1.92,0.26
0.010988,-1.96,0.28
0.010992,-1.98,0.3
0.010996,-1.94,0.36
0.011,-1.94,0.38
0.011004,-2,0.34
0.011008,-2,0.34
0.011012,-2,0.32
0.011016,-1.94,0.3
0.01102,-1.88,0.3
0.011024,-1.86,0.26
0.011028,-1.9,0.26
0.011032,-1.92,0.22
0.011036,-1.92,0.24
0.01104,-1.9,0.26
0.011044,-1.88,0.26
0.011048,-1.9,0.24
0.011052,-1.88,0.26
0.011056,-1.9,0.28
0.01106,-1.88,0.28
0.011064,-1.86,0.28
0.011068,-1.9,0.28
0.011072,-1.92,0.28
0.011076,-1.92,0.26
0.01108,-1.92,0.24
0.011084,-1.94,0.2
0.011088,-1.96,0.1
0.011092,-2,0.04
0.011096,-2,0.06
0.0111,-1.94,0.1
0.011104,-1.92,0.14
0.011108,-1.9,0.12
0.011112,-1.92,0.18
0.011116,-1.92,0.2
0.01112,-1.9,0.22
0.011124,-1.86,0.22
0.011128,-1.84,0.16
0.011132,-1.86,0.14
0.011136,-1.92,0.14
0.01114,-1.94,0.14
0.011144,-1.94,0.16
0.011148,-1.92,0.1
0.011152,-1.9,0.1
0.011156,-1.92,0.12
0.01116,-1.94,0.18
0.011164,-1.94,0.16
0.011168,-1.94,0.16
0.011172,-1.96,0.14
0.011176,-1.96,0.12
0.01118,-1.98,0.12
0.011184,-1.98,0.14
0.011188,-1.98,0.1
0.011192,-1.98,0.1
0.011196,-2,0.1
0.0112,-2.02,0.1
0.011204,-2.02,0.14
0.011208,-1.98,0.18
0.011212,-1.96,0.12
0.011216,-1.94,0.1
0.01122,-1.98,0.14
0.011224,-1.96,0.16
0.011228,-1.92,0.18
0.011232,-1.9,0.18
0.011236,-1.88,0.14
0.01124,-1.88,0.12
0.011244,-1.92,0.08
0.011248,-1.92,0.08
0.011252,-1.9,0.08
0.011256,-1.9,0.06
0.01126,-1.92,0.04
0.011264,-1.98,0.02
0.011268,-1.98,0.02
0.011272,-1.98,0.06
0.011276,-1.98,0.08
0.01128,-2,0.08
0.011284,-2.04,0.06
0.011288,-2.06,0.06
0.011292,-2.06,0.06
0.011296,-2.06,0.08
0.0113,-2,0.04
0.011304,-2,0.06
0.011308,-2.02,0.06
0.011312,-2.02,0.02
0.011316,-2.04,0
0.01132,-2.04,0.02
0.011324,-2.02,0.04
0.011328,-2.04,0.02
0.011332,-2.06,0.04
0.011336,-2.02,0.06
0.01134,-2,0
0.011344,-2,-0.02
0.011348,-2.06,-0.06
0.011352,-2.08,-0.06
0.011356,-2.08,-0.08
0.01136,-2.02,-0.08
0.011364,-2.02,-0.1
0.011368,-2.02,-0.06
0.011372,-2.02,-0.04
0.011376,-2,-0.04
0.01138,-2,-0.02
0.011384,-1.98,0
0.011388,-1.96,0
0.011392,-1.96,-0.02
0.011396,-2,-0.04
0.0114,-2.02,-0.08
0.011404,-2.02,-0.08
0.011408,-2.04,-0.06
0.011412,-2.06,-0.04
0.011416,-2.08,-0.06
0.01142,-2.08,-0.02
0.011424,-2.1,-0.04
0.011428,-2.1,-0.02
0.011432,-2.12,-0.02
0.011436,-2.14,-0.04
0.01144,-2.1,-0.04
0.011444,-2.1,-0.04
0.011448,-2.1,-0.06
0.011452,-2.1,-0.06
0.011456,-2.12,-0.06
0.01146,-2.12,-0.08
0.011464,-2.1,-0.08
0.011468,-2.08,-0.08
0.011472,-2.1,-0.08
0.011476,-2.1,-0.12
0.01148,-2.18,-0.12
0.011484,-2.16,-0.1
0.011488,-2.16,-0.1
0.011492,-2.18,-0.08
0.011496,-2.2,-0.06
0.0115,-2.2,-0.02
0.011504,-2.2,0.02
0.011508,-2.2,0
0.011512,-2.18,0
0.011516,-2.18,-0.04
0.01152,-2.2,-0.06
0.011524,-2.18,-0.06
0.011528,-2.16,-0.04
0.011532,-2.1,-0.04
0.011536,-2.12,0
0.01154,-2.16,0
0.011544,-2.2,-0.02
0.011548,-2.22,0
0.011552,-2.22,0
0.011556,-2.24,-0.02
0.01156,-2.24,-0.04
0.011564,-2.26,-0.04
0.011568,-2.24,-0.04
0.011572,-2.2,-0.1
0.011576,-2.2,-0.1
0.01158,-2.2,-0.08
0.011584,-2.26,-0.1
0.011588,-2.26,-0.08
0.011592,-2.28,-0.06
0.011596,-2.22,-0.08
0.0116,-2.22,-0.06
0.011604,-2.24,-0.06
0.011608,-2.28,-0.08
0.011612,-2.26,-0.1
0.011616,-2.26,-0.06
0.01162,-2.26,0
0.011624,-2.24,0.02
0.011628,-2.24,0.02
0.011632,-2.22,0
0.011636,-2.2,-0.04
0.01164,-2.2,-0.1
0.011644,-2.26,-0.1
0.011648,-2.28,-0.08
0.011652,-2.28,-0.06
0.011656,-2.28,-0.08
0.01166,-2.28,-0.08
0.011664,-2.3,-0.12
0.011668,-2.3,-0.14
0.011672,-2.3,-0.12
0.011676,-2.28,-0.1
0.01168,-2.28,-0.1
0.011684,-2.3,-0.08
0.011688,-2.32,-0.06
0.011692,-2.36,-0.06
0.011696,-2.32,-0.04
0.0117,-2.3,-0.08
0.011704,-2.3,-0.04
0.011708,-2.26,-0.02
0.011712,-2.28,-0.04
0.011716,-2.3,-0.02
0.01172,-2.3,0.02
0.011724,-2.3,0.02
0.011728,-2.32,0.02
0.011732,-2.36,0
0.011736,-2.36,-0.02
0.01174,-2.36,-0.02
0.011744,-2.36,0.02
0.011748,-2.32,0.06
0.011752,-2.32,0.06
0.011756,-2.34,0
0.01176,-2.36,0.02
0.011764,-2.3,0
0.011768,-2.26,-0.02
0.011772,-2.28,-0.04
0.011776,-2.32,-0.02
0.01178,-2.32,0
0.011784,-2.32,0.02
0.011788,-2.3,0.02
0.011792,-2.3,-0.02
0.011796,-2.34,-0.06
0.0118,-2.36,-0.04
0.011804,-2.36,-0.04
0.011808,-2.32,-0.02
0.011812,-2.34,-0.02
0.011816,-2.36,-0.04
0.01182,-2.38,-0.04
0.011824,-2.36,0
0.011828,-2.36,0.02
0.011832,-2.34,0.02
0.011836,-2.32,0
0.01184,-2.32,0.02
0.011844,-2.36,0.04
0.011848,-2.36,0.02
0.011852,-2.32,0.06
0.011856,-2.3,0.02
0.01186,-2.3,0
0.011864,-2.32,-0.02
0.011868,-2.36,0
0.011872,-2.36,-0.02
0.011876,-2.36,0.02
0.01188,-2.34,0.02
0.011884,-2.34,0.06
0.011888,-2.34,0.06
0.011892,-2.36,0.04
0.011896,-2.3,0.1
0.0119,-2.3,0.08
0.011904,-2.3,0.06
0.011908,-2.36,0.06
0.011912,-2.36,0.1
0.011916,-2.32,0.08
0.01192,-2.32,0.06
0.011924,-2.32,0.04
0.011928,-2.38,0
0.011932,-2.38,0
0.011936,-2.4,0
0.01194,-2.38,0.02
0.011944,-2.38,0.06
0.011948,-2.38,0.06
0.011952,-2.38,0.06
0.011956,-2.34,0.06
0.01196,-2.3,0.04
0.011964,-2.3,0.06
0.011968,-2.36,0.08
0.011972,-2.4,0.1
0.011976,-2.38,0.1
0.01198,-2.36,0.14
0.011984,-2.32,0.14
0.011988,-2.28,0.14
0.011992,-2.3,0.1
0.011996,-2.32,0.04
0.012,-2.32,0
0.012004,-2.3,0
0.012008,-2.3,0.06
0.012012,-2.3,0.08
0.012016,-2.34,0.12
0.01202,-2.34,0.18
0.012024,-2.32,0.16
0.012028,-2.36,0.14
0.012032,-2.42,0.16
0.012036,-2.46,0.14
0.01204,-2.48,0.14
0.012044,-2.46,0.14
0.012048,-2.42,0.1
0.012052,-2.42,0.08
0.012056,-2.46,0.12
0.01206,-2.42,0.08
0.012064,-2.32,0.08
0.012068,-2.3,0.06
0.012072,-2.32,0.08
0.012076,-2.4,0.12
0.01208,-2.4,0.14
0.012084,-2.36,0.16
0.012088,-2.32,0.16
0.012092,-2.32,0.16
0.012096,-2.36,0.14
0.0121,-2.4,0.16
0.012104,-2.46,0.18
0.012108,-2.44,0.18
0.012112,-2.38,0.14
0.012116,-2.38,0.1
0.01212,-2.38,0.1
0.012124,-2.38,0.08
0.012128,-2.36,0.1
0.012132,-2.3,0.16
0.012136,-2.28,0.14
0.01214,-2.26,0.14
0.012144,-2.32,0.14
0.012148,-2.3,0.12
0.012152,-2.32,0.12
0.012156,-2.3,0.16
0.01216,-2.24,0.12
0.012164,-2.28,0.14
0.012168,-2.3,0.16
0.012172,-2.32,0.16
0.012176,-2.3,0.16
0.01218,-2.3,0.16
0.012184,-2.32,0.16
0.012188,-2.32,0.14
0.012192,-2.3,0.16
0.012196,-2.32,0.2
0.0122,-2.34,0.18
0.012204,-2.38,0.2
0.012208,-2.38,0.2
0.012212,-2.4,0.22
0.012216,-2.34,0.2
0.01222,-2.32,0.18
0.012224,-2.34,0.18
0.012228,-2.34,0.2
0.012232,-2.34,0.24
0.012236,-2.38,0.26
0.01224,-2.38,0.26
0.012244,-2.32,0.24
0.012248,-2.3,0.22
0.012252,-2.32,0.2
0.012256,-2.32,0.2
0.01226,-2.32,0.2
0.012264,-2.32,0.18
0.012268,-2.3,0.14
0.012272,-2.36,0.16
0.012276,-2.36,0.16
0.01228,-2.36,0.18
0.012284,-2.38,0.16
0.012288,-2.36,0.18
0.012292,-2.34,0.22
0.012296,-2.32,0.2
0.0123,-2.34,0.16
0.012304,-2.32,0.16
0.012308,-2.3,0.18
0.012312,-2.3,0.22
0.012316,-2.32,0.28
0.01232,-2.32,0.28
0.012324,-2.26,0.28
0.012328,-2.28,0.22
0.012332,-2.28,0.22
0.012336,-2.28,0.22
0.01234,-2.32,0.22
0.012344,-2.32,0.24
0.012348,-2.28,0.24
0.012352,-2.26,0.18
0.012356,-2.3,0.12
0.01236,-2.32,0.14
0.012364,-2.3,0.16
0.012368,-2.26,0.16
0.012372,-2.26,0.18
0.012376,-2.28,0.18
0.01238,-2.3,0.16
0.012384,-2.32,0.14
0.012388,-2.32,0.18
0.012392,-2.32,0.2
0.012396,-2.3,0.22
0.0124,-2.3,0.22
0.012404,-2.3,0.22
0.012408,-2.26,0.24
0.012412,-2.22,0.24
0.012416,-2.26,0.24
0.01242,-2.24,0.26
0.012424,-2.26,0.26
0.012428,-2.26,0.24
0.012432,-2.26,0.2
0.012436,-2.26,0.2
0.01244,-2.28,0.22
0.012444,-2.28,0.22
0.012448,-2.26,0.22
0.012452,-2.28,0.22
0.012456,-2.26,0.18
0.01246,-2.26,0.18
0.012464,-2.26,0.18
0.012468,-2.22,0.18
0.012472,-2.22,0.18
0.012476,-2.2,0.2
0.01248,-2.24,0.2
0.012484,-2.32,0.2
0.012488,-2.36,0.22
0.012492,-2.36,0.2
0.012496,-2.34,0.24
0.0125,-2.36,0.24
0.012504,-2.36,0.22
0.012508,-2.36,0.22
0.012512,-2.3,0.22
0.012516,-2.28,0.22
0.01252,-2.24,0.22
0.012524,-2.2,0.24
0.012528,-2.16,0.24
0.012532,-2.2,0.22
0.012536,-2.24,0.2
0.01254,-2.24,0.18
0.012544,-2.26,0.14
0.012548,-2.3,0.14
0.012552,-2.24,0.12
0.012556,-2.24,0.12
0.01256,-2.24,0.14
0.012564,-2.26,0.16
0.012568,-2.22,0.2
0.012572,-2.26,0.18
0.012576,-2.28,0.18
0.01258,-2.3,0.24
0.012584,-2.3,0.18
0.012588,-2.28,0.18
0.012592,-2.3,0.18
0.012596,-2.32,0.2
0.0126,-2.3,0.2
0.012604,-2.28,0.2
0.012608,-2.28,0.18
0.012612,-2.32,0.2
0.012616,-2.32,0.24
0.01262,-2.32,0.2
0.012624,-2.3,0.18
0.012628,-2.26,0.18
0.012632,-2.26,0.2
0.012636,-2.26,0.22
0.01264,-2.26,0.24
0.012644,-2.22,0.24
0.012648,-2.24,0.26
0.012652,-2.22,0.26
0.012656,-2.24,0.24
0.01266,-2.24,0.26
0.012664,-2.26,0.32
0.012668,-2.22,0.28
0.012672,-2.22,0.24
0.012676,-2.22,0.2
0.01268,-2.26,0.22
0.012684,-2.26,0.22
0.012688,-2.22,0.22
0.012692,-2.22,0.22
0.012696,-2.22,0.2
0.0127,-2.22,0.18
0.012704,-2.2,0.2
0.012708,-2.18,0.24
0.012712,-2.2,0.24
0.012716,-2.22,0.22
0.01272,-2.24,0.24
0.012724,-2.26,0.2
0.012728,-2.24,0.18
0.012732,-2.18,0.18
0.012736,-2.18,0.18
0.01274,-2.22,0.2
0.012744,-2.26,0.2
0.012748,-2.22,0.24
0.012752,-2.16,0.18
0.012756,-2.18,0.16
0.01276,-2.2,0.14
0.012764,-2.22,0.14
0.012768,-2.22,0.2
0.012772,-2.18,0.24
0.012776,-2.18,0.22
0.01278,-2.16,0.22
0.012784,-2.18,0.22
0.012788,-2.2,0.16
0.012792,-2.22,0.12
0.012796,-2.26,0.18
0.0128,-2.24,0.18
0.012804,-2.28,0.16
0.012808,-2.3,0.2
0.012812,-2.26,0.2
0.012816,-2.22,0.22
0.01282,-2.2,0.2
0.012824,-2.2,0.14
0.012828,-2.24,0.18
0.012832,-2.26,0.2
0.012836,-2.26,0.22
0.01284,-2.18,0.2
0.012844,-2.18,0.2
0.012848,-2.2,0.2
0.012852,-2.2,0.16
0.012856,-2.24,0.14
0.01286,-2.24,0.16
0.012864,-2.26,0.22
0.012868,-2.3,0.22
0.012872,-2.3,0.2
0.012876,-2.28,0.16
0.01288,-2.26,0.18
0.012884,-2.18,0.2
0.012888,-2.18,0.22
0.012892,-2.18,0.22
0.012896,-2.18,0.2
0.0129,-2.16,0.18
0.012904,-2.16,0.16
0.012908,-2.16,0.18
0.012912,-2.2,0.2
0.012916,-2.24,0.14
0.01292,-2.28,0.14
0.012924,-2.24,0.18
0.012928,-2.2,0.14
0.012932,-2.22,0.14
0.012936,-2.24,0.16
0.01294,-2.26,0.14
0.012944,-2.22,0.18
0.012948,-2.18,0.16
0.012952,-2.18,0.12
0.012956,-2.2,0.14
0.01296,-2.2,0.16
0.012964,-2.22,0.14
0.012968,-2.22,0.16
0.012972,-2.2,0.24
0.012976,-2.16,0.24
0.01298,-2.2,0.2
0.012984,-2.2,0.2
0.012988,-2.2,0.18
0.012992,-2.2,0.18
0.012996,-2.24,0.16
0.013,-2.2,0.14
0.013004,-2.2,0.14
0.013008,-2.16,0.16
0.013012,-2.18,0.18
0.013016,-2.18,0.16
0.01302,-2.24,0.18
0.013024,-2.28,0.2
0.013028,-2.3,0.22
0.013032,-2.26,0.24
0.013036,-2.22,0.26
0.01304,-2.2,0.24
0.013044,-2.22,0.2
0.013048,-2.24,0.14
0.013052,-2.2,0.14
0.013056,-2.18,0.16
0.01306,-2.12,0.18
0.013064,-2.18,0.2
0.013068,-2.2,0.2
0.013072,-2.22,0.16
0.013076,-2.22,0.18
0.01308,-2.22,0.16
0.013084,-2.26,0.1
0.013088,-2.32,0.04
0.013092,-2.32,0.02
0.013096,-2.24,0.04
0.0131,-2.22,0.02
0.013104,-2.22,0.02
0.013108,-2.18,0.04
0.013112,-2.2,0.12
0.013116,-2.18,0.18
0.01312,-2.2,0.16
0.013124,-2.2,0.2
0.013128,-2.2,0.24
0.013132,-2.2,0.2
0.013136,-2.22,0.16
0.01314,-2.2,0.16
0.013144,-2.22,0.14
0.013148,-2.26,0.14
0.013152,-2.22,0.18
0.013156,-2.22,0.14
0.01316,-2.18,0.08
0.013164,-2.16,0.08
0.013168,-2.18,0.06
0.013172,-2.26,0.06
0.013176,-2.3,0.1
0.01318,-2.24,0.14
0.013184,-2.2,0.14
0.013188,-2.2,0.1
0.013192,-2.26,0.1
0.013196,-2.26,0.16
0.0132,-2.24,0.22
0.013204,-2.18,0.18
0.013208,-2.18,0.12
0.013212,-2.16,0.1
0.013216,-2.24,0.14
0.01322,-2.28,0.14
0.013224,-2.26,0.16
0.013228,-2.24,0.2
0.013232,-2.26,0.2
0.013236,-2.26,0.12
0.01324,-2.3,0.1
0.013244,-2.28,0.1
0.013248,-2.2,0.12
0.013252,-2.18,0.12
0.013256,-2.22,0.14
0.01326,-2.22,0.16
0.013264,-2.18,0.16
0.013268,-2.16,0.16
0.013272,-2.2,0.14
0.013276,-2.26,0.14
0.01328,-2.32,0.12
0.013284,-2.36,0.12
0.013288,-2.28,0.14
0.013292,-2.24,0.16
0.013296,-2.24,0.16
0.0133,-2.22,0.18
0.013304,-2.22,0.2
0.013308,-2.2,0.2
0.013312,-2.2,0.2
0.013316,-2.22,0.18
0.01332,-2.22,0.16
0.013324,-2.3,0.12
0.013328,-2.3,0.12
0.013332,-2.3,0.14
0.013336,-2.32,0.16
0.01334,-2.34,0.14
0.013344,-2.34,0.1
0.013348,-2.36,0.12
0.013352,-2.34,0.14
0.013356,-2.3,0.16
0.01336,-2.24,0.16
0.013364,-2.26,0.16
0.013368,-2.26,0.14
0.013372,-2.22,0.14
0.013376,-2.2,0.18
0.01338,-2.18,0.16
0.013384,-2.22,0.14
0.013388,-2.24,0.14
0.013392,-2.22,0.16
0.013396,-2.18,0.18
0.0134,-2.2,0.16
0.013404,-2.22,0.14
0.013408,-2.26,0.14
0.013412,-2.28,0.16
0.013416,-2.24,0.18
0.01342,-2.22,0.16
0.013424,-2.2,0.16
0.013428,-2.22,0.14
0.013432,-2.24,0.14
0.013436,-2.22,0.1
0.01344,-2.22,0.12
0.013444,-2.26,0.12
0.013448,-2.28,0.18
0.013452,-2.3,0.2
0.013456,-2.3,0.18
0.01346,-2.26,0.18
0.013464,-2.24,0.22
0.013468,-2.22,0.24
0.013472,-2.26,0.26
0.013476,-2.26,0.26
0.01348,-2.24,0.28
0.013484,-2.2,0.26
0.013488,-2.2,0.26
0.013492,-2.24,0.24
0.013496,-2.24,0.18
0.0135,-2.22,0.18
0.013504,-2.18,0.12
0.013508,-2.18,0.1
0.013512,-2.22,0.08
0.013516,-2.3,0.1
0.01352,-2.26,0.1
0.013524,-2.2,0.16
0.013528,-2.18,0.2
0.013532,-2.22,0.22
0.013536,-2.26,0.2
0.01354,-2.28,0.18
0.013544,-2.26,0.18
0.013548,-2.24,0.18
0.013552,-2.24,0.14
0.013556,-2.26,0.1
0.01356,-2.28,0.12
0.013564,-2.24,0.18
0.013568,-2.24,0.18
0.013572,-2.24,0.14
0.013576,-2.24,0.14
0.01358,-2.24,0.1
0.013584,-2.24,0.08
0.013588,-2.24,0.08
0.013592,-2.24,0.1
0.013596,-2.22,0.12
0.0136,-2.22,0.14
0.013604,-2.24,0.16
0.013608,-2.22,0.14
0.013612,-2.22,0.14
0.013616,-2.22,0.14
0.01362,-2.26,0.16
0.013624,-2.3,0.14
0.013628,-2.3,0.12
0.013632,-2.26,0.18
0.013636,-2.26,0.14
0.01364,-2.3,0.12
0.013644,-2.32,0.1
0.013648,-2.28,0.12
0.013652,-2.26,0.12
0.013656,-2.2,0.12
0.01366,-2.2,0.14
0.013664,-2.26,0.16
0.013668,-2.28,0.16
0.013672,-2.26,0.18
0.013676,-2.24,0.16
0.01368,-2.22,0.16
0.013684,-2.26,0.18
0.013688,-2.26,0.18
0.013692,-2.26,0.18
0.013696,-2.2,0.1
0.0137,-2.2,0.06
0.013704,-2.18,0.08
0.013708,-2.22,0.08
0.013712,-2.24,0.1
0.013716,-2.24,0.12
0.01372,-2.22,0.12
0.013724,-2.22,0.14
0.013728,-2.24,0.12
0.013732,-2.28,0.1
0.013736,-2.26,0.1
0.01374,-2.22,0.12
0.013744,-2.24,0.1
0.013748,-2.24,0.12
0.013752,-2.22,0.18
0.013756,-2.22,0.14
0.01376,-2.22,0.14
0.013764,-2.22,0.14
0.013768,-2.22,0.14
0.013772,-2.28,0.14
0.013776,-2.34,0.14
0.01378,-2.34,0.14
0.013784,-2.3,0.1
0.013788,-2.3,0.12
0.013792,-2.26,0.18
0.013796,-2.26,0.18
0.0138,-2.24,0.16
0.013804,-2.22,0.18
0.013808,-2.2,0.18
0.013812,-2.22,0.14
0.013816,-2.26,0.14
0.01382,-2.24,0.18
0.013824,-2.24,0.22
0.013828,-2.26,0.22
0.013832,-2.32,0.22
0.013836,-2.34,0.2
0.01384,-2.32,0.2
0.013844,-2.28,0.18
0.013848,-2.22,0.14
0.013852,-2.18,0.16
0.013856,-2.22,0.1
0.01386,-2.28,0.08
0.013864,-2.3,0.1
0.013868,-2.28,0.08
0.013872,-2.26,0.1
0.013876,-2.22,0.12
0.01388,-2.26,0.14
0.013884,-2.28,0.18
0.013888,-2.28,0.24
0.013892,-2.26,0.24
0.013896,-2.26,0.2
0.0139,-2.26,0.2
0.013904,-2.26,0.18
0.013908,-2.24,0.18
0.013912,-2.2,0.16
0.013916,-2.2,0.2
0.01392,-2.22,0.2
0.013924,-2.24,0.2
0.013928,-2.24,0.18
0.013932,-2.22,0.2
0.013936,-2.16,0.24
0.01394,-2.18,0.22
0.013944,-2.22,0.2
0.013948,-2.24,0.18
0.013952,-2.22,0.2
0.013956,-2.18,0.16
