0.9275,-1.92,0.08
0.92751,-1.92,0.16
0.92752,-1.92,0.08
0.92753,-1.92,0.08
0.92754,-1.92,0
0.92755,-2,0.08
0.92756,-1.92,0
0.92757,-1.92,0
0.92758,-1.92,0.08
0.92759,-2,0.08
0.9276,-2,0.08
0.92761,-2,0
0.92762,-2,0
0.92763,-1.92,0
0.92764,-2,0
0.92765,-1.92,0.08
0.92766,-1.92,0
0.92767,-1.92,0
0.92768,-2,0
0.92769,-2,0
0.9277,-2.08,0.08
0.92771,-1.92,0.08
0.92772,-2,0.08
0.92773,-2,0.08
0.92774,-1.92,0.08
0.92775,-1.92,0
0.92776,-2,0.16
0.92777,-2,0.08
0.92778,-1.92,0.08
0.92779,-2,0
0.9278,-1.92,0.08
0.92781,-1.92,0.08
0.92782,-1.92,0.08
0.92783,-1.92,0.24
0.92784,-1.92,0.24
0.92785,-1.92,0.08
0.92786,-1.92,0.16
0.92787,-2,0.08
0.92788,-2,0.08
0.92789,-2,0.08
0.9279,-1.92,0.08
0.92791,-2,0
0.92792,-2,0.08
0.92793,-2,0.16
0.92794,-2,0.08
0.92795,-2,0.08
0.92796,-2,0
0.92797,-2,0
0.92798,-2,0.08
0.92799,-2,0
0.928,-2,0.08
0.92801,-2,0
0.92802,-2,0
0.92803,-2,0
0.92804,-2.08,0.08
0.92805,-2,0.08
0.92806,-2,0.16
0.92807,-1.92,0.08
0.92808,-2,0.08
0.92809,-2,0.08
0.9281,-1.92,0.08
0.92811,-2,0
0.92812,-2.08,0.08
0.92813,-2,0.08
0.92814,-2,0
0.92815,-2.08,0
0.92816,-1.92,0.08
0.92817,-2,-0.08
0.92818,-1.92,0.08
0.92819,-2,0.08
0.9282,-1.92,0.08
0.92821,-1.92,0.08
0.92822,-2,0.16
0.92823,-1.92,0.16
0.92824,-2,0.16
0.92825,-2.08,0.08
0.92826,-2.08,0.08
0.92827,-2,0.08
0.92828,-2,0
0.92829,-2,0.08
0.9283,-2.08,0.08
0.92831,-2.08,0.16
0.92832,-2.08,0.08
0.92833,-2,0.08
0.92834,-2,0.08
0.92835,-2,0
0.92836,-2.08,0
0.92837,-2,0
0.92838,-2.08,0
0.92839,-2.08,0
0.9284,-2,0.08
0.92841,-2,0
0.92842,-2,0
0.92843,-2,0.08
0.92844,-2,0.16
0.92845,-2.08,0
0.92846,-1.92,0.08
0.92847,-1.92,-0.08
0.92848,-2,0.08
0.92849,-2.08,0.08
0.9285,-2,0.08
0.92851,-1.92,0.08
0.92852,-1.92,0.08
0.92853,-2,0
0.92854,-2,0.08
0.92855,-2,0.08
0.92856,-2,0
0.92857,-2,0
0.92858,-2,0
0.92859,-1.92,0.08
0.9286,-2,0.08
0.92861,-2,0.08
0.92862,-2.08,0.08
0.92863,-2,0.08
0.92864,-2,0
0.92865,-1.92,0
0.92866,-1.92,0.08
0.92867,-2,0
0.92868,-2,0
0.92869,-2,0
0.9287,-2,0
0.92871,-2,0.08
0.92872,-2,0
0.92873,-2.08,0.08
0.92874,-2,0
0.92875,-2,-0.08
0.92876,-2,0.08
0.92877,-2.08,0.08
0.92878,-2,0.08
0.92879,-1.92,0.08
0.9288,-2,0.08
0.92881,-1.92,0.16
0.92882,-2,0.16
0.92883,-2,0.08
0.92884,-2,0.08
0.92885,-2,0
0.92886,-2,0
0.92887,-1.92,0.08
0.92888,-2,0.08
0.92889,-1.92,0.08
0.9289,-2,0.08
0.92891,-1.92,0
0.92892,-2,0.08
0.92893,-2,0
0.92894,-2,0.08
0.92895,-2,0.08
0.92896,-2,0.08
0.92897,-2,0.08
0.92898,-1.92,0
0.92899,-2,0.08
0.929,-1.92,0.08
0.92901,-2,0.08
0.92902,-2,0.08
0.92903,-1.92,0.08
0.92904,-1.92,0.08
0.92905,-2,0.08
0.92906,-1.92,0
0.92907,-2,0.08
0.92908,-1.92,0
0.92909,-2,0
0.9291,-2,0.08
0.92911,-2.08,0.08
0.92912,-2,0.08
0.92913,-2,0.08
0.92914,-1.92,0.08
0.92915,-1.92,0
0.92916,-2,0.08
0.92917,-2,0.08
0.92918,-2,0
0.92919,-2,0
0.9292,-2,0
0.92921,-2,0
0.92922,-1.92,-0.08
0.92923,-1.92,-0.08
0.92924,-2,0
0.92925,-2,0
0.92926,-2,0.08
0.92927,-2,0.08
0.92928,-2,0.08
0.92929,-2,0
0.9293,-1.92,0
0.92931,-1.92,0
0.92932,-1.84,0.08
0.92933,-1.92,0.08
0.92934,-1.92,0.16
0.92935,-2,0
0.92936,-2,0
0.92937,-2,0
0.92938,-2,0
0.92939,-1.92,0.08
0.9294,-1.92,0.08
0.92941,-1.92,0.16
0.92942,-1.92,0.08
0.92943,-2,0
0.92944,-2,0
0.92945,-2,0.08
0.92946,-2,0.08
0.92947,-1.92,0.08
0.92948,-1.92,0.08
0.92949,-1.92,0.08
0.9295,-2,0.08
0.92951,-2,0
0.92952,-2,0
0.92953,-1.92,0.08
0.92954,-1.92,0.08
0.92955,-1.92,0.08
0.92956,-1.92,0.08
0.92957,-2,0.08
0.92958,-1.92,0.08
0.92959,-1.92,0.08
0.9296,-1.92,0
0.92961,-2,0
0.92962,-1.92,0
0.92963,-1.92,0.08
0.92964,-1.92,0
0.92965,-2,0.08
0.92966,-1.92,0
0.92967,-1.92,0
0.92968,-1.92,0.08
0.92969,-2,0.08
0.9297,-2,0.08
0.92971,-1.92,0.08
0.92972,-1.92,0.08
0.92973,-1.92,0.08
0.92974,-2,0.08
0.92975,-1.92,0.08
0.92976,-1.92,0.08
0.92977,-1.92,0
0.92978,-1.92,0
0.92979,-1.92,0.08
0.9298,-1.92,0
0.92981,-1.92,0.16
0.92982,-2,0.16
0.92983,-2,0.08
0.92984,-2,0.08
0.92985,-1.92,0.16
0.92986,-1.92,0.16
0.92987,-1.92,0.08
0.92988,-1.92,0.08
0.92989,-2,0.08
0.9299,-1.92,0.08
0.92991,-1.92,0.08
0.92992,-1.92,0.08
0.92993,-2,0.08
0.92994,-2,0.08
0.92995,-2.08,0.08
0.92996,-2,0.08
0.92997,-2,0.08
0.92998,-1.92,0.08
0.92999,-1.92,0.08
0.93,-2,0.08
0.93001,-1.92,0.16
0.93002,-1.92,0.08
0.93003,-1.92,0.08
0.93004,-2,0.16
0.93005,-1.92,0.16
0.93006,-2,0.16
0.93007,-1.92,0.08
0.93008,-1.92,0
0.93009,-1.92,0
0.9301,-1.92,0.08
0.93011,-1.92,0.08
0.93012,-2,0.08
0.93013,-2,0.08
0.93014,-1.92,0.08
0.93015,-1.92,0.08
0.93016,-1.92,0.08
0.93017,-2,0.08
0.93018,-2,0.08
0.93019,-2,0.08
0.9302,-2,0.08
0.93021,-2,0.08
0.93022,-2,0.08
0.93023,-2,0.08
0.93024,-2,0.08
0.93025,-2,0.08
0.93026,-2,0.16
0.93027,-2,0.08
0.93028,-1.92,0.08
0.93029,-2,0.08
0.9303,-2,0.16
0.93031,-2,0.08
0.93032,-2,0.08
0.93033,-1.92,0.08
0.93034,-2,0.08
0.93035,-2,0.08
0.93036,-2,0.08
0.93037,-1.92,0
0.93038,-1.92,0.08
0.93039,-1.92,0.16
0.9304,-2,0.08
0.93041,-2,0.08
0.93042,-2.08,0.08
0.93043,-2,0.08
0.93044,-2,0.08
0.93045,-2,0.08
0.93046,-1.92,0.08
0.93047,-2,0.08
0.93048,-2,0.08
0.93049,-2,0.08
0.9305,-1.92,0.08
0.93051,-2,0.16
0.93052,-1.92,0.08
0.93053,-2,0.08
0.93054,-2,0.08
0.93055,-1.92,0.08
0.93056,-1.92,0.08
0.93057,-1.92,0.16
0.93058,-1.92,0.08
0.93059,-2,0.08
0.9306,-2,0.08
0.93061,-2,0
0.93062,-2,0.08
0.93063,-1.92,0.08
0.93064,-2,0.08
0.93065,-1.92,0
0.93066,-2,0
0.93067,-1.92,0.08
0.93068,-2,0.08
0.93069,-1.92,0.08
0.9307,-2.08,0.08
0.93071,-2,0.08
0.93072,-2,0.08
0.93073,-1.92,0
0.93074,-1.92,0.08
0.93075,-2,0.16
0.93076,-1.92,0.16
0.93077,-1.92,0.08
0.93078,-1.92,0.08
0.93079,-2,0.08
0.9308,-1.92,0.08
0.93081,-1.92,0.08
0.93082,-2,0.08
0.93083,-2,0.08
0.93084,-2,0.08
0.93085,-2,0.08
0.93086,-1.92,0.08
0.93087,-2,0
0.93088,-2,0.08
0.93089,-1.92,0.08
0.9309,-1.92,0
0.93091,-2,0
0.93092,-2,0
0.93093,-2,0
0.93094,-2.08,0.08
0.93095,-2,0.08
0.93096,-2.08,0.08
0.93097,-1.92,0.16
0.93098,-2,0.08
0.93099,-2,0.08
0.931,-2,0.08
0.93101,-2,0.16
0.93102,-2,0.08
0.93103,-2,0.24
0.93104,-1.92,0.08
0.93105,-1.92,0.16
0.93106,-2,0
0.93107,-2,0
0.93108,-2,-0.08
0.93109,-2,0.08
0.9311,-2,0
0.93111,-2,0.16
0.93112,-1.92,0.16
0.93113,-2,0.08
0.93114,-1.92,0.08
0.93115,-2,0.08
0.93116,-2,0.08
0.93117,-2,0.08
0.93118,-2,0.08
0.93119,-2.08,0.08
0.9312,-2,0.08
0.93121,-1.92,0.08
0.93122,-1.92,0
0.93123,-1.92,0.08
0.93124,-2,0.16
0.93125,-1.92,0.08
0.93126,-1.92,0.08
0.93127,-2,0.08
0.93128,-2,0.08
0.93129,-2,0.08
0.9313,-2,0.08
0.93131,-2.08,0.08
0.93132,-2,0.24
0.93133,-2,0.16
0.93134,-2,0.08
0.93135,-2,0.16
0.93136,-2,0.08
0.93137,-2,0.08
0.93138,-2,0.08
0.93139,-2,0.08
0.9314,-1.92,0.08
0.93141,-2,0.08
0.93142,-1.92,0.16
0.93143,-2,0.08
0.93144,-2,0.08
0.93145,-2,0.08
0.93146,-1.92,0.08
0.93147,-2,0
0.93148,-2,0.08
0.93149,-2,0
0.9315,-2,0
0.93151,-2.08,0.08
0.93152,-2,0.08
0.93153,-2.08,0.08
0.93154,-1.92,0
0.93155,-2,0.08
0.93156,-2,0.08
0.93157,-2,-0.08
0.93158,-2,0
0.93159,-2,0
0.9316,-2,0.08
0.93161,-1.92,0
0.93162,-2,0
0.93163,-1.92,0.08
0.93164,-2,0
0.93165,-2,0
0.93166,-1.92,0.08
0.93167,-1.92,0
0.93168,-2,0.08
0.93169,-2,0
0.9317,-2,0
0.93171,-1.92,0.08
0.93172,-1.92,0.08
0.93173,-2,0.08
0.93174,-1.92,0.16
0.93175,-2,0.16
0.93176,-2,0.16
0.93177,-2,0.16
0.93178,-1.92,0.24
0.93179,-2,0.08
0.9318,-2,0.08
0.93181,-1.92,-0.08
0.93182,-2,-0.08
0.93183,-2,0
0.93184,-1.92,0.08
0.93185,-1.92,0.08
0.93186,-2,0.16
0.93187,-1.84,0.16
0.93188,-2,0.08
0.93189,-1.92,0.16
0.9319,-2,0.16
0.93191,-2,0.16
0.93192,-2.08,0.16
0.93193,-2,0.08
0.93194,-2.08,0.08
0.93195,-2.08,0.08
0.93196,-2,0
0.93197,-2.08,0
0.93198,-1.92,0.08
0.93199,-2,0.08
0.932,-2,0.16
0.93201,-2,0.08
0.93202,-2,0.08
0.93203,-1.92,0.08
0.93204,-1.92,0
0.93205,-2,0
0.93206,-2,0.16
0.93207,-1.92,0.16
0.93208,-1.92,0.08
0.93209,-2,0.08
0.9321,-2,0.08
0.93211,-2,0.08
0.93212,-1.92,0
0.93213,-2,0.08
0.93214,-2,0.08
0.93215,-2,-0.08
0.93216,-2,0
0.93217,-1.92,0
0.93218,-2,0
0.93219,-2,0.08
0.9322,-2,0.08
0.93221,-2,0.08
0.93222,-2.08,0.08
0.93223,-2,0.08
0.93224,-2,0.08
0.93225,-1.92,0.08
0.93226,-1.92,0
0.93227,-2,0
0.93228,-2,0.16
0.93229,-2.08,0.08
0.9323,-2,0.08
0.93231,-2,0.16
0.93232,-2,0.24
0.93233,-2.08,0.16
0.93234,-2,0.08
0.93235,-2,0.08
0.93236,-2,0.16
0.93237,-2,0.08
0.93238,-1.92,0
0.93239,-1.92,0.08
0.9324,-2,0.08
0.93241,-2,0.08
0.93242,-1.92,0.08
0.93243,-1.92,0.08
0.93244,-2,0.08
0.93245,-1.92,0.08
0.93246,-2,0.08
0.93247,-2,0.08
0.93248,-1.92,0.08
0.93249,-2,0
0.9325,-2,0.08
0.93251,-2,0
0.93252,-2,0
0.93253,-1.92,0.08
0.93254,-1.92,0.16
0.93255,-2,0.08
0.93256,-2,0.08
0.93257,-1.92,0.08
0.93258,-1.92,0.08
0.93259,-2,0.08
0.9326,-2.08,0
0.93261,-2,0.08
0.93262,-2,0.08
0.93263,-2,0.08
0.93264,-2,0.16
0.93265,-2,0.16
0.93266,-2,0.08
0.93267,-1.92,0.08
0.93268,-2,0
0.93269,-2.08,0.16
0.9327,-2,0.16
0.93271,-2,0.08
0.93272,-1.92,0
0.93273,-2,0.08
0.93274,-2,0.08
0.93275,-1.92,0.08
0.93276,-1.92,0
0.93277,-2,0.08
0.93278,-2.08,0.08
0.93279,-1.92,0.08
0.9328,-2,0.08
0.93281,-2,0.08
0.93282,-1.92,0.16
0.93283,-1.92,0.16
0.93284,-1.92,0.16
0.93285,-1.92,0.16
0.93286,-2,0.16
0.93287,-2,0.16
0.93288,-2,0.08
0.93289,-2,0.08
0.9329,-2,0.08
0.93291,-2,0.16
0.93292,-1.92,0.08
0.93293,-2,0.16
0.93294,-2,0.16
0.93295,-2.08,0.24
0.93296,-2,0.16
0.93297,-1.92,0
0.93298,-2,0.08
0.93299,-2,0.08
0.933,-2,-0.16
0.93301,-2.08,0
0.93302,-2,0
0.93303,-2,0.08
0.93304,-2,0.08
0.93305,-1.92,0.08
0.93306,-1.92,0.08
0.93307,-1.92,0.08
0.93308,-1.92,0.08
0.93309,-1.92,0.08
0.9331,-2.08,0.16
0.93311,-1.92,0.16
0.93312,-2,0.08
0.93313,-1.92,0.16
0.93314,-2,0.08
0.93315,-2,0.16
0.93316,-2,0
0.93317,-2,0
0.93318,-2,0
0.93319,-2.08,0.08
0.9332,-2,0
0.93321,-2,0.08
0.93322,-1.92,0.08
0.93323,-2,0.08
0.93324,-1.92,0.08
0.93325,-2.08,0.08
0.93326,-2.08,0.08
0.93327,-2,0.08
0.93328,-2,0.08
0.93329,-1.92,0.08
0.9333,-2,0.08
0.93331,-2,0
0.93332,-2,0.08
0.93333,-1.92,0.08
0.93334,-1.92,0.08
0.93335,-1.92,0.08
0.93336,-2,0.16
0.93337,-2,0.08
0.93338,-2.08,0.08
0.93339,-2,0
0.9334,-2,0.16
0.93341,-2,0.08
0.93342,-2,0.16
0.93343,-2,0
0.93344,-2,0
0.93345,-2,0.08
0.93346,-2,0.08
0.93347,-2,0.08
0.93348,-2,0.16
0.93349,-1.92,0.16
0.9335,-2,0.08
0.93351,-2,0.08
0.93352,-1.92,0.08
0.93353,-1.92,0.16
0.93354,-1.92,0.16
0.93355,-1.92,0.16
0.93356,-2,0.16
0.93357,-2,0.16
0.93358,-1.92,0.08
0.93359,-2,0.08
0.9336,-2,0.08
0.93361,-1.92,0.16
0.93362,-2,0.16
0.93363,-2,0.16
0.93364,-1.92,0.16
0.93365,-1.92,0.08
0.93366,-2,0.08
0.93367,-2,0.08
0.93368,-2,0.08
0.93369,-2,0.16
0.9337,-2,0.16
0.93371,-2,0.16
0.93372,-2,0.08
0.93373,-1.92,0.16
0.93374,-1.92,0.16
0.93375,-2,0.08
0.93376,-2,0.08
0.93377,-1.92,0.08
0.93378,-1.92,0.08
0.93379,-2,0
0.9338,-1.92,0.08
0.93381,-2,0.08
0.93382,-2,0.08
0.93383,-2,0.08
0.93384,-2,0.08
0.93385,-2,0
0.93386,-2,0.08
0.93387,-2,0.08
0.93388,-2,0.08
0.93389,-2,0.08
0.9339,-1.92,0.08
0.93391,-2,0.08
0.93392,-2,0.08
0.93393,-2,0.08
0.93394,-1.92,0.08
0.93395,-1.92,0.08
0.93396,-1.92,0.16
0.93397,-1.92,0.08
0.93398,-1.92,0.08
0.93399,-1.92,0.08
0.934,-1.92,0.08
0.93401,-1.92,0.08
0.93402,-2,0.08
0.93403,-2,0.08
0.93404,-2,0.08
0.93405,-2.08,0.16
0.93406,-2,0.08
0.93407,-2.08,0.08
0.93408,-2,0.08
0.93409,-2,0.08
0.9341,-2,0.08
0.93411,-2,0.08
0.93412,-1.92,0.08
0.93413,-1.92,0.16
0.93414,-1.92,0.08
0.93415,-2,0.08
0.93416,-1.92,0.08
0.93417,-2,0.08
0.93418,-1.92,0.16
0.93419,-1.92,0.16
0.9342,-1.92,0.08
0.93421,-2,0
0.93422,-1.92,0.16
0.93423,-1.92,0.08
0.93424,-2,0
0.93425,-2,0
0.93426,-2.08,0
0.93427,-2,0.08
0.93428,-2,0.16
0.93429,-2,0.08
0.9343,-2,0.16
0.93431,-2,0.16
0.93432,-1.92,0.16
0.93433,-1.92,0.16
0.93434,-2,0
0.93435,-2,0.08
0.93436,-2,0.08
0.93437,-1.92,0.08
0.93438,-1.92,0.08
0.93439,-1.92,0.16
0.9344,-1.92,0.16
0.93441,-1.92,0.08
0.93442,-1.92,0.24
0.93443,-2,0.16
0.93444,-1.92,0.08
0.93445,-2,0.08
0.93446,-2,0.08
0.93447,-1.92,0.08
0.93448,-1.84,0.08
0.93449,-1.92,0.16
0.9345,-1.92,0.08
0.93451,-2,0.08
0.93452,-1.92,0.16
0.93453,-1.92,0.08
0.93454,-2,0.08
0.93455,-1.92,0.16
0.93456,-2,0.08
0.93457,-1.92,0.16
0.93458,-1.92,0.16
0.93459,-1.84,0.08
0.9346,-1.92,0.08
0.93461,-1.92,0.08
0.93462,-1.92,0
0.93463,-1.92,0.08
0.93464,-1.92,0.08
0.93465,-1.92,0.08
0.93466,-1.92,0.08
0.93467,-1.92,0.08
0.93468,-2,0.08
0.93469,-1.92,0.08
0.9347,-2,0.08
0.93471,-1.92,0
0.93472,-1.92,0
0.93473,-2,0
0.93474,-2,-0.08
0.93475,-2,0.08
0.93476,-2,0
0.93477,-2,0.08
0.93478,-1.92,0
0.93479,-1.92,0.16
0.9348,-1.92,0.16
0.93481,-2,0.16
0.93482,-2,0.08
0.93483,-2,0.08
0.93484,-1.92,0
0.93485,-1.92,0
0.93486,-2,0.08
0.93487,-1.92,0.16
0.93488,-1.92,0.08
0.93489,-1.92,0.08
0.9349,-1.84,0.16
0.93491,-1.84,0.08
0.93492,-1.92,0.08
0.93493,-1.92,0.16
0.93494,-1.92,0.08
0.93495,-2,0
0.93496,-2.08,0.08
0.93497,-2,0.16
0.93498,-2,0.16
0.93499,-2,0.16
0.935,-1.92,0.08
0.93501,-1.92,0
0.93502,-1.92,0.08
0.93503,-2,0
0.93504,-2,0.08
0.93505,-2.08,0
0.93506,-2,0
0.93507,-2,0.08
0.93508,-1.84,0.08
0.93509,-1.92,0.08
0.9351,-2,0.08
0.93511,-2,0.08
0.93512,-2,0.08
0.93513,-2,0.08
0.93514,-2,0
0.93515,-2,0
0.93516,-2,0.08
0.93517,-2,0
0.93518,-2,0.08
0.93519,-1.92,0.08
0.9352,-2,0.08
0.93521,-2,0.08
0.93522,-1.92,0.08
0.93523,-2,0.08
0.93524,-2,0.08
0.93525,-2,0
0.93526,-1.92,0
0.93527,-1.84,0
0.93528,-1.92,-0.08
0.93529,-2,0.08
0.9353,-2,0.16
0.93531,-1.92,0
0.93532,-2,0
0.93533,-2,0.08
0.93534,-1.92,0.08
0.93535,-2,0
0.93536,-2,0
0.93537,-2,0.08
0.93538,-1.92,0.08
0.93539,-2,0
0.9354,-1.92,0.08
0.93541,-1.92,0.08
0.93542,-2,0.08
0.93543,-2,0
0.93544,-1.92,0.08
0.93545,-2,0.08
0.93546,-1.92,0.16
0.93547,-1.92,0.08
0.93548,-2,0.16
0.93549,-1.92,0.08
0.9355,-1.92,0
0.93551,-2,0.08
0.93552,-2,0
0.93553,-2,0.08
0.93554,-2,0.08
0.93555,-2,0
0.93556,-2,0.08
0.93557,-1.92,0.08
0.93558,-2,0.08
0.93559,-1.92,0.08
0.9356,-2,0.08
0.93561,-2,0
0.93562,-1.92,0
0.93563,-1.92,0.08
0.93564,-1.92,0.08
0.93565,-1.92,0.08
0.93566,-2,0.16
0.93567,-1.92,0.08
0.93568,-1.92,0.08
0.93569,-1.92,0.08
0.9357,-1.92,0.08
0.93571,-1.92,0
0.93572,-2.08,0
0.93573,-2,0
0.93574,-2,-0.08
0.93575,-2,0.08
0.93576,-2,0.16
0.93577,-1.92,0
0.93578,-2,-0.08
0.93579,-2,0.08
0.9358,-1.92,0.08
0.93581,-1.92,0
0.93582,-1.92,0
0.93583,-2,0.08
0.93584,-1.92,0.08
0.93585,-2,0.08
0.93586,-1.92,0.24
0.93587,-1.92,0.08
0.93588,-2,0.08
0.93589,-1.92,0
0.9359,-1.92,0.08
0.93591,-1.92,0.08
0.93592,-1.92,0
0.93593,-2,-0.08
0.93594,-1.92,0.08
0.93595,-2,0.08
0.93596,-1.92,0.08
0.93597,-1.92,0.08
0.93598,-1.92,0.08
0.93599,-1.92,0.08
0.936,-2,0.08
0.93601,-2,0.08
0.93602,-2,0
0.93603,-2,0
0.93604,-1.92,0.08
0.93605,-1.92,0.08
0.93606,-1.92,0
0.93607,-1.92,0.16
0.93608,-2,0.08
0.93609,-1.92,0.08
0.9361,-1.92,0.08
0.93611,-1.92,0.08
0.93612,-2,0.16
0.93613,-2,0
0.93614,-1.92,0.08
0.93615,-1.92,0.08
0.93616,-1.92,0.08
0.93617,-2,0.08
0.93618,-2,0.08
0.93619,-2,0
0.9362,-2,0.08
0.93621,-2,0
0.93622,-2,0.08
0.93623,-1.92,0.08
0.93624,-1.92,0.08
0.93625,-1.92,0
0.93626,-1.92,0
0.93627,-1.92,0.08
0.93628,-1.84,0.08
0.93629,-1.84,0
0.9363,-1.92,0.08
0.93631,-1.84,0.08
0.93632,-1.92,0
0.93633,-1.92,0.08
0.93634,-1.92,0.08
0.93635,-1.92,0.16
0.93636,-2,0.08
0.93637,-2,0
0.93638,-2.08,0
0.93639,-2,0.08
0.9364,-2,0.16
0.93641,-1.92,0.08
0.93642,-1.92,0.08
0.93643,-2,0.08
0.93644,-1.92,0
0.93645,-1.92,0.16
0.93646,-1.92,0.08
0.93647,-1.92,0.16
0.93648,-1.92,0.08
0.93649,-1.92,0
0.9365,-2,-0.08
0.93651,-2,0.08
0.93652,-1.92,0
0.93653,-2,0.08
0.93654,-1.92,0.08
0.93655,-1.92,0.08
0.93656,-2,0.08
0.93657,-2,0.16
0.93658,-2,0.08
0.93659,-2.08,0
0.9366,-2,0
0.93661,-2,-0.08
0.93662,-1.92,0.08
0.93663,-2,0.08
0.93664,-1.92,0.24
0.93665,-1.92,0.08
0.93666,-2,0.08
0.93667,-2.08,-0.08
0.93668,-2,0.08
0.93669,-2,0.08
0.9367,-2,-0.08
0.93671,-1.92,0.08
0.93672,-2.08,0.08
0.93673,-2,0
0.93674,-2,0
0.93675,-2,0.08
0.93676,-1.92,0.08
0.93677,-2,0
0.93678,-2,0.08
0.93679,-2.08,0.08
0.9368,-2,0.08
0.93681,-2,0.08
0.93682,-2,0
0.93683,-2,0.08
0.93684,-1.92,0.16
0.93685,-2,0.08
0.93686,-2,0.08
0.93687,-2,0.08
0.93688,-2,0.08
0.93689,-2,0.08
0.9369,-2,0.08
0.93691,-1.92,0.08
0.93692,-1.92,0.08
0.93693,-2,0.08
0.93694,-2,0.08
0.93695,-1.92,0.08
0.93696,-1.92,0
0.93697,-2,0
0.93698,-2,0
0.93699,-2,0
0.937,-2,0
0.93701,-1.92,0.08
0.93702,-1.92,0.08
0.93703,-1.92,0.08
0.93704,-2,0.08
0.93705,-2.08,0.08
0.93706,-1.92,0.08
0.93707,-1.92,0.08
0.93708,-1.92,0.08
0.93709,-2,0.08
0.9371,-1.92,0
0.93711,-1.92,0.08
0.93712,-1.92,0.08
0.93713,-2,0.08
0.93714,-2,0
0.93715,-2,0
0.93716,-2,0.08
0.93717,-2,0
0.93718,-2,0.08
0.93719,-1.92,0
0.9372,-1.92,0.08
0.93721,-2,0
0.93722,-1.92,0.08
0.93723,-2,0.08
0.93724,-2,0.08
0.93725,-1.92,0.08
0.93726,-2,0
0.93727,-2,0
0.93728,-1.92,0
0.93729,-1.92,0.08
0.9373,-1.92,0
0.93731,-1.92,0
0.93732,-2,0
0.93733,-2,0.08
0.93734,-2,0.08
0.93735,-2,0.08
0.93736,-2,0.08
0.93737,-1.92,0.08
0.93738,-2,0.08
0.93739,-2,0
0.9374,-1.92,0
0.93741,-1.92,0
0.93742,-2,0.08
0.93743,-2,0.08
0.93744,-1.92,0
0.93745,-2,0.08
0.93746,-1.92,0
0.93747,-2,0
0.93748,-1.92,0
0.93749,-2.08,0
0.9375,-2,0
0.93751,-2,0
0.93752,-2,0
0.93753,-2,0.08
0.93754,-2,0.08
0.93755,-2,0
0.93756,-2,0
0.93757,-2,0
0.93758,-2,0
0.93759,-2,0.08
0.9376,-1.92,0
0.93761,-1.92,-0.08
0.93762,-1.92,0
0.93763,-1.92,0
0.93764,-1.92,0
0.93765,-2,0
0.93766,-2,0
0.93767,-1.92,0.08
0.93768,-1.92,0.08
0.93769,-2,0.08
0.9377,-1.92,0
0.93771,-2,0
0.93772,-2,-0.08
0.93773,-2,0
0.93774,-1.92,0.08
0.93775,-2,0.08
0.93776,-1.92,0
0.93777,-2,-0.08
0.93778,-1.92,0
0.93779,-2,0
0.9378,-1.92,0.08
0.93781,-1.92,0.08
0.93782,-1.92,0.08
0.93783,-2,0.08
0.93784,-1.92,0.08
0.93785,-2,0.08
0.93786,-2,0.08
0.93787,-1.92,0
0.93788,-2,0.08
0.93789,-1.92,0.16
0.9379,-2,0.08
0.93791,-1.92,0.08
0.93792,-2,0.08
0.93793,-1.84,0.16
0.93794,-2,0.08
0.93795,-2,0.08
0.93796,-2,0.08
0.93797,-2,0.16
0.93798,-1.92,0.08
0.93799,-1.92,0.08
0.938,-2.08,0.08
0.93801,-2,0.08
0.93802,-2,0.08
0.93803,-2,0.08
0.93804,-1.92,0.08
0.93805,-2,0.08
0.93806,-2,0.16
0.93807,-1.92,0.16
0.93808,-1.92,0.24
0.93809,-1.92,0.16
0.9381,-2,0.16
0.93811,-2,0.16
0.93812,-1.92,0.16
0.93813,-2,0.16
0.93814,-2,0.16
0.93815,-2,0.16
0.93816,-2,0.16
0.93817,-2,0.16
0.93818,-2,0.16
0.93819,-1.92,0.08
0.9382,-1.92,0.16
0.93821,-1.84,0.16
0.93822,-1.92,0.16
0.93823,-2,0.16
0.93824,-2.08,0.16
0.93825,-2,0.24
0.93826,-2,0.24
0.93827,-2,0.32
0.93828,-1.92,0.24
0.93829,-2,0.24
0.9383,-2,0.24
0.93831,-2,0.24
0.93832,-2,0.24
0.93833,-2,0.32
0.93834,-2,0.32
0.93835,-1.92,0.32
0.93836,-2,0.32
0.93837,-2,0.24
0.93838,-2,0.4
0.93839,-2,0.32
0.9384,-2,0.32
0.93841,-2,0.32
0.93842,-2,0.32
0.93843,-2.08,0.48
0.93844,-2.08,0.4
0.93845,-2,0.4
0.93846,-2.16,0.32
0.93847,-2.08,0.32
0.93848,-2,0.4
0.93849,-2.08,0.4
0.9385,-2.16,0.4
0.93851,-2.08,0.48
0.93852,-2,0.48
0.93853,-2,0.48
0.93854,-2,0.48
0.93855,-1.92,0.48
0.93856,-2,0.48
0.93857,-1.92,0.48
0.93858,-2,0.48
0.93859,-2,0.48
0.9386,-2.08,0.56
0.93861,-2.08,0.48
0.93862,-2,0.48
0.93863,-2,0.56
0.93864,-2,0.56
0.93865,-2.08,0.48
0.93866,-2.16,0.56
0.93867,-2.16,0.56
0.93868,-2.16,0.56
0.93869,-2.16,0.56
0.9387,-2,0.56
0.93871,-2.16,0.56
0.93872,-2.16,0.56
0.93873,-2.16,0.64
0.93874,-2,0.64
0.93875,-2.16,0.72
0.93876,-2.16,0.56
0.93877,-2.16,0.72
0.93878,-2.16,0.72
0.93879,-2.08,0.72
0.9388,-2.08,0.72
0.93881,-2.16,0.72
0.93882,-2.24,0.72
0.93883,-2.24,0.72
0.93884,-2.24,0.72
0.93885,-2.24,0.72
0.93886,-2.24,0.8
0.93887,-2.24,0.8
0.93888,-2.24,0.8
0.93889,-2.32,0.88
0.9389,-2.32,0.8
0.93891,-2.32,0.88
0.93892,-2.24,0.8
0.93893,-2.32,0.88
0.93894,-2.16,0.88
0.93895,-2.32,0.96
0.93896,-2.4,0.96
0.93897,-2.32,0.88
0.93898,-2.24,0.88
0.93899,-2.24,0.88
0.939,-2.32,0.88
0.93901,-2.4,0.96
0.93902,-2.32,0.96
0.93903,-2.4,0.96
0.93904,-2.48,1.04
0.93905,-2.4,1.04
0.93906,-2.4,1.04
0.93907,-2.48,1.04
0.93908,-2.48,0.96
0.93909,-2.48,0.96
0.9391,-2.48,0.96
0.93911,-2.48,0.96
0.93912,-2.48,1.04
0.93913,-2.4,1.04
0.93914,-2.48,1.12
0.93915,-2.48,1.12
0.93916,-2.48,1.12
0.93917,-2.48,1.04
0.93918,-2.56,1.04
0.93919,-2.48,1.04
0.9392,-2.48,1.12
0.93921,-2.56,1.04
0.93922,-2.56,1.04
0.93923,-2.64,1.04
0.93924,-2.64,1.12
0.93925,-2.64,1.2
0.93926,-2.64,1.12
0.93927,-2.72,1.12
0.93928,-2.64,1.12
0.93929,-2.72,1.12
0.9393,-2.64,1.12
0.93931,-2.72,1.2
0.93932,-2.64,1.2
0.93933,-2.64,1.2
0.93934,-2.72,1.2
0.93935,-2.64,1.2
0.93936,-2.72,1.2
0.93937,-2.72,1.2
0.93938,-2.8,1.2
0.93939,-2.72,1.2
0.9394,-2.8,1.2
0.93941,-2.8,1.28
0.93942,-2.88,1.28
0.93943,-2.72,1.28
0.93944,-2.8,1.28
0.93945,-2.88,1.28
0.93946,-2.88,1.28
0.93947,-2.8,1.28
0.93948,-2.88,1.28
0.93949,-2.88,1.28
0.9395,-2.96,1.28
0.93951,-2.96,1.28
0.93952,-2.96,1.36
0.93953,-2.96,1.28
0.93954,-2.96,1.36
0.93955,-3.04,1.28
0.93956,-2.96,1.36
0.93957,-2.96,1.28
0.93958,-2.96,1.2
0.93959,-3.04,1.28
0.9396,-3.04,1.28
0.93961,-3.04,1.28
0.93962,-3.04,1.28
0.93963,-3.04,1.28
0.93964,-2.96,1.28
0.93965,-2.96,1.28
0.93966,-3.12,1.36
0.93967,-3.12,1.36
0.93968,-3.2,1.36
0.93969,-3.2,1.28
0.9397,-3.2,1.36
0.93971,-3.2,1.36
0.93972,-3.28,1.36
0.93973,-3.2,1.28
0.93974,-3.28,1.36
0.93975,-3.2,1.28
0.93976,-3.2,1.28
0.93977,-3.2,1.36
0.93978,-3.2,1.36
0.93979,-3.28,1.36
0.9398,-3.28,1.36
0.93981,-3.28,1.36
0.93982,-3.28,1.44
0.93983,-3.36,1.36
0.93984,-3.28,1.36
0.93985,-3.36,1.28
0.93986,-3.28,1.36
0.93987,-3.36,1.28
0.93988,-3.36,1.28
0.93989,-3.36,1.28
0.9399,-3.36,1.36
0.93991,-3.44,1.36
0.93992,-3.44,1.36
0.93993,-3.44,1.28
0.93994,-3.44,1.36
0.93995,-3.44,1.28
0.93996,-3.52,1.28
0.93997,-3.36,1.36
0.93998,-3.44,1.28
0.93999,-3.36,1.36
0.94,-3.44,1.36
0.94001,-3.52,1.36
0.94002,-3.52,1.2
0.94003,-3.44,1.2
0.94004,-3.6,1.2
0.94005,-3.52,1.28
0.94006,-3.52,1.28
0.94007,-3.52,1.28
0.94008,-3.52,1.2
0.94009,-3.44,1.28
0.9401,-3.52,1.2
0.94011,-3.6,1.2
0.94012,-3.6,1.2
0.94013,-3.6,1.12
0.94014,-3.6,1.28
0.94015,-3.6,1.28
0.94016,-3.52,1.28
0.94017,-3.52,1.2
0.94018,-3.52,1.2
0.94019,-3.6,1.2
0.9402,-3.52,1.2
0.94021,-3.52,1.2
0.94022,-3.68,1.12
0.94023,-3.6,1.2
0.94024,-3.6,1.12
0.94025,-3.6,1.12
0.94026,-3.68,1.12
0.94027,-3.68,1.12
0.94028,-3.6,1.12
0.94029,-3.6,1.12
0.9403,-3.6,1.12
0.94031,-3.6,1.12
0.94032,-3.68,0.96
0.94033,-3.68,1.04
0.94034,-3.68,1.04
0.94035,-3.68,0.96
0.94036,-3.68,1.04
0.94037,-3.68,0.96
0.94038,-3.68,0.96
0.94039,-3.68,1.04
0.9404,-3.6,1.04
0.94041,-3.6,0.96
0.94042,-3.68,0.96
0.94043,-3.68,0.88
0.94044,-3.6,0.96
0.94045,-3.68,0.88
0.94046,-3.6,0.88
0.94047,-3.76,0.96
0.94048,-3.6,0.88
0.94049,-3.6,0.96
0.9405,-3.6,0.88
0.94051,-3.6,0.88
0.94052,-3.6,0.88
0.94053,-3.6,0.8
0.94054,-3.6,0.8
0.94055,-3.6,0.8
0.94056,-3.6,0.88
0.94057,-3.6,0.88
0.94058,-3.6,0.88
0.94059,-3.6,0.8
0.9406,-3.6,0.72
0.94061,-3.52,0.72
0.94062,-3.52,0.72
0.94063,-3.6,0.64
0.94064,-3.52,0.72
0.94065,-3.6,0.8
0.94066,-3.6,0.72
0.94067,-3.6,0.8
0.94068,-3.52,0.72
0.94069,-3.6,0.64
0.9407,-3.6,0.56
0.94071,-3.52,0.64
0.94072,-3.6,0.56
0.94073,-3.6,0.56
0.94074,-3.6,0.64
0.94075,-3.6,0.64
0.94076,-3.44,0.56
0.94077,-3.44,0.56
0.94078,-3.36,0.56
0.94079,-3.44,0.48
0.9408,-3.36,0.4
0.94081,-3.44,0.4
0.94082,-3.44,0.48
0.94083,-3.44,0.48
0.94084,-3.44,0.56
0.94085,-3.44,0.56
0.94086,-3.36,0.48
0.94087,-3.36,0.48
0.94088,-3.44,0.48
0.94089,-3.28,0.4
0.9409,-3.36,0.4
0.94091,-3.44,0.4
0.94092,-3.44,0.4
0.94093,-3.28,0.48
0.94094,-3.36,0.32
0.94095,-3.28,0.4
0.94096,-3.36,0.32
0.94097,-3.36,0.32
0.94098,-3.36,0.4
0.94099,-3.28,0.32
0.941,-3.2,0.32
0.94101,-3.2,0.32
0.94102,-3.28,0.32
0.94103,-3.2,0.32
0.94104,-3.2,0.32
0.94105,-3.28,0.32
0.94106,-3.2,0.32
0.94107,-3.2,0.32
0.94108,-3.2,0.32
0.94109,-3.2,0.24
0.9411,-3.12,0.24
0.94111,-3.2,0.24
0.94112,-3.12,0.24
0.94113,-3.12,0.24
0.94114,-3.04,0.24
0.94115,-3.12,0.24
0.94116,-3.12,0.16
0.94117,-3.12,0.16
0.94118,-3.12,0.24
0.94119,-3.04,0.16
0.9412,-3.12,0.08
0.94121,-3.04,0.16
0.94122,-3.04,0.16
0.94123,-2.96,0.08
0.94124,-2.96,0.08
0.94125,-2.88,0.16
0.94126,-2.88,0.16
0.94127,-2.88,0.16
0.94128,-2.96,0.16
0.94129,-2.96,0.24
0.9413,-2.96,0.16
0.94131,-2.96,0.16
0.94132,-2.88,0.16
0.94133,-2.88,0.08
0.94134,-2.88,0.16
0.94135,-2.88,0.16
0.94136,-2.8,0.16
0.94137,-2.72,0.08
0.94138,-2.72,0.08
0.94139,-2.72,0
0.9414,-2.72,0
0.94141,-2.72,0
0.94142,-2.72,0.08
0.94143,-2.72,0.08
0.94144,-2.72,0.08
0.94145,-2.72,0.08
0.94146,-2.72,0.08
0.94147,-2.72,0.08
0.94148,-2.72,0
0.94149,-2.64,0
0.9415,-2.72,0
0.94151,-2.72,0
0.94152,-2.64,0
0.94153,-2.64,0.08
0.94154,-2.64,0.08
0.94155,-2.56,0
0.94156,-2.64,0.08
0.94157,-2.64,0
0.94158,-2.56,-0.08
0.94159,-2.56,0
0.9416,-2.56,0
0.94161,-2.56,-0.08
0.94162,-2.48,0
0.94163,-2.48,0
0.94164,-2.48,-0.08
0.94165,-2.56,-0.08
0.94166,-2.48,-0.08
0.94167,-2.56,-0.08
0.94168,-2.48,0
0.94169,-2.48,0
0.9417,-2.48,0
0.94171,-2.48,-0.08
0.94172,-2.48,0
0.94173,-2.48,0
0.94174,-2.4,0
0.94175,-2.32,0
0.94176,-2.32,-0.08
0.94177,-2.32,-0.08
0.94178,-2.32,-0.16
0.94179,-2.32,-0.08
0.9418,-2.32,-0.08
0.94181,-2.32,-0.08
0.94182,-2.32,-0.08
0.94183,-2.24,-0.08
0.94184,-2.24,-0.08
0.94185,-2.24,0
0.94186,-2.24,-0.08
0.94187,-2.24,-0.08
0.94188,-2.24,-0.08
0.94189,-2.24,-0.08
0.9419,-2.24,-0.08
0.94191,-2.32,-0.08
0.94192,-2.32,-0.08
0.94193,-2.24,0
0.94194,-2.24,0
0.94195,-2.16,0
0.94196,-2.16,0
0.94197,-2.24,0
0.94198,-2.16,0
0.94199,-2.24,0
0.942,-2.16,-0.08
0.94201,-2.24,-0.08
0.94202,-2.16,-0.08
0.94203,-2.08,-0.08
0.94204,-2.16,0
0.94205,-2.16,0
0.94206,-2.08,0
0.94207,-2.08,0.08
0.94208,-2.16,0
0.94209,-2,-0.08
0.9421,-2.16,0.08
0.94211,-2.08,0
0.94212,-2.08,-0.08
0.94213,-2.08,-0.08
0.94214,-2.08,0
0.94215,-2.08,0
0.94216,-2.08,0
0.94217,-2.08,0
0.94218,-2.08,0
0.94219,-2.08,0.08
0.9422,-2.08,0
0.94221,-2,0
0.94222,-2.08,-0.08
0.94223,-2.16,-0.08
0.94224,-2,-0.08
0.94225,-2,0
0.94226,-1.92,0
0.94227,-2,0.08
0.94228,-2.08,0
0.94229,-2,0
0.9423,-2,0
0.94231,-2,0
0.94232,-2,0
0.94233,-1.92,0
0.94234,-2,0.08
0.94235,-1.92,0.08
0.94236,-2.08,0.08
0.94237,-2,0.08
0.94238,-2,0
0.94239,-1.92,0.08
0.9424,-2,0.08
0.94241,-2,0
0.94242,-1.92,0.08
0.94243,-1.92,0.08
0.94244,-1.92,0.08
0.94245,-1.92,0
0.94246,-2,0.08
0.94247,-1.92,0.08
0.94248,-1.92,0.08
0.94249,-1.92,0.08
0.9425,-2,0.08
0.94251,-2,0.08
0.94252,-2,0.08
0.94253,-2,0.16
0.94254,-1.92,0.16
0.94255,-2,0.08
0.94256,-1.92,0.08
0.94257,-1.92,0.08
0.94258,-1.92,0
0.94259,-1.92,0.08
0.9426,-1.92,0.08
0.94261,-2,0.08
0.94262,-2,0.08
0.94263,-1.92,0.08
0.94264,-1.92,0.08
0.94265,-1.92,0.16
0.94266,-1.92,0.16
0.94267,-1.92,0.08
0.94268,-1.92,0.16
0.94269,-1.92,0.16
0.9427,-1.92,0.08
0.94271,-1.92,0.16
0.94272,-2,0.08
0.94273,-1.92,0.08
0.94274,-1.92,0.08
0.94275,-2,0.08
0.94276,-2,0.08
0.94277,-1.92,0
0.94278,-2,0.08
0.94279,-1.92,0.08
0.9428,-2,0.08
0.94281,-1.92,0.08
0.94282,-1.92,0.08
0.94283,-1.92,0.08
0.94284,-1.92,0.08
0.94285,-2,0.16
0.94286,-1.92,0.16
0.94287,-1.92,0.16
0.94288,-1.92,0.16
0.94289,-2,0.08
0.9429,-1.92,0.08
0.94291,-2,0.08
0.94292,-2,0.16
0.94293,-1.92,0.08
0.94294,-1.92,0.08
0.94295,-1.92,0.16
0.94296,-2,0.08
0.94297,-2,0.08
0.94298,-2,0.08
0.94299,-2,0.08
0.943,-1.92,0.08
0.94301,-1.92,0.08
0.94302,-2,0.08
0.94303,-2,0.08
0.94304,-2,0.08
0.94305,-1.92,0.16
0.94306,-1.92,0.08
0.94307,-2,0
0.94308,-1.92,0.08
0.94309,-2,0.08
0.9431,-2,0.08
0.94311,-2,0.16
0.94312,-2,0.08
0.94313,-2,0.08
0.94314,-2,0.08
0.94315,-2.08,0.08
0.94316,-2,0.16
0.94317,-1.92,0.08
0.94318,-1.92,0.16
0.94319,-1.92,0.08
0.9432,-1.92,0.16
0.94321,-1.92,0.16
0.94322,-1.92,0.08
0.94323,-1.92,0
0.94324,-1.92,0
0.94325,-2,0
0.94326,-1.92,0.08
0.94327,-2,0.16
0.94328,-2,0.08
0.94329,-2,0.08
0.9433,-2,0.08
0.94331,-2,0.08
0.94332,-2.08,0.08
0.94333,-1.92,0.16
0.94334,-2,0.16
0.94335,-2,0.16
0.94336,-2,0.08
0.94337,-2,0.08
0.94338,-2.08,0.08
0.94339,-2.08,0
0.9434,-2,0.08
0.94341,-1.92,0.08
0.94342,-2,0.08
0.94343,-2,0.08
0.94344,-2,0.08
0.94345,-2,0.08
0.94346,-2,0.08
0.94347,-2,0
0.94348,-1.92,0.08
0.94349,-2,0.08
0.9435,-1.92,0.08
0.94351,-1.92,0
0.94352,-2,0.08
0.94353,-2,0
0.94354,-2,0
0.94355,-1.92,0
0.94356,-2,0
0.94357,-1.92,0.08
0.94358,-2,0.08
0.94359,-2,0
0.9436,-2.08,0
0.94361,-2,0.08
0.94362,-1.92,0
0.94363,-1.92,0
0.94364,-1.92,-0.08
0.94365,-2,0
0.94366,-1.92,0.08
0.94367,-2,0.08
0.94368,-1.92,0.08
0.94369,-2,0.08
0.9437,-2,0.08
0.94371,-2,0.08
0.94372,-2,0.08
0.94373,-2,-0.08
0.94374,-2,-0.08
0.94375,-2,0
0.94376,-2,0
0.94377,-1.92,0
0.94378,-2,0.08
0.94379,-2,0.08
0.9438,-2,0.08
0.94381,-2,0
0.94382,-2,0
0.94383,-2,0
0.94384,-2.08,0.08
0.94385,-2,0.08
0.94386,-2,0.08
0.94387,-2.08,0.08
0.94388,-2,0.16
0.94389,-1.92,0.08
0.9439,-2,0.16
0.94391,-1.92,0.08
0.94392,-2,0.08
0.94393,-1.92,0.08
0.94394,-1.92,0
0.94395,-1.92,0
0.94396,-1.92,0.08
0.94397,-1.92,0.08
0.94398,-2.16,-0.08
0.94399,-2,0
0.944,-2,0
0.94401,-2,0
0.94402,-1.92,0.08
0.94403,-2,-0.08
0.94404,-2,0
0.94405,-2,0.08
0.94406,-2,0.08
0.94407,-2,0.08
0.94408,-2.08,0.08
0.94409,-2,0
0.9441,-2,0.08
0.94411,-2,0.08
0.94412,-2,0
0.94413,-2,0.08
0.94414,-2,0.08
0.94415,-1.92,0.08
0.94416,-2,0
0.94417,-2,0.08
0.94418,-2,0
0.94419,-2.08,-0.08
0.9442,-2.08,0
0.94421,-2,0
0.94422,-2,0.08
0.94423,-2,0.08
0.94424,-1.92,0.16
0.94425,-2,0.08
0.94426,-2,0.08
0.94427,-2,0
0.94428,-2,0.08
0.94429,-2,0.08
0.9443,-2,0.16
0.94431,-2,0.16
0.94432,-2,0.08
0.94433,-1.92,0
0.94434,-1.92,0.08
0.94435,-2,0
0.94436,-2,0
0.94437,-2,0
0.94438,-2,0.08
0.94439,-2,0
0.9444,-1.92,0
0.94441,-2,0
0.94442,-1.92,0
0.94443,-2,0
0.94444,-1.92,0.08
0.94445,-1.92,0.08
0.94446,-2,0.08
0.94447,-2,0.08
0.94448,-2,0.08
0.94449,-2,0.08
0.9445,-2,0.08
0.94451,-1.92,0.08
0.94452,-2,0
0.94453,-1.92,0
0.94454,-1.92,0
0.94455,-2,-0.08
0.94456,-2,-0.08
0.94457,-1.92,0.08
0.94458,-1.92,0.08
0.94459,-2,0
0.9446,-2,0.08
0.94461,-2,0.16
0.94462,-1.92,0.08
0.94463,-1.92,0.08
0.94464,-1.92,0.08
0.94465,-1.92,0.08
0.94466,-1.92,0.16
0.94467,-2,0.08
0.94468,-1.92,0.08
0.94469,-2,0.08
0.9447,-1.92,0.08
0.94471,-1.92,0.08
0.94472,-2,0.08
0.94473,-1.92,0
0.94474,-2,0
0.94475,-1.92,0.08
0.94476,-2,0.08
0.94477,-2,0.08
0.94478,-1.92,0.16
0.94479,-1.92,0.08
0.9448,-1.92,0
0.94481,-1.92,-0.08
0.94482,-2,0
0.94483,-1.92,0
0.94484,-2,0
0.94485,-2,0.08
0.94486,-2.08,0.16
0.94487,-2,0.16
0.94488,-1.92,0.08
0.94489,-1.92,0.16
0.9449,-1.92,0.08
0.94491,-2,0.08
0.94492,-1.92,0.08
0.94493,-2,0.08
0.94494,-1.92,0.16
0.94495,-2,0.08
0.94496,-2,0
0.94497,-2.08,0
0.94498,-1.92,0.16
0.94499,-2,0.08
0.945,-1.92,0.08
0.94501,-2,0
0.94502,-2,0
0.94503,-2,0.08
0.94504,-2,0
0.94505,-2,0.08
0.94506,-2,0.08
0.94507,-2,0.08
0.94508,-2.16,0.08
0.94509,-2,0.08
0.9451,-2.08,0
0.94511,-2.08,0.08
0.94512,-2,0
0.94513,-2,0.16
0.94514,-1.92,0.16
0.94515,-1.92,0.08
0.94516,-2,0.08
0.94517,-2.08,0
0.94518,-2.08,0
0.94519,-2,0.08
0.9452,-2,0.08
0.94521,-2,0.16
0.94522,-1.92,0
0.94523,-2,-0.08
0.94524,-2,0
0.94525,-2,0
0.94526,-2,0.08
0.94527,-2,0.08
0.94528,-2,0
0.94529,-2.08,-0.08
0.9453,-2.08,0
0.94531,-2.08,0.08
0.94532,-2.08,0.08
0.94533,-2.08,0.08
0.94534,-2,0.08
0.94535,-2,-0.08
0.94536,-2,-0.08
0.94537,-2,0
0.94538,-1.92,0.08
0.94539,-1.92,0.08
0.9454,-2,0
0.94541,-2.08,0
0.94542,-2,-0.08
0.94543,-2,0
0.94544,-2,0
0.94545,-2,0
0.94546,-2,0.08
0.94547,-1.92,0
0.94548,-2,0
0.94549,-2,0
0.9455,-2,0
0.94551,-2,0.08
0.94552,-2,0.08
0.94553,-2,0.08
0.94554,-1.92,0.08
0.94555,-2,0.08
0.94556,-2,0
0.94557,-1.92,0.08
0.94558,-1.92,0.08
0.94559,-1.92,0.08
0.9456,-1.92,0.08
0.94561,-2,0
0.94562,-2,0.08
0.94563,-2,0.08
0.94564,-2,0.08
0.94565,-2.08,0.16
0.94566,-2.08,0
0.94567,-2,0.08
0.94568,-2.08,0.16
0.94569,-1.92,0.08
0.9457,-2,0
0.94571,-2,0.08
0.94572,-2,0.08
0.94573,-1.92,0.08
0.94574,-1.92,0.08
0.94575,-1.92,0.08
0.94576,-2,0.08
0.94577,-2,0.08
0.94578,-2,0
0.94579,-2,0.08
0.9458,-1.92,0.08
0.94581,-1.92,0.08
0.94582,-2,0.08
0.94583,-2,0
0.94584,-1.92,0
0.94585,-1.92,0.08
0.94586,-1.92,0
0.94587,-2,0
0.94588,-1.92,0.08
0.94589,-1.92,0.08
0.9459,-1.92,0
0.94591,-2,0.08
0.94592,-2.08,0.08
0.94593,-2,0.08
0.94594,-1.92,0.08
0.94595,-1.92,0.08
0.94596,-2,0.08
0.94597,-1.92,0.08
0.94598,-1.92,0.08
0.94599,-1.84,0.08
0.946,-1.92,0.08
0.94601,-2,0
0.94602,-2.08,0
0.94603,-1.92,-0.08
0.94604,-2,-0.08
0.94605,-2,0.08
0.94606,-2,0
0.94607,-2,0.08
0.94608,-2.08,0.08
0.94609,-1.92,0.08
0.9461,-2,0.08
0.94611,-2,0.08
0.94612,-1.92,0.16
0.94613,-2,0.08
0.94614,-1.92,0
0.94615,-1.92,0.08
0.94616,-1.92,0.08
0.94617,-1.92,0.08
0.94618,-1.92,0.08
0.94619,-1.92,0
0.9462,-1.92,0.08
0.94621,-1.92,0
0.94622,-2,-0.08
0.94623,-1.92,0
0.94624,-2,0.08
0.94625,-2,0.08
0.94626,-2,0
0.94627,-1.92,0
0.94628,-1.92,0.08
0.94629,-1.92,-0.08
0.9463,-2,-0.08
0.94631,-1.92,-0.08
0.94632,-2,0
0.94633,-2,0
0.94634,-1.92,0.08
0.94635,-1.92,0.08
0.94636,-1.92,0.08
0.94637,-1.92,0
0.94638,-1.92,0.08
0.94639,-1.84,0.08
0.9464,-1.92,0
0.94641,-2,0
0.94642,-2,0
0.94643,-1.92,0
0.94644,-1.92,0.08
0.94645,-2,0.08
0.94646,-1.92,0
0.94647,-2,0
0.94648,-1.92,0.08
0.94649,-1.92,0.08
0.9465,-1.92,0.08
0.94651,-1.92,0.08
0.94652,-1.92,0.16
0.94653,-2,0.08
0.94654,-1.92,0
0.94655,-1.92,0.08
0.94656,-1.92,0.08
0.94657,-1.92,0.08
0.94658,-2,0.08
0.94659,-1.92,0.08
0.9466,-2,0.08
0.94661,-1.92,0
0.94662,-2,0
0.94663,-1.92,0.08
0.94664,-2,-0.08
0.94665,-2,0.08
0.94666,-2,0.08
0.94667,-2,0.08
0.94668,-1.92,0.08
0.94669,-1.92,0.08
0.9467,-1.92,0
0.94671,-1.92,0.08
0.94672,-1.92,0.08
0.94673,-1.92,0
0.94674,-1.92,0
0.94675,-2,0
0.94676,-1.92,0
0.94677,-1.92,0.08
0.94678,-1.92,0.08
0.94679,-1.92,0.16
0.9468,-2,0.16
0.94681,-1.92,0.08
0.94682,-1.92,0.08
0.94683,-2,0.08
0.94684,-1.92,0.08
0.94685,-2,0
0.94686,-2,0.08
0.94687,-1.92,0.08
0.94688,-1.92,0.08
0.94689,-1.92,0.08
0.9469,-1.92,0.08
0.94691,-1.92,0.08
0.94692,-1.92,0.08
0.94693,-1.84,0.08
0.94694,-2,0.08
0.94695,-1.92,0.08
0.94696,-1.92,0.08
0.94697,-1.92,0.08
0.94698,-2,0
0.94699,-1.84,0.08
0.947,-1.92,0.08
0.94701,-1.92,0
0.94702,-1.92,0.08
0.94703,-2,0.08
0.94704,-1.92,0
0.94705,-1.92,0.08
0.94706,-1.92,0.16
0.94707,-2,0.08
0.94708,-1.92,0
0.94709,-1.92,0.08
0.9471,-1.92,0.08
0.94711,-1.92,0.08
0.94712,-2,0.08
0.94713,-2,0.08
0.94714,-1.92,0
0.94715,-1.92,0.08
0.94716,-1.92,0
0.94717,-1.92,0
0.94718,-2,0.08
0.94719,-1.92,0.16
0.9472,-1.92,0.16
0.94721,-1.92,0.16
0.94722,-1.92,0.08
0.94723,-1.92,0
0.94724,-2,0.16
0.94725,-1.92,0.16
0.94726,-1.84,0.08
0.94727,-1.92,0.08
0.94728,-1.92,0.08
0.94729,-1.92,0
0.9473,-1.92,0.08
0.94731,-2,0.08
0.94732,-2,0
0.94733,-2,-0.08
0.94734,-1.92,0.08
0.94735,-2,0.08
0.94736,-2,0.08
0.94737,-2,0.08
0.94738,-2,0.08
0.94739,-1.92,0.08
0.9474,-1.92,0.16
0.94741,-1.92,0
0.94742,-1.92,0
0.94743,-1.92,0
0.94744,-1.92,0
0.94745,-2,-0.08
0.94746,-1.92,0.08
0.94747,-2,0.16
0.94748,-1.92,0.08
0.94749,-1.84,0
0.9475,-1.92,0.08
0.94751,-1.92,0.08
0.94752,-1.92,0
0.94753,-1.92,0.08
0.94754,-2,0.16
0.94755,-2,0.08
0.94756,-1.92,0.08
0.94757,-1.84,0.08
0.94758,-1.92,0.16
0.94759,-2,0.08
0.9476,-1.92,0.16
0.94761,-1.92,0.16
0.94762,-2,0.08
0.94763,-1.92,0.08
0.94764,-1.84,0.08
0.94765,-1.92,0.08
0.94766,-1.84,0.08
0.94767,-1.92,0.08
0.94768,-1.92,0.08
0.94769,-1.92,0.16
0.9477,-1.92,0.16
0.94771,-1.92,0.08
0.94772,-2,0
0.94773,-2,0.08
0.94774,-2,0.16
0.94775,-1.84,0.08
0.94776,-2,0.08
0.94777,-1.92,0.08
0.94778,-1.92,0.08
0.94779,-1.92,0.08
0.9478,-2,0.08
0.94781,-2,0.16
0.94782,-2,0.16
0.94783,-2,0
0.94784,-1.92,0
0.94785,-1.92,0.08
0.94786,-2,0.16
0.94787,-2,0.16
0.94788,-1.92,0.16
0.94789,-2,0.08
0.9479,-1.92,0.08
0.94791,-2,0.16
0.94792,-1.92,0
0.94793,-2,0.08
0.94794,-1.92,0.08
0.94795,-2,0
0.94796,-2,0.08
0.94797,-1.92,0.16
0.94798,-1.92,0.16
0.94799,-1.92,0.08
0.948,-1.92,0.08
0.94801,-1.92,0.08
0.94802,-1.92,0.16
0.94803,-1.92,0.08
0.94804,-1.92,0.08
0.94805,-1.92,0.08
0.94806,-2,0.16
0.94807,-1.92,0.08
0.94808,-2,0.08
0.94809,-1.92,0.08
0.9481,-2,0.08
0.94811,-1.92,0
0.94812,-2,0.08
0.94813,-2,0.16
0.94814,-1.92,0.08
0.94815,-2,0.08
0.94816,-2,0.08
0.94817,-2,0.08
0.94818,-2,0
0.94819,-2,0
0.9482,-2,0.08
0.94821,-2,0.08
0.94822,-2,0.16
0.94823,-2,0.24
0.94824,-1.92,0.16
0.94825,-2,0.08
0.94826,-1.92,0.08
0.94827,-2,0.16
0.94828,-1.92,0.16
0.94829,-1.92,0.08
0.9483,-2,0.08
0.94831,-1.92,0.16
0.94832,-2,0.08
0.94833,-2,0
0.94834,-2.08,-0.08
0.94835,-1.92,0.08
0.94836,-2,0.16
0.94837,-2.08,0.16
0.94838,-2,0.08
0.94839,-1.84,0.16
0.9484,-1.84,0.08
0.94841,-2,0.08
0.94842,-1.92,0.08
0.94843,-1.92,0.16
0.94844,-2,0.08
0.94845,-2,0.16
0.94846,-2.08,0.16
0.94847,-2,0.08
0.94848,-1.92,0.16
0.94849,-1.92,0.16
0.9485,-1.92,0.16
0.94851,-1.92,0.16
0.94852,-2,0.08
0.94853,-2,0.08
0.94854,-2,0
0.94855,-2,0
0.94856,-1.92,0
0.94857,-1.92,0.08
0.94858,-1.92,0.08
0.94859,-2,0.08
0.9486,-2,0.08
0.94861,-2,0.08
0.94862,-1.92,0
0.94863,-2,0.08
0.94864,-2,0.16
0.94865,-2,0.08
0.94866,-2,0.08
0.94867,-2,0.16
0.94868,-1.92,0.08
0.94869,-1.92,0.08
0.9487,-2,0.08
0.94871,-2,0
0.94872,-2,0
0.94873,-1.92,0.08
0.94874,-2,0.08
0.94875,-2,0.16
0.94876,-2,0.08
0.94877,-2,0.16
0.94878,-1.92,0.08
0.94879,-1.92,0.16
0.9488,-1.92,0.08
0.94881,-1.92,0.08
0.94882,-2,0.08
0.94883,-2,0.16
0.94884,-1.92,0.16
0.94885,-2,0.16
0.94886,-2,0
0.94887,-2.08,0
0.94888,-2,0.08
0.94889,-1.92,0.16
0.9489,-1.92,0.16
0.94891,-1.92,0.08
0.94892,-1.92,0.16
0.94893,-2,0.08
0.94894,-2,0.16
0.94895,-2,0.16
0.94896,-2,0.16
0.94897,-2,0.08
0.94898,-2,0.08
0.94899,-1.92,0.16
0.949,-2,0.08
0.94901,-1.92,0.08
0.94902,-2,0.08
0.94903,-2,0.16
0.94904,-2.08,0.16
0.94905,-2,0.16
0.94906,-2.08,0.08
0.94907,-2,0.08
0.94908,-1.92,0.08
0.94909,-1.92,0.08
0.9491,-1.92,0.16
0.94911,-2,0.08
0.94912,-2,0.08
0.94913,-2,0.08
0.94914,-2,0.08
0.94915,-1.92,0
0.94916,-1.92,0.08
0.94917,-2,0.08
0.94918,-2,0.08
0.94919,-1.92,0.08
0.9492,-1.92,0.16
0.94921,-1.92,0.24
0.94922,-1.92,0.16
0.94923,-2,0.16
0.94924,-1.92,0.16
0.94925,-2,0.16
0.94926,-2,0.16
0.94927,-1.92,0.08
0.94928,-1.92,0.08
0.94929,-1.92,0.08
0.9493,-2,0.16
0.94931,-1.92,0.08
0.94932,-1.92,0.08
0.94933,-1.92,0.08
0.94934,-2,0.08
0.94935,-1.92,0.16
0.94936,-1.92,0.16
0.94937,-1.92,0.08
0.94938,-1.92,0.08
0.94939,-2,0
0.9494,-2,0.08
0.94941,-2,0.08
0.94942,-1.92,0.16
0.94943,-1.92,0.16
0.94944,-1.92,0.08
0.94945,-2,0.08
0.94946,-1.92,0.08
0.94947,-1.92,0.08
0.94948,-1.92,0.16
0.94949,-2,0
0.9495,-2,0.16
0.94951,-2.08,0.08
0.94952,-2,0.16
0.94953,-2,0.16
0.94954,-2,0.16
0.94955,-1.92,0.16
0.94956,-2,0.08
0.94957,-2,0.08
0.94958,-2,0
0.94959,-2,0.08
0.9496,-2,0.08
0.94961,-2,0.16
0.94962,-2,0.08
0.94963,-2,0.08
0.94964,-2,0.16
0.94965,-2.08,0.08
0.94966,-2,0.08
0.94967,-2,0.08
0.94968,-2,0.16
0.94969,-2,0.16
0.9497,-1.92,0.08
0.94971,-2,0.08
0.94972,-2,0.08
0.94973,-2,0
0.94974,-1.92,0.16
0.94975,-1.92,0.16
0.94976,-1.92,0.24
0.94977,-1.92,0.24
0.94978,-2,0.08
0.94979,-2.08,0.08
0.9498,-2,0.08
0.94981,-2,0.08
0.94982,-2,0.08
0.94983,-2,0.08
0.94984,-2,0.16
0.94985,-2.08,0.08
0.94986,-2,0.16
0.94987,-1.92,0.08
0.94988,-1.92,0.16
0.94989,-2,0.08
0.9499,-2.08,0
0.94991,-2,0
0.94992,-2,0
0.94993,-1.92,0.08
0.94994,-2,0.08
0.94995,-2,0.16
0.94996,-2,0.08
0.94997,-2,0.08
0.94998,-2.08,0.08
0.94999,-2,0.08
0.95,-2,0.08
0.95001,-2,0.16
0.95002,-2,0.08
0.95003,-1.92,0.16
0.95004,-1.92,0.16
0.95005,-2,0.08
0.95006,-1.92,0.08
0.95007,-1.92,0.08
0.95008,-2,0.08
0.95009,-2,0.08
0.9501,-2,0.16
0.95011,-2,0.08
0.95012,-2.08,0.08
0.95013,-2.08,0
0.95014,-2.08,0
0.95015,-1.92,0
0.95016,-1.92,0
0.95017,-2,0
0.95018,-2,0.08
0.95019,-2,0
0.9502,-2.08,0
0.95021,-1.92,0.08
0.95022,-2,0
0.95023,-1.92,0.08
0.95024,-2,0
0.95025,-2,0.24
0.95026,-2.08,0.08
0.95027,-2,0
0.95028,-2,0.08
0.95029,-2,0.08
0.9503,-2,0.08
0.95031,-1.92,0.08
0.95032,-2.08,0.08
0.95033,-2,0.16
0.95034,-2.08,0.08
0.95035,-2.08,0.16
0.95036,-2,0.16
0.95037,-2,0
0.95038,-2,0.08
0.95039,-2,0.08
0.9504,-2,0
0.95041,-2.08,0.08
0.95042,-2,0.08
0.95043,-2,0.08
0.95044,-2,0
0.95045,-1.92,0.08
0.95046,-2,0.08
0.95047,-2,-0.08
0.95048,-2,0
0.95049,-1.92,0.16
0.9505,-1.92,0.16
0.95051,-2,0.08
0.95052,-2,0.08
0.95053,-2,0.08
0.95054,-2,0.08
0.95055,-2,0.08
0.95056,-2,0.08
0.95057,-1.92,0.08
0.95058,-2,0.08
0.95059,-2,0.08
0.9506,-2,0.16
0.95061,-1.92,0.08
0.95062,-1.92,0.16
0.95063,-2,0.08
0.95064,-2,0.08
0.95065,-2.08,0.16
0.95066,-2,0.08
0.95067,-2,0.08
0.95068,-2,0
0.95069,-2,0.08
0.9507,-2,0.08
0.95071,-2,0
0.95072,-1.92,0
0.95073,-2,0.08
0.95074,-2,0.08
0.95075,-1.92,0
0.95076,-2,0.08
0.95077,-2,0.08
0.95078,-1.92,0.08
0.95079,-1.92,0.08
0.9508,-2,0.08
0.95081,-2,0.08
0.95082,-1.92,0
0.95083,-1.92,0.08
0.95084,-2,0.08
0.95085,-2,0
0.95086,-2,0
0.95087,-2,0.08
0.95088,-2,0
0.95089,-2,0.08
0.9509,-2,0
0.95091,-2,0.08
0.95092,-1.92,0.08
0.95093,-2,0
0.95094,-2,-0.08
0.95095,-2,0.08
0.95096,-2,0.08
0.95097,-2,0.08
0.95098,-1.92,-0.08
0.95099,-2,-0.16
0.951,-2,-0.08
0.95101,-2.16,0
0.95102,-2,0.08
0.95103,-2,0.08
0.95104,-1.92,0.08
0.95105,-1.92,0
0.95106,-1.92,0
0.95107,-1.84,0
0.95108,-1.92,0.08
0.95109,-1.92,0
0.9511,-2,0
0.95111,-1.92,0
0.95112,-2,0.08
0.95113,-1.92,0
0.95114,-2,-0.08
0.95115,-2,0
0.95116,-2,0
0.95117,-2,0
0.95118,-2,0
0.95119,-1.92,0.08
0.9512,-2,0
0.95121,-2,0
0.95122,-1.92,0.08
0.95123,-1.92,0.08
0.95124,-1.92,0.08
0.95125,-2,0
0.95126,-2,-0.08
0.95127,-2,0
0.95128,-1.92,0
0.95129,-1.92,0
0.9513,-1.92,0.08
0.95131,-2,0
0.95132,-2,0
0.95133,-2,0.08
0.95134,-1.92,0.08
0.95135,-1.92,0
0.95136,-1.92,-0.08
0.95137,-1.92,0
0.95138,-2,0.08
0.95139,-2,0.08
0.9514,-2,0.08
0.95141,-2,0.08
0.95142,-2,0.08
0.95143,-1.92,0.08
0.95144,-1.92,0.08
0.95145,-1.92,0.08
0.95146,-1.92,0.08
0.95147,-1.92,0.08
0.95148,-1.92,0.08
0.95149,-1.84,0.08
0.9515,-1.92,0.08
0.95151,-2,0
0.95152,-1.92,0
0.95153,-2,0.08
0.95154,-1.92,0.08
0.95155,-2,0.08
0.95156,-1.92,0.08
0.95157,-2,0
0.95158,-1.92,0
0.95159,-2,0.08
0.9516,-1.92,0
0.95161,-2,0.08
0.95162,-2,0.08
0.95163,-2,-0.08
0.95164,-2,0
0.95165,-2,0
0.95166,-2,0
0.95167,-1.92,0
0.95168,-1.92,0
0.95169,-1.92,0.08
0.9517,-1.92,0
0.95171,-1.92,0
0.95172,-1.92,0
0.95173,-1.92,0.08
0.95174,-2,0.08
0.95175,-1.92,0
0.95176,-2,0.08
0.95177,-1.92,0.08
0.95178,-2,0
0.95179,-1.92,0
0.9518,-2,0.08
0.95181,-1.92,0.08
0.95182,-1.92,0.08
0.95183,-2,0.08
0.95184,-1.92,0.08
0.95185,-1.92,0.08
0.95186,-1.92,0
0.95187,-2,0.08
0.95188,-1.92,0.08
0.95189,-2,0.08
0.9519,-1.92,0.16
0.95191,-2,0.08
0.95192,-2,0.08
0.95193,-2,0
0.95194,-1.92,0.08
0.95195,-1.92,0
0.95196,-1.92,0
0.95197,-1.92,0
0.95198,-2,0
0.95199,-2,0.16
0.952,-1.92,0.08
0.95201,-2,0
0.95202,-2,0
0.95203,-1.92,0.08
0.95204,-1.92,0.08
0.95205,-1.92,0.08
0.95206,-2,0.08
0.95207,-2,0.08
0.95208,-2,0.08
0.95209,-2,0
0.9521,-1.92,0
0.95211,-1.92,0.16
0.95212,-1.92,0.08
0.95213,-2,0.08
0.95214,-2,0.08
0.95215,-2,0.08
0.95216,-1.92,0.08
0.95217,-2,0
0.95218,-2,0.08
0.95219,-2.08,0
0.9522,-1.92,0.08
0.95221,-2,0.08
0.95222,-2,0.08
0.95223,-1.92,0.08
0.95224,-2,0.08
0.95225,-2.08,0
0.95226,-2,0.08
0.95227,-1.92,0.08
0.95228,-1.92,0.08
0.95229,-1.92,0.08
0.9523,-1.92,0.08
0.95231,-1.92,0
0.95232,-2,0
0.95233,-2,0
0.95234,-2,0
0.95235,-2,0.08
0.95236,-1.92,0
0.95237,-1.92,0
0.95238,-2,0
0.95239,-1.92,0.08
0.9524,-1.92,0
0.95241,-1.92,0
0.95242,-1.92,0.08
0.95243,-2,0.08
0.95244,-1.92,0
0.95245,-2,0.08
0.95246,-1.92,0
0.95247,-1.84,0
0.95248,-1.92,0
0.95249,-1.92,0
