0.7775,-2,0.08
0.77751,-2,0.08
0.77752,-2,0.08
0.77753,-1.92,0.08
0.77754,-1.92,0.08
0.77755,-1.92,0
0.77756,-1.92,0
0.77757,-1.92,0.08
0.77758,-1.92,0.08
0.77759,-1.92,0
0.7776,-1.92,0
0.77761,-2,0
0.77762,-2,0.08
0.77763,-2,0.08
0.77764,-2,0.08
0.77765,-1.92,0.08
0.77766,-1.92,0
0.77767,-1.92,0.08
0.77768,-2,0.16
0.77769,-1.92,0.08
0.7777,-2,0
0.77771,-1.92,0.08
0.77772,-1.92,0.08
0.77773,-1.92,0.08
0.77774,-2,0.08
0.77775,-2,0.08
0.77776,-1.92,0.08
0.77777,-1.92,0.08
0.77778,-1.92,0.08
0.77779,-2,0.08
0.7778,-1.92,0.08
0.77781,-2,0.08
0.77782,-2,0.08
0.77783,-2,0
0.77784,-1.92,0
0.77785,-2,0.08
0.77786,-1.92,0.08
0.77787,-1.92,0.08
0.77788,-2,0.08
0.77789,-2,0.08
0.7779,-2,0.08
0.77791,-1.92,0.16
0.77792,-1.92,0.08
0.77793,-2,0.08
0.77794,-1.92,0.08
0.77795,-1.92,0.08
0.77796,-1.92,0.08
0.77797,-1.92,0.08
0.77798,-2,0.08
0.77799,-1.92,0.08
0.778,-2,0.08
0.77801,-1.92,0.16
0.77802,-1.92,0.08
0.77803,-2,0.08
0.77804,-1.92,0.08
0.77805,-2,0.08
0.77806,-2,0.08
0.77807,-1.92,0.08
0.77808,-1.92,0.08
0.77809,-2,0.08
0.7781,-1.92,0.08
0.77811,-2,0.08
0.77812,-2,0.08
0.77813,-2,0.08
0.77814,-1.92,0.08
0.77815,-2,0.08
0.77816,-2,0.08
0.77817,-2,0
0.77818,-1.92,0
0.77819,-2,0
0.7782,-2,0.08
0.77821,-1.92,0
0.77822,-2,0.08
0.77823,-2,0.08
0.77824,-2,0.08
0.77825,-2,0.08
0.77826,-2,0.08
0.77827,-1.92,0.08
0.77828,-1.92,0.08
0.77829,-1.92,0
0.7783,-2,0
0.77831,-1.92,0.08
0.77832,-2,0
0.77833,-2,0
0.77834,-2,0
0.77835,-1.92,0
0.77836,-1.92,0
0.77837,-2,0
0.77838,-2,0
0.77839,-2,0
0.7784,-2,0.08
0.77841,-1.92,0
0.77842,-1.92,0.08
0.77843,-2,0.08
0.77844,-2,0.08
0.77845,-2,0.08
0.77846,-1.92,0
0.77847,-1.92,0.08
0.77848,-2,0
0.77849,-1.92,0
0.7785,-1.92,0
0.77851,-2,0
0.77852,-2.08,0
0.77853,-2,0.08
0.77854,-1.92,0
0.77855,-1.92,0
0.77856,-1.92,0.08
0.77857,-2,0.08
0.77858,-2,0.08
0.77859,-1.92,0
0.7786,-2,0.08
0.77861,-2,0.08
0.77862,-1.92,0.08
0.77863,-2,0
0.77864,-2,0.08
0.77865,-2,0.08
0.77866,-1.92,0.08
0.77867,-2,0.08
0.77868,-2,0
0.77869,-2,0
0.7787,-2,0
0.77871,-2,0.08
0.77872,-2,0.16
0.77873,-1.92,0.08
0.77874,-2,0
0.77875,-2,0
0.77876,-1.92,0.08
0.77877,-2,0.08
0.77878,-2,0.08
0.77879,-1.92,0.08
0.7788,-2,0
0.77881,-2,0
0.77882,-2,0.08
0.77883,-2,0.08
0.77884,-2,0
0.77885,-2,0.08
0.77886,-2,0.08
0.77887,-2,0.08
0.77888,-2,0.08
0.77889,-1.92,0
0.7789,-2,0
0.77891,-2,0.08
0.77892,-2,0.08
0.77893,-2,0.08
0.77894,-2,0.08
0.77895,-2,0.08
0.77896,-1.92,0.08
0.77897,-2,0.08
0.77898,-1.92,0.08
0.77899,-2,0
0.779,-2,0
0.77901,-2,0
0.77902,-1.92,0.08
0.77903,-1.92,0
0.77904,-1.92,0.08
0.77905,-1.92,0
0.77906,-1.92,0
0.77907,-2,0
0.77908,-2,0
0.77909,-2,0.08
0.7791,-2,0
0.77911,-1.92,0.08
0.77912,-2,0.08
0.77913,-1.92,0.08
0.77914,-2,0.08
0.77915,-2,0.08
0.77916,-2,0
0.77917,-2,0
0.77918,-2,0.08
0.77919,-1.92,0.08
0.7792,-1.92,0.08
0.77921,-2,0.08
0.77922,-1.92,0.16
0.77923,-2,0.08
0.77924,-1.92,0.08
0.77925,-2,0.08
0.77926,-2,0.08
0.77927,-2,0.08
0.77928,-2,0.08
0.77929,-2,0.08
0.7793,-2,0
0.77931,-1.92,0.08
0.77932,-1.92,0
0.77933,-1.92,0.08
0.77934,-1.92,0.08
0.77935,-2,0.08
0.77936,-1.92,0.08
0.77937,-2,0
0.77938,-1.92,0.08
0.77939,-2,0
0.7794,-2,0.08
0.77941,-1.92,0.08
0.77942,-2,0.08
0.77943,-1.92,0.08
0.77944,-1.92,0
0.77945,-1.92,0.08
0.77946,-1.92,0
0.77947,-1.92,0
0.77948,-1.92,0
0.77949,-1.92,0
0.7795,-1.92,0.08
0.77951,-1.92,0.08
0.77952,-1.92,0.08
0.77953,-1.92,0.08
0.77954,-1.92,0.08
0.77955,-1.92,0
0.77956,-2,0
0.77957,-1.92,0.08
0.77958,-2,0.08
0.77959,-2,0.08
0.7796,-1.92,0.08
0.77961,-1.92,0
0.77962,-1.92,0
0.77963,-1.92,0.08
0.77964,-1.92,0.08
0.77965,-1.92,0.08
0.77966,-1.92,0.08
0.77967,-1.92,0.08
0.77968,-2,0.08
0.77969,-1.92,0
0.7797,-1.92,0.08
0.77971,-2,0
0.77972,-1.92,0
0.77973,-1.92,0
0.77974,-1.92,0.08
0.77975,-1.92,0.08
0.77976,-2,0
0.77977,-2,0.08
0.77978,-2,0.08
0.77979,-1.92,0.08
0.7798,-1.92,0.08
0.77981,-1.92,0.08
0.77982,-1.92,0
0.77983,-1.92,0
0.77984,-1.92,0.08
0.77985,-2,0.08
0.77986,-1.92,0
0.77987,-1.92,0.08
0.77988,-1.92,0.08
0.77989,-1.92,0
0.7799,-1.92,-0.08
0.77991,-1.92,0
0.77992,-1.92,0
0.77993,-2,0.08
0.77994,-1.92,0
0.77995,-1.92,0.08
0.77996,-2,0.08
0.77997,-2,0.08
0.77998,-2,0.08
0.77999,-1.92,0.08
0.78,-2,0.08
0.78001,-1.92,0.08
0.78002,-1.92,0.08
0.78003,-1.92,0.08
0.78004,-2,0
0.78005,-1.92,0.08
0.78006,-1.92,0.08
0.78007,-1.92,0.08
0.78008,-1.92,0.08
0.78009,-1.92,0.08
0.7801,-1.92,0
0.78011,-1.92,0.08
0.78012,-1.92,0.08
0.78013,-2,0
0.78014,-1.92,0
0.78015,-1.92,0.08
0.78016,-1.84,0.08
0.78017,-2,0.08
0.78018,-1.92,0.08
0.78019,-1.92,0
0.7802,-1.92,0
0.78021,-1.92,0.08
0.78022,-1.92,0.08
0.78023,-1.92,0
0.78024,-1.92,0.08
0.78025,-1.92,0.08
0.78026,-2,0.08
0.78027,-1.92,0.08
0.78028,-1.92,0.16
0.78029,-1.92,0.08
0.7803,-1.92,0.08
0.78031,-1.92,0.08
0.78032,-1.92,0.08
0.78033,-1.92,0.08
0.78034,-2,0
0.78035,-1.92,0
0.78036,-2,0
0.78037,-2,0
0.78038,-2,0.08
0.78039,-1.92,0.08
0.7804,-2,0
0.78041,-2,0.08
0.78042,-1.92,0
0.78043,-1.92,0.08
0.78044,-1.92,0.08
0.78045,-1.92,0.08
0.78046,-2,0.08
0.78047,-2,0.08
0.78048,-1.92,0.08
0.78049,-1.92,0.08
0.7805,-1.92,0.08
0.78051,-1.84,0
0.78052,-1.84,0
0.78053,-1.92,0
0.78054,-1.92,0.08
0.78055,-2,0
0.78056,-1.92,0.08
0.78057,-2,0.08
0.78058,-1.92,0.08
0.78059,-1.92,0.08
0.7806,-1.92,0
0.78061,-1.92,0
0.78062,-1.92,0
0.78063,-1.92,0
0.78064,-2,0.08
0.78065,-2,0.08
0.78066,-1.92,0
0.78067,-2,0
0.78068,-1.92,0.08
0.78069,-1.92,0
0.7807,-1.92,0
0.78071,-1.92,0
0.78072,-2,0
0.78073,-2,0
0.78074,-1.92,0
0.78075,-2,0
0.78076,-1.92,0.08
0.78077,-2,0.08
0.78078,-2,0.08
0.78079,-2,0.08
0.7808,-1.92,0.08
0.78081,-2,0
0.78082,-2,0
0.78083,-2,0
0.78084,-1.92,0.08
0.78085,-1.92,0.08
0.78086,-2,-0.08
0.78087,-2,0
0.78088,-2,0
0.78089,-2,0.08
0.7809,-2,0.08
0.78091,-1.92,0.08
0.78092,-1.92,0
0.78093,-1.92,0.08
0.78094,-2,0.08
0.78095,-2,0.08
0.78096,-2,0.08
0.78097,-1.92,0.08
0.78098,-2,0.08
0.78099,-1.92,0.08
0.781,-2,0.08
0.78101,-1.92,0
0.78102,-1.92,0
0.78103,-1.92,0.08
0.78104,-1.92,0.08
0.78105,-2,0.08
0.78106,-1.92,0.08
0.78107,-2,0.08
0.78108,-2,0
0.78109,-1.92,0
0.7811,-1.92,0
0.78111,-2,0.08
0.78112,-1.92,0.08
0.78113,-1.92,0.08
0.78114,-1.92,0.08
0.78115,-1.92,0
0.78116,-1.92,0
0.78117,-1.92,0
0.78118,-1.92,0
0.78119,-2,0
0.7812,-2,0
0.78121,-2,0
0.78122,-2,0
0.78123,-1.92,0
0.78124,-1.92,-0.08
0.78125,-1.92,0
0.78126,-1.92,0
0.78127,-1.92,0.08
0.78128,-1.92,0
0.78129,-1.92,0.08
0.7813,-1.92,0.08
0.78131,-2,0.08
0.78132,-1.92,0
0.78133,-2,0
0.78134,-1.92,0
0.78135,-1.92,0.08
0.78136,-1.92,0
0.78137,-1.92,0.08
0.78138,-1.92,0.08
0.78139,-1.92,0.08
0.7814,-1.92,0.08
0.78141,-1.92,0.08
0.78142,-1.92,0
0.78143,-1.92,0
0.78144,-1.92,0.08
0.78145,-2,0
0.78146,-1.92,0.08
0.78147,-1.92,0.08
0.78148,-1.92,0.08
0.78149,-2,0
0.7815,-1.92,0
0.78151,-1.92,0
0.78152,-2,0
0.78153,-2,0.08
0.78154,-1.92,0.08
0.78155,-1.92,0.16
0.78156,-1.92,0.08
0.78157,-1.92,0
0.78158,-1.92,0
0.78159,-1.92,0.08
0.7816,-1.92,0.08
0.78161,-1.92,0.08
0.78162,-1.92,0
0.78163,-1.92,0.08
0.78164,-2,0.08
0.78165,-1.92,0.08
0.78166,-1.92,0
0.78167,-1.92,0
0.78168,-2,0
0.78169,-2,0
0.7817,-1.92,0.08
0.78171,-1.92,0
0.78172,-1.92,0.08
0.78173,-1.92,0.08
0.78174,-1.92,-0.08
0.78175,-2,0
0.78176,-1.92,0.08
0.78177,-1.92,0.08
0.78178,-1.92,0.08
0.78179,-1.92,0.08
0.7818,-1.92,0.08
0.78181,-1.92,0.08
0.78182,-1.92,0
0.78183,-1.92,0
0.78184,-1.92,0
0.78185,-1.92,0.08
0.78186,-1.92,0.08
0.78187,-1.92,0.08
0.78188,-2,0.08
0.78189,-1.92,0.16
0.7819,-1.92,0.08
0.78191,-2,0.08
0.78192,-2,0
0.78193,-1.92,0
0.78194,-1.92,0.08
0.78195,-1.92,0
0.78196,-1.92,0
0.78197,-2,0
0.78198,-2,0
0.78199,-2,0
0.782,-1.92,0.08
0.78201,-2,0
0.78202,-1.92,0
0.78203,-1.92,0
0.78204,-1.92,0
0.78205,-2,0.08
0.78206,-2,0
0.78207,-1.92,0.08
0.78208,-1.92,0.08
0.78209,-1.92,0.08
0.7821,-1.92,0.08
0.78211,-2,0.08
0.78212,-2,0.08
0.78213,-2,0.08
0.78214,-1.92,0
0.78215,-1.92,0
0.78216,-1.92,0.08
0.78217,-2,0.08
0.78218,-1.92,0.08
0.78219,-2,0.08
0.7822,-1.92,0.08
0.78221,-1.92,0.08
0.78222,-2,0
0.78223,-2,0
0.78224,-1.92,0
0.78225,-2,0
0.78226,-1.92,0.08
0.78227,-2,0
0.78228,-2,0
0.78229,-2,0
0.7823,-1.92,0
0.78231,-2,0.08
0.78232,-2,0.08
0.78233,-1.92,0
0.78234,-1.92,0.08
0.78235,-2,0.08
0.78236,-1.92,0.08
0.78237,-1.92,0.08
0.78238,-2,0.08
0.78239,-2,0.08
0.7824,-2,0.08
0.78241,-2,0.08
0.78242,-2,0.08
0.78243,-2,0.08
0.78244,-2,0
0.78245,-1.92,0
0.78246,-1.92,0.08
0.78247,-1.92,0.08
0.78248,-1.92,0
0.78249,-1.92,0.08
0.7825,-1.92,0
0.78251,-2,0
0.78252,-1.92,0.08
0.78253,-1.92,0
0.78254,-2,0.08
0.78255,-2,0.08
0.78256,-1.92,0.08
0.78257,-2,0.08
0.78258,-2,0.08
0.78259,-2,0
0.7826,-1.92,0
0.78261,-1.92,0
0.78262,-1.92,0
0.78263,-2,0
0.78264,-1.92,0
0.78265,-2,0.08
0.78266,-2,0
0.78267,-2,0
0.78268,-1.92,0
0.78269,-2,0
0.7827,-2,0.08
0.78271,-2,0.08
0.78272,-2,0.08
0.78273,-1.92,0.08
0.78274,-2,0.08
0.78275,-2,0
0.78276,-2,0.08
0.78277,-1.92,0
0.78278,-1.92,0.08
0.78279,-2,0
0.7828,-2,0
0.78281,-2,0.08
0.78282,-2,0
0.78283,-2,0.08
0.78284,-2,0
0.78285,-2,0.08
0.78286,-2,0.08
0.78287,-1.92,0.08
0.78288,-1.92,0.08
0.78289,-1.92,0.08
0.7829,-1.92,0.08
0.78291,-1.92,0.08
0.78292,-1.92,0.08
0.78293,-1.92,0.08
0.78294,-1.92,0
0.78295,-2,0.08
0.78296,-1.92,0.08
0.78297,-1.92,0
0.78298,-1.92,0
0.78299,-1.92,0.08
0.783,-2.08,0.08
0.78301,-2,0.16
0.78302,-1.92,0.08
0.78303,-1.92,0
0.78304,-2,0
0.78305,-2,0.08
0.78306,-2,0.08
0.78307,-2,0
0.78308,-2,-0.08
0.78309,-1.92,0.08
0.7831,-2,0.08
0.78311,-2,0.08
0.78312,-2,0.08
0.78313,-1.92,0.08
0.78314,-1.92,0
0.78315,-1.92,0.08
0.78316,-1.92,0.08
0.78317,-2,0.08
0.78318,-1.92,0
0.78319,-2,0
0.7832,-2,0.08
0.78321,-1.92,0.08
0.78322,-1.92,0
0.78323,-1.92,0
0.78324,-2,0.08
0.78325,-2,0.08
0.78326,-1.92,0.08
0.78327,-2,0
0.78328,-2,0.08
0.78329,-2,0.08
0.7833,-2,0.08
0.78331,-2,0.08
0.78332,-2,0.08
0.78333,-1.92,0.08
0.78334,-1.92,0
0.78335,-2,0
0.78336,-2,0.08
0.78337,-1.92,0.08
0.78338,-2,0.16
0.78339,-1.92,0.08
0.7834,-2,0.08
0.78341,-2,0.08
0.78342,-1.92,0.08
0.78343,-2,0.08
0.78344,-2,0.08
0.78345,-2,0.08
0.78346,-1.92,0.08
0.78347,-2,0.08
0.78348,-2,0.08
0.78349,-1.92,0
0.7835,-1.92,0.08
0.78351,-1.92,0
0.78352,-1.92,0
0.78353,-2,0.08
0.78354,-2,0.08
0.78355,-1.92,0
0.78356,-1.92,0.08
0.78357,-2,0.08
0.78358,-2,0.08
0.78359,-2,0
0.7836,-2,0.08
0.78361,-2,0.08
0.78362,-2,0.08
0.78363,-2,0.08
0.78364,-2,0.08
0.78365,-2,0.08
0.78366,-2,0
0.78367,-1.92,0.08
0.78368,-1.92,0.08
0.78369,-1.92,0.08
0.7837,-2,0.08
0.78371,-2,0.08
0.78372,-2,0.08
0.78373,-1.92,0.08
0.78374,-1.92,0.08
0.78375,-1.92,0.16
0.78376,-1.92,0.08
0.78377,-2,0.08
0.78378,-1.92,0.08
0.78379,-1.92,0
0.7838,-1.92,0.08
0.78381,-2,0.08
0.78382,-2,0.08
0.78383,-1.92,0.08
0.78384,-1.92,0.08
0.78385,-1.92,0
0.78386,-1.92,0.08
0.78387,-2,0.08
0.78388,-2,0.08
0.78389,-2,0
0.7839,-1.92,0.08
0.78391,-2,0.08
0.78392,-2,0.08
0.78393,-2,0.08
0.78394,-2,0.08
0.78395,-1.92,0.16
0.78396,-2,0.08
0.78397,-2,0
0.78398,-2,0.08
0.78399,-1.92,0.08
0.784,-1.92,0.08
0.78401,-2,0.08
0.78402,-2,0.08
0.78403,-2,0.08
0.78404,-2,0.08
0.78405,-1.92,0.08
0.78406,-1.92,0.08
0.78407,-2,0.08
0.78408,-2,0.16
0.78409,-2,0.08
0.7841,-1.92,0.08
0.78411,-2,0.08
0.78412,-1.92,0.08
0.78413,-2,0.08
0.78414,-1.92,0.08
0.78415,-2,0.08
0.78416,-2,0.08
0.78417,-1.92,0
0.78418,-2,0
0.78419,-2,0.08
0.7842,-2,0
0.78421,-1.92,0.08
0.78422,-2,0
0.78423,-1.92,0
0.78424,-1.92,0.08
0.78425,-1.92,0.08
0.78426,-1.92,0.08
0.78427,-1.92,0.08
0.78428,-2,0.08
0.78429,-2,0.08
0.7843,-2,0.08
0.78431,-2,0.08
0.78432,-1.92,0.08
0.78433,-1.92,0.08
0.78434,-2,0.08
0.78435,-2,0.08
0.78436,-2,0.08
0.78437,-2,0.08
0.78438,-2,0
0.78439,-2,0.08
0.7844,-1.92,0.08
0.78441,-1.92,0.08
0.78442,-1.92,0.08
0.78443,-1.92,0.08
0.78444,-1.92,0.08
0.78445,-1.92,0.08
0.78446,-1.92,0.08
0.78447,-2,0
0.78448,-2,0
0.78449,-2,0.08
0.7845,-2,0.16
0.78451,-1.92,0.08
0.78452,-1.92,0.08
0.78453,-1.92,0.08
0.78454,-2,0.08
0.78455,-2,0
0.78456,-2.08,0.08
0.78457,-1.92,0.08
0.78458,-1.92,0.08
0.78459,-1.92,0.08
0.7846,-2,0.08
0.78461,-2,0.08
0.78462,-2,0
0.78463,-2,0
0.78464,-1.92,0
0.78465,-2,0.08
0.78466,-1.92,0
0.78467,-1.92,0
0.78468,-2,0
0.78469,-1.92,0.08
0.7847,-1.92,0.08
0.78471,-2,0
0.78472,-1.92,0.08
0.78473,-1.92,0.08
0.78474,-1.92,0.08
0.78475,-1.92,0.08
0.78476,-2,0.08
0.78477,-1.92,0.08
0.78478,-1.92,0
0.78479,-2,0.08
0.7848,-2,0.08
0.78481,-1.92,0.08
0.78482,-1.92,0.08
0.78483,-1.92,0.08
0.78484,-1.92,0.08
0.78485,-1.92,0.08
0.78486,-1.92,0
0.78487,-1.92,0
0.78488,-2,0.08
0.78489,-1.92,0.08
0.7849,-1.92,0.08
0.78491,-1.92,0
0.78492,-1.92,0
0.78493,-1.92,0
0.78494,-1.92,0.08
0.78495,-1.92,0.08
0.78496,-1.84,0.08
0.78497,-1.92,0.08
0.78498,-1.92,0.08
0.78499,-2,0
0.785,-1.92,0
0.78501,-1.92,0.08
0.78502,-2,0
0.78503,-2,0
0.78504,-1.92,0
0.78505,-2,0.08
0.78506,-2,0
0.78507,-2,0
0.78508,-2,0
0.78509,-1.92,0
0.7851,-1.92,0
0.78511,-1.92,0.08
0.78512,-2,0.08
0.78513,-2,0
0.78514,-2,0
0.78515,-1.92,0.08
0.78516,-2,0.08
0.78517,-1.92,0.08
0.78518,-1.92,0
0.78519,-1.92,0
0.7852,-1.92,0
0.78521,-2,0
0.78522,-2,0.08
0.78523,-1.92,0.08
0.78524,-2,0
0.78525,-2,0
0.78526,-2,0
0.78527,-1.92,0
0.78528,-1.84,0
0.78529,-2,0
0.7853,-2,0
0.78531,-1.92,-0.08
0.78532,-2,0
0.78533,-1.92,0
0.78534,-2,0.08
0.78535,-2,0.08
0.78536,-2,0
0.78537,-2,0.08
0.78538,-1.92,0.08
0.78539,-1.92,0
0.7854,-2,0
0.78541,-1.92,0.08
0.78542,-2,0.08
0.78543,-1.92,0
0.78544,-1.92,0
0.78545,-1.92,0
0.78546,-2,0
0.78547,-2,0
0.78548,-2,0
0.78549,-1.92,0.08
0.7855,-2,0
0.78551,-1.92,0
0.78552,-1.92,0.08
0.78553,-1.92,0.08
0.78554,-2,0
0.78555,-1.92,0
0.78556,-1.92,0
0.78557,-1.92,0
0.78558,-2,0.08
0.78559,-2,0
0.7856,-1.92,0
0.78561,-2,0.08
0.78562,-1.92,0
0.78563,-1.92,0
0.78564,-1.92,0.08
0.78565,-2,0.08
0.78566,-1.92,0.08
0.78567,-1.92,0
0.78568,-1.92,0.08
0.78569,-1.92,0.08
0.7857,-1.84,0
0.78571,-1.92,0
0.78572,-1.92,0
0.78573,-1.92,0
0.78574,-2,0
0.78575,-1.92,0
0.78576,-1.92,0
0.78577,-2,0
0.78578,-2,-0.08
0.78579,-1.92,0.08
0.7858,-1.92,0.08
0.78581,-1.92,0.08
0.78582,-1.92,0
0.78583,-1.92,0
0.78584,-1.92,0
0.78585,-1.92,0.08
0.78586,-1.92,0
0.78587,-2,0
0.78588,-1.92,0
0.78589,-1.92,-0.08
0.7859,-1.92,0
0.78591,-1.92,0
0.78592,-2,0
0.78593,-1.92,0
0.78594,-2,0
0.78595,-2,0
0.78596,-1.92,0.08
0.78597,-1.92,0.08
0.78598,-1.92,0.08
0.78599,-2,0.08
0.786,-1.92,0
0.78601,-2,0
0.78602,-1.92,0
0.78603,-1.92,0
0.78604,-1.92,0
0.78605,-1.92,0.08
0.78606,-1.92,0
0.78607,-1.84,0.08
0.78608,-1.92,0.08
0.78609,-1.92,0.08
0.7861,-1.92,0
0.78611,-2,0
0.78612,-1.92,0
0.78613,-1.92,0
0.78614,-1.92,0.08
0.78615,-1.92,0.08
0.78616,-1.92,0
0.78617,-1.92,0.08
0.78618,-1.92,0
0.78619,-1.92,0
0.7862,-1.92,0
0.78621,-1.92,0
0.78622,-1.92,0
0.78623,-1.92,0
0.78624,-1.92,0
0.78625,-1.92,0
0.78626,-1.92,0.08
0.78627,-1.92,0.08
0.78628,-1.92,0
0.78629,-1.92,0
0.7863,-1.92,0
0.78631,-1.92,0
0.78632,-2,0.08
0.78633,-2,0.08
0.78634,-1.92,0.16
0.78635,-1.92,0.08
0.78636,-1.92,0.08
0.78637,-1.84,0.08
0.78638,-1.92,0.08
0.78639,-1.92,0.08
0.7864,-1.92,0.08
0.78641,-1.92,0.08
0.78642,-1.92,0
0.78643,-1.92,0
0.78644,-1.92,0
0.78645,-2,0.08
0.78646,-1.92,0.08
0.78647,-2,0
0.78648,-1.92,0.08
0.78649,-1.92,0
0.7865,-1.92,0.08
0.78651,-2,0.08
0.78652,-1.92,0
0.78653,-1.92,0
0.78654,-2,0
0.78655,-2,0
0.78656,-2,0.08
0.78657,-1.92,0.08
0.78658,-2,0.08
0.78659,-2,0.08
0.7866,-1.92,0.08
0.78661,-1.92,0
0.78662,-1.92,0
0.78663,-2,0
0.78664,-2,0
0.78665,-2,0.08
0.78666,-2,0.08
0.78667,-1.92,0
0.78668,-1.92,0.08
0.78669,-1.92,0.08
0.7867,-1.92,0.08
0.78671,-2,0.08
0.78672,-2,0
0.78673,-2,0.08
0.78674,-2,0.08
0.78675,-2,0.08
0.78676,-2,0.08
0.78677,-2,0.08
0.78678,-2,0.08
0.78679,-2,0
0.7868,-1.92,0
0.78681,-2,0.08
0.78682,-1.92,0.08
0.78683,-1.92,0.08
0.78684,-1.92,0
0.78685,-1.92,0
0.78686,-2,0
0.78687,-2,0.08
0.78688,-1.92,0
0.78689,-2,0.08
0.7869,-2,0
0.78691,-1.92,0
0.78692,-2,0.08
0.78693,-2,0.08
0.78694,-2,0.08
0.78695,-2,0.08
0.78696,-1.92,0.08
0.78697,-1.92,0.08
0.78698,-1.92,0
0.78699,-1.92,0.08
0.787,-2,0
0.78701,-1.92,0
0.78702,-1.92,0
0.78703,-1.92,0
0.78704,-2,0
0.78705,-2,0
0.78706,-1.92,0.08
0.78707,-1.92,0.08
0.78708,-1.92,0.08
0.78709,-2,0.08
0.7871,-1.92,0.08
0.78711,-2,0.08
0.78712,-2,0.08
0.78713,-2,0
0.78714,-1.92,0
0.78715,-2,0
0.78716,-1.92,0
0.78717,-1.92,0
0.78718,-2,0
0.78719,-1.92,0
0.7872,-1.92,0.08
0.78721,-2,0
0.78722,-1.92,0
0.78723,-1.92,0
0.78724,-2,0.08
0.78725,-2,0
0.78726,-2,0
0.78727,-2,0
0.78728,-2,0.08
0.78729,-1.92,0.08
0.7873,-1.92,0
0.78731,-2,0
0.78732,-2,0
0.78733,-2,0
0.78734,-2,0
0.78735,-2,0
0.78736,-1.92,0
0.78737,-1.92,0
0.78738,-2,0
0.78739,-1.92,0.08
0.7874,-1.92,0
0.78741,-2,0
0.78742,-2,0
0.78743,-2,0
0.78744,-1.92,-0.08
0.78745,-2,0
0.78746,-2,0
0.78747,-2,0
0.78748,-1.92,0
0.78749,-1.92,-0.08
0.7875,-1.92,0.08
0.78751,-2,0
0.78752,-2,0
0.78753,-1.92,0
0.78754,-1.92,0.08
0.78755,-1.92,0
0.78756,-2,-0.08
0.78757,-1.92,0
0.78758,-2,0
0.78759,-1.92,0
0.7876,-2,0
0.78761,-1.92,-0.08
0.78762,-1.92,-0.08
0.78763,-1.92,0
0.78764,-2,-0.08
0.78765,-1.92,0
0.78766,-2,0
0.78767,-1.92,0
0.78768,-1.84,0.08
0.78769,-1.84,0
0.7877,-1.92,0
0.78771,-1.92,0
0.78772,-1.92,0
0.78773,-1.92,0
0.78774,-1.92,0
0.78775,-1.92,0
0.78776,-1.92,0.08
0.78777,-1.92,0
0.78778,-1.92,0
0.78779,-1.92,-0.08
0.7878,-2,-0.08
0.78781,-2,0
0.78782,-1.92,0
0.78783,-2,0
0.78784,-2,0
0.78785,-2,0.08
0.78786,-2,0.08
0.78787,-2,0.08
0.78788,-2,0
0.78789,-1.92,0
0.7879,-2,0
0.78791,-1.92,0
0.78792,-1.92,0.08
0.78793,-2,0.08
0.78794,-1.92,0.08
0.78795,-1.92,0.08
0.78796,-2,0.08
0.78797,-2,0.08
0.78798,-2,0.08
0.78799,-1.92,0
0.788,-1.92,0
0.78801,-1.92,0
0.78802,-1.92,0.08
0.78803,-1.92,0
0.78804,-1.92,0.08
0.78805,-1.92,0
0.78806,-1.92,0.08
0.78807,-1.92,0.08
0.78808,-1.92,0.08
0.78809,-1.92,0.16
0.7881,-2,0.08
0.78811,-1.92,0
0.78812,-1.92,0.08
0.78813,-1.92,0.08
0.78814,-1.84,0.08
0.78815,-1.76,0.08
0.78816,-1.92,0.08
0.78817,-1.92,0.08
0.78818,-1.92,0.16
0.78819,-1.92,0.08
0.7882,-1.84,0.08
0.78821,-1.92,0.08
0.78822,-1.92,0.08
0.78823,-1.92,0.08
0.78824,-1.92,0.08
0.78825,-1.84,0.16
0.78826,-1.92,0.16
0.78827,-2,0.16
0.78828,-1.92,0.16
0.78829,-1.92,0.08
0.7883,-1.92,0.16
0.78831,-1.92,0.16
0.78832,-1.84,0.08
0.78833,-1.92,0.16
0.78834,-1.92,0.16
0.78835,-2,0.08
0.78836,-1.92,0.16
0.78837,-1.92,0.24
0.78838,-1.92,0.16
0.78839,-2,0.24
0.7884,-1.92,0.24
0.78841,-1.92,0.16
0.78842,-1.92,0.24
0.78843,-1.92,0.16
0.78844,-1.92,0.16
0.78845,-1.92,0.24
0.78846,-1.92,0.24
0.78847,-1.92,0.16
0.78848,-1.92,0.24
0.78849,-1.92,0.24
0.7885,-1.92,0.24
0.78851,-1.92,0.24
0.78852,-2,0.24
0.78853,-1.92,0.24
0.78854,-1.92,0.24
0.78855,-1.92,0.32
0.78856,-1.92,0.24
0.78857,-1.92,0.24
0.78858,-1.92,0.32
0.78859,-1.92,0.32
0.7886,-2,0.24
0.78861,-1.92,0.32
0.78862,-1.92,0.32
0.78863,-2,0.32
0.78864,-2,0.32
0.78865,-2,0.32
0.78866,-2,0.32
0.78867,-2,0.32
0.78868,-2,0.32
0.78869,-2,0.32
0.7887,-2,0.32
0.78871,-2,0.32
0.78872,-2,0.32
0.78873,-2,0.4
0.78874,-2,0.32
0.78875,-2,0.4
0.78876,-2,0.4
0.78877,-2,0.48
0.78878,-2,0.4
0.78879,-2,0.4
0.7888,-2,0.4
0.78881,-2,0.4
0.78882,-2,0.4
0.78883,-2.08,0.4
0.78884,-2,0.4
0.78885,-2.08,0.4
0.78886,-2,0.4
0.78887,-2.08,0.4
0.78888,-2,0.4
0.78889,-2.08,0.48
0.7889,-2,0.48
0.78891,-2.08,0.4
0.78892,-2.08,0.48
0.78893,-2.08,0.48
0.78894,-2.08,0.4
0.78895,-2.08,0.4
0.78896,-2,0.48
0.78897,-2.08,0.48
0.78898,-2.08,0.48
0.78899,-2.08,0.4
0.789,-2.08,0.56
0.78901,-2.08,0.48
0.78902,-2.16,0.56
0.78903,-2.16,0.56
0.78904,-2.16,0.48
0.78905,-2.16,0.56
0.78906,-2.16,0.64
0.78907,-2.08,0.48
0.78908,-2.16,0.48
0.78909,-2.16,0.56
0.7891,-2.16,0.56
0.78911,-2.16,0.64
0.78912,-2.16,0.64
0.78913,-2.24,0.64
0.78914,-2.16,0.64
0.78915,-2.16,0.64
0.78916,-2.16,0.56
0.78917,-2.24,0.64
0.78918,-2.24,0.64
0.78919,-2.24,0.56
0.7892,-2.24,0.56
0.78921,-2.24,0.56
0.78922,-2.16,0.64
0.78923,-2.24,0.64
0.78924,-2.24,0.72
0.78925,-2.24,0.64
0.78926,-2.32,0.64
0.78927,-2.24,0.72
0.78928,-2.24,0.64
0.78929,-2.32,0.72
0.7893,-2.32,0.72
0.78931,-2.32,0.64
0.78932,-2.32,0.72
0.78933,-2.32,0.72
0.78934,-2.32,0.72
0.78935,-2.32,0.72
0.78936,-2.32,0.72
0.78937,-2.4,0.72
0.78938,-2.4,0.72
0.78939,-2.4,0.64
0.7894,-2.4,0.64
0.78941,-2.4,0.72
0.78942,-2.4,0.72
0.78943,-2.4,0.8
0.78944,-2.4,0.72
0.78945,-2.4,0.72
0.78946,-2.48,0.72
0.78947,-2.4,0.72
0.78948,-2.48,0.8
0.78949,-2.48,0.72
0.7895,-2.48,0.8
0.78951,-2.48,0.72
0.78952,-2.48,0.72
0.78953,-2.48,0.72
0.78954,-2.4,0.72
0.78955,-2.48,0.8
0.78956,-2.48,0.8
0.78957,-2.4,0.8
0.78958,-2.4,0.8
0.78959,-2.48,0.72
0.7896,-2.56,0.8
0.78961,-2.48,0.72
0.78962,-2.56,0.8
0.78963,-2.64,0.72
0.78964,-2.56,0.8
0.78965,-2.56,0.72
0.78966,-2.56,0.72
0.78967,-2.56,0.72
0.78968,-2.56,0.72
0.78969,-2.56,0.72
0.7897,-2.64,0.8
0.78971,-2.64,0.72
0.78972,-2.64,0.8
0.78973,-2.64,0.8
0.78974,-2.64,0.72
0.78975,-2.64,0.72
0.78976,-2.64,0.8
0.78977,-2.64,0.8
0.78978,-2.64,0.88
0.78979,-2.64,0.8
0.7898,-2.64,0.72
0.78981,-2.64,0.8
0.78982,-2.64,0.8
0.78983,-2.64,0.72
0.78984,-2.64,0.72
0.78985,-2.72,0.72
0.78986,-2.64,0.72
0.78987,-2.64,0.72
0.78988,-2.64,0.72
0.78989,-2.72,0.72
0.7899,-2.72,0.8
0.78991,-2.64,0.72
0.78992,-2.72,0.72
0.78993,-2.72,0.72
0.78994,-2.72,0.72
0.78995,-2.8,0.72
0.78996,-2.8,0.72
0.78997,-2.72,0.72
0.78998,-2.72,0.72
0.78999,-2.72,0.72
0.79,-2.72,0.72
0.79001,-2.72,0.72
0.79002,-2.72,0.72
0.79003,-2.8,0.8
0.79004,-2.72,0.8
0.79005,-2.8,0.72
0.79006,-2.88,0.72
0.79007,-2.8,0.72
0.79008,-2.88,0.72
0.79009,-2.8,0.72
0.7901,-2.72,0.72
0.79011,-2.8,0.64
0.79012,-2.8,0.72
0.79013,-2.8,0.64
0.79014,-2.8,0.72
0.79015,-2.8,0.72
0.79016,-2.8,0.72
0.79017,-2.8,0.72
0.79018,-2.8,0.72
0.79019,-2.88,0.72
0.7902,-2.88,0.64
0.79021,-2.8,0.64
0.79022,-2.8,0.64
0.79023,-2.8,0.64
0.79024,-2.88,0.64
0.79025,-2.88,0.56
0.79026,-2.88,0.72
0.79027,-2.8,0.72
0.79028,-2.88,0.64
0.79029,-2.88,0.64
0.7903,-2.88,0.64
0.79031,-2.88,0.64
0.79032,-2.96,0.56
0.79033,-2.88,0.56
0.79034,-2.88,0.56
0.79035,-2.8,0.64
0.79036,-2.8,0.56
0.79037,-2.88,0.56
0.79038,-2.88,0.56
0.79039,-2.88,0.56
0.7904,-2.88,0.56
0.79041,-2.88,0.56
0.79042,-2.8,0.56
0.79043,-2.88,0.56
0.79044,-2.8,0.48
0.79045,-2.8,0.48
0.79046,-2.8,0.48
0.79047,-2.8,0.48
0.79048,-2.8,0.56
0.79049,-2.88,0.48
0.7905,-2.8,0.4
0.79051,-2.8,0.4
0.79052,-2.8,0.48
0.79053,-2.88,0.4
0.79054,-2.88,0.4
0.79055,-2.88,0.4
0.79056,-2.88,0.48
0.79057,-2.88,0.48
0.79058,-2.8,0.4
0.79059,-2.8,0.48
0.7906,-2.8,0.48
0.79061,-2.8,0.4
0.79062,-2.88,0.48
0.79063,-2.88,0.4
0.79064,-2.88,0.4
0.79065,-2.72,0.32
0.79066,-2.8,0.32
0.79067,-2.8,0.32
0.79068,-2.8,0.32
0.79069,-2.8,0.4
0.7907,-2.8,0.32
0.79071,-2.8,0.32
0.79072,-2.8,0.32
0.79073,-2.8,0.32
0.79074,-2.8,0.32
0.79075,-2.8,0.32
0.79076,-2.8,0.24
0.79077,-2.88,0.24
0.79078,-2.8,0.32
0.79079,-2.8,0.32
0.7908,-2.8,0.32
0.79081,-2.72,0.24
0.79082,-2.72,0.32
0.79083,-2.64,0.32
0.79084,-2.72,0.24
0.79085,-2.72,0.24
0.79086,-2.72,0.24
0.79087,-2.72,0.24
0.79088,-2.72,0.32
0.79089,-2.8,0.32
0.7909,-2.72,0.24
0.79091,-2.72,0.24
0.79092,-2.72,0.24
0.79093,-2.72,0.24
0.79094,-2.64,0.16
0.79095,-2.64,0.16
0.79096,-2.64,0.16
0.79097,-2.64,0.16
0.79098,-2.64,0.16
0.79099,-2.72,0.24
0.791,-2.64,0.24
0.79101,-2.64,0.16
0.79102,-2.64,0.16
0.79103,-2.64,0.08
0.79104,-2.64,0.08
0.79105,-2.64,0.16
0.79106,-2.64,0.08
0.79107,-2.64,0.08
0.79108,-2.64,0.24
0.79109,-2.64,0.16
0.7911,-2.56,0.16
0.79111,-2.64,0.16
0.79112,-2.56,0.16
0.79113,-2.64,0.08
0.79114,-2.56,0.08
0.79115,-2.56,0
0.79116,-2.56,0.08
0.79117,-2.48,0.08
0.79118,-2.48,0.08
0.79119,-2.48,0.16
0.7912,-2.48,0.08
0.79121,-2.48,0.08
0.79122,-2.48,0.08
0.79123,-2.48,0.08
0.79124,-2.56,0.08
0.79125,-2.48,0.08
0.79126,-2.48,0.08
0.79127,-2.48,0.08
0.79128,-2.48,0.08
0.79129,-2.4,0
0.7913,-2.48,0
0.79131,-2.48,0
0.79132,-2.4,0
0.79133,-2.48,0
0.79134,-2.4,0.08
0.79135,-2.4,0.08
0.79136,-2.4,0
0.79137,-2.32,0
0.79138,-2.4,0
0.79139,-2.32,0
0.7914,-2.32,0
0.79141,-2.32,0
0.79142,-2.24,0
0.79143,-2.32,0
0.79144,-2.32,0
0.79145,-2.32,0
0.79146,-2.32,0
0.79147,-2.4,0
0.79148,-2.4,0.08
0.79149,-2.32,0
0.7915,-2.24,0
0.79151,-2.24,0
0.79152,-2.24,0
0.79153,-2.24,0
0.79154,-2.32,-0.08
0.79155,-2.32,-0.08
0.79156,-2.32,-0.08
0.79157,-2.24,-0.08
0.79158,-2.24,-0.08
0.79159,-2.24,0
0.7916,-2.24,0
0.79161,-2.24,-0.08
0.79162,-2.16,-0.08
0.79163,-2.24,-0.08
0.79164,-2.16,-0.08
0.79165,-2.24,-0.08
0.79166,-2.16,0
0.79167,-2.24,0
0.79168,-2.16,0
0.79169,-2.16,-0.08
0.7917,-2.16,0
0.79171,-2.16,0
0.79172,-2.16,-0.08
0.79173,-2.16,0
0.79174,-2.16,-0.16
0.79175,-2.08,-0.08
0.79176,-2.16,-0.08
0.79177,-2.08,-0.08
0.79178,-2.16,-0.08
0.79179,-2.08,-0.08
0.7918,-2.08,-0.08
0.79181,-2.08,0
0.79182,-2.08,0.08
0.79183,-2.16,0
0.79184,-2.08,0
0.79185,-2.08,0
0.79186,-2.08,0
0.79187,-2.08,0
0.79188,-2.08,-0.08
0.79189,-2.16,-0.08
0.7919,-2.08,-0.08
0.79191,-2.08,0
0.79192,-2.08,-0.08
0.79193,-2.08,0
0.79194,-2.08,-0.08
0.79195,-2.08,0
0.79196,-2,0
0.79197,-2,0
0.79198,-1.92,0
0.79199,-2,0.08
0.792,-2.08,0
0.79201,-2.08,0
0.79202,-2,0
0.79203,-2,0
0.79204,-2,0
0.79205,-2,0
0.79206,-2,-0.08
0.79207,-2,0
0.79208,-2,0
0.79209,-2,0
0.7921,-2,0
0.79211,-2,0
0.79212,-2,0
0.79213,-1.92,0
0.79214,-2,-0.08
0.79215,-2,0
0.79216,-2,0.08
0.79217,-2,0
0.79218,-1.92,0.08
0.79219,-1.92,0
0.7922,-1.92,0
0.79221,-1.92,0.08
0.79222,-2,0
0.79223,-1.92,-0.08
0.79224,-1.92,0
0.79225,-1.92,0
0.79226,-1.92,0.08
0.79227,-1.92,0
0.79228,-1.92,0.08
0.79229,-1.92,0
0.7923,-1.92,0
0.79231,-1.92,0
0.79232,-1.92,0
0.79233,-1.84,0
0.79234,-1.92,0
0.79235,-1.92,0
0.79236,-1.92,0
0.79237,-1.84,0.08
0.79238,-1.92,0.08
0.79239,-1.92,0.08
0.7924,-1.92,0.08
0.79241,-2,0.08
0.79242,-1.92,0
0.79243,-2,0.08
0.79244,-1.92,0.08
0.79245,-1.92,0.08
0.79246,-1.92,0.08
0.79247,-1.92,0.08
0.79248,-1.92,0.08
0.79249,-1.92,0.08
0.7925,-1.92,0.16
0.79251,-1.92,0.08
0.79252,-1.92,0.08
0.79253,-1.92,0.08
0.79254,-1.84,0.08
0.79255,-1.92,0.08
0.79256,-1.92,0.08
0.79257,-1.92,0.08
0.79258,-1.84,0.08
0.79259,-1.92,0.08
0.7926,-1.92,0.08
0.79261,-1.92,0.08
0.79262,-1.92,0
0.79263,-1.84,0
0.79264,-1.92,0
0.79265,-1.92,0.08
0.79266,-1.92,0.16
0.79267,-1.84,0.08
0.79268,-1.92,0
0.79269,-1.92,0.08
0.7927,-1.92,0
0.79271,-1.92,0
0.79272,-1.92,0
0.79273,-1.84,0.08
0.79274,-2,0.08
0.79275,-2,0.08
0.79276,-2,0
0.79277,-2,0
0.79278,-1.92,0.08
0.79279,-1.92,0.08
0.7928,-1.92,0.08
0.79281,-2,0.08
0.79282,-1.92,0.08
0.79283,-1.92,0.08
0.79284,-1.92,0.16
0.79285,-1.92,0.08
0.79286,-1.92,0
0.79287,-1.84,0
0.79288,-1.92,0.08
0.79289,-1.84,0.08
0.7929,-1.92,0.08
0.79291,-1.92,0.08
0.79292,-2,0.08
0.79293,-1.92,0.08
0.79294,-2,0.08
0.79295,-2,0.08
0.79296,-1.92,0.08
0.79297,-1.92,0.08
0.79298,-1.92,0.08
0.79299,-1.92,0.08
0.793,-1.92,0.08
0.79301,-1.92,0.08
0.79302,-1.92,0.08
0.79303,-1.92,0.16
0.79304,-1.92,0.08
0.79305,-1.92,0.08
0.79306,-1.92,0
0.79307,-1.92,0.16
0.79308,-1.84,0.16
0.79309,-1.92,0.08
0.7931,-1.92,0.08
0.79311,-1.92,0.08
0.79312,-1.92,0.16
0.79313,-2,0.08
0.79314,-1.92,0.16
0.79315,-1.92,0.08
0.79316,-1.92,0.16
0.79317,-1.92,0.08
0.79318,-1.92,0.08
0.79319,-1.92,0.08
0.7932,-2,0.08
0.79321,-2,0.08
0.79322,-1.92,0.08
0.79323,-1.92,0.08
0.79324,-2,0.08
0.79325,-1.92,0.08
0.79326,-1.92,0
0.79327,-2,0
0.79328,-2,0.08
0.79329,-2,0.08
0.7933,-2,0
0.79331,-2,0.08
0.79332,-2,0.08
0.79333,-1.92,0
0.79334,-2,0.08
0.79335,-2,0.08
0.79336,-1.92,0.08
0.79337,-2,0
0.79338,-1.92,0
0.79339,-2,0
0.7934,-2,0.08
0.79341,-2,0.08
0.79342,-2,0
0.79343,-2,0.08
0.79344,-1.92,0.08
0.79345,-1.92,0
0.79346,-2,0.08
0.79347,-1.92,0.08
0.79348,-1.92,0.16
0.79349,-1.92,0.08
0.7935,-1.92,0.08
0.79351,-2,0
0.79352,-2,0.08
0.79353,-1.92,0.08
0.79354,-1.92,0.08
0.79355,-1.92,0
0.79356,-1.92,0
0.79357,-1.92,0
0.79358,-1.92,0.08
0.79359,-1.92,0.08
0.7936,-2,0.08
0.79361,-1.92,0.08
0.79362,-1.92,0.08
0.79363,-1.92,0
0.79364,-2,0.08
0.79365,-2,0.08
0.79366,-2,0
0.79367,-2,0.08
0.79368,-2,0.08
0.79369,-2,0
0.7937,-2,0.08
0.79371,-2,0.08
0.79372,-1.92,0
0.79373,-2,0
0.79374,-2,-0.08
0.79375,-1.92,0.08
0.79376,-1.92,0.08
0.79377,-2,0.08
0.79378,-2,0.08
0.79379,-2,0.08
0.7938,-2,0.08
0.79381,-2,0
0.79382,-2,0
0.79383,-1.92,0
0.79384,-2,0.08
0.79385,-1.92,0.08
0.79386,-2,0.08
0.79387,-1.92,0
0.79388,-1.92,0
0.79389,-2,0.08
0.7939,-2,0
0.79391,-1.92,0
0.79392,-2,0
0.79393,-2,0.08
0.79394,-1.92,0.08
0.79395,-1.92,0.08
0.79396,-1.92,0.08
0.79397,-2,0.08
0.79398,-1.92,0.08
0.79399,-1.92,0.08
0.794,-1.92,0.08
0.79401,-1.92,0.08
0.79402,-1.92,0.08
0.79403,-1.92,0
0.79404,-1.92,0
0.79405,-2,0.08
0.79406,-1.92,0.08
0.79407,-2,0
0.79408,-2,0.08
0.79409,-1.92,0.08
0.7941,-2,0
0.79411,-1.92,0
0.79412,-1.92,0.08
0.79413,-2,0
0.79414,-2,0
0.79415,-1.92,0
0.79416,-2,0
0.79417,-2,0
0.79418,-1.92,0
0.79419,-1.92,0.08
0.7942,-1.92,0.08
0.79421,-1.92,0.08
0.79422,-2,0.08
0.79423,-1.92,0.08
0.79424,-1.92,0
0.79425,-2,0
0.79426,-2,0
0.79427,-1.92,0.08
0.79428,-1.92,0.08
0.79429,-1.92,0
0.7943,-2,0.08
0.79431,-1.92,0.08
0.79432,-1.92,0
0.79433,-1.92,0
0.79434,-1.92,-0.08
0.79435,-2,0.08
0.79436,-1.92,0.08
0.79437,-2,0.08
0.79438,-2,0.08
0.79439,-1.92,0
0.7944,-2,0.08
0.79441,-1.92,0.08
0.79442,-2,0.08
0.79443,-2,0.16
0.79444,-2,0
0.79445,-1.92,0.08
0.79446,-1.92,0
0.79447,-1.92,0
0.79448,-1.92,0
0.79449,-1.92,0.08
0.7945,-2,0.08
0.79451,-1.92,0.08
0.79452,-2,0
0.79453,-1.92,0.08
0.79454,-1.92,0.08
0.79455,-1.92,0.08
0.79456,-2,0.08
0.79457,-2,0.08
0.79458,-1.92,0.08
0.79459,-2,0.08
0.7946,-1.92,0
0.79461,-1.92,0
0.79462,-1.92,0
0.79463,-2,0
0.79464,-1.92,0.08
0.79465,-2,0.08
0.79466,-1.92,0.08
0.79467,-1.92,0.08
0.79468,-2,0.08
0.79469,-1.92,0.08
0.7947,-1.92,0.08
0.79471,-1.92,0.08
0.79472,-2,0
0.79473,-1.92,0.08
0.79474,-1.92,0
0.79475,-1.92,0
0.79476,-1.92,0
0.79477,-1.92,0
0.79478,-2,0
0.79479,-2,0
0.7948,-2,0
0.79481,-2,0.08
0.79482,-2,0.08
0.79483,-2,0.08
0.79484,-2,0.08
0.79485,-1.92,0.08
0.79486,-1.92,0.08
0.79487,-2,0.08
0.79488,-1.92,0.08
0.79489,-1.92,0.16
0.7949,-2,0.08
0.79491,-1.92,0.08
0.79492,-1.92,0.08
0.79493,-1.92,0.08
0.79494,-1.92,0
0.79495,-1.92,0.08
0.79496,-1.92,0.08
0.79497,-2,0.08
0.79498,-1.92,0.08
0.79499,-1.92,0.08
0.795,-1.92,0.08
0.79501,-1.92,0.08
0.79502,-1.92,0.08
0.79503,-1.92,0.08
0.79504,-2,0.08
0.79505,-1.92,0.08
0.79506,-1.92,0.08
0.79507,-2,0.08
0.79508,-1.92,0.08
0.79509,-2,0.08
0.7951,-2,0.08
0.79511,-2,0.08
0.79512,-1.92,0.08
0.79513,-2,0.08
0.79514,-2,0.08
0.79515,-1.92,0.08
0.79516,-1.92,0.08
0.79517,-2,0
0.79518,-2,0
0.79519,-2,0
0.7952,-1.92,0
0.79521,-2,0.08
0.79522,-2,0.08
0.79523,-2,0.08
0.79524,-2,0.08
0.79525,-2,0.08
0.79526,-2,0
0.79527,-1.92,0.08
0.79528,-1.92,0
0.79529,-2,0.08
0.7953,-1.92,0.08
0.79531,-1.92,0
0.79532,-2,0
0.79533,-1.92,0.08
0.79534,-2,0.08
0.79535,-2,0
0.79536,-1.92,0.08
0.79537,-1.92,0
0.79538,-2,0
0.79539,-2,0.08
0.7954,-2,0.08
0.79541,-2,0.08
0.79542,-2,0
0.79543,-2,0.08
0.79544,-2,0
0.79545,-2,0
0.79546,-2,0
0.79547,-1.92,0.08
0.79548,-1.92,0.08
0.79549,-2,0.08
0.7955,-2,0
0.79551,-2.08,0.08
0.79552,-2,0.08
0.79553,-1.92,0
0.79554,-1.92,0.08
0.79555,-2,0.08
0.79556,-2,0.08
0.79557,-2,0.08
0.79558,-2,0.08
0.79559,-2,0.08
0.7956,-2,0
0.79561,-2,0
0.79562,-2,0.08
0.79563,-2,0
0.79564,-2,-0.08
0.79565,-2,0
0.79566,-2,0.08
0.79567,-2,0.08
0.79568,-2,0.08
0.79569,-2,0
0.7957,-2.08,0.08
0.79571,-2,0
0.79572,-2,0.08
0.79573,-2,0.08
0.79574,-2,0
0.79575,-2,0
0.79576,-2,0
0.79577,-2,0.08
0.79578,-2,0
0.79579,-2,0
0.7958,-2,0
0.79581,-2,0
0.79582,-2,-0.08
0.79583,-2,0
0.79584,-1.92,0
0.79585,-1.92,0
0.79586,-1.92,0
0.79587,-1.92,0.08
0.79588,-1.92,0
0.79589,-1.92,0
0.7959,-2,0
0.79591,-2,0
0.79592,-2,0
0.79593,-2,0.08
0.79594,-2,0.08
0.79595,-2,0.16
0.79596,-2,0.08
0.79597,-1.92,0
0.79598,-2,0
0.79599,-2,0
0.796,-2,0
0.79601,-2,0
0.79602,-2,0
0.79603,-2,0
0.79604,-2,0
0.79605,-2,0
0.79606,-2,0
0.79607,-2,0
0.79608,-2,0
0.79609,-2,0
0.7961,-1.92,0.08
0.79611,-2,0.08
0.79612,-2,0
0.79613,-1.92,0
0.79614,-1.92,0
0.79615,-1.92,0.08
0.79616,-1.92,0.08
0.79617,-1.92,0.08
0.79618,-2,0.08
0.79619,-2,0
0.7962,-2,0.08
0.79621,-2,0.08
0.79622,-2,0
0.79623,-1.92,0.08
0.79624,-2,0.08
0.79625,-2,0
0.79626,-1.92,0
0.79627,-1.92,0
0.79628,-1.92,0
0.79629,-1.92,0
0.7963,-2,0
0.79631,-1.92,0
0.79632,-2,0
0.79633,-2,0.08
0.79634,-2,0.08
0.79635,-2,0.08
0.79636,-1.92,0.08
0.79637,-2,0
0.79638,-2,0.08
0.79639,-2,0
0.7964,-1.92,0
0.79641,-2,0.08
0.79642,-1.92,0.08
0.79643,-1.92,0
0.79644,-2,0
0.79645,-2,0.08
0.79646,-1.92,0.08
0.79647,-2,0.08
0.79648,-1.92,0
0.79649,-1.92,0
0.7965,-2,0.08
0.79651,-1.92,0.08
0.79652,-1.92,0.08
0.79653,-1.92,0.08
0.79654,-1.92,0.08
0.79655,-1.92,0.08
0.79656,-1.92,0.08
0.79657,-1.92,0
0.79658,-1.92,0
0.79659,-1.92,0
0.7966,-2,0.08
0.79661,-1.92,0.08
0.79662,-2,0
0.79663,-1.92,0.08
0.79664,-2,0
0.79665,-2,0.08
0.79666,-2,0
0.79667,-2,0
0.79668,-1.92,0
0.79669,-2,-0.08
0.7967,-2,0
0.79671,-2,0
0.79672,-2,0
0.79673,-2,0.08
0.79674,-1.92,0
0.79675,-1.92,0
0.79676,-1.92,0
0.79677,-2,0
0.79678,-1.92,0
0.79679,-1.92,0.08
0.7968,-1.92,0.08
0.79681,-1.92,0.08
0.79682,-1.92,0
0.79683,-1.92,0
0.79684,-1.92,0.08
0.79685,-1.92,0
0.79686,-1.92,0.08
0.79687,-2,0.08
0.79688,-2,0
0.79689,-1.92,0
0.7969,-2,0
0.79691,-1.92,0.08
0.79692,-1.92,0
0.79693,-1.92,0.08
0.79694,-1.92,0.08
0.79695,-1.92,0
0.79696,-1.92,0
0.79697,-2,0
0.79698,-1.92,0.08
0.79699,-1.92,0.08
0.797,-2,0
0.79701,-1.92,-0.08
0.79702,-1.92,0.08
0.79703,-1.92,0.08
0.79704,-1.92,0.08
0.79705,-2,0.08
0.79706,-1.92,0
0.79707,-2,0
0.79708,-1.92,0
0.79709,-1.92,0.08
0.7971,-1.92,0.08
0.79711,-1.92,0.08
0.79712,-2,0
0.79713,-1.92,0
0.79714,-1.92,0
0.79715,-1.84,0
0.79716,-1.92,0
0.79717,-2,0
0.79718,-1.92,0.08
0.79719,-1.92,0.08
0.7972,-1.92,0
0.79721,-1.92,0.08
0.79722,-1.92,0.08
0.79723,-1.84,0.08
0.79724,-1.92,0
0.79725,-1.84,0.08
0.79726,-1.84,0
0.79727,-1.92,0.08
0.79728,-1.92,0.08
0.79729,-2,0
0.7973,-2,0
0.79731,-1.92,0
0.79732,-1.84,0.08
0.79733,-1.92,0
0.79734,-1.92,0.08
0.79735,-1.92,0.08
0.79736,-2,0.08
0.79737,-2,0.08
0.79738,-1.92,0
0.79739,-1.92,0
0.7974,-1.92,0.08
0.79741,-2,0.08
0.79742,-2,0.08
0.79743,-1.92,0.08
0.79744,-1.92,0.08
0.79745,-1.92,0.08
0.79746,-1.92,0.08
0.79747,-1.92,0.08
0.79748,-1.92,0.08
0.79749,-1.84,0.08
0.7975,-2,0
0.79751,-1.92,0
0.79752,-1.84,0
0.79753,-1.92,0
0.79754,-1.92,0
0.79755,-1.92,0
0.79756,-1.92,0
0.79757,-2,0
0.79758,-1.92,0.08
0.79759,-1.92,0.08
0.7976,-1.92,0.08
0.79761,-1.92,0.16
0.79762,-1.92,0.08
0.79763,-2,0.08
0.79764,-1.92,0.08
0.79765,-1.92,0.08
0.79766,-1.84,0.08
0.79767,-1.92,0
0.79768,-1.92,0.08
0.79769,-1.92,0.08
0.7977,-1.92,0.08
0.79771,-1.92,0.08
0.79772,-1.92,0.08
0.79773,-1.92,0.08
0.79774,-2,0.08
0.79775,-2,0.08
0.79776,-1.92,0.08
0.79777,-1.92,0
0.79778,-2,0.08
0.79779,-2,0.08
0.7978,-2,0
0.79781,-1.92,0.08
0.79782,-1.92,0.08
0.79783,-1.92,0
0.79784,-1.92,0
0.79785,-1.92,0
0.79786,-1.92,0.08
0.79787,-1.92,0.08
0.79788,-2,0
0.79789,-2,0
0.7979,-1.92,0.08
0.79791,-1.92,0.08
0.79792,-1.92,0.08
0.79793,-1.92,0.08
0.79794,-1.92,0.08
0.79795,-1.92,0
0.79796,-1.92,0.08
0.79797,-1.92,0.08
0.79798,-1.92,0.08
0.79799,-1.92,0.16
0.798,-1.92,0.08
0.79801,-2,0
0.79802,-2,0
0.79803,-1.92,0.08
0.79804,-1.92,0.08
0.79805,-1.92,0.08
0.79806,-2,0
0.79807,-2,0.08
0.79808,-1.92,0.08
0.79809,-1.92,0.08
0.7981,-2,0
0.79811,-1.92,0.08
0.79812,-2,0.08
0.79813,-2,0.08
0.79814,-1.92,0.08
0.79815,-2,0.08
0.79816,-2,0
0.79817,-2,0.08
0.79818,-1.92,0.08
0.79819,-1.92,0.08
0.7982,-1.92,0.08
0.79821,-1.92,0.08
0.79822,-2,0.08
0.79823,-2,0
0.79824,-1.92,0.08
0.79825,-1.92,0
0.79826,-2,0
0.79827,-1.92,0.08
0.79828,-1.92,0.08
0.79829,-2,0.08
0.7983,-1.92,0.08
0.79831,-1.92,0
0.79832,-1.92,0
0.79833,-1.92,0.08
0.79834,-1.92,0.08
0.79835,-1.92,0
0.79836,-1.92,0.08
0.79837,-1.92,0.08
0.79838,-1.92,0.08
0.79839,-2,0.16
0.7984,-1.92,0.08
0.79841,-1.84,0
0.79842,-1.92,0
0.79843,-1.92,0
0.79844,-1.92,0
0.79845,-2,0.08
0.79846,-1.92,0
0.79847,-2,0
0.79848,-1.92,0.08
0.79849,-1.92,0.08
0.7985,-1.92,0
0.79851,-1.92,0
0.79852,-2,0
0.79853,-2,0.08
0.79854,-2,0
0.79855,-1.92,0.08
0.79856,-2,0.08
0.79857,-1.92,0.16
0.79858,-1.92,0.08
0.79859,-1.92,0
0.7986,-1.92,0.08
0.79861,-1.92,0
0.79862,-2,0.08
0.79863,-1.92,0
0.79864,-2,0.08
0.79865,-2,0.08
0.79866,-2,0.08
0.79867,-1.92,0
0.79868,-2,0.08
0.79869,-1.92,0
0.7987,-2,0
0.79871,-1.92,0.08
0.79872,-1.92,0.08
0.79873,-2,0
0.79874,-2,0.08
0.79875,-1.92,0.08
0.79876,-1.92,0.08
0.79877,-1.92,0.08
0.79878,-1.92,0.08
0.79879,-1.92,0
0.7988,-1.92,0
0.79881,-1.92,0
0.79882,-1.92,0.08
0.79883,-1.92,0.08
0.79884,-2,0.08
0.79885,-2,0.08
0.79886,-1.92,0
0.79887,-1.92,0.08
0.79888,-1.92,0
0.79889,-1.92,-0.08
0.7989,-1.92,0
0.79891,-1.92,0
0.79892,-1.92,0.08
0.79893,-1.92,0.08
0.79894,-1.92,0.08
0.79895,-1.92,0.08
0.79896,-1.92,0.08
0.79897,-2,0.08
0.79898,-2,0.08
0.79899,-1.92,0
0.799,-2,0.08
0.79901,-1.92,0.08
0.79902,-2,0
0.79903,-1.92,0
0.79904,-1.92,0.08
0.79905,-1.84,0
0.79906,-1.92,0
0.79907,-2,0
0.79908,-2,0.08
0.79909,-2,0.08
0.7991,-1.92,0.08
0.79911,-1.92,0.08
0.79912,-1.92,0.08
0.79913,-1.92,0.08
0.79914,-2,0.08
0.79915,-2,0.08
0.79916,-1.92,0.08
0.79917,-2,0.08
0.79918,-1.92,0
0.79919,-2,0
0.7992,-2,0.08
0.79921,-1.92,0.08
0.79922,-1.92,0.08
0.79923,-1.92,0.08
0.79924,-2,0.08
0.79925,-2,0.08
0.79926,-2,0.08
0.79927,-1.92,0.08
0.79928,-2,0.08
0.79929,-1.92,0.08
0.7993,-2,0.08
0.79931,-1.92,0
0.79932,-2,0.08
0.79933,-2,0.08
0.79934,-1.92,0
0.79935,-1.92,0
0.79936,-1.92,0
0.79937,-2,0.08
0.79938,-2,0
0.79939,-2,0.08
0.7994,-1.92,0.08
0.79941,-2,0.08
0.79942,-1.92,0.08
0.79943,-1.92,0.08
0.79944,-1.92,0.08
0.79945,-1.92,0
0.79946,-2,0.08
0.79947,-1.92,0.08
0.79948,-1.92,0.08
0.79949,-1.92,0
0.7995,-1.92,0.08
0.79951,-1.92,0.08
0.79952,-1.92,0.08
0.79953,-1.92,0
0.79954,-1.92,0.08
0.79955,-2,0.08
0.79956,-1.92,0
0.79957,-2,0.08
0.79958,-2,0.08
0.79959,-1.92,0.08
0.7996,-2,0.08
0.79961,-2,0.08
0.79962,-1.92,0.08
0.79963,-1.92,0.08
0.79964,-1.92,0.08
0.79965,-1.92,0.16
0.79966,-1.92,0
0.79967,-2,0.08
0.79968,-2,0.08
0.79969,-2,0.08
0.7997,-1.92,0
0.79971,-2,0
0.79972,-1.92,0.08
0.79973,-2,0
0.79974,-2,0
0.79975,-2,0
0.79976,-1.92,0.08
0.79977,-2,0.08
0.79978,-2,0.08
0.79979,-2,0
0.7998,-2,0.08
0.79981,-2,0.08
0.79982,-2,0.08
0.79983,-2,0.08
0.79984,-1.92,0.08
0.79985,-2,0.08
0.79986,-2,0.08
0.79987,-1.92,0.08
0.79988,-1.92,0.08
0.79989,-1.92,0.08
0.7999,-2,0
0.79991,-1.92,0.08
0.79992,-2,0.08
0.79993,-2,0.08
0.79994,-2,0
0.79995,-2,0.08
0.79996,-1.92,0
0.79997,-2,0
0.79998,-2,0
0.79999,-2,0.08
0.8,-2,0.08
0.80001,-2,0
0.80002,-2,0
0.80003,-2,0
0.80004,-2,0.08
0.80005,-2,0.08
0.80006,-2,0.08
0.80007,-2,0.08
0.80008,-1.92,0.08
0.80009,-1.92,0.08
0.8001,-2,0.08
0.80011,-2,0.08
0.80012,-2,0.08
0.80013,-2,0.08
0.80014,-2.08,0.08
0.80015,-2,0.16
0.80016,-2,0.08
0.80017,-2,0.08
0.80018,-2,0.08
0.80019,-2,0
0.8002,-1.92,0.08
0.80021,-1.92,0
0.80022,-1.92,0.08
0.80023,-1.92,0.16
0.80024,-2,0.08
0.80025,-2,0.08
0.80026,-2,0.08
0.80027,-2,0
0.80028,-2,0.08
0.80029,-2,0.08
0.8003,-1.92,0
0.80031,-2,0.08
0.80032,-2.08,0.08
0.80033,-1.92,0.08
0.80034,-2,0
0.80035,-2,0
0.80036,-2,0
0.80037,-1.92,0
0.80038,-1.92,0.08
0.80039,-2,0.08
0.8004,-1.92,0.08
0.80041,-1.92,0.08
0.80042,-2,0.08
0.80043,-2,0.08
0.80044,-2,0.08
0.80045,-2,0.08
0.80046,-2,0
0.80047,-2,0
0.80048,-2,0
0.80049,-1.92,0.08
0.8005,-2,0
0.80051,-2,0
0.80052,-2,0
0.80053,-2,0
0.80054,-1.92,0
0.80055,-2,0.08
0.80056,-1.92,0.08
0.80057,-1.92,0
0.80058,-1.92,0.08
0.80059,-2,0.16
0.8006,-2,0.08
0.80061,-2,0.08
0.80062,-2,0.08
0.80063,-2,0.08
0.80064,-2.08,0.08
0.80065,-2,0
0.80066,-2,0.08
0.80067,-2.08,0
0.80068,-2,0
0.80069,-2,0
0.8007,-2,0
0.80071,-2,0.08
0.80072,-2,0.08
0.80073,-2,0.08
0.80074,-2.08,0
0.80075,-2,0.08
0.80076,-2,0
0.80077,-2,0.08
0.80078,-2.08,0.08
0.80079,-2,0.08
0.8008,-1.92,0.08
0.80081,-1.92,0.08
0.80082,-2,0.08
0.80083,-2,0
0.80084,-1.92,0
0.80085,-2,0
0.80086,-2,0.08
0.80087,-1.92,0.08
0.80088,-2,0.08
0.80089,-1.92,0.08
0.8009,-1.92,0.08
0.80091,-1.92,0.08
0.80092,-1.92,0
0.80093,-2,0.08
0.80094,-2,0.08
0.80095,-2,0.08
0.80096,-2,0.08
0.80097,-2,0.08
0.80098,-2,0.08
0.80099,-1.92,0.08
0.801,-2,0.08
0.80101,-2,0
0.80102,-2,0
0.80103,-2,0
0.80104,-2,0.08
0.80105,-2,0.08
0.80106,-2,0
0.80107,-1.92,0.08
0.80108,-2,0.08
0.80109,-2,0.08
0.8011,-1.92,0
0.80111,-2,0.08
0.80112,-2,0
0.80113,-2,0.08
0.80114,-2,0
0.80115,-2,0.16
0.80116,-1.92,0.08
0.80117,-2,0
0.80118,-2,0
0.80119,-1.92,0
0.8012,-2,0
0.80121,-1.92,0.08
0.80122,-1.92,-0.08
0.80123,-2,0
0.80124,-2,0
0.80125,-1.92,-0.08
0.80126,-2,0.08
0.80127,-1.92,0
0.80128,-2,0.08
0.80129,-1.92,0.08
0.8013,-1.92,0
0.80131,-2,0.08
0.80132,-2,0
0.80133,-2,0
0.80134,-1.92,0.08
0.80135,-2,0.08
0.80136,-1.92,0.08
0.80137,-1.92,0.08
0.80138,-2,0.08
0.80139,-2,0
0.8014,-2,0
0.80141,-1.92,0
0.80142,-1.92,0
0.80143,-1.92,0.08
0.80144,-2,0.08
0.80145,-2,0
0.80146,-1.92,0.08
0.80147,-2,0
0.80148,-1.92,0
0.80149,-1.92,0.08
0.8015,-1.92,0.08
0.80151,-2,0.08
0.80152,-2,0
0.80153,-2,0
0.80154,-1.92,0
0.80155,-2,0.08
0.80156,-1.92,0.08
0.80157,-2,0.08
0.80158,-2,0.08
0.80159,-1.92,0
0.8016,-1.92,0.08
0.80161,-2,0
0.80162,-2,0
0.80163,-1.92,0.08
0.80164,-2,0
0.80165,-2,0.08
0.80166,-2,0
0.80167,-2,0
0.80168,-2,0
0.80169,-2,0
0.8017,-1.92,0
0.80171,-1.92,0
0.80172,-2,0
0.80173,-2,0.08
0.80174,-2,0.08
0.80175,-2,0
0.80176,-2,0
0.80177,-2,0
0.80178,-2,0
0.80179,-2,0
0.8018,-1.92,0
0.80181,-2,0
0.80182,-2,0
0.80183,-1.92,0
0.80184,-2,0
0.80185,-1.92,0.08
0.80186,-2,0.08
0.80187,-2,0.08
0.80188,-2,0.08
0.80189,-2,0
0.8019,-1.92,0.08
0.80191,-1.92,0.08
0.80192,-1.92,0
0.80193,-1.92,0
0.80194,-1.92,0.08
0.80195,-1.92,0
0.80196,-2,0
0.80197,-1.92,0
0.80198,-1.92,0
0.80199,-1.92,0
0.802,-1.92,0.08
0.80201,-2,0
0.80202,-2,0
0.80203,-2,0
0.80204,-1.92,0
0.80205,-1.92,0
0.80206,-2,0
0.80207,-2,0
0.80208,-1.92,0
0.80209,-2,0
0.8021,-1.92,0.08
0.80211,-1.92,0.08
0.80212,-1.92,0
0.80213,-1.92,0
0.80214,-2,0
0.80215,-1.92,0.08
0.80216,-1.92,0.08
0.80217,-1.92,0.08
0.80218,-2,0
0.80219,-1.84,0.08
0.8022,-1.92,0.08
0.80221,-1.92,0
0.80222,-2,0.08
0.80223,-1.92,0.08
0.80224,-1.92,0.08
0.80225,-2,0.08
0.80226,-2,0.08
0.80227,-2,0.08
0.80228,-1.92,0.08
0.80229,-2,0.08
0.8023,-2,0.08
0.80231,-2,0.08
0.80232,-2,0
0.80233,-2,0
0.80234,-2,0.08
0.80235,-1.92,0.08
0.80236,-1.92,0.08
0.80237,-1.92,0.08
0.80238,-1.92,0.08
0.80239,-1.92,0.08
0.8024,-1.92,0.08
0.80241,-2,0
0.80242,-1.92,0.08
0.80243,-1.92,0
0.80244,-2,0.08
0.80245,-1.92,0.08
0.80246,-1.92,0.08
0.80247,-1.92,0.08
0.80248,-1.84,0
0.80249,-1.92,0.08
