0.0765,-3.16,0.54
0.07651,-3.12,0.54
0.07652,-3.12,0.54
0.07653,-3.16,0.52
0.07654,-3.16,0.52
0.07655,-3.16,0.5
0.07656,-3.16,0.5
0.07657,-3.16,0.5
0.07658,-3.16,0.5
0.07659,-3.16,0.48
0.0766,-3.16,0.48
0.07661,-3.16,0.48
0.07662,-3.16,0.48
0.07663,-3.16,0.46
0.07664,-3.16,0.46
0.07665,-3.16,0.46
0.07666,-3.16,0.46
0.07667,-3.16,0.46
0.07668,-3.16,0.44
0.07669,-3.16,0.44
0.0767,-3.12,0.44
0.07671,-3.16,0.44
0.07672,-3.16,0.42
0.07673,-3.16,0.42
0.07674,-3.12,0.42
0.07675,-3.12,0.42
0.07676,-3.16,0.4
0.07677,-3.16,0.4
0.07678,-3.12,0.4
0.07679,-3.12,0.38
0.0768,-3.16,0.4
0.07681,-3.16,0.4
0.07682,-3.16,0.38
0.07683,-3.16,0.36
0.07684,-3.12,0.34
0.07685,-3.16,0.36
0.07686,-3.16,0.36
0.07687,-3.12,0.34
0.07688,-3.16,0.32
0.07689,-3.16,0.32
0.0769,-3.12,0.32
0.07691,-3.12,0.32
0.07692,-3.12,0.32
0.07693,-3.12,0.3
0.07694,-3.12,0.28
0.07695,-3.12,0.28
0.07696,-3.12,0.3
0.07697,-3.12,0.3
0.07698,-3.12,0.28
0.07699,-3.12,0.26
0.077,-3.12,0.28
0.07701,-3.08,0.28
0.07702,-3.08,0.28
0.07703,-3.08,0.26
0.07704,-3.08,0.26
0.07705,-3.08,0.24
0.07706,-3.12,0.22
0.07707,-3.12,0.24
0.07708,-3.12,0.24
0.07709,-3.08,0.22
0.0771,-3.12,0.22
0.07711,-3.12,0.24
0.07712,-3.08,0.24
0.07713,-3.08,0.22
0.07714,-3.08,0.22
0.07715,-3.08,0.22
0.07716,-3.08,0.2
0.07717,-3.08,0.2
0.07718,-3.08,0.22
0.07719,-3.04,0.22
0.0772,-3.04,0.2
0.07721,-3.04,0.2
0.07722,-3.04,0.18
0.07723,-3.04,0.18
0.07724,-3.04,0.18
0.07725,-3.04,0.18
0.07726,-3.04,0.18
0.07727,-3.04,0.18
0.07728,-3.04,0.16
0.07729,-3.04,0.16
0.0773,-3.04,0.16
0.07731,-3.04,0.16
0.07732,-3.04,0.16
0.07733,-3.04,0.16
0.07734,-3,0.16
0.07735,-3,0.16
0.07736,-3,0.16
0.07737,-3,0.16
0.07738,-3,0.14
0.07739,-3,0.14
0.0774,-3,0.14
0.07741,-3,0.14
0.07742,-3,0.16
0.07743,-3,0.14
0.07744,-2.96,0.14
0.07745,-2.96,0.14
0.07746,-2.96,0.14
0.07747,-2.96,0.14
0.07748,-2.96,0.14
0.07749,-2.96,0.16
0.0775,-2.96,0.16
0.07751,-2.96,0.16
0.07752,-2.96,0.14
0.07753,-2.92,0.12
0.07754,-2.92,0.12
0.07755,-2.96,0.12
0.07756,-2.92,0.14
0.07757,-2.92,0.14
0.07758,-2.92,0.14
0.07759,-2.92,0.14
0.0776,-2.92,0.12
0.07761,-2.92,0.1
0.07762,-2.92,0.12
0.07763,-2.92,0.14
0.07764,-2.92,0.14
0.07765,-2.92,0.12
0.07766,-2.88,0.14
0.07767,-2.92,0.14
0.07768,-2.92,0.12
0.07769,-2.88,0.12
0.0777,-2.88,0.12
0.07771,-2.88,0.12
0.07772,-2.88,0.14
0.07773,-2.88,0.12
0.07774,-2.88,0.14
0.07775,-2.88,0.12
0.07776,-2.88,0.12
0.07777,-2.88,0.1
0.07778,-2.88,0.1
0.07779,-2.88,0.12
0.0778,-2.88,0.12
0.07781,-2.88,0.12
0.07782,-2.88,0.14
0.07783,-2.84,0.14
0.07784,-2.84,0.14
0.07785,-2.88,0.16
0.07786,-2.88,0.14
0.07787,-2.84,0.14
0.07788,-2.84,0.14
0.07789,-2.84,0.12
0.0779,-2.84,0.14
0.07791,-2.84,0.14
0.07792,-2.84,0.16
0.07793,-2.84,0.16
0.07794,-2.84,0.16
0.07795,-2.84,0.16
0.07796,-2.84,0.2
0.07797,-2.84,0.18
0.07798,-2.84,0.16
0.07799,-2.84,0.16
0.078,-2.84,0.16
0.07801,-2.84,0.16
0.07802,-2.84,0.14
0.07803,-2.84,0.16
0.07804,-2.84,0.16
0.07805,-2.84,0.14
0.07806,-2.84,0.14
0.07807,-2.8,0.16
0.07808,-2.8,0.16
0.07809,-2.84,0.18
0.0781,-2.84,0.18
0.07811,-2.84,0.16
0.07812,-2.84,0.18
0.07813,-2.84,0.18
0.07814,-2.84,0.2
0.07815,-2.84,0.18
0.07816,-2.84,0.2
0.07817,-2.84,0.2
0.07818,-2.84,0.22
0.07819,-2.84,0.18
0.0782,-2.84,0.18
0.07821,-2.84,0.2
0.07822,-2.84,0.2
0.07823,-2.8,0.2
0.07824,-2.84,0.18
0.07825,-2.84,0.2
0.07826,-2.84,0.2
0.07827,-2.84,0.2
0.07828,-2.84,0.2
0.07829,-2.84,0.2
0.0783,-2.84,0.2
0.07831,-2.84,0.22
0.07832,-2.84,0.22
0.07833,-2.84,0.24
0.07834,-2.84,0.22
0.07835,-2.84,0.22
0.07836,-2.84,0.22
0.07837,-2.84,0.2
0.07838,-2.84,0.2
0.07839,-2.84,0.22
0.0784,-2.84,0.22
0.07841,-2.84,0.22
0.07842,-2.84,0.22
0.07843,-2.84,0.2
0.07844,-2.84,0.2
0.07845,-2.84,0.2
0.07846,-2.84,0.22
0.07847,-2.84,0.22
0.07848,-2.84,0.24
0.07849,-2.84,0.22
0.0785,-2.84,0.22
0.07851,-2.84,0.22
0.07852,-2.84,0.22
0.07853,-2.84,0.22
0.07854,-2.84,0.22
0.07855,-2.84,0.22
0.07856,-2.84,0.2
0.07857,-2.88,0.22
0.07858,-2.88,0.22
0.07859,-2.88,0.22
0.0786,-2.88,0.22
0.07861,-2.88,0.24
0.07862,-2.84,0.22
0.07863,-2.84,0.22
0.07864,-2.88,0.22
0.07865,-2.88,0.2
0.07866,-2.88,0.2
0.07867,-2.88,0.22
0.07868,-2.88,0.22
0.07869,-2.88,0.22
0.0787,-2.88,0.2
0.07871,-2.88,0.2
0.07872,-2.88,0.22
0.07873,-2.88,0.22
0.07874,-2.88,0.22
0.07875,-2.88,0.22
0.07876,-2.88,0.22
0.07877,-2.88,0.2
0.07878,-2.88,0.22
0.07879,-2.88,0.24
0.0788,-2.88,0.22
0.07881,-2.88,0.22
0.07882,-2.88,0.22
0.07883,-2.88,0.22
0.07884,-2.88,0.2
0.07885,-2.88,0.2
0.07886,-2.88,0.2
0.07887,-2.88,0.2
0.07888,-2.88,0.2
0.07889,-2.88,0.2
0.0789,-2.88,0.22
0.07891,-2.88,0.2
0.07892,-2.92,0.22
0.07893,-2.92,0.22
0.07894,-2.88,0.2
0.07895,-2.88,0.2
0.07896,-2.88,0.22
0.07897,-2.88,0.22
0.07898,-2.88,0.2
0.07899,-2.88,0.2
0.079,-2.88,0.22
0.07901,-2.88,0.2
0.07902,-2.92,0.18
0.07903,-2.88,0.2
0.07904,-2.88,0.2
0.07905,-2.88,0.2
0.07906,-2.88,0.18
0.07907,-2.88,0.18
0.07908,-2.88,0.18
0.07909,-2.88,0.2
0.0791,-2.88,0.2
0.07911,-2.88,0.2
0.07912,-2.88,0.2
0.07913,-2.92,0.18
0.07914,-2.88,0.18
0.07915,-2.88,0.18
0.07916,-2.92,0.18
0.07917,-2.88,0.18
0.07918,-2.92,0.18
0.07919,-2.88,0.18
0.0792,-2.88,0.18
0.07921,-2.92,0.18
0.07922,-2.92,0.18
0.07923,-2.88,0.16
0.07924,-2.92,0.16
0.07925,-2.88,0.18
0.07926,-2.92,0.18
0.07927,-2.88,0.16
0.07928,-2.88,0.16
0.07929,-2.88,0.16
0.0793,-2.88,0.16
0.07931,-2.88,0.18
0.07932,-2.88,0.16
0.07933,-2.88,0.16
0.07934,-2.88,0.16
0.07935,-2.88,0.16
0.07936,-2.88,0.18
0.07937,-2.88,0.16
0.07938,-2.88,0.18
0.07939,-2.88,0.14
0.0794,-2.88,0.16
0.07941,-2.88,0.16
0.07942,-2.88,0.18
0.07943,-2.88,0.16
0.07944,-2.88,0.16
0.07945,-2.88,0.16
0.07946,-2.88,0.16
0.07947,-2.88,0.14
0.07948,-2.88,0.16
0.07949,-2.88,0.16
0.0795,-2.88,0.18
0.07951,-2.88,0.16
0.07952,-2.88,0.16
0.07953,-2.88,0.16
0.07954,-2.88,0.16
0.07955,-2.88,0.16
0.07956,-2.88,0.16
0.07957,-2.88,0.14
0.07958,-2.88,0.14
0.07959,-2.84,0.16
0.0796,-2.88,0.14
0.07961,-2.88,0.14
0.07962,-2.88,0.14
0.07963,-2.84,0.14
0.07964,-2.84,0.16
0.07965,-2.84,0.16
0.07966,-2.88,0.14
0.07967,-2.88,0.14
0.07968,-2.88,0.16
0.07969,-2.88,0.16
0.0797,-2.88,0.18
0.07971,-2.84,0.16
0.07972,-2.84,0.16
0.07973,-2.84,0.14
0.07974,-2.88,0.14
0.07975,-2.88,0.14
0.07976,-2.84,0.14
0.07977,-2.84,0.14
0.07978,-2.88,0.14
0.07979,-2.84,0.14
0.0798,-2.88,0.14
0.07981,-2.84,0.14
0.07982,-2.84,0.12
0.07983,-2.84,0.14
0.07984,-2.84,0.14
0.07985,-2.84,0.16
0.07986,-2.84,0.14
0.07987,-2.84,0.14
0.07988,-2.84,0.14
0.07989,-2.84,0.14
0.0799,-2.84,0.14
0.07991,-2.84,0.16
0.07992,-2.84,0.16
0.07993,-2.84,0.14
0.07994,-2.84,0.14
0.07995,-2.84,0.14
0.07996,-2.84,0.14
0.07997,-2.84,0.14
0.07998,-2.84,0.14
0.07999,-2.84,0.14
0.08,-2.84,0.14
0.08001,-2.84,0.14
0.08002,-2.8,0.16
0.08003,-2.84,0.16
0.08004,-2.84,0.16
0.08005,-2.84,0.16
0.08006,-2.84,0.16
0.08007,-2.84,0.14
0.08008,-2.84,0.14
0.08009,-2.84,0.12
0.0801,-2.84,0.16
0.08011,-2.84,0.14
0.08012,-2.84,0.14
0.08013,-2.84,0.14
0.08014,-2.84,0.14
0.08015,-2.84,0.14
0.08016,-2.84,0.14
0.08017,-2.84,0.14
0.08018,-2.84,0.16
0.08019,-2.84,0.16
0.0802,-2.8,0.16
0.08021,-2.84,0.14
0.08022,-2.84,0.16
0.08023,-2.84,0.14
0.08024,-2.84,0.16
0.08025,-2.84,0.14
0.08026,-2.84,0.16
0.08027,-2.84,0.16
0.08028,-2.84,0.16
0.08029,-2.84,0.14
0.0803,-2.84,0.16
0.08031,-2.84,0.16
0.08032,-2.84,0.14
0.08033,-2.84,0.16
0.08034,-2.84,0.16
0.08035,-2.8,0.14
0.08036,-2.84,0.14
0.08037,-2.84,0.14
0.08038,-2.84,0.16
0.08039,-2.8,0.16
0.0804,-2.84,0.16
0.08041,-2.84,0.16
0.08042,-2.84,0.16
0.08043,-2.84,0.18
0.08044,-2.84,0.16
0.08045,-2.8,0.16
0.08046,-2.84,0.16
0.08047,-2.84,0.18
0.08048,-2.84,0.18
0.08049,-2.84,0.16
0.0805,-2.84,0.16
0.08051,-2.84,0.16
0.08052,-2.8,0.16
0.08053,-2.8,0.18
0.08054,-2.8,0.16
0.08055,-2.8,0.18
0.08056,-2.8,0.18
0.08057,-2.84,0.16
0.08058,-2.8,0.16
0.08059,-2.84,0.16
0.0806,-2.84,0.16
0.08061,-2.84,0.18
0.08062,-2.84,0.16
0.08063,-2.84,0.18
0.08064,-2.84,0.18
0.08065,-2.84,0.18
0.08066,-2.8,0.18
0.08067,-2.84,0.18
0.08068,-2.8,0.18
0.08069,-2.84,0.18
0.0807,-2.84,0.16
0.08071,-2.84,0.18
0.08072,-2.84,0.18
0.08073,-2.84,0.18
0.08074,-2.84,0.16
0.08075,-2.84,0.18
0.08076,-2.84,0.16
0.08077,-2.84,0.18
0.08078,-2.84,0.18
0.08079,-2.84,0.18
0.0808,-2.84,0.18
0.08081,-2.84,0.18
0.08082,-2.84,0.18
0.08083,-2.84,0.18
0.08084,-2.84,0.2
0.08085,-2.84,0.18
0.08086,-2.84,0.16
0.08087,-2.84,0.16
0.08088,-2.84,0.16
0.08089,-2.84,0.16
0.0809,-2.84,0.16
0.08091,-2.84,0.18
0.08092,-2.84,0.18
0.08093,-2.84,0.16
0.08094,-2.84,0.18
0.08095,-2.84,0.18
0.08096,-2.84,0.18
0.08097,-2.84,0.18
0.08098,-2.84,0.16
0.08099,-2.84,0.18
0.081,-2.84,0.18
0.08101,-2.84,0.18
0.08102,-2.84,0.16
0.08103,-2.84,0.16
0.08104,-2.84,0.16
0.08105,-2.84,0.16
0.08106,-4.56,-0.94
0.08107,-6.6,-0.2
0.08108,-6.6,2.78
0.08109,-6.6,2.78
0.0811,-6.6,2.78
0.08111,-6.6,2.78
0.08112,-6.6,2.78
0.08113,-6.6,2.78
0.08114,-6.6,2.78
0.08115,-6.6,2.78
0.08116,-6.6,2.78
0.08117,-6.6,2.78
0.08118,-6.6,2.78
0.08119,-6.6,2.78
0.0812,-6.6,1.92
0.08121,-6.6,-1.24
0.08122,-6.32,-0.42
0.08123,-4.36,1.22
0.08124,-3.32,1.78
0.08125,-3.24,1.5
0.08126,-3.4,1.02
0.08127,-3.52,0.64
0.08128,-3.52,0.46
0.08129,-3.44,0.4
0.0813,-3.36,0.38
0.08131,-3.32,0.36
0.08132,-3.24,0.38
0.08133,-3.16,0.36
0.08134,-3.12,0.34
0.08135,-3.08,0.32
0.08136,-3.04,0.32
0.08137,-3,0.32
0.08138,-2.96,0.34
0.08139,-2.92,0.34
0.0814,-2.88,0.36
0.08141,-2.88,0.34
0.08142,-2.84,0.32
0.08143,-2.84,0.34
0.08144,-2.8,0.34
0.08145,-2.8,0.34
0.08146,-2.76,0.36
0.08147,-2.72,0.36
0.08148,-2.72,0.36
0.08149,-2.72,0.38
0.0815,-2.68,0.38
0.08151,-2.68,0.38
0.08152,-2.68,0.4
0.08153,-2.68,0.4
0.08154,-2.64,0.4
0.08155,-2.64,0.42
0.08156,-2.64,0.44
0.08157,-2.6,0.44
0.08158,-2.64,0.46
0.08159,-2.6,0.46
0.0816,-2.6,0.46
0.08161,-2.6,0.46
0.08162,-2.6,0.48
0.08163,-2.6,0.5
0.08164,-2.6,0.48
0.08165,-2.6,0.5
0.08166,-2.6,0.52
0.08167,-2.6,0.52
0.08168,-2.6,0.5
0.08169,-2.6,0.5
0.0817,-2.6,0.52
0.08171,-2.6,0.52
0.08172,-2.6,0.54
0.08173,-2.6,0.54
0.08174,-2.56,0.54
0.08175,-2.6,0.52
0.08176,-2.6,0.56
0.08177,-2.6,0.54
0.08178,-2.6,0.56
0.08179,-2.6,0.58
0.0818,-2.6,0.58
0.08181,-2.6,0.58
0.08182,-2.64,0.6
0.08183,-2.64,0.58
0.08184,-2.64,0.58
0.08185,-2.6,0.6
0.08186,-2.64,0.6
0.08187,-2.64,0.6
0.08188,-2.64,0.6
0.08189,-2.64,0.62
0.0819,-2.64,0.62
0.08191,-2.64,0.64
0.08192,-2.68,0.64
0.08193,-2.68,0.64
0.08194,-2.68,0.64
0.08195,-2.64,0.64
0.08196,-2.68,0.64
0.08197,-2.68,0.68
0.08198,-2.68,0.66
0.08199,-2.68,0.66
0.082,-2.68,0.66
0.08201,-2.72,0.66
0.08202,-2.72,0.66
0.08203,-2.72,0.66
0.08204,-2.72,0.66
0.08205,-2.76,0.66
0.08206,-2.76,0.66
0.08207,-2.76,0.66
0.08208,-2.72,0.68
0.08209,-2.76,0.68
0.0821,-2.76,0.68
0.08211,-2.76,0.7
0.08212,-2.76,0.72
0.08213,-2.76,0.68
0.08214,-2.8,0.68
0.08215,-2.8,0.68
0.08216,-2.8,0.68
0.08217,-2.8,0.66
0.08218,-2.8,0.68
0.08219,-2.84,0.68
0.0822,-2.84,0.68
0.08221,-2.84,0.68
0.08222,-2.84,0.68
0.08223,-2.84,0.68
0.08224,-2.84,0.68
0.08225,-2.84,0.68
0.08226,-2.88,0.68
0.08227,-2.88,0.66
0.08228,-2.88,0.66
0.08229,-2.88,0.66
0.0823,-2.88,0.66
0.08231,-2.88,0.66
0.08232,-2.92,0.66
0.08233,-2.92,0.66
0.08234,-2.88,0.64
0.08235,-2.92,0.64
0.08236,-2.92,0.64
0.08237,-2.96,0.66
0.08238,-2.96,0.64
0.08239,-3,0.62
0.0824,-2.96,0.64
0.08241,-2.96,0.64
0.08242,-2.96,0.64
0.08243,-2.96,0.64
0.08244,-2.96,0.62
0.08245,-3,0.62
0.08246,-3,0.6
0.08247,-3.04,0.6
0.08248,-3.04,0.62
0.08249,-3,0.6
0.0825,-3,0.62
0.08251,-3,0.6
0.08252,-3.04,0.58
0.08253,-3.04,0.56
0.08254,-3.04,0.56
0.08255,-3.04,0.56
0.08256,-3.04,0.56
0.08257,-3.04,0.54
0.08258,-3.04,0.54
0.08259,-3.04,0.54
0.0826,-3.04,0.54
0.08261,-3.08,0.52
0.08262,-3.08,0.52
0.08263,-3.08,0.52
0.08264,-3.08,0.52
0.08265,-3.08,0.52
0.08266,-3.08,0.5
0.08267,-3.08,0.5
0.08268,-3.08,0.5
0.08269,-3.08,0.48
0.0827,-3.08,0.48
0.08271,-3.08,0.46
0.08272,-3.12,0.46
0.08273,-3.12,0.46
0.08274,-3.08,0.46
0.08275,-3.08,0.46
0.08276,-3.08,0.44
0.08277,-3.12,0.44
0.08278,-3.08,0.44
0.08279,-3.12,0.42
0.0828,-3.12,0.42
0.08281,-3.12,0.42
0.08282,-3.12,0.4
0.08283,-3.12,0.4
0.08284,-3.12,0.4
0.08285,-3.12,0.4
0.08286,-3.12,0.38
0.08287,-3.12,0.36
0.08288,-3.12,0.36
0.08289,-3.12,0.36
0.0829,-3.12,0.38
0.08291,-3.16,0.36
0.08292,-3.12,0.34
0.08293,-3.12,0.32
0.08294,-3.12,0.34
0.08295,-3.12,0.32
0.08296,-3.12,0.32
0.08297,-3.12,0.3
0.08298,-3.12,0.3
0.08299,-3.12,0.3
0.083,-3.12,0.3
0.08301,-3.12,0.3
0.08302,-3.12,0.28
0.08303,-3.12,0.28
0.08304,-3.12,0.28
0.08305,-3.12,0.28
0.08306,-3.12,0.26
0.08307,-3.12,0.28
0.08308,-3.08,0.26
0.08309,-3.08,0.26
0.0831,-3.08,0.24
0.08311,-3.08,0.22
0.08312,-3.08,0.22
0.08313,-3.08,0.24
0.08314,-3.12,0.22
0.08315,-3.08,0.22
0.08316,-3.12,0.22
0.08317,-3.08,0.22
0.08318,-3.08,0.2
0.08319,-3.08,0.2
0.0832,-3.08,0.2
0.08321,-3.08,0.2
0.08322,-3.08,0.18
0.08323,-3.08,0.2
0.08324,-3.08,0.18
0.08325,-3.08,0.18
0.08326,-3.04,0.18
0.08327,-3.04,0.18
0.08328,-3.04,0.2
0.08329,-3.04,0.18
0.0833,-3.04,0.16
0.08331,-3.04,0.16
0.08332,-3.04,0.16
0.08333,-3.04,0.18
0.08334,-3.04,0.16
0.08335,-3.04,0.16
0.08336,-3.04,0.16
0.08337,-3,0.14
0.08338,-3.04,0.12
0.08339,-3,0.14
0.0834,-3.04,0.16
0.08341,-3,0.16
0.08342,-3,0.12
0.08343,-3,0.14
0.08344,-3,0.14
0.08345,-3,0.14
0.08346,-2.96,0.12
0.08347,-2.96,0.12
0.08348,-3,0.12
0.08349,-3,0.14
0.0835,-3,0.12
0.08351,-3,0.14
0.08352,-2.96,0.12
0.08353,-2.96,0.12
0.08354,-2.96,0.12
0.08355,-2.96,0.12
0.08356,-2.96,0.14
0.08357,-2.96,0.12
0.08358,-2.92,0.12
0.08359,-2.96,0.14
0.0836,-2.96,0.14
0.08361,-2.96,0.14
0.08362,-2.96,0.1
0.08363,-2.92,0.12
0.08364,-2.92,0.12
0.08365,-2.92,0.1
0.08366,-2.92,0.12
0.08367,-2.92,0.14
0.08368,-2.92,0.14
0.08369,-2.92,0.12
0.0837,-2.92,0.12
0.08371,-2.92,0.12
0.08372,-2.92,0.12
0.08373,-2.88,0.12
0.08374,-2.88,0.12
0.08375,-2.88,0.14
0.08376,-2.92,0.12
0.08377,-2.88,0.12
0.08378,-2.88,0.12
0.08379,-2.88,0.14
0.0838,-2.88,0.16
0.08381,-2.88,0.14
0.08382,-2.88,0.14
0.08383,-2.88,0.16
0.08384,-2.88,0.14
0.08385,-2.88,0.14
0.08386,-2.88,0.14
0.08387,-2.88,0.16
0.08388,-2.88,0.16
0.08389,-2.88,0.16
0.0839,-2.84,0.16
0.08391,-2.88,0.16
0.08392,-2.88,0.16
0.08393,-2.84,0.16
0.08394,-2.88,0.16
0.08395,-2.84,0.16
0.08396,-2.84,0.16
0.08397,-2.84,0.16
0.08398,-2.88,0.16
0.08399,-2.84,0.16
0.084,-2.84,0.18
0.08401,-2.84,0.16
0.08402,-2.84,0.18
0.08403,-2.84,0.2
0.08404,-2.84,0.18
0.08405,-2.84,0.18
0.08406,-2.84,0.18
0.08407,-2.84,0.2
0.08408,-2.84,0.2
0.08409,-2.84,0.2
0.0841,-2.84,0.18
0.08411,-2.84,0.18
0.08412,-2.84,0.18
0.08413,-2.84,0.18
0.08414,-2.84,0.22
0.08415,-2.84,0.22
0.08416,-2.84,0.2
0.08417,-2.84,0.2
0.08418,-2.84,0.2
0.08419,-2.84,0.2
0.0842,-2.84,0.2
0.08421,-2.84,0.18
0.08422,-2.84,0.2
0.08423,-2.84,0.2
0.08424,-2.84,0.22
0.08425,-2.84,0.2
0.08426,-2.84,0.22
0.08427,-2.84,0.22
0.08428,-2.84,0.2
0.08429,-2.84,0.22
0.0843,-2.84,0.2
0.08431,-2.88,0.2
0.08432,-2.84,0.2
0.08433,-2.84,0.22
0.08434,-2.84,0.2
0.08435,-2.84,0.22
0.08436,-2.84,0.22
0.08437,-2.84,0.22
0.08438,-2.84,0.22
0.08439,-2.84,0.24
0.0844,-2.84,0.22
0.08441,-2.84,0.24
0.08442,-2.84,0.22
0.08443,-2.84,0.22
0.08444,-2.84,0.22
0.08445,-2.84,0.22
0.08446,-2.84,0.22
0.08447,-2.84,0.22
0.08448,-2.84,0.22
0.08449,-2.88,0.22
0.0845,-2.88,0.24
0.08451,-2.84,0.22
0.08452,-2.84,0.2
0.08453,-2.84,0.2
0.08454,-2.88,0.2
0.08455,-2.88,0.2
0.08456,-2.84,0.22
0.08457,-2.84,0.2
0.08458,-2.84,0.22
0.08459,-2.88,0.22
0.0846,-2.88,0.22
0.08461,-2.88,0.2
0.08462,-2.88,0.2
0.08463,-2.84,0.22
0.08464,-2.88,0.2
0.08465,-2.88,0.22
0.08466,-2.88,0.22
0.08467,-2.88,0.22
0.08468,-2.88,0.18
0.08469,-2.88,0.2
0.0847,-2.88,0.18
0.08471,-2.88,0.2
0.08472,-2.88,0.2
0.08473,-2.88,0.2
0.08474,-2.84,0.2
0.08475,-2.84,0.18
0.08476,-2.84,0.18
0.08477,-2.88,0.2
0.08478,-2.88,0.18
0.08479,-2.88,0.2
0.0848,-2.84,0.18
0.08481,-2.88,0.18
0.08482,-2.84,0.18
0.08483,-2.88,0.16
0.08484,-2.88,0.18
0.08485,-2.88,0.16
0.08486,-2.88,0.16
0.08487,-2.88,0.16
0.08488,-2.84,0.16
0.08489,-2.88,0.16
0.0849,-2.88,0.16
0.08491,-2.88,0.16
0.08492,-2.88,0.16
0.08493,-2.84,0.14
0.08494,-2.88,0.16
0.08495,-2.84,0.12
0.08496,-2.84,0.12
0.08497,-2.84,0.12
0.08498,-2.88,0.14
0.08499,-2.88,0.14
0.085,-2.84,0.14
0.08501,-2.84,0.12
0.08502,-2.84,0.1
0.08503,-2.84,0.1
0.08504,-2.84,0.12
0.08505,-2.84,0.12
0.08506,-2.84,0.12
0.08507,-2.84,0.1
0.08508,-2.84,0.1
0.08509,-2.84,0.1
0.0851,-2.84,0.1
0.08511,-2.84,0.1
0.08512,-2.84,0.1
0.08513,-2.84,0.08
0.08514,-2.84,0.12
0.08515,-2.8,0.1
0.08516,-2.84,0.1
0.08517,-2.84,0.08
0.08518,-2.8,0.08
0.08519,-2.8,0.1
0.0852,-2.84,0.08
0.08521,-2.8,0.1
0.08522,-2.8,0.06
0.08523,-2.8,0.08
0.08524,-2.8,0.06
0.08525,-2.8,0.06
0.08526,-2.8,0.06
0.08527,-2.8,0.08
0.08528,-2.8,0.06
0.08529,-2.8,0.04
0.0853,-2.8,0.06
0.08531,-2.8,0.04
0.08532,-2.76,0.06
0.08533,-2.8,0.06
0.08534,-2.8,0.06
0.08535,-2.76,0.06
0.08536,-2.76,0.06
0.08537,-2.8,0.06
0.08538,-2.76,0.06
0.08539,-2.8,0.06
0.0854,-2.76,0.06
0.08541,-2.76,0.06
0.08542,-2.76,0.06
0.08543,-2.76,0.04
0.08544,-2.72,0.04
0.08545,-2.72,0.04
0.08546,-2.72,0.02
0.08547,-2.72,0.04
0.08548,-2.76,0.02
0.08549,-2.72,0.04
0.0855,-2.72,0.06
0.08551,-2.68,0.04
0.08552,-2.72,0.04
0.08553,-2.72,0.04
0.08554,-2.72,0.04
0.08555,-2.72,0.04
0.08556,-2.72,0.04
0.08557,-2.72,0.02
0.08558,-2.68,0.02
0.08559,-2.68,0.02
0.0856,-2.68,0.02
0.08561,-2.68,0.04
0.08562,-2.68,0.02
0.08563,-2.68,0.02
0.08564,-2.68,0.02
0.08565,-2.68,0.02
0.08566,-2.68,0.02
0.08567,-2.68,0.04
0.08568,-2.64,0.04
0.08569,-2.64,0.04
0.0857,-2.64,0.04
0.08571,-2.64,0.02
0.08572,-2.64,0.02
0.08573,-2.64,0.04
0.08574,-2.64,0.04
0.08575,-2.64,0.02
0.08576,-2.64,0.02
0.08577,-2.6,0.04
0.08578,-2.64,0.02
0.08579,-2.64,0.02
0.0858,-2.6,0.02
0.08581,-2.6,0.04
0.08582,-2.64,0.06
0.08583,-2.6,0.02
0.08584,-2.6,0.04
0.08585,-2.6,0.04
0.08586,-2.6,0.04
0.08587,-2.6,0.04
0.08588,-2.6,0.02
0.08589,-2.6,0.04
0.0859,-2.6,0.04
0.08591,-2.6,0.04
0.08592,-2.56,0.04
0.08593,-2.56,0.06
0.08594,-2.56,0.04
0.08595,-2.56,0.06
0.08596,-2.56,0.04
0.08597,-2.6,0.04
0.08598,-2.56,0.06
0.08599,-2.56,0.06
0.086,-2.56,0.06
0.08601,-2.56,0.06
0.08602,-2.56,0.04
0.08603,-2.56,0.06
0.08604,-2.56,0.08
0.08605,-2.56,0.08
0.08606,-2.56,0.06
0.08607,-2.56,0.06
0.08608,-2.56,0.06
0.08609,-2.56,0.06
0.0861,-2.56,0.06
0.08611,-2.56,0.08
0.08612,-2.56,0.08
0.08613,-2.56,0.08
0.08614,-2.56,0.08
0.08615,-2.52,0.1
0.08616,-2.52,0.08
0.08617,-2.52,0.06
0.08618,-2.52,0.06
0.08619,-2.52,0.08
0.0862,-2.52,0.08
0.08621,-2.52,0.08
0.08622,-2.56,0.06
0.08623,-2.56,0.08
0.08624,-2.52,0.08
0.08625,-2.52,0.1
0.08626,-2.52,0.08
0.08627,-2.52,0.08
0.08628,-2.52,0.08
0.08629,-2.52,0.06
0.0863,-2.56,0.08
0.08631,-2.52,0.1
0.08632,-2.52,0.08
0.08633,-2.52,0.1
0.08634,-2.52,0.1
0.08635,-2.52,0.1
0.08636,-2.52,0.1
0.08637,-2.56,0.08
0.08638,-2.52,0.08
0.08639,-2.52,0.1
0.0864,-2.52,0.1
0.08641,-2.52,0.1
0.08642,-2.52,0.08
0.08643,-2.52,0.1
0.08644,-2.52,0.1
0.08645,-2.52,0.1
0.08646,-2.52,0.1
0.08647,-2.52,0.1
0.08648,-2.56,0.1
0.08649,-2.52,0.12
0.0865,-2.52,0.12
0.08651,-2.52,0.1
0.08652,-2.52,0.1
0.08653,-2.52,0.12
0.08654,-2.52,0.1
0.08655,-2.52,0.1
0.08656,-2.52,0.1
0.08657,-2.56,0.12
0.08658,-2.56,0.12
0.08659,-2.56,0.1
0.0866,-2.52,0.12
0.08661,-2.56,0.1
0.08662,-2.52,0.1
0.08663,-2.56,0.1
0.08664,-2.52,0.12
0.08665,-2.52,0.12
0.08666,-2.56,0.1
0.08667,-2.56,0.08
0.08668,-2.56,0.1
0.08669,-2.56,0.12
0.0867,-2.56,0.12
0.08671,-2.52,0.1
0.08672,-2.56,0.12
0.08673,-2.56,0.12
0.08674,-2.56,0.1
0.08675,-2.56,0.1
0.08676,-2.56,0.08
0.08677,-2.56,0.08
0.08678,-2.56,0.1
0.08679,-2.56,0.12
0.0868,-2.6,0.12
0.08681,-2.56,0.12
0.08682,-2.56,0.1
0.08683,-2.6,0.1
0.08684,-2.56,0.1
0.08685,-2.6,0.1
0.08686,-2.6,0.08
0.08687,-2.56,0.08
0.08688,-2.56,0.1
0.08689,-2.6,0.08
0.0869,-2.56,0.08
0.08691,-2.6,0.06
0.08692,-2.56,0.06
0.08693,-2.6,0.06
0.08694,-2.6,0.06
0.08695,-2.6,0.06
0.08696,-2.6,0.08
0.08697,-2.6,0.08
0.08698,-2.6,0.06
0.08699,-2.6,0.06
0.087,-2.6,0.06
0.08701,-2.6,0.08
0.08702,-2.6,0.06
0.08703,-2.6,0.06
0.08704,-2.6,0.08
0.08705,-2.6,0.08
0.08706,-2.6,0.06
0.08707,-2.6,0.06
0.08708,-2.6,0.06
0.08709,-2.6,0.04
0.0871,-2.64,0.04
0.08711,-2.64,0.04
0.08712,-2.64,0.04
0.08713,-2.64,0.04
0.08714,-2.64,0.04
0.08715,-2.64,0.02
0.08716,-2.64,0.04
0.08717,-2.64,0.02
0.08718,-2.6,0.04
0.08719,-2.64,0.02
0.0872,-2.6,0.04
0.08721,-2.64,0.02
0.08722,-2.64,0.02
0.08723,-2.64,0.02
0.08724,-2.64,0.02
0.08725,-2.64,0
0.08726,-2.64,0.02
0.08727,-2.64,0
0.08728,-2.64,0
0.08729,-2.64,0
0.0873,-2.64,0
0.08731,-2.64,0
0.08732,-2.64,-0.02
0.08733,-2.64,0
0.08734,-2.64,0
0.08735,-2.64,0.02
0.08736,-2.64,0
0.08737,-2.64,0
0.08738,-2.64,-0.02
0.08739,-2.64,-0.04
0.0874,-2.64,-0.04
0.08741,-2.64,-0.02
0.08742,-2.64,-0.02
0.08743,-2.64,-0.02
0.08744,-2.64,-0.04
0.08745,-2.64,-0.04
0.08746,-2.64,-0.04
0.08747,-2.64,-0.02
0.08748,-2.64,-0.02
0.08749,-2.64,-0.02
0.0875,-2.64,-0.04
0.08751,-2.64,-0.04
0.08752,-2.64,-0.04
0.08753,-2.64,-0.02
0.08754,-2.68,-0.04
0.08755,-2.64,-0.04
0.08756,-2.64,-0.04
0.08757,-2.64,-0.06
0.08758,-2.64,-0.06
0.08759,-2.64,-0.06
0.0876,-2.64,-0.06
0.08761,-2.64,-0.08
0.08762,-2.64,-0.08
0.08763,-2.64,-0.06
0.08764,-2.64,-0.08
0.08765,-2.64,-0.06
0.08766,-2.64,-0.06
0.08767,-2.68,-0.06
0.08768,-2.64,-0.06
0.08769,-2.64,-0.06
0.0877,-2.64,-0.08
0.08771,-2.64,-0.08
0.08772,-2.64,-0.06
0.08773,-2.64,-0.08
0.08774,-2.64,-0.06
0.08775,-2.68,-0.08
0.08776,-2.68,-0.06
0.08777,-2.64,-0.06
0.08778,-2.64,-0.08
0.08779,-2.64,-0.1
0.0878,-2.64,-0.08
0.08781,-2.64,-0.08
0.08782,-2.64,-0.08
0.08783,-2.64,-0.1
0.08784,-2.64,-0.08
0.08785,-2.64,-0.08
0.08786,-2.64,-0.08
0.08787,-2.64,-0.06
0.08788,-2.64,-0.08
0.08789,-2.64,-0.08
0.0879,-2.6,-0.08
0.08791,-2.6,-0.08
0.08792,-2.64,-0.1
0.08793,-2.64,-0.1
0.08794,-2.64,-0.1
0.08795,-2.64,-0.1
0.08796,-2.64,-0.08
0.08797,-2.64,-0.1
0.08798,-2.64,-0.08
0.08799,-2.64,-0.08
0.088,-2.64,-0.08
0.08801,-2.64,-0.06
0.08802,-2.6,-0.06
0.08803,-2.64,-0.06
0.08804,-2.64,-0.08
0.08805,-2.64,-0.08
0.08806,-2.6,-0.08
0.08807,-2.6,-0.1
0.08808,-2.64,-0.1
0.08809,-2.64,-0.08
0.0881,-2.6,-0.08
0.08811,-2.64,-0.1
0.08812,-2.6,-0.08
0.08813,-2.6,-0.08
0.08814,-2.64,-0.08
0.08815,-2.64,-0.08
0.08816,-2.6,-0.08
0.08817,-2.6,-0.06
0.08818,-2.6,-0.06
0.08819,-2.6,-0.08
0.0882,-2.6,-0.08
0.08821,-2.6,-0.04
0.08822,-2.64,-0.06
0.08823,-2.6,-0.06
0.08824,-2.64,-0.08
0.08825,-2.6,-0.06
0.08826,-2.6,-0.08
0.08827,-2.6,-0.04
0.08828,-2.64,-0.06
0.08829,-2.64,-0.06
0.0883,-2.64,-0.04
0.08831,-2.6,-0.02
0.08832,-2.6,-0.04
0.08833,-2.6,-0.04
0.08834,-2.6,-0.06
0.08835,-2.6,-0.06
0.08836,-2.6,-0.04
0.08837,-2.64,-0.04
0.08838,-2.64,-0.04
0.08839,-2.64,-0.04
0.0884,-2.64,-0.02
0.08841,-2.64,0
0.08842,-2.6,-0.02
0.08843,-2.6,-0.04
0.08844,-2.6,-0.04
0.08845,-2.6,-0.04
0.08846,-2.64,-0.02
0.08847,-2.64,-0.02
0.08848,-2.64,0
0.08849,-2.64,0
0.0885,-2.6,0
0.08851,-2.6,0
0.08852,-2.6,0
0.08853,-2.6,0
0.08854,-2.6,0
0.08855,-2.6,0
0.08856,-2.64,0
0.08857,-2.64,0.02
0.08858,-2.6,0.02
0.08859,-2.6,0.02
0.0886,-2.6,0.02
0.08861,-2.64,0.02
0.08862,-2.6,0.02
0.08863,-2.6,0.02
0.08864,-2.6,0.02
0.08865,-2.6,0.02
0.08866,-2.64,0.04
0.08867,-2.64,0.02
0.08868,-2.64,0.04
0.08869,-2.64,0.02
0.0887,-2.64,0.06
0.08871,-2.64,0.04
0.08872,-2.64,0.02
0.08873,-2.68,0.04
0.08874,-2.68,0.04
0.08875,-2.64,0.06
0.08876,-2.64,0.06
0.08877,-2.64,0.06
0.08878,-2.64,0.06
0.08879,-2.6,0.06
0.0888,-2.64,0.04
0.08881,-2.64,0.04
0.08882,-2.68,0.06
0.08883,-2.64,0.08
0.08884,-2.64,0.08
0.08885,-2.68,0.06
0.08886,-2.64,0.08
0.08887,-2.64,0.08
0.08888,-2.68,0.06
0.08889,-2.64,0.08
0.0889,-2.64,0.08
0.08891,-2.68,0.08
0.08892,-2.68,0.08
0.08893,-2.68,0.1
0.08894,-2.68,0.1
0.08895,-2.64,0.12
0.08896,-2.68,0.12
0.08897,-2.68,0.1
0.08898,-2.68,0.12
0.08899,-2.68,0.12
0.089,-2.68,0.1
0.08901,-2.68,0.1
0.08902,-2.68,0.12
0.08903,-2.68,0.12
0.08904,-2.68,0.14
0.08905,-2.68,0.14
0.08906,-2.68,0.12
0.08907,-2.68,0.1
0.08908,-2.72,0.12
0.08909,-2.72,0.14
0.0891,-2.68,0.14
0.08911,-2.68,0.12
0.08912,-2.72,0.14
0.08913,-2.68,0.16
0.08914,-2.72,0.14
0.08915,-2.68,0.14
0.08916,-2.72,0.16
0.08917,-2.68,0.16
0.08918,-2.68,0.16
0.08919,-2.72,0.16
0.0892,-2.72,0.18
0.08921,-2.72,0.16
0.08922,-2.72,0.16
0.08923,-2.72,0.14
0.08924,-2.72,0.14
0.08925,-2.72,0.16
0.08926,-2.72,0.16
0.08927,-2.72,0.16
0.08928,-2.72,0.16
0.08929,-2.72,0.16
0.0893,-2.72,0.18
0.08931,-2.72,0.18
0.08932,-2.72,0.16
0.08933,-2.76,0.16
0.08934,-2.72,0.18
0.08935,-2.72,0.16
0.08936,-2.72,0.16
0.08937,-2.76,0.18
0.08938,-2.76,0.16
0.08939,-2.76,0.16
0.0894,-2.76,0.16
0.08941,-2.76,0.18
0.08942,-2.76,0.16
0.08943,-2.76,0.18
0.08944,-2.76,0.18
0.08945,-2.76,0.16
0.08946,-2.76,0.18
0.08947,-2.76,0.18
0.08948,-2.76,0.18
0.08949,-2.76,0.18
0.0895,-2.76,0.18
0.08951,-2.76,0.2
0.08952,-2.76,0.22
0.08953,-2.76,0.2
0.08954,-2.76,0.2
0.08955,-2.76,0.2
0.08956,-2.76,0.18
0.08957,-2.76,0.18
0.08958,-2.8,0.18
0.08959,-2.8,0.16
0.0896,-2.8,0.18
0.08961,-2.8,0.18
0.08962,-2.8,0.2
0.08963,-2.8,0.2
0.08964,-2.76,0.2
0.08965,-2.8,0.18
0.08966,-2.8,0.16
0.08967,-2.8,0.18
0.08968,-2.8,0.2
0.08969,-2.8,0.18
0.0897,-2.8,0.2
0.08971,-2.8,0.18
0.08972,-2.8,0.18
0.08973,-2.8,0.18
0.08974,-2.8,0.18
0.08975,-2.8,0.18
0.08976,-2.8,0.18
0.08977,-2.8,0.2
0.08978,-2.8,0.2
0.08979,-2.84,0.18
0.0898,-2.84,0.16
0.08981,-2.8,0.18
0.08982,-2.8,0.18
0.08983,-2.84,0.2
0.08984,-2.84,0.2
0.08985,-2.8,0.18
0.08986,-2.8,0.22
0.08987,-2.8,0.18
0.08988,-2.8,0.16
0.08989,-2.84,0.16
0.0899,-2.8,0.16
0.08991,-2.8,0.18
0.08992,-2.84,0.2
0.08993,-2.84,0.18
0.08994,-2.84,0.2
0.08995,-2.84,0.18
0.08996,-2.84,0.18
0.08997,-2.84,0.18
0.08998,-2.84,0.18
0.08999,-2.84,0.18
0.09,-2.84,0.16
0.09001,-2.8,0.16
0.09002,-2.8,0.16
0.09003,-2.84,0.16
0.09004,-2.84,0.16
0.09005,-2.84,0.16
0.09006,-2.84,0.18
0.09007,-2.8,0.18
0.09008,-2.84,0.18
0.09009,-2.84,0.18
0.0901,-2.84,0.18
0.09011,-2.8,0.18
0.09012,-2.84,0.16
0.09013,-2.8,0.16
0.09014,-2.8,0.14
0.09015,-2.84,0.16
0.09016,-2.8,0.16
0.09017,-2.84,0.16
0.09018,-2.8,0.16
0.09019,-2.84,0.16
0.0902,-2.84,0.16
0.09021,-2.84,0.18
0.09022,-2.8,0.18
0.09023,-2.84,0.16
0.09024,-2.84,0.16
0.09025,-2.84,0.16
0.09026,-2.84,0.18
0.09027,-2.84,0.16
0.09028,-2.84,0.18
0.09029,-2.84,0.16
0.0903,-2.84,0.16
0.09031,-2.84,0.16
0.09032,-2.84,0.16
0.09033,-2.84,0.16
0.09034,-2.84,0.18
0.09035,-2.84,0.18
0.09036,-2.84,0.16
0.09037,-2.84,0.18
0.09038,-2.8,0.18
0.09039,-2.84,0.18
0.0904,-2.8,0.16
0.09041,-2.84,0.16
0.09042,-2.84,0.16
0.09043,-2.84,0.18
0.09044,-2.84,0.16
0.09045,-2.8,0.16
0.09046,-2.84,0.16
0.09047,-2.84,0.18
0.09048,-2.84,0.18
0.09049,-2.84,0.18
0.0905,-2.8,0.18
0.09051,-2.8,0.16
0.09052,-2.8,0.16
0.09053,-2.84,0.16
0.09054,-2.84,0.16
0.09055,-2.84,0.16
0.09056,-2.84,0.16
0.09057,-2.84,0.16
0.09058,-2.8,0.18
0.09059,-2.84,0.18
0.0906,-2.8,0.18
0.09061,-2.8,0.16
0.09062,-2.8,0.14
0.09063,-2.84,0.18
0.09064,-2.8,0.16
0.09065,-2.84,0.18
0.09066,-2.8,0.16
0.09067,-2.8,0.16
0.09068,-2.84,0.18
0.09069,-2.84,0.18
0.0907,-2.8,0.18
0.09071,-2.8,0.18
0.09072,-2.8,0.18
0.09073,-2.8,0.18
0.09074,-2.8,0.16
0.09075,-2.8,0.16
0.09076,-2.8,0.18
0.09077,-2.84,0.18
0.09078,-2.84,0.16
0.09079,-2.84,0.16
0.0908,-2.84,0.16
0.09081,-2.84,0.18
0.09082,-2.8,0.16
0.09083,-2.84,0.16
0.09084,-2.84,0.16
0.09085,-2.84,0.16
0.09086,-2.8,0.18
0.09087,-2.84,0.16
0.09088,-2.84,0.16
0.09089,-2.84,0.18
0.0909,-2.8,0.18
0.09091,-2.8,0.18
0.09092,-2.8,0.16
0.09093,-2.8,0.16
0.09094,-2.84,0.14
0.09095,-2.84,0.16
0.09096,-2.84,0.16
0.09097,-2.84,0.16
0.09098,-2.8,0.18
0.09099,-2.8,0.18
0.091,-2.8,0.16
0.09101,-2.8,0.18
0.09102,-2.8,0.18
0.09103,-2.84,0.18
0.09104,-2.84,0.18
0.09105,-2.84,0.18
0.09106,-2.8,0.18
0.09107,-2.8,0.18
0.09108,-2.8,0.18
0.09109,-2.8,0.16
0.0911,-2.8,0.18
0.09111,-2.8,0.16
0.09112,-2.84,0.18
0.09113,-2.84,0.16
0.09114,-2.8,0.16
0.09115,-2.8,0.16
0.09116,-2.84,0.16
0.09117,-2.84,0.18
0.09118,-2.84,0.18
0.09119,-2.84,0.18
0.0912,-2.84,0.18
0.09121,-2.8,0.18
0.09122,-2.84,0.18
0.09123,-2.84,0.18
0.09124,-2.84,0.18
0.09125,-2.8,0.18
0.09126,-2.8,0.16
0.09127,-2.8,0.16
0.09128,-2.84,0.16
0.09129,-2.8,0.18
0.0913,-2.8,0.18
0.09131,-2.8,0.18
0.09132,-2.8,0.2
0.09133,-2.8,0.18
0.09134,-2.8,0.18
0.09135,-2.84,0.18
0.09136,-2.84,0.2
0.09137,-2.84,0.18
0.09138,-2.84,0.18
0.09139,-2.84,0.18
0.0914,-2.84,0.18
0.09141,-2.84,0.18
0.09142,-2.8,0.18
0.09143,-2.8,0.16
0.09144,-2.84,0.18
0.09145,-2.8,0.16
0.09146,-2.8,0.18
0.09147,-2.8,0.16
0.09148,-2.8,0.18
0.09149,-2.8,0.18
0.0915,-2.84,0.16
0.09151,-2.84,0.16
0.09152,-2.84,0.16
0.09153,-2.84,0.18
0.09154,-2.84,0.16
0.09155,-2.8,0.18
0.09156,-2.8,0.18
0.09157,-2.84,0.18
0.09158,-2.84,0.18
0.09159,-2.8,0.16
0.0916,-2.84,0.18
0.09161,-2.8,0.18
0.09162,-2.84,0.18
0.09163,-2.8,0.18
0.09164,-2.8,0.18
0.09165,-2.8,0.18
0.09166,-2.8,0.18
0.09167,-2.8,0.18
0.09168,-2.8,0.18
0.09169,-2.84,0.2
0.0917,-2.84,0.18
0.09171,-2.84,0.2
0.09172,-2.84,0.18
0.09173,-2.84,0.18
0.09174,-2.84,0.2
0.09175,-2.8,0.2
0.09176,-2.8,0.18
0.09177,-2.8,0.18
0.09178,-2.8,0.18
0.09179,-2.84,0.2
0.0918,-2.84,0.18
0.09181,-2.84,0.2
0.09182,-2.8,0.2
0.09183,-2.8,0.18
0.09184,-2.8,0.2
0.09185,-2.8,0.2
0.09186,-2.8,0.2
0.09187,-2.8,0.18
0.09188,-2.84,0.2
0.09189,-2.84,0.18
0.0919,-2.84,0.2
0.09191,-2.8,0.22
0.09192,-2.8,0.2
0.09193,-2.84,0.2
0.09194,-2.8,0.2
0.09195,-2.84,0.18
0.09196,-2.84,0.22
0.09197,-2.84,0.22
0.09198,-2.8,0.22
0.09199,-2.8,0.2
0.092,-2.8,0.2
0.09201,-2.84,0.2
0.09202,-2.8,0.2
0.09203,-2.84,0.2
0.09204,-2.84,0.22
0.09205,-2.84,0.2
0.09206,-2.84,0.2
0.09207,-2.8,0.2
0.09208,-2.84,0.2
0.09209,-2.84,0.2
0.0921,-2.84,0.2
0.09211,-2.8,0.2
0.09212,-2.8,0.2
0.09213,-2.8,0.2
0.09214,-2.84,0.2
0.09215,-2.8,0.22
0.09216,-2.84,0.2
0.09217,-2.8,0.2
0.09218,-2.8,0.2
0.09219,-2.8,0.2
0.0922,-2.8,0.2
0.09221,-2.84,0.18
0.09222,-2.84,0.2
0.09223,-2.84,0.2
0.09224,-2.8,0.2
0.09225,-2.8,0.22
0.09226,-2.8,0.22
0.09227,-2.84,0.2
0.09228,-2.84,0.2
0.09229,-2.84,0.2
0.0923,-2.84,0.18
0.09231,-2.84,0.18
0.09232,-2.8,0.2
0.09233,-2.8,0.2
0.09234,-2.8,0.18
0.09235,-2.84,0.18
0.09236,-2.84,0.18
0.09237,-2.84,0.2
0.09238,-2.84,0.2
0.09239,-2.84,0.2
0.0924,-2.84,0.2
0.09241,-2.84,0.18
0.09242,-2.8,0.18
0.09243,-2.84,0.18
0.09244,-2.84,0.18
0.09245,-2.84,0.18
0.09246,-2.84,0.18
0.09247,-2.84,0.2
0.09248,-2.84,0.2
0.09249,-2.84,0.2
0.0925,-2.84,0.18
0.09251,-2.84,0.18
0.09252,-2.84,0.2
0.09253,-2.84,0.18
0.09254,-2.84,0.2
0.09255,-2.84,0.2
0.09256,-2.84,0.2
0.09257,-2.84,0.22
0.09258,-2.84,0.22
0.09259,-2.8,0.22
0.0926,-2.84,0.2
0.09261,-2.84,0.18
0.09262,-2.84,0.2
0.09263,-2.84,0.2
0.09264,-2.84,0.2
0.09265,-2.84,0.2
0.09266,-2.8,0.2
0.09267,-2.84,0.18
0.09268,-2.84,0.18
0.09269,-2.84,0.18
0.0927,-2.84,0.18
0.09271,-2.84,0.2
0.09272,-2.84,0.18
0.09273,-2.84,0.2
0.09274,-2.8,0.18
0.09275,-2.8,0.2
0.09276,-2.84,0.22
0.09277,-2.84,0.2
0.09278,-2.84,0.2
0.09279,-2.8,0.2
0.0928,-2.84,0.18
0.09281,-2.84,0.2
0.09282,-2.84,0.18
0.09283,-2.84,0.18
0.09284,-2.84,0.18
0.09285,-2.84,0.18
0.09286,-2.84,0.18
0.09287,-2.84,0.2
0.09288,-2.84,0.2
0.09289,-2.84,0.22
0.0929,-2.84,0.22
0.09291,-2.84,0.2
0.09292,-2.84,0.2
0.09293,-2.84,0.2
0.09294,-2.8,0.2
0.09295,-2.84,0.18
0.09296,-2.84,0.18
0.09297,-2.84,0.2
0.09298,-2.84,0.2
0.09299,-2.84,0.22
0.093,-2.8,0.2
0.09301,-2.84,0.18
0.09302,-2.84,0.2
0.09303,-2.84,0.2
0.09304,-2.84,0.2
0.09305,-2.84,0.2
0.09306,-2.84,0.2
0.09307,-2.8,0.22
0.09308,-2.84,0.2
0.09309,-2.84,0.18
0.0931,-2.84,0.2
0.09311,-2.84,0.18
0.09312,-2.84,0.18
0.09313,-2.84,0.2
0.09314,-2.84,0.2
0.09315,-2.84,0.2
0.09316,-2.84,0.2
0.09317,-2.84,0.2
0.09318,-2.84,0.2
0.09319,-2.84,0.2
0.0932,-2.84,0.2
0.09321,-2.84,0.18
0.09322,-2.84,0.2
0.09323,-2.84,0.2
0.09324,-2.84,0.2
0.09325,-2.84,0.2
0.09326,-2.84,0.2
0.09327,-2.84,0.18
0.09328,-2.84,0.2
0.09329,-2.84,0.2
0.0933,-2.84,0.2
0.09331,-2.84,0.18
0.09332,-2.84,0.18
0.09333,-2.84,0.18
0.09334,-2.84,0.2
0.09335,-2.84,0.2
0.09336,-2.84,0.2
0.09337,-2.8,0.18
0.09338,-2.84,0.18
0.09339,-2.84,0.2
0.0934,-2.84,0.22
0.09341,-2.84,0.22
0.09342,-2.84,0.2
0.09343,-2.84,0.2
0.09344,-2.84,0.18
0.09345,-2.84,0.18
0.09346,-2.84,0.2
0.09347,-2.84,0.2
0.09348,-2.84,0.2
0.09349,-2.84,0.2
0.0935,-2.84,0.2
0.09351,-2.84,0.18
0.09352,-2.8,0.18
0.09353,-2.84,0.2
0.09354,-2.84,0.18
0.09355,-2.84,0.2
0.09356,-2.84,0.22
0.09357,-2.84,0.2
0.09358,-2.84,0.2
0.09359,-2.84,0.18
0.0936,-2.84,0.2
0.09361,-2.84,0.2
0.09362,-2.84,0.18
0.09363,-2.84,0.18
0.09364,-2.84,0.18
0.09365,-2.84,0.18
0.09366,-2.84,0.2
0.09367,-2.84,0.18
0.09368,-2.84,0.18
0.09369,-2.84,0.18
0.0937,-2.84,0.18
0.09371,-2.84,0.18
0.09372,-2.84,0.18
0.09373,-2.84,0.18
0.09374,-2.84,0.18
0.09375,-2.84,0.18
0.09376,-2.84,0.2
0.09377,-2.84,0.18
0.09378,-2.84,0.2
0.09379,-2.84,0.2
0.0938,-2.84,0.2
0.09381,-2.84,0.18
0.09382,-2.84,0.2
0.09383,-2.84,0.18
0.09384,-2.8,0.18
0.09385,-2.84,0.18
0.09386,-2.84,0.18
0.09387,-2.84,0.2
0.09388,-2.84,0.2
0.09389,-2.84,0.2
0.0939,-2.84,0.18
0.09391,-2.84,0.18
0.09392,-2.84,0.16
0.09393,-2.84,0.16
0.09394,-2.84,0.18
0.09395,-2.8,0.2
0.09396,-2.84,0.18
0.09397,-2.84,0.18
0.09398,-2.84,0.18
0.09399,-2.84,0.2
0.094,-2.84,0.18
0.09401,-2.84,0.18
0.09402,-2.8,0.18
0.09403,-2.84,0.2
0.09404,-2.84,0.18
0.09405,-2.84,0.16
0.09406,-2.8,0.18
0.09407,-2.84,0.18
0.09408,-2.84,0.2
0.09409,-2.8,0.18
0.0941,-2.84,0.18
0.09411,-2.84,0.18
0.09412,-2.84,0.2
0.09413,-2.84,0.2
0.09414,-2.84,0.2
0.09415,-2.84,0.18
0.09416,-2.84,0.2
0.09417,-2.84,0.2
0.09418,-2.84,0.2
0.09419,-2.84,0.18
0.0942,-2.84,0.18
0.09421,-2.84,0.2
0.09422,-2.84,0.2
0.09423,-2.84,0.18
0.09424,-2.84,0.2
0.09425,-2.84,0.18
0.09426,-2.84,0.18
0.09427,-2.84,0.18
0.09428,-2.84,0.2
0.09429,-2.84,0.2
0.0943,-2.8,0.2
0.09431,-2.8,0.2
0.09432,-2.8,0.18
0.09433,-2.84,0.18
0.09434,-2.84,0.16
0.09435,-2.84,0.18
0.09436,-2.84,0.2
0.09437,-2.84,0.2
0.09438,-2.84,0.18
0.09439,-2.84,0.16
0.0944,-2.84,0.18
0.09441,-2.84,0.18
0.09442,-2.84,0.2
0.09443,-2.84,0.2
0.09444,-2.84,0.2
0.09445,-2.84,0.18
0.09446,-2.84,0.18
0.09447,-2.84,0.18
0.09448,-2.84,0.16
0.09449,-2.84,0.18
0.0945,-2.84,0.18
0.09451,-2.84,0.2
0.09452,-2.84,0.2
0.09453,-2.84,0.2
0.09454,-2.84,0.18
0.09455,-2.84,0.18
0.09456,-2.84,0.16
0.09457,-2.84,0.18
0.09458,-2.84,0.2
0.09459,-2.8,0.18
0.0946,-2.84,0.2
0.09461,-2.84,0.18
0.09462,-2.84,0.18
0.09463,-2.84,0.18
0.09464,-2.84,0.16
0.09465,-2.84,0.18
0.09466,-2.84,0.18
0.09467,-2.84,0.18
0.09468,-2.84,0.18
0.09469,-2.84,0.18
0.0947,-2.84,0.18
0.09471,-2.8,0.18
0.09472,-2.8,0.18
0.09473,-2.8,0.18
0.09474,-2.84,0.18
0.09475,-2.84,0.18
0.09476,-2.84,0.2
0.09477,-2.84,0.18
0.09478,-2.84,0.18
0.09479,-2.84,0.2
0.0948,-2.84,0.18
0.09481,-2.84,0.18
0.09482,-2.84,0.18
0.09483,-2.84,0.16
0.09484,-2.88,0.18
0.09485,-2.84,0.2
0.09486,-2.84,0.18
0.09487,-2.84,0.2
0.09488,-2.84,0.18
0.09489,-2.84,0.18
0.0949,-2.84,0.16
0.09491,-2.8,0.16
0.09492,-2.8,0.18
0.09493,-2.84,0.2
0.09494,-2.84,0.2
0.09495,-2.84,0.18
0.09496,-2.84,0.2
0.09497,-2.84,0.2
0.09498,-2.84,0.2
0.09499,-2.84,0.18
0.095,-2.84,0.2
0.09501,-2.84,0.18
0.09502,-2.84,0.18
0.09503,-2.84,0.18
0.09504,-2.84,0.18
0.09505,-2.84,0.18
0.09506,-2.84,0.18
0.09507,-2.8,0.18
0.09508,-2.8,0.16
0.09509,-2.84,0.14
0.0951,-2.84,0.18
0.09511,-2.84,0.18
0.09512,-2.84,0.18
0.09513,-2.84,0.18
0.09514,-2.84,0.2
0.09515,-2.8,0.2
0.09516,-2.84,0.2
0.09517,-2.84,0.2
0.09518,-2.84,0.2
0.09519,-2.84,0.2
0.0952,-2.84,0.18
0.09521,-2.84,0.2
0.09522,-2.84,0.18
0.09523,-2.88,0.18
0.09524,-2.84,0.18
0.09525,-2.84,0.16
0.09526,-2.84,0.18
0.09527,-2.84,0.2
0.09528,-2.84,0.18
0.09529,-2.84,0.16
0.0953,-2.84,0.16
0.09531,-2.84,0.18
0.09532,-2.84,0.18
0.09533,-2.84,0.18
0.09534,-2.84,0.2
0.09535,-2.84,0.18
0.09536,-2.8,0.2
0.09537,-2.84,0.18
0.09538,-2.84,0.18
0.09539,-2.8,0.16
0.0954,-2.84,0.18
0.09541,-2.84,0.18
0.09542,-2.84,0.18
0.09543,-2.84,0.18
0.09544,-2.84,0.18
0.09545,-2.8,0.2
0.09546,-2.84,0.18
0.09547,-2.8,0.16
0.09548,-2.84,0.16
0.09549,-2.84,0.18
0.0955,-2.84,0.18
0.09551,-2.84,0.18
0.09552,-2.84,0.16
0.09553,-2.84,0.18
0.09554,-2.84,0.18
0.09555,-2.84,0.18
0.09556,-2.84,0.2
0.09557,-2.84,0.2
0.09558,-2.84,0.18
0.09559,-2.84,0.16
0.0956,-2.84,0.18
0.09561,-2.84,0.16
0.09562,-2.84,0.18
0.09563,-2.84,0.16
0.09564,-2.84,0.18
0.09565,-2.84,0.2
0.09566,-2.84,0.18
0.09567,-2.84,0.18
0.09568,-2.84,0.18
0.09569,-2.84,0.2
0.0957,-2.84,0.18
0.09571,-2.84,0.18
0.09572,-2.84,0.18
0.09573,-2.84,0.16
0.09574,-2.84,0.14
0.09575,-2.84,0.18
0.09576,-2.8,0.18
0.09577,-2.84,0.18
0.09578,-2.8,0.16
0.09579,-2.84,0.18
0.0958,-2.84,0.18
0.09581,-2.84,0.14
0.09582,-2.84,0.18
0.09583,-2.84,0.18
0.09584,-2.8,0.16
0.09585,-2.84,0.18
0.09586,-2.84,0.16
0.09587,-2.84,0.16
0.09588,-2.84,0.18
0.09589,-2.8,0.18
0.0959,-2.84,0.18
0.09591,-2.84,0.2
0.09592,-2.84,0.18
0.09593,-2.84,0.18
0.09594,-2.84,0.18
0.09595,-2.8,0.18
0.09596,-2.84,0.18
0.09597,-2.84,0.16
0.09598,-2.84,0.2
0.09599,-2.84,0.2
0.096,-2.84,0.18
0.09601,-2.84,0.18
0.09602,-2.84,0.18
0.09603,-2.84,0.18
0.09604,-2.84,0.18
0.09605,-2.84,0.18
0.09606,-2.84,0.18
0.09607,-2.8,0.16
0.09608,-2.84,0.16
0.09609,-2.84,0.18
0.0961,-2.84,0.16
0.09611,-2.84,0.18
0.09612,-2.84,0.18
0.09613,-2.84,0.18
0.09614,-2.84,0.18
0.09615,-2.84,0.16
0.09616,-2.84,0.18
0.09617,-2.84,0.2
0.09618,-2.84,0.2
0.09619,-2.84,0.18
0.0962,-2.84,0.18
0.09621,-2.8,0.18
0.09622,-2.8,0.16
0.09623,-2.84,0.16
0.09624,-2.84,0.18
0.09625,-2.84,0.18
0.09626,-2.8,0.16
0.09627,-2.84,0.16
0.09628,-2.84,0.16
0.09629,-2.8,0.16
0.0963,-2.84,0.18
0.09631,-2.8,0.2
0.09632,-2.8,0.18
0.09633,-2.84,0.18
0.09634,-2.84,0.18
0.09635,-2.84,0.16
0.09636,-2.84,0.18
0.09637,-2.84,0.16
0.09638,-2.84,0.16
0.09639,-2.84,0.16
0.0964,-2.84,0.16
0.09641,-2.84,0.14
0.09642,-2.84,0.16
0.09643,-2.84,0.16
0.09644,-2.84,0.18
0.09645,-2.84,0.16
0.09646,-2.84,0.16
0.09647,-2.8,0.16
0.09648,-2.84,0.16
0.09649,-2.8,0.18
0.0965,-2.8,0.18
0.09651,-2.84,0.18
0.09652,-2.8,0.18
0.09653,-2.84,0.16
0.09654,-2.84,0.18
0.09655,-2.84,0.18
0.09656,-2.84,0.18
0.09657,-2.84,0.18
0.09658,-2.84,0.2
0.09659,-2.84,0.2
0.0966,-2.84,0.18
0.09661,-2.84,0.18
0.09662,-2.84,0.16
0.09663,-2.8,0.18
0.09664,-2.84,0.16
0.09665,-2.84,0.16
0.09666,-2.84,0.16
0.09667,-2.84,0.16
0.09668,-2.84,0.16
0.09669,-2.84,0.18
0.0967,-2.84,0.18
0.09671,-2.84,0.18
0.09672,-2.84,0.18
0.09673,-2.84,0.2
0.09674,-2.84,0.18
0.09675,-2.84,0.18
0.09676,-2.84,0.18
0.09677,-2.84,0.16
0.09678,-2.84,0.2
0.09679,-2.84,0.2
0.0968,-2.84,0.18
0.09681,-2.84,0.18
0.09682,-2.84,0.16
0.09683,-2.84,0.16
0.09684,-2.84,0.16
0.09685,-2.84,0.16
0.09686,-2.8,0.18
0.09687,-2.84,0.16
0.09688,-2.84,0.18
0.09689,-2.84,0.18
0.0969,-2.84,0.18
0.09691,-2.84,0.2
0.09692,-2.84,0.18
0.09693,-2.84,0.18
0.09694,-2.84,0.18
0.09695,-2.84,0.18
0.09696,-2.84,0.18
0.09697,-2.84,0.18
0.09698,-2.84,0.18
0.09699,-2.8,0.16
0.097,-2.84,0.16
0.09701,-2.84,0.18
0.09702,-2.84,0.16
0.09703,-2.84,0.16
0.09704,-2.84,0.16
0.09705,-2.84,0.16
0.09706,-2.84,0.16
0.09707,-2.84,0.18
0.09708,-2.84,0.18
0.09709,-2.84,0.16
0.0971,-2.84,0.16
0.09711,-2.84,0.18
0.09712,-2.84,0.2
0.09713,-2.84,0.16
0.09714,-2.84,0.16
0.09715,-2.84,0.16
0.09716,-2.84,0.18
0.09717,-2.84,0.16
0.09718,-2.84,0.18
0.09719,-2.84,0.18
0.0972,-2.84,0.18
0.09721,-2.84,0.16
0.09722,-2.84,0.16
0.09723,-2.84,0.18
0.09724,-2.84,0.16
0.09725,-2.84,0.18
0.09726,-2.84,0.18
0.09727,-2.8,0.18
0.09728,-2.84,0.18
0.09729,-2.84,0.18
0.0973,-2.84,0.18
0.09731,-2.84,0.18
0.09732,-2.84,0.16
0.09733,-2.84,0.18
0.09734,-2.84,0.18
0.09735,-2.84,0.18
0.09736,-2.84,0.16
0.09737,-2.84,0.18
0.09738,-2.84,0.2
0.09739,-2.84,0.18
0.0974,-2.84,0.2
0.09741,-2.84,0.2
0.09742,-2.84,0.18
0.09743,-2.84,0.16
0.09744,-2.84,0.18
0.09745,-2.84,0.16
0.09746,-2.84,0.16
0.09747,-2.84,0.18
0.09748,-2.84,0.18
0.09749,-2.84,0.18
0.0975,-2.84,0.18
0.09751,-2.84,0.16
0.09752,-2.84,0.16
0.09753,-2.84,0.18
0.09754,-2.84,0.16
0.09755,-2.84,0.16
0.09756,-2.84,0.18
0.09757,-2.8,0.18
0.09758,-2.84,0.16
0.09759,-2.84,0.16
0.0976,-2.8,0.18
0.09761,-2.84,0.18
0.09762,-2.84,0.18
0.09763,-2.84,0.18
0.09764,-2.84,0.16
0.09765,-2.84,0.18
0.09766,-2.84,0.18
0.09767,-2.84,0.18
0.09768,-2.8,0.18
0.09769,-2.84,0.18
0.0977,-2.84,0.2
0.09771,-2.84,0.18
0.09772,-2.8,0.16
0.09773,-2.84,0.16
0.09774,-2.84,0.18
0.09775,-2.84,0.16
0.09776,-2.84,0.16
0.09777,-2.8,0.16
0.09778,-2.84,0.16
0.09779,-2.84,0.16
0.0978,-2.84,0.16
0.09781,-2.84,0.16
0.09782,-2.84,0.18
0.09783,-2.84,0.18
0.09784,-2.84,0.18
0.09785,-2.84,0.16
0.09786,-2.84,0.16
0.09787,-2.84,0.18
0.09788,-2.84,0.16
0.09789,-2.84,0.18
0.0979,-2.84,0.18
0.09791,-2.84,0.18
0.09792,-2.84,0.18
0.09793,-2.84,0.18
0.09794,-2.84,0.16
0.09795,-2.84,0.16
0.09796,-2.84,0.16
0.09797,-2.84,0.18
0.09798,-2.84,0.18
0.09799,-2.84,0.16
0.098,-2.84,0.18
0.09801,-2.84,0.18
0.09802,-2.84,0.18
0.09803,-2.84,0.18
0.09804,-2.84,0.18
0.09805,-2.84,0.18
0.09806,-2.84,0.16
0.09807,-2.8,0.18
0.09808,-2.84,0.16
0.09809,-2.84,0.18
0.0981,-2.84,0.2
0.09811,-2.84,0.18
0.09812,-2.84,0.18
0.09813,-2.84,0.18
0.09814,-2.84,0.16
0.09815,-2.8,0.18
0.09816,-2.84,0.16
0.09817,-2.8,0.18
0.09818,-2.84,0.18
0.09819,-2.84,0.18
0.0982,-2.84,0.16
0.09821,-2.8,0.18
0.09822,-2.84,0.18
0.09823,-2.8,0.18
0.09824,-2.8,0.16
0.09825,-2.84,0.18
0.09826,-2.84,0.16
0.09827,-2.84,0.16
0.09828,-2.84,0.16
0.09829,-2.84,0.16
0.0983,-2.84,0.16
0.09831,-2.84,0.18
0.09832,-2.84,0.18
0.09833,-2.84,0.16
0.09834,-2.84,0.16
0.09835,-2.84,0.16
0.09836,-2.84,0.16
0.09837,-2.84,0.18
0.09838,-2.8,0.16
0.09839,-2.84,0.16
0.0984,-2.84,0.18
0.09841,-2.84,0.18
0.09842,-2.84,0.16
0.09843,-2.84,0.16
0.09844,-2.84,0.16
0.09845,-2.84,0.16
0.09846,-2.84,0.16
0.09847,-2.84,0.16
0.09848,-2.84,0.18
0.09849,-2.84,0.2
0.0985,-2.84,0.18
0.09851,-2.84,0.18
0.09852,-2.84,0.16
0.09853,-2.84,0.18
0.09854,-2.84,0.16
0.09855,-2.84,0.18
0.09856,-2.84,0.16
0.09857,-2.84,0.18
0.09858,-2.84,0.18
0.09859,-2.84,0.18
0.0986,-2.84,0.2
0.09861,-2.84,0.2
0.09862,-2.84,0.18
0.09863,-2.84,0.18
0.09864,-2.8,0.16
0.09865,-2.8,0.16
0.09866,-2.84,0.16
0.09867,-2.84,0.16
0.09868,-2.84,0.18
0.09869,-2.84,0.18
0.0987,-2.84,0.16
0.09871,-2.8,0.18
0.09872,-2.84,0.18
0.09873,-2.84,0.2
0.09874,-2.84,0.16
0.09875,-2.84,0.18
0.09876,-2.84,0.18
0.09877,-2.84,0.18
0.09878,-2.84,0.16
0.09879,-2.84,0.18
0.0988,-2.84,0.16
0.09881,-2.8,0.16
0.09882,-2.84,0.16
0.09883,-2.84,0.18
0.09884,-2.84,0.18
0.09885,-2.84,0.16
0.09886,-2.84,0.16
0.09887,-2.84,0.18
0.09888,-2.84,0.16
0.09889,-2.84,0.18
0.0989,-2.84,0.18
0.09891,-2.84,0.16
0.09892,-2.84,0.16
0.09893,-2.84,0.18
0.09894,-2.84,0.18
0.09895,-2.84,0.18
0.09896,-2.84,0.2
0.09897,-2.84,0.16
0.09898,-2.84,0.18
0.09899,-2.84,0.18
0.099,-2.84,0.16
0.09901,-2.84,0.18
0.09902,-2.84,0.18
0.09903,-2.84,0.16
0.09904,-2.84,0.18
0.09905,-2.84,0.18
0.09906,-2.84,0.18
0.09907,-2.84,0.18
0.09908,-2.84,0.16
0.09909,-2.84,0.16
0.0991,-2.84,0.16
0.09911,-2.84,0.18
0.09912,-2.84,0.18
0.09913,-2.8,0.16
0.09914,-2.8,0.16
0.09915,-2.84,0.16
0.09916,-2.84,0.18
0.09917,-2.84,0.18
0.09918,-2.84,0.18
0.09919,-2.8,0.18
0.0992,-2.84,0.18
0.09921,-2.84,0.18
0.09922,-2.84,0.18
0.09923,-2.84,0.18
0.09924,-2.84,0.18
0.09925,-2.84,0.18
0.09926,-2.84,0.16
0.09927,-2.84,0.18
0.09928,-2.84,0.18
0.09929,-2.84,0.2
0.0993,-2.84,0.18
0.09931,-2.84,0.18
0.09932,-2.84,0.18
0.09933,-2.84,0.18
0.09934,-2.84,0.2
0.09935,-2.84,0.2
0.09936,-2.84,0.18
0.09937,-2.84,0.18
0.09938,-2.84,0.18
0.09939,-2.84,0.16
0.0994,-2.84,0.18
0.09941,-2.84,0.18
0.09942,-2.84,0.16
0.09943,-2.84,0.18
0.09944,-2.84,0.18
0.09945,-2.84,0.2
0.09946,-2.84,0.18
0.09947,-2.84,0.18
0.09948,-2.84,0.2
0.09949,-2.84,0.18
0.0995,-2.8,0.18
0.09951,-2.84,0.16
0.09952,-2.84,0.18
0.09953,-2.84,0.18
0.09954,-2.84,0.18
0.09955,-2.84,0.18
0.09956,-2.84,0.18
0.09957,-2.84,0.18
0.09958,-2.84,0.16
0.09959,-2.84,0.14
0.0996,-2.84,0.18
0.09961,-2.84,0.16
0.09962,-2.84,0.18
0.09963,-2.84,0.18
0.09964,-2.84,0.18
0.09965,-2.84,0.16
0.09966,-2.84,0.18
0.09967,-2.84,0.16
0.09968,-2.84,0.18
0.09969,-2.84,0.18
0.0997,-2.84,0.18
0.09971,-2.84,0.18
0.09972,-2.84,0.16
0.09973,-2.84,0.18
0.09974,-2.84,0.16
0.09975,-2.84,0.18
0.09976,-2.84,0.16
0.09977,-2.84,0.18
0.09978,-2.84,0.18
0.09979,-2.84,0.16
0.0998,-2.84,0.18
0.09981,-2.84,0.16
0.09982,-2.84,0.18
0.09983,-2.84,0.18
0.09984,-2.84,0.16
0.09985,-2.84,0.16
0.09986,-2.84,0.18
0.09987,-2.84,0.18
0.09988,-2.84,0.18
0.09989,-2.84,0.16
0.0999,-2.84,0.16
0.09991,-2.84,0.16
0.09992,-2.84,0.16
0.09993,-2.84,0.16
0.09994,-2.84,0.18
0.09995,-2.84,0.18
0.09996,-2.84,0.16
0.09997,-2.84,0.18
0.09998,-2.84,0.16
0.09999,-2.84,0.14
0.1,-2.8,0.16
0.10001,-2.8,0.18
0.10002,-2.84,0.16
0.10003,-2.84,0.18
0.10004,-2.84,0.16
0.10005,-2.84,0.18
0.10006,-2.84,0.18
0.10007,-2.84,0.18
0.10008,-2.84,0.18
0.10009,-2.84,0.16
0.1001,-2.84,0.16
0.10011,-2.84,0.16
0.10012,-2.84,0.16
0.10013,-2.84,0.18
0.10014,-2.84,0.18
0.10015,-2.84,0.16
0.10016,-2.84,0.16
0.10017,-2.84,0.16
0.10018,-2.84,0.18
0.10019,-2.84,0.18
0.1002,-2.84,0.18
0.10021,-2.84,0.18
0.10022,-2.84,0.18
0.10023,-2.84,0.2
0.10024,-2.84,0.18
0.10025,-2.84,0.18
0.10026,-2.84,0.18
0.10027,-2.84,0.22
0.10028,-2.84,0.2
0.10029,-2.84,0.18
0.1003,-2.84,0.18
0.10031,-2.84,0.18
0.10032,-2.84,0.18
0.10033,-2.84,0.18
0.10034,-2.84,0.2
0.10035,-2.84,0.18
0.10036,-2.8,0.16
0.10037,-2.84,0.16
0.10038,-2.84,0.18
0.10039,-2.84,0.18
0.1004,-2.84,0.18
0.10041,-2.84,0.18
0.10042,-2.84,0.16
0.10043,-2.84,0.16
0.10044,-2.84,0.16
0.10045,-2.84,0.18
0.10046,-2.84,0.16
0.10047,-2.84,0.16
0.10048,-2.84,0.16
0.10049,-2.84,0.18
0.1005,-2.84,0.18
0.10051,-2.8,0.2
0.10052,-2.84,0.18
0.10053,-2.84,0.18
0.10054,-2.84,0.18
0.10055,-2.84,0.16
0.10056,-2.84,0.16
0.10057,-2.84,0.18
0.10058,-2.84,0.18
0.10059,-2.8,0.18
0.1006,-2.84,0.18
0.10061,-2.84,0.16
0.10062,-2.84,0.16
0.10063,-2.84,0.16
0.10064,-2.84,0.16
0.10065,-2.84,0.18
0.10066,-2.84,0.18
0.10067,-2.84,0.18
0.10068,-2.84,0.2
0.10069,-2.8,0.16
0.1007,-2.84,0.16
0.10071,-2.84,0.18
0.10072,-2.8,0.18
0.10073,-2.8,0.18
0.10074,-2.84,0.18
0.10075,-2.84,0.18
0.10076,-2.84,0.18
0.10077,-2.84,0.18
0.10078,-2.84,0.18
0.10079,-2.84,0.16
0.1008,-2.84,0.16
0.10081,-2.84,0.18
0.10082,-2.84,0.18
0.10083,-2.84,0.18
0.10084,-2.84,0.18
0.10085,-2.84,0.2
0.10086,-2.84,0.18
0.10087,-2.84,0.18
0.10088,-2.84,0.18
0.10089,-2.84,0.18
0.1009,-2.84,0.18
0.10091,-2.84,0.18
0.10092,-2.84,0.18
0.10093,-2.84,0.18
0.10094,-2.84,0.16
0.10095,-2.84,0.18
0.10096,-2.84,0.18
0.10097,-2.84,0.16
0.10098,-2.84,0.16
0.10099,-2.8,0.16
0.101,-2.84,0.16
0.10101,-2.84,0.16
0.10102,-2.84,0.18
0.10103,-2.84,0.18
0.10104,-2.8,0.18
0.10105,-2.84,0.18
0.10106,-2.84,0.16
0.10107,-2.8,0.18
0.10108,-2.84,0.18
0.10109,-2.84,0.16
0.1011,-2.8,0.16
0.10111,-2.84,0.18
0.10112,-2.84,0.18
0.10113,-2.84,0.2
0.10114,-2.84,0.18
0.10115,-2.84,0.16
0.10116,-2.84,0.16
0.10117,-2.84,0.18
0.10118,-2.84,0.18
0.10119,-2.84,0.2
0.1012,-2.84,0.18
0.10121,-2.84,0.18
0.10122,-2.84,0.2
0.10123,-2.84,0.2
0.10124,-2.84,0.18
0.10125,-2.84,0.18
0.10126,-2.84,0.18
0.10127,-2.84,0.18
0.10128,-2.8,0.18
0.10129,-2.84,0.18
0.1013,-2.8,0.2
0.10131,-2.84,0.18
0.10132,-2.84,0.18
0.10133,-2.84,0.18
0.10134,-2.84,0.18
0.10135,-2.84,0.16
0.10136,-2.84,0.18
0.10137,-2.84,0.16
0.10138,-2.84,0.18
0.10139,-2.84,0.16
0.1014,-2.84,0.16
0.10141,-2.84,0.18
0.10142,-2.84,0.18
0.10143,-2.8,0.2
0.10144,-2.84,0.2
0.10145,-2.8,0.18
0.10146,-2.84,0.16
0.10147,-2.84,0.16
0.10148,-2.84,0.16
0.10149,-2.8,0.18
