0.2812,-1.44,0.08
0.28124,-1.52,0.08
0.28128,-1.6,0.08
0.28132,-1.52,0.08
0.28136,-1.6,0.08
0.2814,-1.6,0.16
0.28144,-1.6,0
0.28148,-1.6,0
0.28152,-1.52,0.08
0.28156,-1.52,0.08
0.2816,-1.6,0.08
0.28164,-1.6,0.08
0.28168,-1.6,0.08
0.28172,-1.52,0.08
0.28176,-1.6,0
0.2818,-1.52,0.08
0.28184,-1.52,0.08
0.28188,-1.6,0.08
0.28192,-1.6,0.24
0.28196,-1.6,0.08
0.282,-1.6,0.08
0.28204,-1.6,0.08
0.28208,-1.44,0.08
0.28212,-1.52,0.08
0.28216,-1.6,0
0.2822,-1.52,0
0.28224,-1.6,0
0.28228,-1.52,0
0.28232,-1.52,0
0.28236,-1.52,0.08
0.2824,-1.52,0
0.28244,-1.52,0
0.28248,-1.52,0.08
0.28252,-1.6,0.08
0.28256,-1.6,0.08
0.2826,-1.6,0.08
0.28264,-1.52,0.08
0.28268,-1.52,0
0.28272,-1.44,0.08
0.28276,-1.52,0.08
0.2828,-1.6,0
0.28284,-1.52,0.08
0.28288,-1.52,0.08
0.28292,-1.52,0.16
0.28296,-1.52,0.08
0.283,-1.6,0.16
0.28304,-1.52,0.08
0.28308,-1.6,0.08
0.28312,-1.6,0.16
0.28316,-1.6,0.24
0.2832,-1.68,0.24
0.28324,-1.6,0.16
0.28328,-1.6,0.16
0.28332,-1.6,0.16
0.28336,-1.6,0.16
0.2834,-1.6,0.08
0.28344,-1.68,0.16
0.28348,-1.76,0.08
0.28352,-1.76,0.16
0.28356,-1.76,0.16
0.2836,-1.6,0.08
0.28364,-1.68,0.08
0.28368,-1.68,0.08
0.28372,-1.84,0.08
0.28376,-1.76,0.16
0.2838,-1.76,0
0.28384,-1.76,-0.08
0.28388,-1.76,0
0.28392,-1.76,0
0.28396,-1.84,-0.08
0.284,-1.76,-0.16
0.28404,-1.76,-0.08
0.28408,-1.68,-0.16
0.28412,-1.76,-0.16
0.28416,-1.68,-0.16
0.2842,-1.6,-0.24
0.28424,-1.6,-0.24
0.28428,-1.6,-0.24
0.28432,-1.6,-0.32
0.28436,-1.6,-0.24
0.2844,-1.52,-0.32
0.28444,-1.44,-0.32
0.28448,-1.52,-0.24
0.28452,-1.36,-0.24
0.28456,-1.36,-0.24
0.2846,-1.36,-0.24
0.28464,-1.28,-0.24
0.28468,-1.2,-0.16
0.28472,-1.2,-0.16
0.28476,-1.2,-0.24
0.2848,-1.12,-0.16
0.28484,-1.12,-0.08
0.28488,-1.04,-0.08
0.28492,-1.12,-0.16
0.28496,-1.04,0
0.285,-1.04,0
0.28504,-1.04,0.08
0.28508,-1.04,0.16
0.28512,-1.12,0.16
0.28516,-0.96,0.24
0.2852,-1.04,0.24
0.28524,-1.04,0.24
0.28528,-1.04,0.32
0.28532,-1.12,0.4
0.28536,-1.12,0.4
0.2854,-1.12,0.48
0.28544,-7.2,7.2
0.28548,7.2,7.28
0.28552,7.2,7.28
0.28556,7.2,7.28
0.2856,-1.52,1.76
0.28564,-0.96,1.12
0.28568,-1.36,0.32
0.28572,-1.28,0
0.28576,-1.36,-0.16
0.2858,-1.28,-0.08
0.28584,-1.2,-0.16
0.28588,-1.2,-0.16
0.28592,-1.2,-0.24
0.28596,-1.12,-0.16
0.286,-1.04,-0.24
0.28604,-1.12,0
0.28608,-0.96,-0.08
0.28612,-0.96,-0.08
0.28616,-0.96,-0.08
0.2862,-0.96,0
0.28624,-0.96,0
0.28628,-0.88,0.08
0.28632,-0.96,0.08
0.28636,-0.96,0.08
0.2864,-0.88,0.24
0.28644,-0.96,0.24
0.28648,-1.04,0.24
0.28652,-1.04,0.24
0.28656,-1.04,0.4
0.2866,-1.12,0.32
0.28664,-1.12,0.4
0.28668,-1.04,0.4
0.28672,-1.2,0.32
0.28676,-1.2,0.48
0.2868,-1.36,0.48
0.28684,-1.28,0.4
0.28688,-1.28,0.48
0.28692,-1.28,0.56
0.28696,-1.36,0.48
0.287,-1.44,0.56
0.28704,-1.44,0.48
0.28708,-1.52,0.48
0.28712,-1.52,0.4
0.28716,-1.52,0.48
0.2872,-1.52,0.4
0.28724,-1.6,0.4
0.28728,-1.68,0.4
0.28732,-1.68,0.24
0.28736,-1.76,0.24
0.2874,-1.6,0.32
0.28744,-1.68,0.24
0.28748,-1.68,0.24
0.28752,-1.76,0.24
0.28756,-1.68,0.24
0.2876,-1.76,0.24
0.28764,-1.68,0.24
0.28768,-1.68,0.08
0.28772,-1.68,0.16
0.28776,-1.76,0.16
0.2878,-1.6,0.16
0.28784,-1.68,0.08
0.28788,-1.6,0.08
0.28792,-1.6,0
0.28796,-1.68,0.08
0.288,-1.68,0.08
0.28804,-1.6,0.08
0.28808,-1.6,0.08
0.28812,-1.52,0
0.28816,-1.52,0.16
0.2882,-1.6,0.08
0.28824,-1.6,0.16
0.28828,-1.6,0.08
0.28832,-1.6,0.08
0.28836,-1.6,0.08
0.2884,-1.44,0.16
0.28844,-1.52,0.08
0.28848,-1.52,0.16
0.28852,-1.44,0.08
0.28856,-1.52,0.08
0.2886,-1.44,0.08
0.28864,-1.44,0.08
0.28868,-1.52,0
0.28872,-1.44,0.08
0.28876,-1.44,0.16
0.2888,-1.6,0.08
0.28884,-1.52,0.24
0.28888,-1.6,0.08
0.28892,-1.52,0.16
0.28896,-1.44,0.16
0.289,-1.44,0.16
0.28904,-1.6,0.16
0.28908,-1.52,0.16
0.28912,-1.44,0.16
0.28916,-1.6,0.08
0.2892,-1.6,0.16
0.28924,-1.6,0.08
0.28928,-1.52,0.08
0.28932,-1.52,0.08
0.28936,-1.52,0.16
0.2894,-1.6,0.08
0.28944,-1.52,0.16
0.28948,-1.52,0.08
0.28952,-1.52,0.16
0.28956,-1.6,0.08
0.2896,-1.44,0.08
0.28964,-1.52,0.08
0.28968,-1.52,0.08
0.28972,-1.52,0.08
0.28976,-1.6,0.08
0.2898,-1.6,0.08
0.28984,-1.52,0.08
0.28988,-1.52,0.08
0.28992,-1.44,0.16
0.28996,-1.52,0.16
0.29,-1.6,0.16
0.29004,-1.6,0
0.29008,-1.52,0.08
0.29012,-1.6,0.08
0.29016,-1.52,0.08
0.2902,-1.52,0.08
0.29024,-1.52,0.08
0.29028,-1.44,0.08
0.29032,-1.52,0.08
0.29036,-1.52,0.16
0.2904,-1.52,0.16
0.29044,-1.6,0.08
0.29048,-1.52,0.08
0.29052,-1.44,0.16
0.29056,-1.52,0.16
0.2906,-1.44,0.08
0.29064,-1.52,0.16
0.29068,-1.6,0.16
0.29072,-1.6,0.08
0.29076,-1.52,0.08
0.2908,-1.6,0.16
0.29084,-1.52,0.16
0.29088,-1.6,0.08
0.29092,-1.52,0.08
0.29096,-1.44,0.24
0.291,-1.44,0.08
0.29104,-1.52,0.24
0.29108,-1.6,0.08
0.29112,-1.6,0.08
0.29116,-1.52,0.08
0.2912,-1.52,0.08
0.29124,-1.52,0.16
0.29128,-1.52,0.16
0.29132,-1.52,0.16
0.29136,-1.52,0.08
0.2914,-1.44,0.16
0.29144,-1.52,0.08
0.29148,-1.44,0.16
0.29152,-1.44,0.16
0.29156,-1.44,0.08
0.2916,-1.6,0.16
0.29164,-1.52,0.16
0.29168,-1.6,0.16
0.29172,-1.6,0.08
0.29176,-1.52,0.08
0.2918,-1.6,0.16
0.29184,-1.52,0.16
0.29188,-1.44,0.08
0.29192,-1.6,0.16
0.29196,-1.6,0.24
0.292,-1.52,0.16
0.29204,-1.52,0.16
0.29208,-1.44,0.16
0.29212,-1.52,0.16
0.29216,-1.6,0.16
0.2922,-1.6,0.16
0.29224,-1.6,0.24
0.29228,-1.6,0.08
0.29232,-1.52,0.16
0.29236,-1.6,0.16
0.2924,-1.6,0.24
0.29244,-1.52,0.16
0.29248,-1.52,0.08
0.29252,-1.6,0.16
0.29256,-1.52,0.08
0.2926,-1.52,0.16
0.29264,-1.6,0.16
0.29268,-1.52,0.16
0.29272,-1.6,0.16
0.29276,-1.52,0.08
0.2928,-1.6,0.08
0.29284,-1.52,0.16
0.29288,-1.6,0.08
0.29292,-1.52,0.08
0.29296,-1.6,0.08
0.293,-1.6,0.08
0.29304,-1.6,0.08
0.29308,-1.6,0.16
0.29312,-1.6,0.16
0.29316,-1.52,0.16
0.2932,-1.52,0.16
0.29324,-1.52,0.16
0.29328,-1.52,0.16
0.29332,-1.52,0.08
0.29336,-1.52,0.08
0.2934,-1.68,0.08
0.29344,-1.6,0.08
0.29348,-1.6,0.08
0.29352,-1.6,0
0.29356,-1.6,0.08
0.2936,-1.6,0.08
0.29364,-1.6,0
0.29368,-1.52,0
0.29372,-1.6,0.08
0.29376,-1.52,0
0.2938,-1.52,0.08
0.29384,-1.52,0
0.29388,-1.52,0.08
0.29392,-1.52,0.08
0.29396,-1.44,0.08
0.294,-1.6,0
0.29404,-1.6,0.08
0.29408,-1.52,0.08
0.29412,-1.52,0.16
0.29416,-1.52,0
0.2942,-1.44,0.08
0.29424,-1.44,0.08
0.29428,-1.44,0.08
0.29432,-1.52,0.08
0.29436,-1.44,0.08
0.2944,-1.36,0.08
0.29444,-1.44,0
0.29448,-1.44,0
0.29452,-1.52,0.08
0.29456,-1.52,0.08
0.2946,-1.52,0.08
0.29464,-1.52,0
0.29468,-1.44,0.08
0.29472,-1.44,0.08
0.29476,-1.44,0.08
0.2948,-1.6,0
0.29484,-1.44,0
0.29488,-1.44,0.08
0.29492,-1.52,0.08
0.29496,-1.44,0.08
0.295,-1.44,0.08
0.29504,-1.44,0.08
0.29508,-1.44,0.08
0.29512,-1.52,0
0.29516,-1.44,0.08
0.2952,-1.52,0.08
0.29524,-1.44,0.08
0.29528,-1.44,0.08
0.29532,-1.6,0.08
0.29536,-1.44,0
0.2954,-1.44,0.08
0.29544,-1.52,0.16
0.29548,-1.52,0
0.29552,-1.52,0.08
0.29556,-1.44,0.08
0.2956,-1.52,0.08
0.29564,-1.44,0.08
0.29568,-1.52,0.08
0.29572,-1.6,0
0.29576,-1.52,0.08
0.2958,-1.52,0.08
0.29584,-1.68,0.08
0.29588,-1.6,0
0.29592,-1.44,0.08
0.29596,-1.52,0.08
0.296,-1.52,0.08
0.29604,-1.52,0
0.29608,-1.44,0.08
0.29612,-1.52,0.08
0.29616,-1.52,0.08
0.2962,-1.44,0.08
0.29624,-1.6,0.08
0.29628,-1.6,0
0.29632,-1.6,0
0.29636,-1.6,0.08
0.2964,-1.52,0.16
0.29644,-1.44,0.08
0.29648,-1.52,0.16
0.29652,-1.6,0.08
0.29656,-1.52,0.08
0.2966,-1.52,0.08
0.29664,-1.52,0
0.29668,-1.6,0.08
0.29672,-1.52,0.08
0.29676,-1.44,0.08
0.2968,-1.44,0.08
0.29684,-1.44,0.08
0.29688,-1.6,0.16
0.29692,-1.52,0.16
0.29696,-1.6,0.08
0.297,-1.52,0.08
0.29704,-1.6,0.08
0.29708,-1.52,0
0.29712,-1.6,0
0.29716,-1.6,0.08
0.2972,-1.6,0.08
0.29724,-1.52,0
0.29728,-1.6,0
0.29732,-1.6,0
0.29736,-1.52,0.08
0.2974,-1.52,0.08
0.29744,-1.44,0.08
0.29748,-1.44,0.08
0.29752,-1.36,0
0.29756,-1.52,0.08
0.2976,-1.52,0
0.29764,-1.52,0.08
0.29768,-1.52,0
0.29772,-1.44,0.08
0.29776,-1.44,0.08
0.2978,-1.44,0.08
0.29784,-1.52,0.08
0.29788,-1.6,0.08
0.29792,-1.44,0.08
0.29796,-1.44,0.08
0.298,-1.52,0.08
0.29804,-1.6,0.08
0.29808,-1.44,0.16
0.29812,-1.6,0.08
0.29816,-1.52,0
0.2982,-1.6,0.08
0.29824,-1.68,0.08
0.29828,-1.68,0.16
0.29832,-1.68,0.08
0.29836,-1.68,0.16
0.2984,-1.76,0.08
0.29844,-1.76,0.08
0.29848,-1.84,0.08
0.29852,-1.84,0
0.29856,-1.84,0
0.2986,-1.92,-0.16
0.29864,-2,-0.16
0.29868,-1.92,-0.24
0.29872,-2,-0.24
0.29876,-2,-0.24
0.2988,-2.08,-0.4
0.29884,-2.16,-0.4
0.29888,-2.08,-0.48
0.29892,-2.16,-0.56
0.29896,-2.08,-0.8
0.299,-2.08,-0.72
0.29904,-2.08,-0.88
0.29908,-2.16,-0.88
0.29912,-2.08,-1.04
0.29916,-2.08,-1.12
0.2992,-2,-1.28
0.29924,-2,-1.36
0.29928,-2,-1.44
0.29932,-1.92,-1.52
0.29936,-1.92,-1.68
0.2994,-1.84,-1.76
0.29944,-1.92,-1.92
0.29948,-1.84,-2
0.29952,-1.68,-2.08
0.29956,-1.52,-2.16
0.2996,-1.44,-2.16
0.29964,-1.36,-2.4
0.29968,-1.36,-2.32
0.29972,-1.12,-2.48
0.29976,-1.04,-2.56
0.2998,-1.04,-2.56
0.29984,-0.88,-2.56
0.29988,-0.64,-2.64
0.29992,-0.56,-2.64
0.29996,-0.56,-2.56
0.3,-0.4,-2.72
0.30004,-0.24,-2.64
0.30008,0,-2.56
0.30012,0.16,-2.48
0.30016,0.24,-2.56
0.3002,0.32,-2.48
0.30024,0.48,-2.48
0.30028,0.64,-2.32
0.30032,0.64,-2.24
0.30036,0.72,-2.16
0.3004,0.88,-2.16
0.30044,1.12,-2
0.30048,1.12,-1.84
0.30052,1.2,-1.76
0.30056,1.28,-1.76
0.3006,1.36,-1.52
0.30064,1.36,-1.36
0.30068,1.36,-1.28
0.30072,1.44,-1.12
0.30076,1.52,-0.88
0.3008,1.52,-0.8
0.30084,1.52,-0.64
0.30088,1.52,-0.56
0.30092,1.44,-0.4
0.30096,1.36,-0.24
0.301,1.36,-0.16
0.30104,1.28,0
0.30108,1.2,0.16
0.30112,1.12,0.24
0.30116,1.12,0.4
0.3012,1.04,0.48
0.30124,0.96,0.56
0.30128,0.72,0.64
0.30132,0.72,0.72
0.30136,0.56,0.72
0.3014,0.56,0.88
0.30144,0.48,0.88
0.30148,0.32,0.96
0.30152,0.16,0.96
0.30156,0.08,0.96
0.3016,-0.08,1.04
0.30164,-0.08,1.04
0.30168,-0.16,1.12
0.30172,-0.24,1.12
0.30176,-0.4,1.12
0.3018,-0.48,0.96
0.30184,-0.64,1.04
0.30188,-0.72,0.96
0.30192,-0.88,0.96
0.30196,-0.88,0.96
0.302,-1.04,0.96
0.30204,-0.96,0.88
0.30208,-1.12,0.88
0.30212,-1.2,0.8
0.30216,-1.2,0.72
0.3022,-1.28,0.72
0.30224,-1.28,0.72
0.30228,-1.36,0.56
0.30232,-1.44,0.48
0.30236,-1.44,0.48
0.3024,-1.44,0.4
0.30244,-1.52,0.4
0.30248,-1.6,0.32
0.30252,-1.6,0.32
0.30256,-1.44,0.32
0.3026,-1.52,0.24
0.30264,-1.44,0.24
0.30268,-1.52,0.16
0.30272,-1.6,0.16
0.30276,-1.68,0.08
0.3028,-1.52,0.08
0.30284,-1.52,0
0.30288,-1.6,0.08
0.30292,-1.52,0.08
0.30296,-1.44,0.08
0.303,-1.52,0.08
0.30304,-1.44,0.08
0.30308,-1.6,-0.08
0.30312,-1.6,0
0.30316,-1.44,0.16
0.3032,-1.6,0
0.30324,-1.44,0
0.30328,-1.52,0
0.30332,-1.52,0
0.30336,-1.52,0
0.3034,-1.44,0
0.30344,-1.44,0
0.30348,-1.44,0.08
0.30352,-1.52,0
0.30356,-1.6,0.16
0.3036,-1.52,0.08
0.30364,-1.44,0.08
0.30368,-1.6,0.08
0.30372,-1.52,0.08
0.30376,-1.52,0.08
0.3038,-1.52,0.08
0.30384,-1.44,0.08
0.30388,-1.44,0
0.30392,-1.6,0.08
0.30396,-1.6,0
0.304,-1.6,0
0.30404,-1.52,0.16
0.30408,-1.52,0.08
0.30412,-1.52,0.08
0.30416,-1.52,0.08
0.3042,-1.6,0.08
0.30424,-1.6,0
0.30428,-1.68,0.16
0.30432,-1.52,0
0.30436,-1.52,0
0.3044,-1.52,0.08
0.30444,-1.6,0
0.30448,-1.52,0.08
0.30452,-1.6,0.08
0.30456,-1.6,0.08
0.3046,-1.52,0
0.30464,-1.44,0
0.30468,-1.44,0.08
0.30472,-1.52,0
0.30476,-1.6,0.08
0.3048,-1.6,0
0.30484,-1.52,0
0.30488,-1.6,0.08
0.30492,-1.52,0.08
0.30496,-1.52,0.08
0.305,-1.44,0
0.30504,-1.6,0
0.30508,-1.52,0.08
0.30512,-1.44,0.08
0.30516,-1.52,0.08
0.3052,-1.6,0.16
0.30524,-1.52,0.08
0.30528,-1.52,0
0.30532,-1.52,0
0.30536,-1.44,0.08
0.3054,-1.52,0.08
0.30544,-1.52,0
0.30548,-1.6,0.08
0.30552,-1.6,0.16
0.30556,-1.44,0.08
0.3056,-1.52,0
0.30564,-1.44,0
0.30568,-1.52,0
0.30572,-1.44,0.08
0.30576,-1.52,0
0.3058,-1.52,0.08
0.30584,-1.6,0
0.30588,-1.52,0
0.30592,-1.52,0.08
0.30596,-1.52,0.08
0.306,-1.6,0.16
0.30604,-1.6,0.08
0.30608,-1.6,0.08
0.30612,-1.52,0
0.30616,-1.52,0
0.3062,-1.44,0.08
0.30624,-1.6,0.08
0.30628,-1.44,0
0.30632,-1.6,0
0.30636,-1.44,0
0.3064,-1.6,0.08
0.30644,-1.52,0
0.30648,-1.52,0.08
0.30652,-1.44,0
0.30656,-1.52,0.08
0.3066,-1.52,0.08
0.30664,-1.6,0
0.30668,-1.52,0
0.30672,-1.52,0
0.30676,-1.44,0.08
0.3068,-1.44,0.08
0.30684,-1.44,0.08
0.30688,-1.52,0.08
0.30692,-1.44,0.08
0.30696,-1.6,0.08
0.307,-1.52,0.08
0.30704,-1.44,0.08
0.30708,-1.44,0.16
0.30712,-1.52,0
0.30716,-1.6,0.08
0.3072,-1.6,0.08
0.30724,-1.6,0
0.30728,-1.6,0.08
0.30732,-1.6,0.08
0.30736,-1.52,0.16
0.3074,-1.6,0
0.30744,-1.52,0.08
0.30748,-1.6,0.16
0.30752,-1.52,0.16
0.30756,-1.52,0.08
0.3076,-1.6,0.08
0.30764,-1.52,0.08
0.30768,-1.6,0.08
0.30772,-1.6,0.16
0.30776,-1.52,0.08
0.3078,-1.6,0.16
0.30784,-1.6,0.16
0.30788,-1.6,0.16
0.30792,-1.6,0.08
0.30796,-1.52,0.08
0.308,-1.6,0.16
0.30804,-1.52,0
0.30808,-1.6,0.08
0.30812,-1.52,0.16
0.30816,-1.6,0.16
0.3082,-1.6,0.08
0.30824,-1.6,0.08
0.30828,-1.6,0.08
0.30832,-1.6,0.16
0.30836,-1.6,0.08
0.3084,-1.52,0
0.30844,-1.6,0.08
0.30848,-1.6,0.08
0.30852,-1.6,0.16
0.30856,-1.44,0
0.3086,-1.6,0.08
0.30864,-1.44,0.08
0.30868,-1.6,0.08
0.30872,-1.6,0.08
0.30876,-1.68,0.16
0.3088,-1.6,0
0.30884,-1.44,0.08
0.30888,-1.6,0.16
0.30892,-1.6,0.08
0.30896,-1.52,0.08
0.309,-1.6,0.08
0.30904,-1.68,0.08
0.30908,-1.6,0.16
0.30912,-1.6,0.08
0.30916,-1.6,0.08
0.3092,-1.6,0
0.30924,-1.6,0.08
0.30928,-1.52,0.08
0.30932,-1.6,0.08
0.30936,-1.52,0.08
0.3094,-1.6,0
0.30944,-1.52,0.08
0.30948,-1.52,0.08
0.30952,-1.6,0.16
0.30956,-1.6,0.08
0.3096,-1.6,0.08
0.30964,-1.6,0.08
0.30968,-1.52,0.08
0.30972,-1.6,0.16
0.30976,-1.6,0.08
0.3098,-1.52,0.08
0.30984,-1.52,0.08
0.30988,-1.6,0.08
0.30992,-1.6,0.16
0.30996,-1.6,0.08
0.31,-1.6,0
0.31004,-1.6,0.08
0.31008,-1.6,0.08
0.31012,-1.6,0.08
0.31016,-1.44,0
0.3102,-1.52,0.08
0.31024,-1.52,0.08
0.31028,-1.44,0
0.31032,-1.6,0
0.31036,-1.6,0
0.3104,-1.44,0
0.31044,-1.52,0
0.31048,-1.6,0.08
0.31052,-1.52,0
0.31056,-1.52,0
0.3106,-1.6,0
0.31064,-1.44,0
0.31068,-1.52,0
0.31072,-1.52,0.08
0.31076,-1.52,0.08
0.3108,-1.44,0.08
0.31084,-1.52,-0.08
0.31088,-1.52,0
0.31092,-1.52,0
0.31096,-1.6,0.08
0.311,-1.52,0.08
0.31104,-1.52,0
0.31108,-1.52,0.08
0.31112,-1.44,0.16
0.31116,-1.52,0
0.3112,-1.52,0
0.31124,-1.52,0.08
0.31128,-1.52,0.08
0.31132,-1.52,0
0.31136,-1.6,0.08
0.3114,-1.44,0.08
0.31144,-1.52,0.08
0.31148,-1.6,0.08
0.31152,-1.6,0
0.31156,-1.6,0.08
0.3116,-1.6,0.08
0.31164,-1.44,0.08
0.31168,-1.52,0.08
0.31172,-1.52,0.08
0.31176,-1.6,0.08
0.3118,-1.52,0
0.31184,-1.52,0.08
0.31188,-1.52,0
0.31192,-1.52,0.08
0.31196,-1.52,0.08
0.312,-1.6,0.08
0.31204,-1.6,0.08
0.31208,-1.6,0
0.31212,-1.6,0.08
0.31216,-1.52,0.08
0.3122,-1.52,0
0.31224,-1.52,0.08
0.31228,-1.52,0
0.31232,-1.6,0
0.31236,-1.44,0.08
0.3124,-1.6,0
0.31244,-1.44,0.16
0.31248,-1.52,0
0.31252,-1.44,0.08
0.31256,-1.44,0.08
0.3126,-1.52,0.08
0.31264,-1.36,0
0.31268,-1.52,0.16
0.31272,-1.6,0.08
0.31276,-1.52,0.16
0.3128,-1.44,0.08
0.31284,-1.52,0.16
0.31288,-1.44,0
0.31292,-1.44,0.16
0.31296,-1.52,0.08
0.313,-1.52,0.16
0.31304,-1.52,0.08
0.31308,-1.52,0.08
0.31312,-1.44,0.24
0.31316,-1.68,0.16
0.3132,-1.6,0.16
0.31324,-1.6,0.16
0.31328,-1.6,0.16
0.31332,-1.6,0.16
0.31336,-1.52,0.16
0.3134,-1.6,0.16
0.31344,-1.6,0.16
0.31348,-1.68,0.16
0.31352,-1.6,0.16
0.31356,-1.76,0.16
0.3136,-1.68,0.16
0.31364,-1.76,0.08
0.31368,-1.6,0.16
0.31372,-1.76,0.16
0.31376,-1.68,0.08
0.3138,-1.84,0
0.31384,-1.76,0
0.31388,-1.76,-0.08
0.31392,-1.84,0
0.31396,-1.68,-0.08
0.314,-1.84,0
0.31404,-1.84,-0.08
0.31408,-1.68,-0.08
0.31412,-1.76,-0.16
0.31416,-1.84,-0.16
0.3142,-1.76,-0.16
0.31424,-1.68,-0.16
0.31428,-1.68,-0.24
0.31432,-1.6,-0.32
0.31436,-1.6,-0.24
0.3144,-1.6,-0.24
0.31444,-1.52,-0.32
0.31448,-1.44,-0.24
0.31452,-1.44,-0.24
0.31456,-1.44,-0.32
0.3146,-1.36,-0.24
0.31464,-1.36,-0.32
0.31468,-1.36,-0.32
0.31472,-1.36,-0.24
0.31476,-1.2,-0.24
0.3148,-1.28,-0.24
0.31484,-1.2,-0.24
0.31488,-1.2,-0.24
0.31492,-1.12,-0.16
0.31496,-1.12,-0.16
0.315,-1.12,-0.08
0.31504,-1.04,-0.08
0.31508,-0.96,0.08
0.31512,-1.12,0.08
0.31516,-1.04,0.08
0.3152,-0.96,0.16
0.31524,-0.96,0.16
0.31528,-1.04,0.24
0.31532,-0.96,0.32
0.31536,-1.12,0.4
0.3154,-1.04,0.32
0.31544,-1.04,0.4
0.31548,-1.2,0.32
0.31552,-1.12,0.4
0.31556,-1.12,0.48
0.3156,-1.12,0.56
0.31564,-1.2,0.48
0.31568,-1.2,0.56
0.31572,-1.2,0.56
0.31576,-1.36,0.64
0.3158,-1.36,0.64
0.31584,-1.44,0.56
0.31588,-1.44,0.64
0.31592,-1.6,0.64
0.31596,-1.6,0.64
0.316,-1.6,0.64
0.31604,-1.76,0.56
0.31608,-1.6,0.56
0.31612,-1.6,0.56
0.31616,-1.76,0.64
0.3162,-1.76,0.48
0.31624,-1.84,0.4
0.31628,-1.84,0.48
0.31632,-1.92,0.4
0.31636,-1.92,0.4
0.3164,-1.92,0.32
0.31644,-1.92,0.24
0.31648,-1.92,0.24
0.31652,-1.84,0.24
0.31656,-1.92,0.24
0.3166,-1.84,0.24
0.31664,-1.84,0.08
0.31668,-1.84,0.08
0.31672,-1.84,0.08
0.31676,-1.68,0
0.3168,-1.84,0
0.31684,-1.84,0
0.31688,-1.84,0
0.31692,-1.76,0
0.31696,-1.76,-0.08
0.317,-1.68,-0.08
0.31704,-1.68,-0.16
0.31708,-1.68,0
0.31712,-1.68,-0.16
0.31716,-1.68,-0.16
0.3172,-1.68,-0.16
0.31724,-1.68,-0.24
0.31728,-1.6,0
0.31732,-1.6,-0.08
0.31736,-1.52,-0.08
0.3174,-1.44,-0.08
0.31744,-1.44,-0.08
0.31748,-1.52,-0.08
0.31752,-1.52,-0.08
0.31756,-1.44,-0.16
0.3176,-1.44,-0.08
0.31764,-1.52,0
0.31768,-1.44,0.08
0.31772,-1.44,0.08
0.31776,-1.44,0
0.3178,-1.44,0.08
0.31784,-1.44,0
0.31788,-1.44,0.08
0.31792,-1.44,0.08
0.31796,-1.44,0.08
0.318,-1.44,0.08
0.31804,-1.52,0
0.31808,-1.52,0
0.31812,-1.52,0.08
0.31816,-1.52,0.16
0.3182,-1.44,0.08
0.31824,-1.52,0.08
0.31828,-1.52,0.08
0.31832,-1.52,0.16
0.31836,-1.6,0.16
0.3184,-1.68,0.08
0.31844,-1.52,0.08
0.31848,-1.6,0.08
0.31852,-1.6,0.08
0.31856,-1.6,0.08
0.3186,-1.6,0.08
0.31864,-1.44,0.16
0.31868,-1.52,0
0.31872,-1.6,0.08
0.31876,-1.44,0.08
0.3188,-1.6,0.08
0.31884,-1.6,0.08
0.31888,-1.6,0.08
0.31892,-1.52,0.08
0.31896,-1.6,0
0.319,-1.6,0.16
0.31904,-1.44,0
0.31908,-1.44,0.08
0.31912,-1.44,0
0.31916,-1.52,0.08
0.3192,-1.44,0.08
0.31924,-1.44,0.08
0.31928,-1.52,0
0.31932,-1.52,0.08
0.31936,-1.6,0.08
0.3194,-1.52,0
0.31944,-1.6,0.16
0.31948,-1.44,0.08
0.31952,-1.44,0.16
0.31956,-1.44,0.08
0.3196,-1.44,0.08
0.31964,-1.44,0.16
0.31968,-1.44,0.16
0.31972,-1.44,0.08
0.31976,-1.36,0.08
0.3198,-1.52,0.16
0.31984,-1.6,0.08
0.31988,-1.44,0.08
0.31992,-1.52,0.08
0.31996,-1.44,0.08
0.32,-1.52,0.16
0.32004,-1.52,0.08
0.32008,-1.52,0.16
0.32012,-1.44,0.08
0.32016,-1.6,0.16
0.3202,-1.6,0.16
0.32024,-1.44,0.08
0.32028,-1.6,0.08
0.32032,-1.44,0.08
0.32036,-1.6,0
0.3204,-1.52,0.08
0.32044,-1.6,0.08
0.32048,-1.6,0.08
0.32052,-1.6,0
0.32056,-1.6,0.08
0.3206,-1.6,0.08
0.32064,-1.6,0.08
0.32068,-1.6,0.08
0.32072,-1.52,0
0.32076,-1.44,0.08
0.3208,-1.52,0
0.32084,-1.6,0
0.32088,-1.52,0.08
0.32092,-1.52,0.08
0.32096,-1.44,0.08
0.321,-1.52,0.16
0.32104,-1.6,0.08
0.32108,-1.52,0
0.32112,-1.44,0
0.32116,-1.52,0
0.3212,-1.44,0.08
0.32124,-1.6,0.08
0.32128,-1.44,0.08
0.32132,-1.6,0.08
0.32136,-1.52,0
0.3214,-1.52,0.08
0.32144,-1.6,0.08
0.32148,-1.52,0.08
0.32152,-1.52,0.08
0.32156,-1.52,0.08
0.3216,-1.6,0
0.32164,-1.52,0.08
0.32168,-1.6,0.08
0.32172,-1.6,0
0.32176,-1.52,0.08
0.3218,-1.6,0.16
0.32184,-1.52,0.08
0.32188,-1.6,0.08
0.32192,-1.52,0
0.32196,-1.52,0.08
0.322,-1.52,0.08
0.32204,-1.52,0.08
0.32208,-1.52,0.16
0.32212,-1.52,0.08
0.32216,-1.44,0
0.3222,-1.52,0.08
0.32224,-1.6,0.08
0.32228,-1.6,0.08
0.32232,-1.52,0.08
0.32236,-1.44,0.08
0.3224,-1.52,0.08
0.32244,-1.52,0
0.32248,-1.52,0.08
0.32252,-1.6,0.08
0.32256,-1.52,0.08
0.3226,-1.52,0.08
0.32264,-1.6,0
0.32268,-1.52,0
0.32272,-1.52,0.08
0.32276,-1.6,0.08
0.3228,-1.52,0.08
0.32284,-1.6,0
0.32288,-1.6,0.08
0.32292,-1.6,0
0.32296,-1.6,0.08
0.323,-1.52,0.08
0.32304,-1.52,0
0.32308,-1.52,0.08
0.32312,-1.52,0.16
0.32316,-1.44,0.08
0.3232,-1.44,0.16
0.32324,-1.52,0.08
0.32328,-1.52,0.08
0.32332,-1.6,0.08
0.32336,-1.52,0.08
0.3234,-1.52,0.16
0.32344,-1.52,0
0.32348,-1.44,0.16
0.32352,-1.6,0.16
0.32356,-1.6,0.08
0.3236,-1.52,0.16
0.32364,-1.6,0.16
0.32368,-1.52,0.16
0.32372,-1.52,0.08
0.32376,-1.44,0.08
0.3238,-1.52,0.16
0.32384,-1.6,0.08
0.32388,-1.6,0.16
0.32392,-1.6,0.08
0.32396,-1.44,0.08
0.324,-1.6,0.08
0.32404,-1.6,0.08
0.32408,-1.6,0.16
0.32412,-1.6,0.08
0.32416,-1.6,0
0.3242,-1.52,0.16
0.32424,-1.52,0.16
0.32428,-1.52,0.08
0.32432,-1.6,0.08
0.32436,-1.6,0.08
0.3244,-1.52,0.08
0.32444,-1.6,0.08
0.32448,-1.6,0.08
0.32452,-1.52,0.16
0.32456,-1.52,0.08
0.3246,-1.6,0.08
0.32464,-1.6,0.08
0.32468,-1.52,0.08
0.32472,-1.6,0.08
0.32476,-1.6,0.08
0.3248,-1.6,0.08
0.32484,-1.52,0.08
0.32488,-1.6,0.16
0.32492,-1.52,0.08
0.32496,-1.68,0.08
0.325,-1.6,0.16
0.32504,-1.6,0.08
0.32508,-1.52,0.08
0.32512,-1.6,0.08
0.32516,-1.6,0.16
0.3252,-1.52,0
0.32524,-1.6,0.16
0.32528,-1.6,0.08
0.32532,-1.68,0.08
0.32536,-1.6,0.08
0.3254,-1.6,0
0.32544,-1.6,0.16
0.32548,-1.52,0.08
0.32552,-1.52,0.08
0.32556,-1.52,0.08
0.3256,-1.6,0
0.32564,-1.52,0.16
0.32568,-1.6,0.16
0.32572,-1.6,0.16
0.32576,-1.52,0.16
0.3258,-1.52,0.08
0.32584,-1.52,0.08
0.32588,-1.68,0.08
0.32592,-1.68,0.08
0.32596,-1.52,0.16
0.326,-1.6,0.08
0.32604,-1.6,0.08
0.32608,-1.52,0.08
0.32612,-1.52,0.08
0.32616,-1.6,0.08
0.3262,-1.6,0.08
0.32624,-1.6,0.08
0.32628,-1.6,0.16
0.32632,-1.52,0.08
0.32636,-1.52,0.08
0.3264,-1.44,0.08
0.32644,-1.68,0.08
0.32648,-1.52,0.08
0.32652,-1.52,0.08
0.32656,-1.6,0.08
0.3266,-1.6,0.08
0.32664,-1.44,0.08
0.32668,-1.6,0
0.32672,-1.52,0.08
0.32676,-1.52,0.08
0.3268,-1.6,0
0.32684,-1.52,0.08
0.32688,-1.6,0
0.32692,-1.52,0
0.32696,-1.52,0.08
0.327,-1.52,0.08
0.32704,-1.6,0.16
0.32708,-1.6,0.08
0.32712,-1.52,0.08
0.32716,-1.6,0.08
0.3272,-1.6,0.08
0.32724,-1.52,0
0.32728,-1.52,0.08
0.32732,-1.6,0.08
0.32736,-1.68,0.08
0.3274,-1.52,0
0.32744,-1.52,0
0.32748,-1.6,0
0.32752,-1.52,-0.08
0.32756,-1.52,0
0.3276,-1.44,0
0.32764,-1.6,0
0.32768,-1.6,0.08
0.32772,-1.52,0
0.32776,-1.6,0.08
0.3278,-1.52,0
0.32784,-1.52,0
0.32788,-1.44,0.16
0.32792,-1.52,0
0.32796,-1.44,0
0.328,-1.6,0.08
0.32804,-1.6,0.08
0.32808,-1.52,0
0.32812,-1.44,0
0.32816,-1.36,0.08
0.3282,-1.52,0.08
0.32824,-1.52,0
0.32828,-1.52,0
0.32832,-1.52,0.08
0.32836,-1.44,0.08
0.3284,-1.44,0
0.32844,-1.44,0.08
0.32848,-1.52,0.08
0.32852,-1.52,0.08
0.32856,-1.6,0.08
0.3286,-1.6,0.08
0.32864,-1.52,0.08
0.32868,-1.52,0.08
0.32872,-1.6,0.08
0.32876,-1.44,0.08
0.3288,-1.52,0.08
0.32884,-1.44,0.16
0.32888,-1.52,0.08
0.32892,-1.6,0.08
0.32896,-1.6,0.08
0.329,-1.44,0.08
0.32904,-1.52,0.08
0.32908,-1.52,0
0.32912,-1.52,0.08
0.32916,-1.52,0.08
0.3292,-1.6,0.08
0.32924,-1.6,0.16
0.32928,-1.52,0.08
0.32932,-1.6,0.08
0.32936,-1.52,0.08
0.3294,-1.6,0.08
0.32944,-1.52,0.08
0.32948,-1.6,0.08
0.32952,-1.6,0.08
0.32956,-1.6,0
0.3296,-1.6,0.08
0.32964,-1.6,0
0.32968,-1.6,0.08
0.32972,-1.6,0
0.32976,-1.6,0
0.3298,-1.6,0
0.32984,-1.6,0
0.32988,-1.52,0
0.32992,-1.6,0
0.32996,-1.44,-0.16
0.33,-1.6,-0.08
0.33004,-1.6,0
0.33008,-1.6,-0.08
0.33012,-1.52,0
0.33016,-1.52,0
0.3302,-1.52,0
0.33024,-1.52,0
0.33028,-1.52,0
0.33032,-1.44,0.08
0.33036,-1.52,0
0.3304,-1.44,-0.08
0.33044,-1.52,-0.08
0.33048,-1.44,0
0.33052,-1.44,0
0.33056,-1.44,-0.08
0.3306,-1.36,-0.08
0.33064,-1.36,-0.08
0.33068,-1.44,0
0.33072,-1.44,0
0.33076,-1.52,-0.08
0.3308,-1.52,0
0.33084,-1.44,0
0.33088,-1.36,0
0.33092,-1.44,0
0.33096,-1.44,0
0.331,-1.6,0
0.33104,-1.52,0.08
0.33108,-1.52,0
0.33112,-1.44,0
0.33116,-1.44,0
0.3312,-1.44,0.08
0.33124,-1.52,0.08
0.33128,-1.44,0.08
0.33132,-1.44,0.08
0.33136,-1.44,0
0.3314,-1.44,0
0.33144,-1.44,0.08
0.33148,-1.52,0.08
0.33152,-1.44,0
0.33156,-1.44,0.08
0.3316,-1.52,0.16
0.33164,-1.52,0.08
0.33168,-1.52,0.08
0.33172,-1.52,0.08
0.33176,-1.44,0.08
0.3318,-1.44,0.08
0.33184,-1.44,0.16
0.33188,-1.52,0
0.33192,-1.52,0.08
0.33196,-1.52,0
0.332,-1.52,0.08
0.33204,-1.44,0.08
0.33208,-1.52,0
0.33212,-1.6,0.08
0.33216,-1.44,0.08
0.3322,-1.52,0
0.33224,-1.6,0.08
0.33228,-1.6,0
0.33232,-1.52,0.08
0.33236,-1.44,0.08
0.3324,-1.44,0.16
0.33244,-1.52,0.08
0.33248,-1.6,0
0.33252,-1.52,0.08
0.33256,-1.44,0
0.3326,-1.52,0.08
0.33264,-1.6,0
0.33268,-1.52,0
0.33272,-1.52,0.08
0.33276,-1.52,0.08
0.3328,-1.6,0.16
0.33284,-1.44,0.08
0.33288,-1.6,0.08
0.33292,-1.68,0
0.33296,-1.52,0.08
0.333,-1.44,0.08
0.33304,-1.52,0.08
0.33308,-1.52,0.08
0.33312,-1.6,0
0.33316,-1.52,0.08
0.3332,-1.52,0.08
0.33324,-1.52,0
0.33328,-1.52,0.08
0.33332,-1.52,0.08
0.33336,-1.52,0
0.3334,-1.52,0
0.33344,-1.52,0
0.33348,-1.52,0.08
0.33352,-1.6,0.08
0.33356,-1.6,0.08
0.3336,-1.52,0.08
0.33364,-1.6,0.08
0.33368,-1.52,0.08
0.33372,-1.6,0.08
0.33376,-1.44,0.08
0.3338,-1.6,0.08
0.33384,-1.52,0
0.33388,-1.52,0.08
0.33392,-1.6,0.08
0.33396,-1.52,0
0.334,-1.52,0.08
0.33404,-1.6,0.08
0.33408,-1.6,0
0.33412,-1.6,0.08
0.33416,-1.44,0
0.3342,-1.52,0.08
0.33424,-1.52,0
0.33428,-1.52,0.08
0.33432,-1.52,0.16
0.33436,-1.68,0.08
0.3344,-1.6,0.08
0.33444,-1.52,0
0.33448,-1.6,0
0.33452,-1.68,0.08
0.33456,-1.52,0.08
0.3346,-1.52,0.08
0.33464,-1.52,0.08
0.33468,-1.6,0.08
0.33472,-1.52,0.08
0.33476,-1.52,0.08
0.3348,-1.52,0.08
0.33484,-1.52,0.08
0.33488,-1.6,0.16
0.33492,-1.6,0.08
0.33496,-1.52,0.08
0.335,-1.52,0.08
0.33504,-1.6,0.16
0.33508,-1.52,0.08
0.33512,-1.6,0.16
0.33516,-1.52,0.08
0.3352,-1.52,0.08
0.33524,-1.6,0
0.33528,-1.6,0.08
0.33532,-1.6,0.08
0.33536,-1.52,0.08
0.3354,-1.52,0.08
0.33544,-1.44,0.08
0.33548,-1.44,0.16
0.33552,-1.6,0.16
0.33556,-1.6,0.08
0.3356,-1.6,0.16
0.33564,-1.52,0.08
0.33568,-1.52,0.08
0.33572,-1.52,0.08
0.33576,-1.52,0.08
0.3358,-1.44,0.08
0.33584,-1.6,0
0.33588,-1.6,0.08
0.33592,-1.52,0.08
0.33596,-1.6,0.08
0.336,-1.52,0.08
0.33604,-1.6,0
0.33608,-1.52,0.08
0.33612,-1.6,0.16
0.33616,-1.6,0.08
0.3362,-1.52,0
0.33624,-1.44,0
0.33628,-1.52,0.08
0.33632,-1.52,0
0.33636,-1.52,0
0.3364,-1.44,0.08
0.33644,-1.44,0
0.33648,-1.6,0
0.33652,-1.6,0
0.33656,-1.52,0.08
0.3366,-1.6,0.08
0.33664,-1.52,0
0.33668,-1.44,0.08
0.33672,-1.52,0
0.33676,-1.52,0
0.3368,-1.52,0
0.33684,-1.6,0
0.33688,-1.52,0.08
0.33692,-1.52,0
0.33696,-1.52,0.08
0.337,-1.6,0.08
0.33704,-1.6,0.08
0.33708,-1.6,0.08
0.33712,-1.6,-0.08
0.33716,-1.6,0.08
0.3372,-1.52,0
0.33724,-1.52,0
0.33728,-1.6,0.08
0.33732,-1.52,0.08
0.33736,-1.6,0
0.3374,-1.6,0
0.33744,-1.6,0
0.33748,-1.68,0
0.33752,-1.6,0
0.33756,-1.6,0
0.3376,-1.52,0.08
0.33764,-1.52,0.08
0.33768,-1.6,0
0.33772,-1.6,0.08
0.33776,-1.52,0
0.3378,-1.6,0.08
0.33784,-1.52,0.08
0.33788,-1.6,0
0.33792,-1.68,0
0.33796,-1.52,0.08
0.338,-1.6,0
0.33804,-1.6,0.08
0.33808,-1.52,0.08
0.33812,-1.6,0.08
0.33816,-1.52,0.08
0.3382,-1.44,0.08
0.33824,-1.52,0.08
0.33828,-1.6,0
0.33832,-1.44,0
0.33836,-1.52,0.08
0.3384,-1.52,0
0.33844,-1.44,0.08
0.33848,-1.44,0
0.33852,-1.52,0
0.33856,-1.6,0.08
0.3386,-1.52,0
0.33864,-1.44,0.08
0.33868,-1.6,0.08
0.33872,-1.6,0.08
0.33876,-1.44,0
0.3388,-1.6,0.08
0.33884,-1.6,0
0.33888,-1.52,0.08
0.33892,-1.44,0.16
0.33896,-1.52,0.08
0.339,-1.52,0.08
0.33904,-1.6,0.08
0.33908,-1.52,0.08
0.33912,-1.52,0.08
0.33916,-1.6,0
0.3392,-1.6,0
0.33924,-1.52,0
0.33928,-1.6,0
0.33932,-1.52,0.08
0.33936,-1.52,0.08
0.3394,-1.6,0.16
0.33944,-1.52,0.08
0.33948,-1.6,0.08
0.33952,-1.6,0.08
0.33956,-1.6,0.16
0.3396,-1.52,0.08
0.33964,-1.44,0.16
0.33968,-1.6,0.08
0.33972,-1.52,0.08
0.33976,-1.52,0
0.3398,-1.6,0.08
0.33984,-1.6,0.16
0.33988,-1.6,0.08
0.33992,-1.52,0.08
0.33996,-1.52,0
0.34,-1.52,0.16
0.34004,-1.52,0.16
0.34008,-1.52,0.16
0.34012,-1.52,0.08
0.34016,-1.52,0
0.3402,-1.52,0.24
0.34024,-1.6,0.08
0.34028,-1.6,0.16
0.34032,-1.52,0.16
0.34036,-1.6,0.08
0.3404,-1.6,0.08
0.34044,-1.6,0.08
0.34048,-1.52,0.08
0.34052,-1.6,0.08
0.34056,-1.6,0.16
0.3406,-1.6,0.08
0.34064,-1.52,0.08
0.34068,-1.52,0.08
0.34072,-1.52,0
0.34076,-1.52,0.08
0.3408,-1.44,0.08
0.34084,-1.6,0.08
0.34088,-1.6,0.16
0.34092,-1.6,0.08
0.34096,-1.52,0
0.341,-1.52,0.08
0.34104,-1.6,0.16
0.34108,-1.44,0.08
0.34112,-1.52,0
0.34116,-1.6,0.08
0.3412,-1.6,0.08
0.34124,-1.6,0.16
0.34128,-1.6,0.08
0.34132,-1.52,0
0.34136,-1.6,0
0.3414,-1.52,0.08
0.34144,-1.6,0.08
0.34148,-1.6,0.08
0.34152,-1.44,0.08
0.34156,-1.6,0.08
0.3416,-1.52,0.08
0.34164,-1.52,0.08
0.34168,-1.6,0.16
0.34172,-1.52,0.16
0.34176,-1.52,0.08
0.3418,-1.52,0.08
0.34184,-1.52,0.08
0.34188,-1.6,0.08
0.34192,-1.6,0.08
0.34196,-1.6,0.08
0.342,-1.52,0.08
0.34204,-1.52,0.16
0.34208,-1.6,0.16
0.34212,-1.44,0.08
0.34216,-1.6,0.08
0.3422,-1.6,0.08
0.34224,-1.6,0.16
0.34228,-1.52,0.08
0.34232,-1.52,0.08
0.34236,-1.6,0.08
0.3424,-1.52,0.16
0.34244,-1.52,0.16
0.34248,-1.6,0.08
0.34252,-1.6,0.08
0.34256,-1.6,0.08
0.3426,-1.52,0.08
0.34264,-1.6,0.08
0.34268,-1.68,0
0.34272,-1.6,0
0.34276,-1.52,0.08
0.3428,-1.6,0.08
0.34284,-1.6,0.08
0.34288,-1.6,0.08
0.34292,-1.6,0.16
0.34296,-1.52,0.08
0.343,-1.52,0.16
0.34304,-1.6,0.08
0.34308,-1.6,0.16
0.34312,-1.6,0.08
0.34316,-1.6,0.08
0.3432,-1.6,0.08
0.34324,-1.52,0.08
0.34328,-1.52,0.08
0.34332,-1.44,0.08
0.34336,-1.52,0.08
0.3434,-1.6,0.08
0.34344,-1.52,0.08
0.34348,-1.6,0
0.34352,-1.6,0.08
0.34356,-1.52,0.08
0.3436,-1.6,0
0.34364,-1.6,0.08
0.34368,-1.6,0.08
0.34372,-1.68,0
0.34376,-1.52,0.08
0.3438,-1.52,0
0.34384,-1.52,0.08
0.34388,-1.52,0.08
0.34392,-1.52,0.08
0.34396,-1.6,0.08
0.344,-1.6,0.08
0.34404,-1.6,0
0.34408,-1.6,0.08
0.34412,-1.52,0
0.34416,-1.6,0
0.3442,-1.6,0
0.34424,-1.6,0
0.34428,-1.52,0.08
0.34432,-1.6,-0.08
0.34436,-1.68,0
0.3444,-1.6,0
0.34444,-1.52,-0.08
0.34448,-1.52,0
0.34452,-1.6,0
0.34456,-1.6,0
0.3446,-1.52,0.08
0.34464,-1.52,-0.08
0.34468,-1.52,0
0.34472,-1.52,0
0.34476,-1.52,0.08
0.3448,-1.52,-0.08
0.34484,-1.44,-0.08
0.34488,-1.52,0
0.34492,-1.52,-0.08
0.34496,-1.44,0
0.345,-1.44,0
0.34504,-1.44,0
0.34508,-1.44,0
0.34512,-1.44,0.08
0.34516,-1.44,0.08
0.3452,-1.44,0
0.34524,-1.44,0
0.34528,-1.44,0.08
0.34532,-1.36,0.08
0.34536,-1.44,0.08
0.3454,-1.44,0
0.34544,-1.44,0.08
0.34548,-1.44,0.08
0.34552,-1.36,0
0.34556,-1.52,0.08
0.3456,-1.52,0.08
0.34564,-1.44,0.08
0.34568,-1.44,0.08
0.34572,-1.44,0.16
0.34576,-1.52,0.08
0.3458,-1.52,0.08
0.34584,-1.52,0.16
0.34588,-1.52,0.08
0.34592,-1.6,0.08
0.34596,-1.52,0.08
0.346,-1.6,0.08
0.34604,-1.52,0.08
0.34608,-1.6,0.16
0.34612,-1.6,0.08
0.34616,-1.6,0.08
0.3462,-1.52,0.08
0.34624,-1.6,0.08
0.34628,-1.52,0.16
0.34632,-1.6,0.08
0.34636,-1.6,0.08
0.3464,-1.6,0.08
0.34644,-1.6,0.08
0.34648,-1.6,0
0.34652,-1.6,0
0.34656,-1.6,0
0.3466,-1.6,0
0.34664,-1.6,0
0.34668,-1.6,0.08
0.34672,-1.68,0
0.34676,-1.68,0
0.3468,-1.6,0.08
0.34684,-1.6,0
0.34688,-1.6,0.08
0.34692,-1.6,0.08
0.34696,-1.6,0.08
0.347,-1.6,0
0.34704,-1.6,0
0.34708,-1.6,0
0.34712,-1.6,0.08
0.34716,-1.6,0
0.3472,-1.52,0.08
0.34724,-1.52,0
0.34728,-1.52,0
0.34732,-1.6,0
0.34736,-1.44,-0.08
0.3474,-1.52,0
0.34744,-1.44,0
0.34748,-1.44,0.08
0.34752,-1.44,0.08
0.34756,-1.52,0.08
0.3476,-1.6,0
0.34764,-1.44,0.08
0.34768,-1.52,0
0.34772,-1.6,0.08
0.34776,-1.6,0.08
0.3478,-1.52,0
0.34784,-1.52,0
0.34788,-1.44,0
0.34792,-1.52,0.08
0.34796,-1.6,0
0.348,-1.44,0
0.34804,-1.52,0.08
0.34808,-1.52,0.08
0.34812,-1.52,0.16
0.34816,-1.52,0.08
0.3482,-1.52,0.16
0.34824,-1.6,0
0.34828,-1.44,0.08
0.34832,-1.6,0.08
0.34836,-1.52,0.08
0.3484,-1.6,0.08
0.34844,-1.44,0
0.34848,-1.6,0.08
0.34852,-1.6,0
0.34856,-1.52,0.08
0.3486,-1.6,0.08
0.34864,-1.6,0
0.34868,-1.6,0
0.34872,-1.52,0
0.34876,-1.6,0.08
0.3488,-1.6,0
0.34884,-1.6,0
0.34888,-1.52,0.16
0.34892,-1.52,0.08
0.34896,-1.68,0.08
0.349,-1.6,0.08
0.34904,-1.52,0.08
0.34908,-1.52,0.08
0.34912,-1.6,0
0.34916,-1.6,0
0.3492,-1.6,0.08
0.34924,-1.6,0.08
0.34928,-1.52,0
0.34932,-1.52,0.08
0.34936,-1.52,0
0.3494,-1.52,0.08
0.34944,-1.6,0
0.34948,-1.52,0.08
0.34952,-1.52,0.08
0.34956,-1.52,0.16
0.3496,-1.52,0.08
0.34964,-1.52,0.08
0.34968,-1.52,0.08
0.34972,-1.52,0
0.34976,-1.6,0.08
0.3498,-1.52,0
0.34984,-1.44,0.08
0.34988,-1.52,0.08
0.34992,-1.6,0.08
0.34996,-1.44,0.08
0.35,-1.6,0
0.35004,-1.6,0.08
0.35008,-1.6,0
0.35012,-1.52,0.08
0.35016,-1.52,0.16
0.3502,-1.44,0.08
0.35024,-1.6,0
0.35028,-1.6,0.08
0.35032,-1.6,0.08
0.35036,-1.52,0
0.3504,-1.6,0.08
0.35044,-1.52,0.08
0.35048,-1.52,0.08
0.35052,-1.52,0.08
0.35056,-1.52,0.08
0.3506,-1.6,0
0.35064,-1.6,0.08
0.35068,-1.52,0
0.35072,-1.6,0
0.35076,-1.52,0
0.3508,-1.52,0.08
0.35084,-1.52,0
0.35088,-1.6,0.08
0.35092,-1.52,0.08
0.35096,-1.6,0.08
0.351,-1.6,0.16
0.35104,-1.52,0.08
0.35108,-1.52,0
0.35112,-1.52,0.08
0.35116,-1.6,0.08
0.3512,-1.6,0.08
0.35124,-1.52,0.08
0.35128,-1.6,0.08
0.35132,-1.6,0.08
0.35136,-1.52,0.08
0.3514,-1.52,0
0.35144,-1.52,0.08
0.35148,-1.6,0
0.35152,-1.52,0.16
0.35156,-1.6,0
0.3516,-1.52,0.08
0.35164,-1.6,0
0.35168,-1.52,0.16
0.35172,-1.44,0
0.35176,-1.52,0.24
0.3518,-1.52,0
0.35184,-1.6,0.08
0.35188,-1.6,0.08
0.35192,-1.6,0.08
0.35196,-1.52,0.08
0.352,-1.52,0.08
0.35204,-1.52,0
0.35208,-1.52,0.08
0.35212,-1.68,0.08
0.35216,-1.52,0.16
0.3522,-1.68,0.08
0.35224,-1.52,0.08
0.35228,-1.6,0.08
0.35232,-1.6,0.16
0.35236,-1.44,0.08
0.3524,-1.52,0
0.35244,-1.44,0.08
0.35248,-1.44,0
0.35252,-1.44,0
0.35256,-1.6,0.08
0.3526,-1.52,0.16
0.35264,-1.6,0.08
0.35268,-1.6,0.08
0.35272,-1.52,0.08
0.35276,-1.6,0.08
0.3528,-1.44,0.08
0.35284,-1.52,0.08
0.35288,-1.52,0.08
0.35292,-1.52,0.16
0.35296,-1.52,0
0.353,-1.52,0.08
0.35304,-1.44,0.08
0.35308,-1.6,0.08
0.35312,-1.44,0.08
0.35316,-1.52,0.08
0.3532,-1.52,0.08
0.35324,-1.52,-0.08
0.35328,-1.6,0
0.35332,-1.6,0.08
0.35336,-1.52,0
0.3534,-1.52,0
0.35344,-1.44,0.08
0.35348,-1.52,0
0.35352,-1.6,0.08
0.35356,-1.6,0.16
0.3536,-1.68,0.16
0.35364,-1.6,0.08
0.35368,-1.52,0
0.35372,-1.6,0
0.35376,-1.6,0
0.3538,-1.6,0.08
0.35384,-1.52,0.08
0.35388,-1.52,0.08
0.35392,-1.52,0.08
0.35396,-1.68,0
0.354,-1.6,0
0.35404,-1.68,0.08
0.35408,-1.52,0.08
0.35412,-1.6,0.08
0.35416,-1.52,0.08
0.3542,-1.52,0.08
0.35424,-1.6,0.08
0.35428,-1.52,0
0.35432,-1.6,0
0.35436,-1.44,0.08
0.3544,-1.52,0.08
0.35444,-1.6,0.08
0.35448,-1.52,0.08
0.35452,-1.52,0
0.35456,-1.52,0.08
0.3546,-1.6,0.08
0.35464,-1.6,0.08
0.35468,-1.52,0.08
0.35472,-1.52,0
0.35476,-1.6,0.08
0.3548,-1.6,0.08
0.35484,-1.52,0
0.35488,-1.52,0.08
0.35492,-1.44,0.16
0.35496,-1.52,0
0.355,-1.52,0.08
0.35504,-1.52,0
0.35508,-1.6,0.08
0.35512,-1.52,0.08
0.35516,-1.6,0.08
0.3552,-1.52,0.08
0.35524,-1.44,0
0.35528,-1.52,0.08
0.35532,-1.52,0
0.35536,-1.6,0.08
0.3554,-1.52,0.08
0.35544,-1.6,0.08
0.35548,-1.52,0.08
0.35552,-1.52,0.08
0.35556,-1.52,0.08
0.3556,-1.52,0.08
0.35564,-1.52,0.08
0.35568,-1.52,0.08
0.35572,-1.6,0.08
0.35576,-1.6,0
0.3558,-1.6,0
0.35584,-1.6,0
0.35588,-1.52,0
0.35592,-1.6,0.08
0.35596,-1.6,0.08
0.356,-1.52,0.08
0.35604,-1.52,0.08
0.35608,-1.52,0
0.35612,-1.52,0.16
0.35616,-1.6,0.08
0.3562,-1.52,0.08
0.35624,-1.52,0.08
0.35628,-1.6,0.08
0.35632,-1.6,0.08
0.35636,-1.52,0.08
0.3564,-1.6,0.08
0.35644,-1.52,0
0.35648,-1.6,0.08
0.35652,-1.44,0.08
0.35656,-1.6,0
0.3566,-1.6,0
0.35664,-1.6,0.08
0.35668,-1.52,0.08
0.35672,-1.52,0.08
0.35676,-1.52,0.08
0.3568,-1.6,0
0.35684,-1.52,0.08
0.35688,-1.6,0.08
0.35692,-1.52,0.08
0.35696,-1.52,0.08
0.357,-1.6,0.08
0.35704,-1.52,0.16
0.35708,-1.52,0.08
0.35712,-1.52,0.08
0.35716,-1.52,0
0.3572,-1.52,0.08
0.35724,-1.6,0.16
0.35728,-1.6,0.08
0.35732,-1.52,0.08
0.35736,-1.52,0.08
0.3574,-1.6,0.08
0.35744,-1.52,0.08
0.35748,-1.6,0.08
0.35752,-1.6,0
0.35756,-1.6,0.08
0.3576,-1.6,0
0.35764,-1.52,0
0.35768,-1.52,0
0.35772,-1.52,0.16
0.35776,-1.52,0.08
0.3578,-1.52,0
0.35784,-1.52,0.16
0.35788,-1.6,0.08
0.35792,-1.6,0.08
0.35796,-1.6,0
0.358,-1.6,0.08
0.35804,-1.44,0.08
0.35808,-1.68,0.08
0.35812,-1.6,0.16
0.35816,-1.52,0.08
0.3582,-1.6,0.08
0.35824,-1.6,0.16
0.35828,-1.52,0.08
0.35832,-1.6,0
0.35836,-1.52,0.08
0.3584,-1.52,0.16
0.35844,-1.6,0.08
0.35848,-1.6,0.08
0.35852,-1.52,0.08
0.35856,-1.52,0
0.3586,-1.6,0.08
0.35864,-1.52,0.08
0.35868,-1.52,0.08
0.35872,-1.6,0.08
0.35876,-1.6,0.16
0.3588,-1.6,0.08
0.35884,-1.6,0.08
0.35888,-1.6,0.08
0.35892,-1.44,0.08
0.35896,-1.44,0.08
0.359,-1.6,0.16
0.35904,-1.6,0.08
0.35908,-1.6,0.08
0.35912,-1.6,0
0.35916,-1.6,0
0.3592,-1.52,0.08
0.35924,-1.52,0
0.35928,-1.6,0.16
0.35932,-1.6,0.08
0.35936,-1.6,0.16
0.3594,-1.52,0.08
0.35944,-1.6,0.08
0.35948,-1.6,0.08
0.35952,-1.6,0
0.35956,-1.6,0.08
0.3596,-1.52,0.08
0.35964,-1.6,0.08
0.35968,-1.68,0.08
0.35972,-1.52,0.08
0.35976,-1.6,0.08
0.3598,-1.52,0
0.35984,-1.6,0.08
0.35988,-1.6,0.08
0.35992,-1.52,0
0.35996,-1.52,0.08
0.36,-1.6,0.08
0.36004,-1.68,0
0.36008,-1.52,0.08
0.36012,-1.6,0
0.36016,-1.52,0.08
0.3602,-1.52,0.08
0.36024,-1.44,0
0.36028,-1.6,0.08
0.36032,-1.52,0
0.36036,-1.6,0
0.3604,-1.6,-0.08
0.36044,-1.6,0.08
0.36048,-1.44,0.08
0.36052,-1.44,0.16
0.36056,-1.6,0
0.3606,-1.52,0.08
0.36064,-1.6,0.08
0.36068,-1.52,0
0.36072,-1.44,0.08
0.36076,-1.6,0
0.3608,-1.44,0.08
0.36084,-1.44,0
0.36088,-1.52,0.16
0.36092,-1.6,0
0.36096,-1.6,0.08
0.361,-1.52,0
0.36104,-1.6,0
0.36108,-1.6,0
0.36112,-1.52,0.08
0.36116,-1.44,0
0.3612,-1.52,0.08
0.36124,-1.6,0.08
0.36128,-1.6,0.08
0.36132,-1.52,0.08
0.36136,-1.44,0.08
0.3614,-1.44,0.08
0.36144,-1.6,0.08
0.36148,-1.6,0
0.36152,-1.52,0.08
0.36156,-1.6,0.08
0.3616,-1.52,0.08
0.36164,-1.6,0.08
0.36168,-1.44,0
0.36172,-1.6,0.08
0.36176,-1.52,0.16
0.3618,-1.6,0.08
0.36184,-1.6,0.08
0.36188,-1.6,0.08
0.36192,-1.6,0
0.36196,-1.44,0.08
0.362,-1.6,0
0.36204,-1.52,0
0.36208,-1.68,0
0.36212,-1.6,0.08
0.36216,-1.6,0.08
0.3622,-1.6,0.08
0.36224,-1.6,0
0.36228,-1.52,0.08
0.36232,-1.6,0.08
0.36236,-1.44,0.08
0.3624,-1.52,0
0.36244,-1.6,0
0.36248,-1.52,0
0.36252,-1.52,0
0.36256,-1.52,0.08
0.3626,-1.44,0.08
0.36264,-1.44,0
0.36268,-1.6,0.08
0.36272,-1.52,0
0.36276,-1.52,0.08
0.3628,-1.44,0.08
0.36284,-1.44,0
0.36288,-1.52,0.08
0.36292,-1.44,0.08
0.36296,-1.44,-0.08
0.363,-1.52,0
0.36304,-1.52,0
0.36308,-1.6,0
0.36312,-1.52,0
0.36316,-1.52,0.08
0.3632,-1.52,0.08
0.36324,-1.44,0
0.36328,-1.52,0.08
0.36332,-1.44,0
0.36336,-1.6,0
0.3634,-1.6,0.08
0.36344,-1.44,0
0.36348,-1.6,0
0.36352,-1.52,0
0.36356,-1.52,0
0.3636,-1.6,0.08
0.36364,-1.6,0.08
0.36368,-1.52,0.16
0.36372,-1.52,0.08
0.36376,-1.52,0.08
0.3638,-1.44,0.08
0.36384,-1.52,0.08
0.36388,-1.6,0.08
0.36392,-1.6,0.08
0.36396,-1.6,0
0.364,-1.52,0.08
0.36404,-1.6,0
0.36408,-1.6,0.16
0.36412,-1.6,0
0.36416,-1.52,0
0.3642,-1.6,0
0.36424,-1.6,0
0.36428,-1.44,0
0.36432,-1.6,0
0.36436,-1.44,0
0.3644,-1.6,0.08
0.36444,-1.52,0.08
0.36448,-1.6,0
0.36452,-1.6,0
0.36456,-1.6,0
0.3646,-1.6,0.08
0.36464,-1.52,0.08
0.36468,-1.52,0.08
0.36472,-1.52,0.08
0.36476,-1.6,0.08
0.3648,-1.6,0
0.36484,-1.52,0.08
0.36488,-1.6,0
0.36492,-1.6,0
0.36496,-1.52,0
0.365,-1.44,0
0.36504,-1.52,0.08
0.36508,-1.6,0.08
0.36512,-1.6,0.08
0.36516,-1.52,0
0.3652,-1.44,0
0.36524,-1.52,0.08
0.36528,-1.44,0.08
0.36532,-1.44,0
0.36536,-1.52,0.08
0.3654,-1.44,0
0.36544,-1.6,0.08
0.36548,-1.44,0.08
0.36552,-1.52,0
0.36556,-1.52,0.08
0.3656,-1.44,0.16
0.36564,-1.52,0
0.36568,-1.6,0.08
0.36572,-1.6,0.08
0.36576,-1.52,0
0.3658,-1.52,0
0.36584,-1.52,0.08
0.36588,-1.6,0
0.36592,-1.52,0.08
0.36596,-1.52,0.08
0.366,-1.6,0
0.36604,-1.52,0.08
0.36608,-1.52,0
0.36612,-1.6,0.08
0.36616,-1.44,0
0.3662,-1.6,0.08
0.36624,-1.44,0.08
0.36628,-1.6,0.08
0.36632,-1.6,0.08
0.36636,-1.6,0
0.3664,-1.68,0.08
0.36644,-1.52,0.08
0.36648,-1.44,0
0.36652,-1.44,0.08
0.36656,-1.6,0
0.3666,-1.6,0.08
0.36664,-1.52,0.08
0.36668,-1.52,0
0.36672,-1.52,0
0.36676,-1.52,0
0.3668,-1.44,0.08
0.36684,-1.52,0.08
0.36688,-1.44,0.08
0.36692,-1.6,0.08
0.36696,-1.44,0.08
0.367,-1.6,0.08
0.36704,-1.52,0.08
0.36708,-1.44,0.08
0.36712,-1.6,0.16
0.36716,-1.44,0.08
0.3672,-1.68,0.08
0.36724,-1.52,0.08
0.36728,-1.52,0.08
0.36732,-1.52,0.08
0.36736,-1.6,0.08
0.3674,-1.52,0.08
0.36744,-1.6,0.08
0.36748,-1.6,0.08
0.36752,-1.6,0
0.36756,-1.6,0.08
0.3676,-1.6,0
0.36764,-1.6,0
0.36768,-1.44,0.08
0.36772,-1.52,0.08
0.36776,-1.6,0
0.3678,-1.52,0
0.36784,-1.52,0.16
0.36788,-1.6,0.08
0.36792,-1.52,0.08
0.36796,-1.68,0.16
0.368,-1.52,0.08
0.36804,-1.6,0
0.36808,-1.6,0.08
0.36812,-1.6,0
0.36816,-1.6,0.08
0.3682,-1.6,0.08
0.36824,-1.52,0.08
0.36828,-1.6,0.08
0.36832,-1.52,0.08
0.36836,-1.52,0
0.3684,-1.6,0.08
0.36844,-1.6,0.08
0.36848,-1.6,0.16
0.36852,-1.52,0.08
0.36856,-1.6,0
0.3686,-1.52,0.16
0.36864,-1.6,0.08
0.36868,-1.6,0.16
0.36872,-1.6,0.08
0.36876,-1.52,0.16
0.3688,-1.6,0.08
0.36884,-1.6,0
0.36888,-1.6,0.08
0.36892,-1.52,0
0.36896,-1.6,0.16
0.369,-1.6,0.16
0.36904,-1.6,0
0.36908,-1.52,0.08
0.36912,-1.6,0
0.36916,-1.6,0
0.3692,-1.52,0
0.36924,-1.6,0
0.36928,-1.6,0.08
0.36932,-1.6,0.08
0.36936,-1.6,0
0.3694,-1.6,0.08
0.36944,-1.52,0.08
0.36948,-1.52,0
0.36952,-1.6,0.08
0.36956,-1.6,0
0.3696,-1.6,0.08
0.36964,-1.6,0
0.36968,-1.6,0
0.36972,-1.52,0.08
0.36976,-1.6,0.08
0.3698,-1.52,0
0.36984,-1.6,0.08
0.36988,-1.6,0.08
0.36992,-1.52,0
0.36996,-1.6,0
0.37,-1.52,0.16
0.37004,-1.52,0.16
0.37008,-1.6,0.08
0.37012,-1.44,0.08
0.37016,-1.6,0.08
0.3702,-1.6,0.08
0.37024,-1.6,0
0.37028,-1.44,0.08
0.37032,-1.52,0
0.37036,-1.52,0
0.3704,-1.52,0
0.37044,-1.6,0
0.37048,-1.52,0
0.37052,-1.52,0.08
0.37056,-1.6,0
0.3706,-1.52,0
0.37064,-1.52,0.16
0.37068,-1.44,0.08
0.37072,-1.6,0
0.37076,-1.44,0.08
0.3708,-1.6,0.08
0.37084,-1.52,0
0.37088,-1.6,0.08
0.37092,-1.6,0.08
0.37096,-1.6,0.08
0.371,-1.52,0
0.37104,-1.6,0.08
0.37108,-1.6,0
0.37112,-1.52,0
0.37116,-1.6,0.08
0.3712,-1.52,0.08
0.37124,-1.44,0.08
0.37128,-1.52,0.08
0.37132,-1.52,0
0.37136,-1.6,0
0.3714,-1.6,0
0.37144,-1.52,0
0.37148,-1.6,0
0.37152,-1.52,0
0.37156,-1.52,0.08
0.3716,-1.44,0
0.37164,-1.52,0.08
0.37168,-1.6,0.08
0.37172,-1.52,0.08
0.37176,-1.44,0
0.3718,-1.52,0.08
0.37184,-1.44,0.08
0.37188,-1.52,0
0.37192,-1.44,0.08
0.37196,-1.44,0.08
0.372,-1.44,0
0.37204,-1.44,0.08
0.37208,-1.6,0.08
0.37212,-1.52,0.08
0.37216,-1.52,0
0.3722,-1.6,0.08
0.37224,-1.44,0.08
0.37228,-1.52,0.08
0.37232,-1.44,0
0.37236,-1.52,0.08
0.3724,-1.44,0.08
0.37244,-1.6,0
0.37248,-1.6,0
0.37252,-1.44,0.08
0.37256,-1.52,0.08
0.3726,-1.52,0.08
0.37264,-1.44,0.08
0.37268,-1.6,0.08
0.37272,-1.44,0.16
0.37276,-1.52,0
0.3728,-1.6,0
0.37284,-1.44,0.08
0.37288,-1.6,0.08
0.37292,-1.52,0
0.37296,-1.6,0.08
0.373,-1.52,0
0.37304,-1.52,0
0.37308,-1.6,0.08
0.37312,-1.52,0.08
0.37316,-1.52,0.08
0.3732,-1.6,0.08
0.37324,-1.52,0.08
0.37328,-1.6,0.08
0.37332,-1.52,0
0.37336,-1.6,0.08
0.3734,-1.52,0.08
0.37344,-1.52,0.16
0.37348,-1.52,0.08
0.37352,-1.52,0
0.37356,-1.52,0.08
0.3736,-1.6,0.08
0.37364,-1.6,0.16
0.37368,-1.52,0.08
0.37372,-1.6,0.08
0.37376,-1.6,0.08
0.3738,-1.52,0
0.37384,-1.6,0.16
0.37388,-1.44,0.16
0.37392,-1.52,0.08
0.37396,-1.6,0.08
0.374,-1.6,0.08
0.37404,-1.52,0.08
0.37408,-1.6,0.08
0.37412,-1.6,0.08
0.37416,-1.68,0.08
0.3742,-1.6,0.08
0.37424,-1.68,0.08
0.37428,-1.52,0.08
0.37432,-1.6,0.08
0.37436,-1.6,0.08
0.3744,-1.52,0.08
0.37444,-1.6,0.08
0.37448,-1.6,0.08
0.37452,-1.52,0.08
0.37456,-1.52,0
0.3746,-1.68,0.08
0.37464,-1.6,0
0.37468,-1.6,0.16
0.37472,-1.6,0
0.37476,-1.6,0.08
0.3748,-1.6,0
0.37484,-1.6,0.08
0.37488,-1.6,0
0.37492,-1.52,0.08
0.37496,-1.52,0
0.375,-1.52,0.08
0.37504,-1.52,0.08
0.37508,-1.52,0.08
0.37512,-1.52,0.16
0.37516,-1.52,0.08
0.3752,-1.44,0.08
0.37524,-1.44,0.08
0.37528,-1.52,0.08
0.37532,-1.44,0.08
0.37536,-1.52,0.08
0.3754,-1.52,0
0.37544,-1.52,0
0.37548,-1.52,0.08
0.37552,-1.44,0.08
0.37556,-1.6,0
0.3756,-1.36,0.08
0.37564,-1.6,0.16
0.37568,-1.44,0.08
0.37572,-1.52,0.16
0.37576,-1.52,0.08
0.3758,-1.44,0.16
0.37584,-1.6,0
0.37588,-1.44,0.16
0.37592,-1.6,0.08
0.37596,-1.6,0.08
0.376,-1.52,0.08
0.37604,-1.44,0.08
0.37608,-1.52,0.16
0.37612,-1.52,0.16
0.37616,-1.6,0.16
0.3762,-1.52,0.16
0.37624,-1.6,0.08
0.37628,-1.52,0.16
0.37632,-1.52,0.08
0.37636,-1.52,0.16
0.3764,-1.6,0.16
0.37644,-1.6,0.16
0.37648,-1.6,0
0.37652,-1.6,0.16
0.37656,-1.6,0.08
0.3766,-1.6,0.08
0.37664,-1.6,0.08
0.37668,-1.6,0.08
0.37672,-1.52,0.08
0.37676,-1.6,0.08
0.3768,-1.6,0
0.37684,-1.68,0.08
0.37688,-1.52,0.08
0.37692,-1.68,0.08
0.37696,-1.52,0.08
0.377,-1.6,0
0.37704,-1.52,0
0.37708,-1.52,0.08
0.37712,-1.44,0
0.37716,-1.6,0
0.3772,-1.6,0
0.37724,-1.52,0
0.37728,-1.6,0
0.37732,-1.6,0.08
0.37736,-1.44,0
0.3774,-1.52,0
0.37744,-1.6,0
0.37748,-1.52,0.08
0.37752,-1.52,0
0.37756,-1.44,0.08
0.3776,-1.52,0.08
0.37764,-1.52,0.08
0.37768,-1.44,0
0.37772,-1.6,0
0.37776,-1.52,0
0.3778,-1.52,0.08
0.37784,-1.52,0
0.37788,-1.6,0.08
0.37792,-1.52,0
0.37796,-1.52,0
0.378,-1.6,0
0.37804,-1.6,0.08
0.37808,-1.6,0.08
0.37812,-1.52,0.08
0.37816,-1.44,0
0.3782,-1.52,0
0.37824,-1.52,0
0.37828,-1.52,0.08
0.37832,-1.6,0.08
0.37836,-1.52,0
0.3784,-1.44,0.08
0.37844,-1.52,0.08
0.37848,-1.44,0
0.37852,-1.52,-0.08
0.37856,-1.6,0.08
0.3786,-1.52,0.16
0.37864,-1.52,0.08
0.37868,-1.52,0
0.37872,-1.6,0.08
0.37876,-1.6,0.08
0.3788,-1.52,0
0.37884,-1.44,0.08
0.37888,-1.44,0
0.37892,-1.6,0.16
0.37896,-1.52,0.08
0.379,-1.52,0
0.37904,-1.6,0.08
0.37908,-1.52,0.08
0.37912,-1.44,0
0.37916,-1.6,0.08
0.3792,-1.52,0
0.37924,-1.6,0.08
0.37928,-1.52,0.08
0.37932,-1.52,0
0.37936,-1.52,0.08
0.3794,-1.6,0.08
0.37944,-1.44,0.08
0.37948,-1.52,0.08
0.37952,-1.6,0.08
0.37956,-1.6,0.08
0.3796,-1.52,0.08
0.37964,-1.52,0
0.37968,-1.52,0.08
0.37972,-1.44,0.08
0.37976,-1.52,0.08
0.3798,-1.6,0.16
0.37984,-1.52,0
0.37988,-1.52,0
0.37992,-1.52,0
0.37996,-1.52,0
0.38,-1.44,0.16
0.38004,-1.52,0.08
0.38008,-1.44,0
0.38012,-1.6,0
0.38016,-1.52,0.08
0.3802,-1.52,0
0.38024,-1.6,0.08
0.38028,-1.52,0
0.38032,-1.44,0.08
0.38036,-1.44,0.08
0.3804,-1.6,0.08
0.38044,-1.6,0.08
0.38048,-1.6,0.08
0.38052,-1.44,0
0.38056,-1.52,0.16
0.3806,-1.52,0
0.38064,-1.52,0
0.38068,-1.52,0
0.38072,-1.6,0.16
0.38076,-1.6,0.08
0.3808,-1.6,0.08
0.38084,-1.52,0.08
0.38088,-1.52,0
0.38092,-1.6,0.08
0.38096,-1.52,0.16
0.381,-1.6,0
0.38104,-1.6,0.08
0.38108,-1.6,0.08
0.38112,-1.44,0.08
0.38116,-1.52,0.08
