0.2832,-1.76,0.08
0.28324,-1.76,0.08
0.28328,-1.84,0.08
0.28332,-1.92,0.16
0.28336,-1.84,0.08
0.2834,-1.84,0.08
0.28344,-1.92,0.08
0.28348,-1.84,0.08
0.28352,-1.84,0.16
0.28356,-1.84,0
0.2836,-1.92,0.16
0.28364,-1.84,0.08
0.28368,-1.84,0.16
0.28372,-1.84,0.08
0.28376,-1.92,0.08
0.2838,-1.92,0.16
0.28384,-1.92,0.08
0.28388,-1.92,0.08
0.28392,-1.92,0.08
0.28396,-1.92,0
0.284,-1.92,0.16
0.28404,-1.92,0.08
0.28408,-1.92,0.08
0.28412,-1.92,0.16
0.28416,-1.92,0.08
0.2842,-1.84,0.08
0.28424,-1.92,0.08
0.28428,-1.92,0.08
0.28432,-1.92,0.08
0.28436,-1.92,0.08
0.2844,-1.92,0
0.28444,-2,0
0.28448,-1.92,0.08
0.28452,-1.92,0
0.28456,-1.84,0
0.2846,-1.92,0
0.28464,-1.92,0.16
0.28468,-1.92,0.08
0.28472,-2,0.08
0.28476,-1.92,0.08
0.2848,-1.92,0
0.28484,-1.92,0
0.28488,-1.92,0.08
0.28492,-1.84,0.08
0.28496,-1.84,0.16
0.285,-1.92,0
0.28504,-1.92,0.08
0.28508,-1.84,0.08
0.28512,-1.84,0.08
0.28516,-1.84,0.08
0.2852,-1.92,0.08
0.28524,-1.92,0
0.28528,-1.84,0
0.28532,-1.76,0.08
0.28536,-1.84,0.08
0.2854,-1.76,0.08
0.28544,-1.92,0.08
0.28548,-1.84,0.08
0.28552,-1.84,0
0.28556,-1.92,0.08
0.2856,-1.84,0.16
0.28564,-1.84,0.08
0.28568,-1.84,0.16
0.28572,-1.84,0.16
0.28576,-1.84,0.16
0.2858,-1.84,0.08
0.28584,-1.92,0.16
0.28588,-1.84,0.08
0.28592,-1.84,0.24
0.28596,-1.84,0.08
0.286,-1.84,0.16
0.28604,-1.84,0.16
0.28608,-1.84,0.08
0.28612,-1.84,0.16
0.28616,-1.84,0.16
0.2862,-1.84,0.16
0.28624,-1.76,0.16
0.28628,-1.84,0.16
0.28632,-1.84,0.08
0.28636,-1.84,0.16
0.2864,-1.84,0.16
0.28644,-1.84,0.16
0.28648,-1.84,0.16
0.28652,-1.92,0.16
0.28656,-1.84,0.08
0.2866,-1.84,0.08
0.28664,-1.92,0.16
0.28668,-1.84,0.16
0.28672,-1.92,0.16
0.28676,-1.92,0.24
0.2868,-1.92,0.16
0.28684,-1.92,0.16
0.28688,-2,0.24
0.28692,-1.92,0.16
0.28696,-1.92,0.08
0.287,-1.92,0.08
0.28704,-1.92,0.16
0.28708,-1.92,0.08
0.28712,-1.92,0.08
0.28716,-1.92,0.16
0.2872,-1.92,0.08
0.28724,-2,0.24
0.28728,-2,0.08
0.28732,-1.84,0.16
0.28736,-1.92,0.08
0.2874,-1.76,0.16
0.28744,-1.84,0.08
0.28748,-1.84,0.08
0.28752,-1.92,0.08
0.28756,-1.92,0.08
0.2876,-1.84,0.08
0.28764,-1.92,0
0.28768,-2,0.08
0.28772,-1.92,0.08
0.28776,-1.84,0
0.2878,-1.92,0.08
0.28784,-1.84,0.08
0.28788,-1.92,0
0.28792,-1.84,0.08
0.28796,-1.92,0.08
0.288,-1.92,0
0.28804,-1.92,0
0.28808,-1.84,0.16
0.28812,-1.84,0.08
0.28816,-1.84,0.08
0.2882,-1.92,0
0.28824,-1.92,0
0.28828,-1.84,0.08
0.28832,-1.84,0.08
0.28836,-1.84,0.08
0.2884,-1.84,0.08
0.28844,-1.84,0.08
0.28848,-1.84,0.08
0.28852,-1.92,0.08
0.28856,-1.92,0.08
0.2886,-1.76,0.08
0.28864,-1.92,0.08
0.28868,-1.84,0.08
0.28872,-1.84,0.08
0.28876,-1.84,0.08
0.2888,-1.84,0.08
0.28884,-1.84,0.08
0.28888,-1.84,0.08
0.28892,-1.92,0.08
0.28896,-1.84,0.08
0.289,-1.84,0.16
0.28904,-1.92,0.16
0.28908,-1.92,0.08
0.28912,-1.84,0.16
0.28916,-1.84,0.08
0.2892,-1.92,0.16
0.28924,-1.84,0.16
0.28928,-1.76,0.16
0.28932,-1.84,0.16
0.28936,-1.84,0.08
0.2894,-1.84,0.08
0.28944,-1.84,0.16
0.28948,-1.84,0.16
0.28952,-1.84,0.08
0.28956,-1.92,0.16
0.2896,-1.92,0.16
0.28964,-1.92,0.16
0.28968,-1.84,0.16
0.28972,-1.92,0.16
0.28976,-1.76,0.08
0.2898,-1.92,0.08
0.28984,-1.84,0
0.28988,-1.84,0.08
0.28992,-1.84,0.08
0.28996,-1.84,0.08
0.29,-1.84,0.08
0.29004,-1.84,0.08
0.29008,-1.84,0.08
0.29012,-1.76,0.16
0.29016,-1.92,0.08
0.2902,-1.84,0.08
0.29024,-1.84,0.16
0.29028,-1.84,0.08
0.29032,-1.92,0.08
0.29036,-1.92,0.08
0.2904,-1.84,0.08
0.29044,-1.84,0.08
0.29048,-1.92,0
0.29052,-1.84,0.08
0.29056,-1.92,0
0.2906,-1.84,0.08
0.29064,-1.84,0.16
0.29068,-1.92,0.16
0.29072,-1.92,0.16
0.29076,-1.92,0.08
0.2908,-1.92,0.16
0.29084,-1.92,0.08
0.29088,-1.92,0.08
0.29092,-1.92,0.08
0.29096,-1.92,0.08
0.291,-1.84,0.08
0.29104,-1.92,0
0.29108,-1.92,0
0.29112,-1.92,0
0.29116,-1.84,0
0.2912,-1.76,0.08
0.29124,-1.84,0.08
0.29128,-1.84,0
0.29132,-1.92,0.08
0.29136,-1.84,0.08
0.2914,-1.84,0.16
0.29144,-1.92,0.08
0.29148,-1.84,0.08
0.29152,-1.92,0.08
0.29156,-1.92,0
0.2916,-1.84,0.08
0.29164,-1.92,0.08
0.29168,-1.84,0.16
0.29172,-1.92,0.16
0.29176,-1.92,0.08
0.2918,-1.84,0
0.29184,-1.92,0.08
0.29188,-1.92,0.08
0.29192,-1.92,0
0.29196,-1.84,0.16
0.292,-1.92,0.08
0.29204,-1.84,0.08
0.29208,-1.84,0.08
0.29212,-2,0.08
0.29216,-1.92,0.08
0.2922,-1.92,0.08
0.29224,-1.92,0.08
0.29228,-1.84,0.08
0.29232,-1.92,0.16
0.29236,-1.84,0.08
0.2924,-1.84,0.08
0.29244,-1.92,0.16
0.29248,-1.92,0.16
0.29252,-1.84,0.08
0.29256,-1.92,0.16
0.2926,-1.84,0.08
0.29264,-1.92,0.08
0.29268,-1.84,0.08
0.29272,-1.84,0.08
0.29276,-1.84,0.08
0.2928,-1.92,0.08
0.29284,-1.84,0
0.29288,-1.84,0.16
0.29292,-1.92,0.08
0.29296,-1.84,0.08
0.293,-1.92,0.08
0.29304,-1.84,0.08
0.29308,-1.76,0.08
0.29312,-1.84,0.08
0.29316,-1.84,0.16
0.2932,-1.84,0.08
0.29324,-1.84,0.16
0.29328,-1.84,0.08
0.29332,-1.84,0.08
0.29336,-1.84,0.08
0.2934,-1.84,0.08
0.29344,-1.84,0.08
0.29348,-1.92,0.08
0.29352,-1.84,0.08
0.29356,-1.84,0.08
0.2936,-1.92,0.08
0.29364,-1.84,0.08
0.29368,-1.84,0.16
0.29372,-1.84,0.08
0.29376,-1.92,0.08
0.2938,-1.84,0.16
0.29384,-1.84,0.08
0.29388,-1.84,0.08
0.29392,-1.92,0.16
0.29396,-1.92,0.08
0.294,-1.92,0.16
0.29404,-1.92,0.08
0.29408,-1.84,0.08
0.29412,-1.84,0.16
0.29416,-1.84,0.08
0.2942,-1.92,0.16
0.29424,-1.92,0.08
0.29428,-1.84,0.08
0.29432,-1.84,0.08
0.29436,-1.84,0.08
0.2944,-1.84,0.16
0.29444,-1.84,0.16
0.29448,-1.84,0.08
0.29452,-1.92,0.16
0.29456,-1.92,0.08
0.2946,-1.84,0.08
0.29464,-1.92,0.16
0.29468,-1.84,0.16
0.29472,-1.84,0.16
0.29476,-1.92,0.16
0.2948,-1.92,0.08
0.29484,-1.92,0.16
0.29488,-2,0.08
0.29492,-1.92,0.16
0.29496,-1.92,0.08
0.295,-1.92,0.08
0.29504,-1.84,0.08
0.29508,-1.92,0.08
0.29512,-1.92,0.08
0.29516,-1.92,0.16
0.2952,-1.84,0.16
0.29524,-1.84,0.16
0.29528,-1.92,0.08
0.29532,-1.92,0.16
0.29536,-1.92,0.16
0.2954,-2,0.08
0.29544,-1.84,0.16
0.29548,-1.84,0.08
0.29552,-1.92,0.16
0.29556,-1.84,0.16
0.2956,-1.92,0
0.29564,-1.84,0.08
0.29568,-1.92,0.16
0.29572,-1.92,0
0.29576,-1.92,0.08
0.2958,-1.84,0.08
0.29584,-1.92,0.08
0.29588,-1.84,0.16
0.29592,-1.92,0.08
0.29596,-1.92,0.08
0.296,-1.92,0.16
0.29604,-1.84,0
0.29608,-1.84,0.08
0.29612,-1.92,0.08
0.29616,-1.92,-0.08
0.2962,-1.84,0.16
0.29624,-1.84,0.08
0.29628,-1.84,0.16
0.29632,-1.84,0.08
0.29636,-1.92,0.16
0.2964,-1.84,0.16
0.29644,-1.92,0.08
0.29648,-1.84,0.16
0.29652,-1.76,0.08
0.29656,-1.92,0.08
0.2966,-1.92,0.16
0.29664,-1.92,0.16
0.29668,-1.84,0.08
0.29672,-1.92,0.16
0.29676,-1.84,0.08
0.2968,-1.84,0.16
0.29684,-1.84,0.24
0.29688,-1.84,0.16
0.29692,-1.92,0.08
0.29696,-1.92,0.16
0.297,-1.92,0.16
0.29704,-1.92,0.08
0.29708,-1.92,0.08
0.29712,-1.84,0.08
0.29716,-1.84,0.16
0.2972,-1.84,0.08
0.29724,-1.92,0.08
0.29728,-1.84,0.16
0.29732,-1.92,0.08
0.29736,-1.84,0.08
0.2974,-1.92,0.08
0.29744,-1.92,0.08
0.29748,-1.84,0.16
0.29752,-1.92,0.16
0.29756,-1.92,0.08
0.2976,-1.84,0.08
0.29764,-1.84,0
0.29768,-1.84,0.08
0.29772,-1.92,0
0.29776,-1.76,0.08
0.2978,-1.76,0.08
0.29784,-1.92,0.16
0.29788,-1.84,0.16
0.29792,-1.92,0.08
0.29796,-1.84,0.08
0.298,-1.68,0.16
0.29804,-1.84,0.16
0.29808,-1.84,0.16
0.29812,-1.84,0.16
0.29816,-1.84,0.16
0.2982,-1.84,0.16
0.29824,-1.76,0.24
0.29828,-1.84,0.24
0.29832,-1.84,0.16
0.29836,-1.76,0.24
0.2984,-1.92,0.24
0.29844,-1.92,0.24
0.29848,-1.92,0.24
0.29852,-2,0.16
0.29856,-2.08,0.24
0.2986,-2,0.16
0.29864,-2,0.16
0.29868,-2,0.16
0.29872,-2.08,0.08
0.29876,-2.08,0.08
0.2988,-2.08,0.08
0.29884,-2,0.08
0.29888,-2.08,0
0.29892,-2.08,0
0.29896,-2.08,0
0.299,-2.08,-0.08
0.29904,-2.08,-0.16
0.29908,-2.16,-0.16
0.29912,-2.08,-0.08
0.29916,-2,-0.24
0.2992,-2,-0.24
0.29924,-2,-0.16
0.29928,-1.92,-0.16
0.29932,-1.92,-0.24
0.29936,-1.92,-0.32
0.2994,-1.84,-0.24
0.29944,-1.84,-0.24
0.29948,-1.84,-0.24
0.29952,-1.76,-0.24
0.29956,-1.84,-0.32
0.2996,-1.68,-0.16
0.29964,-1.68,-0.24
0.29968,-1.6,-0.24
0.29972,-1.52,-0.16
0.29976,-1.44,-0.16
0.2998,-1.52,-0.16
0.29984,-1.44,-0.16
0.29988,-1.44,-0.16
0.29992,-1.44,0
0.29996,-1.44,0
0.3,-1.44,0.08
0.30004,-1.44,0.08
0.30008,-1.44,0.16
0.30012,-1.36,0.24
0.30016,-1.44,0.24
0.3002,-1.44,0.24
0.30024,-1.44,0.32
0.30028,-1.52,0.32
0.30032,-1.52,0.4
0.30036,7.2,7.2
0.3004,7.2,7.2
0.30044,7.12,7.28
0.30048,-2.24,4.16
0.30052,-0.72,2
0.30056,-1.52,0.56
0.3006,-1.6,0.24
0.30064,-1.6,0.24
0.30068,-1.52,0.08
0.30072,-1.6,0.16
0.30076,-1.52,0.16
0.3008,-1.44,0.08
0.30084,-1.44,0.08
0.30088,-1.36,0.08
0.30092,-1.36,0
0.30096,-1.28,0.16
0.301,-1.28,0.08
0.30104,-1.28,0.16
0.30108,-1.36,0.24
0.30112,-1.36,0.24
0.30116,-1.36,0.32
0.3012,-1.44,0.32
0.30124,-1.44,0.4
0.30128,-1.44,0.4
0.30132,-1.44,0.4
0.30136,-1.44,0.56
0.3014,-1.52,0.48
0.30144,-1.44,0.56
0.30148,-1.44,0.56
0.30152,-1.6,0.48
0.30156,-1.6,0.64
0.3016,-1.6,0.48
0.30164,-1.68,0.56
0.30168,-1.76,0.56
0.30172,-1.68,0.56
0.30176,-1.84,0.48
0.3018,-1.92,0.56
0.30184,-2,0.4
0.30188,-1.92,0.56
0.30192,-2,0.48
0.30196,-1.92,0.48
0.302,-2,0.4
0.30204,-2,0.32
0.30208,-2,0.32
0.30212,-2.08,0.32
0.30216,-1.92,0.24
0.3022,-2.16,0.24
0.30224,-2.08,0.16
0.30228,-2.08,0.16
0.30232,-2.08,0.16
0.30236,-2,0.16
0.3024,-2.08,0.24
0.30244,-2,0.16
0.30248,-2,0.08
0.30252,-2,0.08
0.30256,-1.92,0.08
0.3026,-1.92,0.08
0.30264,-2,0
0.30268,-1.92,0
0.30272,-1.92,0.08
0.30276,-1.92,0
0.3028,-1.92,0.08
0.30284,-1.92,0.08
0.30288,-1.84,0.08
0.30292,-1.84,0
0.30296,-1.84,0.08
0.303,-1.84,0.08
0.30304,-1.92,0.08
0.30308,-1.92,0.08
0.30312,-1.84,0.08
0.30316,-1.84,0.16
0.3032,-1.84,0.16
0.30324,-1.92,0.08
0.30328,-1.76,0.08
0.30332,-1.92,0.16
0.30336,-1.84,0.16
0.3034,-1.76,0.16
0.30344,-1.92,0.24
0.30348,-1.84,0.16
0.30352,-1.84,0.16
0.30356,-1.84,0.16
0.3036,-1.84,0.16
0.30364,-1.92,0.16
0.30368,-1.84,0.16
0.30372,-1.92,0.08
0.30376,-1.84,0.16
0.3038,-1.92,0.16
0.30384,-1.92,0.08
0.30388,-2,0.08
0.30392,-1.92,0.08
0.30396,-1.84,0.16
0.304,-1.84,0.08
0.30404,-1.84,0.16
0.30408,-1.84,0.16
0.30412,-1.84,0.08
0.30416,-1.92,0.08
0.3042,-1.92,0.08
0.30424,-1.84,0.08
0.30428,-1.92,0.16
0.30432,-1.92,0
0.30436,-1.84,0.08
0.3044,-1.84,0.16
0.30444,-1.84,0.16
0.30448,-1.84,0.16
0.30452,-1.84,0.16
0.30456,-1.84,0
0.3046,-1.84,0.08
0.30464,-1.76,0.08
0.30468,-1.84,0.16
0.30472,-1.92,0.08
0.30476,-1.84,0.16
0.3048,-1.92,0.08
0.30484,-1.84,0.16
0.30488,-1.76,0.16
0.30492,-1.76,0.16
0.30496,-1.84,0.08
0.305,-1.84,0.16
0.30504,-1.84,0.16
0.30508,-1.84,0.24
0.30512,-1.84,0.16
0.30516,-1.92,0.16
0.3052,-1.84,0.16
0.30524,-1.84,0.16
0.30528,-1.84,0.16
0.30532,-1.92,0.16
0.30536,-1.92,0.16
0.3054,-1.84,0.16
0.30544,-2,0.08
0.30548,-1.92,0.16
0.30552,-1.84,0.16
0.30556,-1.92,0.16
0.3056,-1.84,0.08
0.30564,-1.92,0.16
0.30568,-1.84,0.08
0.30572,-1.84,0.16
0.30576,-1.92,0.16
0.3058,-1.84,0.16
0.30584,-1.84,0.16
0.30588,-1.84,0.16
0.30592,-1.92,0.16
0.30596,-1.84,0.16
0.306,-1.92,0.16
0.30604,-1.92,0.16
0.30608,-1.84,0.16
0.30612,-1.92,0.08
0.30616,-1.84,0.16
0.3062,-1.84,0.16
0.30624,-1.84,0.16
0.30628,-1.84,0.16
0.30632,-1.92,0.08
0.30636,-1.92,0.08
0.3064,-1.84,0.08
0.30644,-1.92,0.16
0.30648,-1.92,0.16
0.30652,-1.84,0.08
0.30656,-1.92,0.08
0.3066,-1.84,0.08
0.30664,-1.84,0.08
0.30668,-1.84,0.16
0.30672,-1.92,0.16
0.30676,-1.76,0.16
0.3068,-1.92,0.16
0.30684,-1.92,0.16
0.30688,-1.92,0.16
0.30692,-1.92,0.08
0.30696,-1.92,0.08
0.307,-1.92,0.16
0.30704,-1.84,0.08
0.30708,-1.92,0.16
0.30712,-1.84,0.08
0.30716,-1.84,0.08
0.3072,-1.92,0.16
0.30724,-1.92,0.16
0.30728,-1.84,0.16
0.30732,-1.84,0.16
0.30736,-1.84,0.16
0.3074,-1.92,0.16
0.30744,-1.84,0.08
0.30748,-1.92,0.08
0.30752,-1.92,0
0.30756,-1.84,0.08
0.3076,-1.92,0
0.30764,-1.92,0.08
0.30768,-1.92,0.08
0.30772,-1.84,0.08
0.30776,-1.84,0.16
0.3078,-2,0.08
0.30784,-2,0.08
0.30788,-1.92,0.08
0.30792,-1.84,0.08
0.30796,-1.84,0.08
0.308,-1.84,0.16
0.30804,-1.92,0.16
0.30808,-1.92,0.08
0.30812,-1.92,0.16
0.30816,-1.84,0.08
0.3082,-1.84,0
0.30824,-1.84,0.08
0.30828,-1.84,0.08
0.30832,-1.92,0.16
0.30836,-1.84,0.08
0.3084,-1.84,0.08
0.30844,-1.92,0.08
0.30848,-1.84,0.08
0.30852,-1.84,0.08
0.30856,-1.92,0.08
0.3086,-1.92,0.08
0.30864,-1.84,0.08
0.30868,-1.92,0.16
0.30872,-1.84,0.08
0.30876,-1.84,0
0.3088,-1.84,0.08
0.30884,-1.84,0.08
0.30888,-1.84,0.08
0.30892,-1.92,0.16
0.30896,-1.92,0.08
0.309,-1.92,0.16
0.30904,-1.76,0.08
0.30908,-1.92,0.08
0.30912,-1.76,0.08
0.30916,-1.92,0.16
0.3092,-1.84,0.08
0.30924,-1.84,0.08
0.30928,-1.92,0
0.30932,-1.84,0
0.30936,-1.92,0.08
0.3094,-1.84,0.16
0.30944,-1.92,0.16
0.30948,-1.76,0.16
0.30952,-1.92,0
0.30956,-1.84,0.08
0.3096,-1.92,0.16
0.30964,-1.92,0.08
0.30968,-1.84,0.08
0.30972,-1.84,0.08
0.30976,-1.84,0.08
0.3098,-1.84,0.16
0.30984,-1.84,0.08
0.30988,-1.84,0.08
0.30992,-1.92,0.08
0.30996,-1.92,0.16
0.31,-1.84,0.08
0.31004,-1.84,0.16
0.31008,-1.84,0.16
0.31012,-1.84,0.16
0.31016,-1.92,0.08
0.3102,-1.92,0.08
0.31024,-1.92,0.08
0.31028,-1.84,0.08
0.31032,-1.84,0.08
0.31036,-1.84,0.16
0.3104,-1.84,0.08
0.31044,-1.84,0.16
0.31048,-1.92,0.08
0.31052,-1.92,0.16
0.31056,-1.92,0.08
0.3106,-1.84,0.08
0.31064,-1.92,0.08
0.31068,-1.84,0.16
0.31072,-1.84,0.08
0.31076,-1.92,0.16
0.3108,-1.84,0.16
0.31084,-1.92,0.08
0.31088,-1.84,0.08
0.31092,-1.92,0.16
0.31096,-1.76,0.16
0.311,-1.84,0.08
0.31104,-1.84,0.08
0.31108,-1.92,0.16
0.31112,-1.92,0.08
0.31116,-1.84,0.16
0.3112,-1.92,0.08
0.31124,-1.92,0.16
0.31128,-1.84,0
0.31132,-1.92,0.08
0.31136,-1.92,0.08
0.3114,-1.84,0.16
0.31144,-1.84,0.08
0.31148,-1.92,0.16
0.31152,-1.84,0.08
0.31156,-1.92,0.08
0.3116,-1.84,0.08
0.31164,-1.84,0.08
0.31168,-1.84,0.08
0.31172,-1.92,0.08
0.31176,-1.92,0
0.3118,-1.84,0.08
0.31184,-1.76,0.16
0.31188,-1.84,0.08
0.31192,-1.84,0
0.31196,-1.84,0.08
0.312,-1.92,0.16
0.31204,-2,0.16
0.31208,-1.84,0.16
0.31212,-1.84,0.08
0.31216,-1.84,0.16
0.3122,-1.92,0.16
0.31224,-1.92,0.08
0.31228,-1.84,0.08
0.31232,-1.84,0.08
0.31236,-1.92,0.16
0.3124,-1.84,0.08
0.31244,-1.84,0.16
0.31248,-1.84,0.16
0.31252,-1.76,0.08
0.31256,-1.84,0.16
0.3126,-1.84,0.08
0.31264,-1.84,0.08
0.31268,-1.92,0.16
0.31272,-1.76,0.16
0.31276,-1.76,0.08
0.3128,-1.84,0.16
0.31284,-1.92,0.16
0.31288,-1.92,0.08
0.31292,-1.84,0.16
0.31296,-1.92,0.16
0.313,-1.84,0.16
0.31304,-1.92,0.16
0.31308,-1.84,0.24
0.31312,-1.84,0.16
0.31316,-1.84,0.16
0.3132,-1.84,0.16
0.31324,-1.92,0.16
0.31328,-1.92,0.16
0.31332,-1.92,0.16
0.31336,-1.92,0.24
0.3134,-1.92,0.16
0.31344,-1.92,0.16
0.31348,-1.92,0.24
0.31352,-1.92,0.16
0.31356,-1.92,0.08
0.3136,-1.92,0.08
0.31364,-1.92,0.08
0.31368,-2,0.16
0.31372,-1.92,0.08
0.31376,-1.92,0.16
0.3138,-2,0.16
0.31384,-1.92,0.16
0.31388,-1.92,0.08
0.31392,-1.92,0.16
0.31396,-2,0.08
0.314,-1.92,0.08
0.31404,-1.92,0.08
0.31408,-2,0.16
0.31412,-2.08,0.08
0.31416,-1.92,0.08
0.3142,-2.08,0.08
0.31424,-1.84,0
0.31428,-2,0.08
0.31432,-1.92,0
0.31436,-1.92,0
0.3144,-1.92,0.08
0.31444,-1.92,0
0.31448,-1.92,0
0.31452,-1.92,-0.08
0.31456,-1.92,0
0.3146,-1.84,0
0.31464,-1.92,0
0.31468,-1.84,-0.08
0.31472,-1.84,0
0.31476,-1.92,0
0.3148,-1.84,-0.08
0.31484,-1.84,0
0.31488,-1.84,0
0.31492,-1.84,0
0.31496,-1.84,0
0.315,-1.84,0.08
0.31504,-1.84,0
0.31508,-1.92,0.08
0.31512,-1.84,0
0.31516,-1.84,-0.08
0.3152,-1.84,0
0.31524,-1.76,0.08
0.31528,-1.84,0
0.31532,-1.84,0.08
0.31536,-1.84,0
0.3154,-1.84,0.08
0.31544,-1.84,0.08
0.31548,-1.76,0
0.31552,-1.84,0
0.31556,-1.84,0.08
0.3156,-1.92,0
0.31564,-1.92,0.08
0.31568,-1.84,0.08
0.31572,-1.84,0
0.31576,-1.84,0.08
0.3158,-1.84,0.08
0.31584,-1.84,0.08
0.31588,-1.84,0.08
0.31592,-1.84,0.08
0.31596,-1.84,0.08
0.316,-1.84,0.08
0.31604,-1.92,0.16
0.31608,-1.76,0.08
0.31612,-1.84,0.08
0.31616,-1.76,0.08
0.3162,-1.84,0.16
0.31624,-1.76,0.08
0.31628,-1.76,0.16
0.31632,-1.84,0.08
0.31636,-1.84,0.16
0.3164,-1.84,0.08
0.31644,-1.92,0.08
0.31648,-1.92,0.08
0.31652,-1.84,0.16
0.31656,-1.92,0.16
0.3166,-2,0.08
0.31664,-1.84,0.08
0.31668,-1.92,0.08
0.31672,-1.92,0.16
0.31676,-1.92,0.16
0.3168,-1.92,0.16
0.31684,-1.92,0.16
0.31688,-1.84,0.16
0.31692,-1.92,0.08
0.31696,-1.84,0.16
0.317,-1.84,0.08
0.31704,-1.84,0.08
0.31708,-1.92,0.16
0.31712,-1.92,0.16
0.31716,-2,0.08
0.3172,-1.84,0.08
0.31724,-1.84,0.08
0.31728,-1.84,0.08
0.31732,-1.92,0
0.31736,-1.84,0
0.3174,-1.92,0.08
0.31744,-1.92,0
0.31748,-1.84,0
0.31752,-1.84,0
0.31756,-1.84,0.08
0.3176,-1.84,0.08
0.31764,-1.76,0.08
0.31768,-1.84,0.08
0.31772,-1.84,0
0.31776,-1.84,0.08
0.3178,-1.84,0.08
0.31784,-1.84,0.08
0.31788,-1.84,0.08
0.31792,-1.84,0.08
0.31796,-1.92,0.08
0.318,-1.84,0.16
0.31804,-1.92,0.16
0.31808,-1.92,0.16
0.31812,-1.92,0.16
0.31816,-2,0.16
0.3182,-2,0.24
0.31824,-2.08,0.16
0.31828,-2.16,0.24
0.31832,-2.24,0.24
0.31836,-2.24,0.24
0.3184,-2.32,0.24
0.31844,-2.32,0.08
0.31848,-2.4,0.16
0.31852,-2.56,0.16
0.31856,-2.72,0.08
0.3186,-2.64,0.08
0.31864,-2.8,0
0.31868,-2.88,0
0.31872,-2.96,-0.16
0.31876,-2.96,-0.24
0.3188,-3.04,-0.4
0.31884,-3.2,-0.48
0.31888,-3.2,-0.64
0.31892,-3.36,-0.72
0.31896,-3.36,-0.88
0.319,-3.36,-1.04
0.31904,-3.36,-1.28
0.31908,-3.44,-1.52
0.31912,-3.52,-1.68
0.31916,-3.44,-1.84
0.3192,-3.44,-2
0.31924,-3.36,-2.24
0.31928,-3.36,-2.48
0.31932,-3.28,-2.64
0.31936,-3.28,-2.8
0.3194,-3.12,-3.04
0.31944,-2.96,-3.28
0.31948,-2.88,-3.44
0.31952,-2.72,-3.68
0.31956,-2.56,-3.84
0.3196,-2.32,-3.92
0.31964,-2.08,-4.08
0.31968,-1.92,-4.16
0.31972,-1.68,-4.4
0.31976,-1.44,-4.48
0.3198,-1.12,-4.56
0.31984,-0.96,-4.56
0.31988,-0.64,-4.64
0.31992,-0.4,-4.64
0.31996,-0.24,-4.56
0.32,0.24,-4.48
0.32004,0.32,-4.48
0.32008,0.72,-4.32
0.32012,0.88,-4.24
0.32016,1.28,-4.16
0.3202,1.44,-4
0.32024,1.68,-3.76
0.32028,1.84,-3.6
0.32032,2,-3.44
0.32036,2.32,-3.12
0.3204,2.4,-2.88
0.32044,2.56,-2.56
0.32048,2.72,-2.4
0.32052,2.72,-2.08
0.32056,2.88,-1.84
0.3206,2.96,-1.52
0.32064,2.96,-1.28
0.32068,3.04,-0.96
0.32072,2.96,-0.64
0.32076,2.96,-0.32
0.3208,2.96,-0.16
0.32084,2.8,0.16
0.32088,2.72,0.4
0.32092,2.64,0.72
0.32096,2.48,0.88
0.321,2.32,1.12
0.32104,2.16,1.28
0.32108,2,1.52
0.32112,1.84,1.68
0.32116,1.6,1.84
0.3212,1.44,2
0.32124,1.2,2.16
0.32128,1.04,2.16
0.32132,0.8,2.32
0.32136,0.56,2.32
0.3214,0.32,2.4
0.32144,0.16,2.24
0.32148,-0.08,2.32
0.32152,-0.32,2.32
0.32156,-0.48,2.32
0.3216,-0.72,2.24
0.32164,-0.88,2.24
0.32168,-0.96,2.16
0.32172,-1.04,2
0.32176,-1.28,1.92
0.3218,-1.36,1.76
0.32184,-1.52,1.76
0.32188,-1.6,1.52
0.32192,-1.68,1.44
0.32196,-1.76,1.36
0.322,-1.92,1.2
0.32204,-2,1.04
0.32208,-1.92,1.04
0.32212,-1.92,0.96
0.32216,-1.92,0.8
0.3222,-2.08,0.72
0.32224,-2.08,0.64
0.32228,-2.08,0.56
0.32232,-2.08,0.48
0.32236,-2.08,0.4
0.3224,-2.08,0.32
0.32244,-2,0.32
0.32248,-2,0.24
0.32252,-1.92,0.16
0.32256,-1.92,0.16
0.3226,-1.92,0.16
0.32264,-1.84,0.08
0.32268,-1.84,0.16
0.32272,-1.84,0.08
0.32276,-1.84,0.08
0.3228,-1.84,0.08
0.32284,-1.84,0.16
0.32288,-1.76,0.08
0.32292,-1.76,0
0.32296,-1.76,0
0.323,-1.68,0.16
0.32304,-1.76,0.16
0.32308,-1.68,0.08
0.32312,-1.68,0.16
0.32316,-1.84,0.16
0.3232,-1.76,0.08
0.32324,-1.68,0.08
0.32328,-1.84,0.08
0.32332,-1.76,0.16
0.32336,-1.76,0.08
0.3234,-1.68,0.08
0.32344,-1.84,0.08
0.32348,-1.84,0.16
0.32352,-1.84,0.16
0.32356,-1.76,0.16
0.3236,-1.84,0.24
0.32364,-1.84,0.24
0.32368,-1.84,0.16
0.32372,-1.84,0.16
0.32376,-1.92,0.16
0.3238,-1.84,0.16
0.32384,-1.92,0.08
0.32388,-1.92,0.08
0.32392,-1.92,0.16
0.32396,-1.92,0.16
0.324,-2,0.16
0.32404,-1.92,0.08
0.32408,-1.92,0.08
0.32412,-1.92,0.08
0.32416,-1.92,0.08
0.3242,-1.92,0.08
0.32424,-1.92,0.08
0.32428,-1.84,0.08
0.32432,-2,0.08
0.32436,-1.92,0
0.3244,-1.92,0.08
0.32444,-1.92,0.08
0.32448,-1.92,0
0.32452,-1.84,0
0.32456,-1.84,0.08
0.3246,-1.92,0.08
0.32464,-1.84,0.16
0.32468,-1.92,0
0.32472,-1.84,0.08
0.32476,-1.92,0.08
0.3248,-2,0.08
0.32484,-1.84,0
0.32488,-1.84,0.08
0.32492,-1.92,0.08
0.32496,-1.92,0.08
0.325,-1.92,0.08
0.32504,-1.84,0.08
0.32508,-1.92,0.08
0.32512,-1.92,0.08
0.32516,-1.84,0.08
0.3252,-1.92,0.08
0.32524,-1.84,0
0.32528,-1.92,0.08
0.32532,-1.92,0.08
0.32536,-1.84,0
0.3254,-1.84,0
0.32544,-1.84,0.16
0.32548,-1.84,0.08
0.32552,-1.92,0.08
0.32556,-1.84,0
0.3256,-1.84,0.08
0.32564,-1.84,0.08
0.32568,-1.84,0.16
0.32572,-1.84,0.16
0.32576,-1.76,0.08
0.3258,-1.84,0.16
0.32584,-1.84,0.08
0.32588,-1.76,0.16
0.32592,-1.84,0.16
0.32596,-1.76,0.08
0.326,-1.76,0.16
0.32604,-1.84,0.16
0.32608,-1.68,0.16
0.32612,-1.76,0.16
0.32616,-1.84,0.16
0.3262,-1.84,0.08
0.32624,-1.84,0.16
0.32628,-1.84,0.16
0.32632,-1.76,0.24
0.32636,-1.76,0.08
0.3264,-1.84,0.16
0.32644,-1.84,0.24
0.32648,-1.84,0.16
0.32652,-1.84,0.16
0.32656,-1.84,0.16
0.3266,-1.92,0.16
0.32664,-1.84,0.24
0.32668,-1.84,0.24
0.32672,-1.92,0.16
0.32676,-1.92,0.08
0.3268,-1.84,0.16
0.32684,-1.92,0.16
0.32688,-1.92,0.16
0.32692,-1.84,0.16
0.32696,-1.84,0.16
0.327,-1.92,0.24
0.32704,-1.84,0.16
0.32708,-1.84,0.08
0.32712,-1.92,0.08
0.32716,-1.92,0.16
0.3272,-1.92,0.08
0.32724,-1.92,0.08
0.32728,-1.92,0.16
0.32732,-1.92,0.16
0.32736,-1.92,0.16
0.3274,-1.92,0
0.32744,-1.92,0.08
0.32748,-1.92,0.08
0.32752,-1.92,0.08
0.32756,-1.92,0.08
0.3276,-1.92,0.08
0.32764,-1.92,0.08
0.32768,-1.84,0.08
0.32772,-1.92,0.08
0.32776,-1.84,0.08
0.3278,-1.84,0
0.32784,-1.84,0.08
0.32788,-1.84,0.08
0.32792,-1.84,0
0.32796,-1.84,0.16
0.328,-1.92,0.08
0.32804,-1.84,0.08
0.32808,-1.76,0.08
0.32812,-1.84,0.08
0.32816,-1.92,0
0.3282,-1.84,0
0.32824,-1.76,0.08
0.32828,-1.84,0.08
0.32832,-1.84,0.08
0.32836,-1.92,0.08
0.3284,-1.84,0.08
0.32844,-1.84,0.16
0.32848,-1.84,0.08
0.32852,-1.84,0.16
0.32856,-1.84,0.08
0.3286,-1.84,0.16
0.32864,-1.76,0.16
0.32868,-1.84,0.08
0.32872,-1.84,0.08
0.32876,-1.84,0.24
0.3288,-1.84,0.08
0.32884,-1.84,0.16
0.32888,-1.92,0.16
0.32892,-1.92,0.08
0.32896,-1.92,0.08
0.329,-1.92,0.16
0.32904,-1.84,0.16
0.32908,-1.84,0.08
0.32912,-1.92,0.16
0.32916,-1.92,0.08
0.3292,-1.84,0.24
0.32924,-1.92,0.16
0.32928,-1.84,0.16
0.32932,-1.84,0.16
0.32936,-1.92,0.16
0.3294,-1.84,0.16
0.32944,-1.92,0.08
0.32948,-1.92,0.16
0.32952,-1.84,0.08
0.32956,-1.92,0.08
0.3296,-1.84,0.08
0.32964,-1.84,0.16
0.32968,-1.92,0.08
0.32972,-1.92,0.16
0.32976,-1.76,0.08
0.3298,-1.92,0.24
0.32984,-1.92,0.16
0.32988,-1.84,0.08
0.32992,-1.84,0.16
0.32996,-1.92,0.16
0.33,-1.84,0.16
0.33004,-1.92,0.08
0.33008,-1.92,0.08
0.33012,-1.84,0.08
0.33016,-1.84,0.16
0.3302,-1.84,0.08
0.33024,-1.84,0.08
0.33028,-1.92,0.16
0.33032,-1.84,0.08
0.33036,-1.84,0.08
0.3304,-1.84,0.08
0.33044,-1.92,0.08
0.33048,-1.92,0.08
0.33052,-1.76,0.08
0.33056,-1.84,0.08
0.3306,-1.92,0.08
0.33064,-1.92,0.08
0.33068,-1.84,0.08
0.33072,-1.84,0
0.33076,-1.92,0.08
0.3308,-1.92,0.08
0.33084,-1.84,0.08
0.33088,-1.84,0.08
0.33092,-1.84,0.08
0.33096,-1.84,0
0.331,-1.92,0
0.33104,-1.92,0
0.33108,-1.84,0.08
0.33112,-1.84,0
0.33116,-1.92,0.08
0.3312,-1.92,0.08
0.33124,-1.84,0.08
0.33128,-1.92,0.08
0.33132,-1.84,0.08
0.33136,-1.92,0.08
0.3314,-1.92,0.08
0.33144,-1.92,0.16
0.33148,-1.84,0.08
0.33152,-1.92,0.08
0.33156,-1.92,0
0.3316,-1.92,0.16
0.33164,-1.92,0.08
0.33168,-1.92,0.08
0.33172,-1.92,0.16
0.33176,-1.84,0.16
0.3318,-1.92,0.08
0.33184,-1.84,0.08
0.33188,-1.84,0
0.33192,-1.92,0
0.33196,-1.84,0.08
0.332,-1.84,0
0.33204,-1.92,0.08
0.33208,-1.92,0.16
0.33212,-1.84,0.08
0.33216,-1.84,0.08
0.3322,-1.92,0.08
0.33224,-1.92,0.08
0.33228,-1.84,0.16
0.33232,-1.84,0
0.33236,-1.84,0.08
0.3324,-1.84,0.08
0.33244,-1.84,0.08
0.33248,-1.92,0
0.33252,-1.92,0
0.33256,-1.84,0.08
0.3326,-1.92,0.08
0.33264,-1.84,0
0.33268,-1.84,0.08
0.33272,-1.84,0
0.33276,-1.84,0.08
0.3328,-2,0.08
0.33284,-1.84,0.08
0.33288,-1.92,0.08
0.33292,-1.84,0.08
0.33296,-1.84,0.08
0.333,-1.84,0
0.33304,-1.84,0.08
0.33308,-1.84,0.08
0.33312,-1.84,0.08
0.33316,-1.84,0
0.3332,-1.84,0.16
0.33324,-1.84,0.08
0.33328,-1.84,0
0.33332,-1.92,0.08
0.33336,-1.92,0.08
0.3334,-1.76,0.16
0.33344,-1.84,0.08
0.33348,-1.92,0.08
0.33352,-1.84,0.08
0.33356,-1.76,0.08
0.3336,-1.92,0.08
0.33364,-1.84,0.08
0.33368,-1.92,0.16
0.33372,-1.84,0.08
0.33376,-1.84,0.08
0.3338,-1.84,0.08
0.33384,-1.84,0.08
0.33388,-1.76,0.08
0.33392,-1.92,0.08
0.33396,-1.92,0
0.334,-1.84,0.08
0.33404,-1.84,0.08
0.33408,-1.92,0.08
0.33412,-2,0.08
0.33416,-1.92,0.16
0.3342,-1.92,0.08
0.33424,-1.84,0.16
0.33428,-1.92,0.08
0.33432,-1.92,0.08
0.33436,-1.92,0.08
0.3344,-1.92,0.16
0.33444,-1.84,0.16
0.33448,-1.84,0.08
0.33452,-1.92,0.08
0.33456,-1.84,0.08
0.3346,-1.92,0.08
0.33464,-1.84,0.08
0.33468,-1.84,0.16
0.33472,-1.92,0.08
0.33476,-1.84,0.08
0.3348,-1.92,0.08
0.33484,-1.92,0.16
0.33488,-1.84,0.08
0.33492,-1.92,0.08
0.33496,-1.92,0.08
0.335,-1.84,0.08
0.33504,-1.92,0.16
0.33508,-1.92,0.08
0.33512,-1.92,0.16
0.33516,-1.92,0.16
0.3352,-1.84,0.08
0.33524,-1.92,0.08
0.33528,-1.92,0.16
0.33532,-1.92,0.08
0.33536,-1.92,0.16
0.3354,-1.92,0.08
0.33544,-1.92,0.08
0.33548,-1.84,0.08
0.33552,-2,0.16
0.33556,-2,0.08
0.3356,-1.92,0.08
0.33564,-1.92,0.16
0.33568,-1.84,0.08
0.33572,-1.84,0.08
0.33576,-1.92,0
0.3358,-2,0
0.33584,-2,0
0.33588,-1.92,0.08
0.33592,-1.92,0.08
0.33596,-1.84,0.08
0.336,-1.84,0.08
0.33604,-1.84,0
0.33608,-1.76,0.08
0.33612,-1.84,0
0.33616,-1.92,0
0.3362,-1.92,0
0.33624,-1.76,0
0.33628,-1.84,0.08
0.33632,-1.84,0.08
0.33636,-1.84,0.08
0.3364,-1.84,0.16
0.33644,-1.84,0.08
0.33648,-1.84,0.08
0.33652,-1.84,0.08
0.33656,-1.76,0.08
0.3366,-1.84,0.16
0.33664,-1.76,0.08
0.33668,-1.92,0.08
0.33672,-1.84,0.08
0.33676,-1.92,0.16
0.3368,-1.84,0.08
0.33684,-1.84,0.16
0.33688,-1.84,0.16
0.33692,-1.84,0.08
0.33696,-1.84,0.08
0.337,-1.84,0.16
0.33704,-1.84,0.16
0.33708,-2,0.08
0.33712,-1.84,0.16
0.33716,-1.84,0.16
0.3372,-1.84,0.08
0.33724,-1.84,0.08
0.33728,-1.84,0.08
0.33732,-2,0.16
0.33736,-1.92,0.08
0.3374,-1.84,0.08
0.33744,-1.92,0.08
0.33748,-1.84,0.08
0.33752,-1.92,0.16
0.33756,-1.84,0.08
0.3376,-1.84,0.16
0.33764,-1.84,0.08
0.33768,-1.92,0.16
0.33772,-1.76,0.08
0.33776,-1.76,0.16
0.3378,-1.84,0.08
0.33784,-1.84,0.08
0.33788,-1.92,0.08
0.33792,-1.92,0.08
0.33796,-1.92,0.16
0.338,-1.76,0.16
0.33804,-1.84,0.16
0.33808,-1.92,0.24
0.33812,-1.92,0.08
0.33816,-1.92,0.24
0.3382,-1.84,0.16
0.33824,-2,0.16
0.33828,-1.84,0.16
0.33832,-1.84,0.16
0.33836,-1.92,0.24
0.3384,-1.84,0.24
0.33844,-2,0.24
0.33848,-2,0.24
0.33852,-2,0.24
0.33856,-2.08,0.24
0.3386,-2.08,0.24
0.33864,-2,0.16
0.33868,-2,0.24
0.33872,-2.08,0.16
0.33876,-2.08,0.16
0.3388,-2.08,0.16
0.33884,-2.08,0.16
0.33888,-2.08,0
0.33892,-2.08,0.08
0.33896,-2.08,0.08
0.339,-2.08,0
0.33904,-2.08,0
0.33908,-2.08,0
0.33912,-2.16,-0.08
0.33916,-2.16,-0.16
0.3392,-2.08,-0.08
0.33924,-2.08,-0.16
0.33928,-1.92,-0.16
0.33932,-2,-0.16
0.33936,-2,-0.24
0.3394,-1.92,-0.24
0.33944,-1.92,-0.16
0.33948,-1.84,-0.16
0.33952,-1.76,-0.16
0.33956,-1.68,-0.16
0.3396,-1.68,-0.16
0.33964,-1.76,-0.16
0.33968,-1.6,-0.16
0.33972,-1.6,-0.16
0.33976,-1.6,-0.24
0.3398,-1.52,-0.08
0.33984,-1.52,-0.08
0.33988,-1.52,-0.16
0.33992,-1.52,0
0.33996,-1.44,0.08
0.34,-1.44,0.08
0.34004,-1.44,0.08
0.34008,-1.36,0.16
0.34012,-1.36,0.24
0.34016,-1.44,0.24
0.3402,-1.36,0.24
0.34024,-1.44,0.32
0.34028,-1.52,0.32
0.34032,-1.6,0.4
0.34036,-1.52,0.48
0.3404,7.12,7.28
0.34044,7.2,7.2
0.34048,7.2,7.2
0.34052,0.96,7.2
0.34056,-0.56,2.48
0.3406,-1.6,0.64
0.34064,-1.6,0.32
0.34068,-1.6,0.16
0.34072,-1.6,0.08
0.34076,-1.6,0.08
0.3408,-1.52,0
0.34084,-1.44,0
0.34088,-1.52,0.08
0.34092,-1.44,0.08
0.34096,-1.44,0.08
0.341,-1.36,0.08
0.34104,-1.44,0.08
0.34108,-1.36,0.24
0.34112,-1.36,0.16
0.34116,-1.36,0.16
0.3412,-1.36,0.24
0.34124,-1.44,0.32
0.34128,-1.36,0.24
0.34132,-1.36,0.32
0.34136,-1.44,0.32
0.3414,-1.44,0.4
0.34144,-1.52,0.48
0.34148,-1.6,0.4
0.34152,-1.52,0.48
0.34156,-1.6,0.48
0.3416,-1.52,0.4
0.34164,-1.68,0.48
0.34168,-1.76,0.48
0.34172,-1.84,0.56
0.34176,-1.84,0.56
0.3418,-1.84,0.48
0.34184,-1.84,0.4
0.34188,-1.84,0.48
0.34192,-1.92,0.48
0.34196,-1.92,0.4
0.342,-1.92,0.4
0.34204,-2,0.4
0.34208,-2.08,0.32
0.34212,-2.08,0.32
0.34216,-2.08,0.32
0.3422,-2.16,0.24
0.34224,-2.08,0.16
0.34228,-2,0.24
0.34232,-2,0.16
0.34236,-2.08,0.16
0.3424,-2,0.16
0.34244,-2,0.16
0.34248,-2.08,0.08
0.34252,-1.92,0.16
0.34256,-2,0.08
0.3426,-2,0.16
0.34264,-1.92,0.08
0.34268,-2,0
0.34272,-1.92,0.16
0.34276,-1.92,0
0.3428,-2,0
0.34284,-1.92,0.08
0.34288,-1.84,0.08
0.34292,-1.84,0.08
0.34296,-1.84,0.08
0.343,-1.84,0.08
0.34304,-1.92,0.08
0.34308,-1.92,0.08
0.34312,-1.84,0.08
0.34316,-1.92,0.16
0.3432,-1.76,0.08
0.34324,-1.84,0.24
0.34328,-1.84,0.16
0.34332,-1.92,0.08
0.34336,-1.84,0.16
0.3434,-1.76,0.16
0.34344,-1.76,0.08
0.34348,-1.84,0.16
0.34352,-1.92,0.16
0.34356,-1.84,0.16
0.3436,-1.84,0.24
0.34364,-1.84,0.16
0.34368,-1.84,0.16
0.34372,-1.84,0.16
0.34376,-1.92,0.08
0.3438,-1.92,0.08
0.34384,-1.92,0.16
0.34388,-1.92,0.08
0.34392,-1.92,0.16
0.34396,-1.84,0.16
0.344,-1.92,0.08
0.34404,-1.92,0.16
0.34408,-1.84,0.16
0.34412,-1.84,0.08
0.34416,-1.84,0.08
0.3442,-1.92,0.08
0.34424,-1.84,0.08
0.34428,-1.92,0.08
0.34432,-1.84,0.16
0.34436,-1.84,0.16
0.3444,-1.84,0.16
0.34444,-1.92,0.08
0.34448,-1.84,0.16
0.34452,-1.84,0.08
0.34456,-1.76,0.08
0.3446,-1.76,0.08
0.34464,-1.84,0.16
0.34468,-1.84,0.16
0.34472,-1.84,0.24
0.34476,-1.92,0.08
0.3448,-1.84,0.24
0.34484,-1.84,0.08
0.34488,-1.92,0.24
0.34492,-2,0.16
0.34496,-1.84,0.08
0.345,-1.84,0.24
0.34504,-1.76,0.16
0.34508,-1.92,0.24
0.34512,-1.84,0.16
0.34516,-1.92,0.24
0.3452,-1.92,0.16
0.34524,-1.84,0.24
0.34528,-1.84,0.16
0.34532,-1.84,0.16
0.34536,-1.92,0.16
0.3454,-1.92,0.08
0.34544,-1.92,0.16
0.34548,-1.84,0.24
0.34552,-1.92,0.08
0.34556,-1.92,0.16
0.3456,-1.76,0.16
0.34564,-1.92,0.16
0.34568,-1.92,0.16
0.34572,-1.92,0.16
0.34576,-1.92,0.08
0.3458,-1.92,0.08
0.34584,-1.84,0.08
0.34588,-1.92,0.08
0.34592,-1.92,0.16
0.34596,-1.92,0.08
0.346,-1.92,0.08
0.34604,-1.84,0.16
0.34608,-1.92,0.16
0.34612,-1.92,0.16
0.34616,-2,0.16
0.3462,-1.92,0.16
0.34624,-1.84,0.16
0.34628,-1.92,0.16
0.34632,-1.92,0.08
0.34636,-1.84,0.16
0.3464,-1.84,0.16
0.34644,-1.92,0.16
0.34648,-1.92,0.08
0.34652,-1.92,0.24
0.34656,-1.84,0.16
0.3466,-1.84,0.08
0.34664,-1.92,0.08
0.34668,-1.92,0.16
0.34672,-1.92,0.16
0.34676,-2,0.08
0.3468,-1.84,0.08
0.34684,-1.92,0.08
0.34688,-1.92,0.08
0.34692,-1.92,0.16
0.34696,-1.92,0.08
0.347,-1.84,0.16
0.34704,-1.84,0.08
0.34708,-1.92,0.08
0.34712,-1.92,0.16
0.34716,-1.84,0.16
0.3472,-1.84,0.08
0.34724,-1.92,0.16
0.34728,-1.92,0.08
0.34732,-1.84,0.08
0.34736,-2,0.16
0.3474,-1.92,0.08
0.34744,-1.92,0.08
0.34748,-1.92,0.08
0.34752,-1.92,0
0.34756,-1.84,0.08
0.3476,-1.84,0.08
0.34764,-1.84,0.16
0.34768,-1.92,0.08
0.34772,-1.84,0.08
0.34776,-1.92,0.08
0.3478,-1.84,0.16
0.34784,-1.92,0
0.34788,-1.84,0.08
0.34792,-1.84,0
0.34796,-1.92,0.08
0.348,-1.84,0.08
0.34804,-1.84,0.08
0.34808,-2,0.16
0.34812,-1.84,0.08
0.34816,-1.84,0.08
0.3482,-1.84,0.16
0.34824,-1.84,0.08
0.34828,-1.92,0.08
0.34832,-1.84,0.08
0.34836,-2,0.16
0.3484,-1.92,0.08
0.34844,-1.84,0.16
0.34848,-1.84,0.08
0.34852,-1.84,0.08
0.34856,-1.84,0.16
0.3486,-1.84,0.08
0.34864,-1.84,0.08
0.34868,-1.92,0
0.34872,-1.84,0.08
0.34876,-1.84,0.16
0.3488,-1.84,0.16
0.34884,-1.92,0.08
0.34888,-1.84,0.08
0.34892,-1.84,0.16
0.34896,-1.92,0
0.349,-1.92,0.16
0.34904,-1.84,0.08
0.34908,-1.92,0.08
0.34912,-1.92,0.08
0.34916,-1.84,0
0.3492,-1.76,0.08
0.34924,-1.84,0.08
0.34928,-1.84,0.08
0.34932,-1.84,0.08
0.34936,-1.76,0.16
0.3494,-1.84,0
0.34944,-1.84,0.08
0.34948,-1.84,0.08
0.34952,-1.84,0
0.34956,-1.92,0.08
0.3496,-1.84,0.16
0.34964,-1.84,0.16
0.34968,-1.84,0.08
0.34972,-1.84,0.08
0.34976,-1.84,0.08
0.3498,-1.76,0.08
0.34984,-1.84,0.08
0.34988,-1.84,0.08
0.34992,-1.84,0
0.34996,-1.84,0.08
0.35,-1.92,0.08
0.35004,-1.84,0.08
0.35008,-1.92,0.08
0.35012,-1.84,0.08
0.35016,-1.84,0.16
0.3502,-1.84,0.08
0.35024,-1.92,0.08
0.35028,-1.84,0.08
0.35032,-1.76,0.08
0.35036,-1.76,0.08
0.3504,-1.92,0.08
0.35044,-1.92,0.08
0.35048,-1.84,0.08
0.35052,-1.92,0.08
0.35056,-1.92,0.08
0.3506,-1.92,0.16
0.35064,-1.84,0
0.35068,-1.84,0
0.35072,-1.84,0.16
0.35076,-1.84,0.08
0.3508,-1.76,0
0.35084,-1.92,0.08
0.35088,-1.84,0
0.35092,-1.92,0.16
0.35096,-1.84,0.08
0.351,-1.92,0.08
0.35104,-1.84,0.08
0.35108,-1.92,0.08
0.35112,-1.84,0.16
0.35116,-1.92,0.08
0.3512,-1.92,0
0.35124,-1.92,0.08
0.35128,-1.84,0.08
0.35132,-1.92,0.16
0.35136,-1.84,0.16
0.3514,-1.84,0.08
0.35144,-1.84,0.08
0.35148,-1.92,0.08
0.35152,-1.84,0
0.35156,-1.92,0.08
0.3516,-1.92,0.08
0.35164,-1.92,0.08
0.35168,-1.84,0.08
0.35172,-1.92,0.08
0.35176,-1.92,0.08
0.3518,-1.84,0.08
0.35184,-1.92,0
0.35188,-1.84,0
0.35192,-1.84,0.08
0.35196,-1.92,0.08
0.352,-1.84,0.08
0.35204,-1.84,0.08
0.35208,-1.92,0
0.35212,-1.84,0.08
0.35216,-1.84,0.08
0.3522,-1.76,0
0.35224,-1.92,0.08
0.35228,-1.84,0.08
0.35232,-1.92,0.08
0.35236,-1.84,0.08
0.3524,-1.84,0.08
0.35244,-1.84,0.08
0.35248,-1.76,0.08
0.35252,-1.84,0.08
0.35256,-1.84,0.08
0.3526,-1.84,0.08
0.35264,-1.84,0.08
0.35268,-1.92,0.08
0.35272,-1.84,0.08
0.35276,-1.84,0.16
0.3528,-1.92,0.08
0.35284,-1.84,0.08
0.35288,-1.84,0.08
0.35292,-1.76,0.16
0.35296,-1.84,0.08
0.353,-1.84,0.16
0.35304,-1.76,0.16
0.35308,-1.84,0.16
0.35312,-1.84,0.08
0.35316,-1.84,0.08
0.3532,-1.92,0.16
0.35324,-1.84,0.08
0.35328,-1.84,0.16
0.35332,-1.92,0.08
0.35336,-1.92,0.16
0.3534,-1.84,0.16
0.35344,-1.92,0.16
0.35348,-1.84,0.16
0.35352,-1.92,0.16
0.35356,-1.92,0.16
0.3536,-1.84,0.16
0.35364,-1.92,0.16
0.35368,-1.92,0.16
0.35372,-1.84,0.08
0.35376,-1.92,0.08
0.3538,-1.92,0.08
0.35384,-1.92,0.08
0.35388,-2,0.08
0.35392,-1.84,0.08
0.35396,-1.92,0.08
0.354,-2,0
0.35404,-1.92,0.08
0.35408,-1.92,0.16
0.35412,-1.92,0.08
0.35416,-1.84,0.08
0.3542,-1.92,0.08
0.35424,-1.92,0
0.35428,-1.92,0.08
0.35432,-2,0.16
0.35436,-1.92,-0.08
0.3544,-1.92,0.08
0.35444,-1.92,0
0.35448,-1.92,0.08
0.35452,-1.92,0
0.35456,-1.84,0
0.3546,-1.92,0
0.35464,-1.84,0
0.35468,-1.92,0.08
0.35472,-1.92,0.08
0.35476,-1.92,0
0.3548,-1.92,0
0.35484,-1.84,0
0.35488,-1.92,0
0.35492,-1.84,0.08
0.35496,-1.84,0.08
0.355,-1.84,0.08
0.35504,-1.84,0.08
0.35508,-1.92,0
0.35512,-1.84,0.08
0.35516,-1.84,0.08
0.3552,-1.76,0
0.35524,-1.84,0.08
0.35528,-1.84,0.08
0.35532,-1.84,0.08
0.35536,-1.92,0
0.3554,-1.84,0.16
0.35544,-1.84,0
0.35548,-1.84,0.08
0.35552,-1.84,0
0.35556,-1.84,0.08
0.3556,-1.76,0.08
0.35564,-1.92,0
0.35568,-1.92,0.08
0.35572,-1.84,0.08
0.35576,-1.84,0.08
0.3558,-1.92,0.08
0.35584,-1.92,0.16
0.35588,-1.92,0.08
0.35592,-1.84,0.08
0.35596,-1.92,0.16
0.356,-1.92,0.16
0.35604,-1.84,0.08
0.35608,-1.84,0.16
0.35612,-1.84,0.08
0.35616,-2,0.16
0.3562,-1.92,0.16
0.35624,-1.92,0.16
0.35628,-1.92,0.16
0.35632,-1.84,0.08
0.35636,-1.84,0.24
0.3564,-1.92,0.08
0.35644,-1.84,0.08
0.35648,-1.92,0.16
0.35652,-1.84,0.08
0.35656,-1.92,0.08
0.3566,-1.84,0.16
0.35664,-1.92,0.16
0.35668,-1.84,0.08
0.35672,-1.92,0.08
0.35676,-1.84,0.16
0.3568,-1.92,0.08
0.35684,-1.92,0.08
0.35688,-1.84,0.08
0.35692,-1.84,0.08
0.35696,-1.84,0.08
0.357,-1.92,0.16
0.35704,-1.92,0.08
0.35708,-1.84,0.08
0.35712,-1.84,0
0.35716,-2,0.08
0.3572,-2.08,0
0.35724,-1.92,0.08
0.35728,-1.92,0.08
0.35732,-1.92,0
0.35736,-1.84,0
0.3574,-1.84,0
0.35744,-1.92,0
0.35748,-1.84,0.08
0.35752,-1.92,0
0.35756,-1.92,0
0.3576,-1.84,0
0.35764,-1.84,-0.16
0.35768,-1.84,0
0.35772,-1.84,0
0.35776,-1.84,0
0.3578,-1.84,-0.08
0.35784,-1.84,0
0.35788,-1.84,-0.08
0.35792,-1.76,-0.08
0.35796,-1.84,0
0.358,-1.68,0
0.35804,-1.84,0
0.35808,-1.76,0
0.35812,-1.76,0.08
0.35816,-1.84,0.08
0.3582,-1.84,0.16
0.35824,-1.92,0.08
0.35828,-1.92,0.08
0.35832,-1.92,0.16
0.35836,-2,0.08
0.3584,-2.08,0.08
0.35844,-2.16,0.08
0.35848,-2.16,0.08
0.35852,-2.24,0.08
0.35856,-2.32,0.08
0.3586,-2.4,0.08
0.35864,-2.48,-0.08
0.35868,-2.56,-0.08
0.35872,-2.56,-0.16
0.35876,-2.8,-0.24
0.3588,-2.72,-0.32
0.35884,-2.8,-0.32
0.35888,-2.88,-0.56
0.35892,-2.8,-0.64
0.35896,-2.96,-0.8
0.359,-3.04,-0.8
0.35904,-3.04,-0.96
0.35908,-3.04,-1.12
0.35912,-3.04,-1.28
0.35916,-3.04,-1.52
0.3592,-3.04,-1.68
0.35924,-3.2,-1.76
0.35928,-3.04,-1.92
0.35932,-2.96,-2.16
0.35936,-2.96,-2.4
0.3594,-2.88,-2.56
0.35944,-2.8,-2.72
0.35948,-2.56,-2.88
0.35952,-2.56,-3.04
0.35956,-2.4,-3.28
0.3596,-2.24,-3.44
0.35964,-2.08,-3.6
0.35968,-1.92,-3.6
0.35972,-1.68,-3.76
0.35976,-1.44,-4
0.3598,-1.28,-4
0.35984,-0.96,-4.08
0.35988,-0.8,-4.16
0.35992,-0.56,-4.16
0.35996,-0.32,-4.16
0.36,0,-4.08
0.36004,0.24,-4
0.36008,0.4,-4
0.36012,0.72,-3.84
0.36016,0.88,-3.84
0.3602,1.12,-3.68
0.36024,1.36,-3.68
0.36028,1.6,-3.36
0.36032,1.84,-3.2
0.36036,2,-3.04
0.3604,2.16,-2.8
0.36044,2.32,-2.48
0.36048,2.4,-2.32
0.36052,2.56,-2
0.36056,2.64,-1.76
0.3606,2.72,-1.44
0.36064,2.88,-1.2
0.36068,2.88,-0.88
0.36072,2.88,-0.72
0.36076,2.88,-0.32
0.3608,2.8,-0.16
0.36084,2.8,0.16
0.36088,2.72,0.4
0.36092,2.56,0.72
0.36096,2.48,0.8
0.361,2.4,1.12
0.36104,2.32,1.36
0.36108,2.16,1.6
0.36112,1.92,1.76
0.36116,1.84,1.92
0.3612,1.6,2.08
0.36124,1.36,2.16
0.36128,1.2,2.16
0.36132,0.96,2.32
0.36136,0.72,2.32
0.3614,0.48,2.48
0.36144,0.32,2.4
0.36148,0.08,2.56
0.36152,-0.08,2.48
0.36156,-0.32,2.56
0.3616,-0.48,2.48
0.36164,-0.64,2.4
0.36168,-0.8,2.48
0.36172,-1.04,2.32
0.36176,-1.2,2.16
0.3618,-1.28,2.16
0.36184,-1.44,2.08
0.36188,-1.68,1.92
0.36192,-1.68,1.92
0.36196,-1.76,1.68
0.362,-1.92,1.6
0.36204,-1.92,1.52
0.36208,-2.08,1.36
0.36212,-2.08,1.28
0.36216,-2.08,1.12
0.3622,-2.16,1.04
0.36224,-2.16,0.96
0.36228,-2.24,0.72
0.36232,-2.16,0.8
0.36236,-2.16,0.72
0.3624,-2.16,0.56
0.36244,-2.16,0.4
0.36248,-2.16,0.32
0.36252,-2.16,0.4
0.36256,-2.08,0.32
0.3626,-2.08,0.24
0.36264,-2,0.16
0.36268,-2.08,0.24
0.36272,-2.08,0.16
0.36276,-2,0.16
0.3628,-2,0.16
0.36284,-1.92,0.16
0.36288,-2,0.08
0.36292,-1.92,0.16
0.36296,-1.92,0.16
0.363,-1.76,0.08
0.36304,-1.84,0.08
0.36308,-1.84,0.16
0.36312,-1.92,0.16
0.36316,-1.84,0.08
0.3632,-1.84,0.08
0.36324,-1.84,0.08
0.36328,-1.84,0.08
0.36332,-1.84,0.16
0.36336,-1.76,0.16
0.3634,-1.84,0.16
0.36344,-1.92,0.16
0.36348,-1.84,0.16
0.36352,-1.84,0.24
0.36356,-1.84,0.16
0.3636,-1.92,0.08
0.36364,-1.84,0.08
0.36368,-1.92,0.16
0.36372,-1.92,0.16
0.36376,-1.84,0.08
0.3638,-1.84,0.16
0.36384,-1.92,0.08
0.36388,-1.92,0.16
0.36392,-2,0.16
0.36396,-1.84,0.16
0.364,-1.92,0.08
0.36404,-2,0.08
0.36408,-2,0.08
0.36412,-2,0.08
0.36416,-2,0.16
0.3642,-2,0
0.36424,-1.92,0
0.36428,-1.92,0
0.36432,-1.92,0.16
0.36436,-1.92,0.08
0.3644,-1.92,0
0.36444,-2,0.08
0.36448,-1.84,0
0.36452,-1.92,0.08
0.36456,-1.92,0.08
0.3646,-1.84,0.08
0.36464,-1.92,0
0.36468,-1.84,0.16
0.36472,-1.92,0.08
0.36476,-1.84,0
0.3648,-1.84,0.08
0.36484,-1.92,0.08
0.36488,-1.92,0
0.36492,-1.84,0.08
0.36496,-2,0.08
0.365,-1.92,0.08
0.36504,-1.84,0.08
0.36508,-1.84,0
0.36512,-1.84,0.08
0.36516,-1.84,0.08
0.3652,-1.84,0.08
0.36524,-1.84,0
0.36528,-1.84,0.08
0.36532,-1.84,0.08
0.36536,-1.76,0.08
0.3654,-1.84,0
0.36544,-1.84,0.08
0.36548,-1.84,0.08
0.36552,-1.92,0.16
0.36556,-1.84,0
0.3656,-1.84,0.08
0.36564,-1.84,0.08
0.36568,-1.84,0.16
0.36572,-1.76,0.08
0.36576,-1.84,0.08
0.3658,-1.76,0.08
0.36584,-1.76,0.08
0.36588,-1.76,0.08
0.36592,-1.84,0.08
0.36596,-1.76,0.08
0.366,-1.76,0.16
0.36604,-1.76,0.16
0.36608,-1.76,0.16
0.36612,-1.76,0.16
0.36616,-1.76,0.08
0.3662,-1.84,0.16
0.36624,-1.76,0.08
0.36628,-1.84,0.16
0.36632,-1.84,0.16
0.36636,-1.76,0.16
0.3664,-1.76,0.16
0.36644,-1.84,0.16
0.36648,-1.84,0.08
0.36652,-1.92,0.16
0.36656,-1.84,0.16
0.3666,-1.76,0.08
0.36664,-1.84,0.16
0.36668,-1.92,0.08
0.36672,-1.84,0.16
0.36676,-1.92,0.08
0.3668,-1.92,0.16
0.36684,-1.84,0.08
0.36688,-1.92,0.16
0.36692,-1.84,0.16
0.36696,-1.84,0.16
0.367,-1.84,0.16
0.36704,-1.92,0.16
0.36708,-1.76,0.16
0.36712,-1.84,0.16
0.36716,-1.84,0.08
0.3672,-1.84,0.16
0.36724,-1.84,0.08
0.36728,-1.92,0.08
0.36732,-1.92,0.08
0.36736,-1.92,0.16
0.3674,-1.84,0.08
0.36744,-1.92,0.08
0.36748,-1.92,0.16
0.36752,-1.84,0.08
0.36756,-1.92,0.08
0.3676,-1.84,0
0.36764,-1.92,0.08
0.36768,-1.84,0
0.36772,-1.92,0.16
0.36776,-1.84,0.08
0.3678,-2,-0.08
0.36784,-1.84,0.08
0.36788,-1.84,0
0.36792,-1.84,0
0.36796,-1.84,0
0.368,-1.92,0.08
0.36804,-1.84,0
0.36808,-1.92,0.08
0.36812,-1.84,0
0.36816,-1.92,0.08
0.3682,-1.84,0.08
0.36824,-1.84,0
0.36828,-1.92,0
0.36832,-1.76,0.08
0.36836,-1.92,0
0.3684,-1.84,0
0.36844,-1.92,0
0.36848,-1.84,0.08
0.36852,-1.84,0
0.36856,-1.84,0.08
0.3686,-1.92,0
0.36864,-1.84,0
0.36868,-1.84,0
0.36872,-1.84,0.08
0.36876,-1.92,0.08
0.3688,-1.84,0.16
0.36884,-1.84,0.16
0.36888,-1.84,0.08
0.36892,-1.84,0.08
0.36896,-1.84,0.08
0.369,-1.92,0.16
0.36904,-1.84,0.08
0.36908,-1.84,0.08
0.36912,-1.76,0.16
0.36916,-1.92,0.16
0.3692,-1.84,0.08
0.36924,-1.84,0.08
0.36928,-1.92,0.08
0.36932,-1.84,0.16
0.36936,-1.92,0.08
0.3694,-1.76,0.08
0.36944,-1.84,0.16
0.36948,-1.84,0.16
0.36952,-1.84,0
0.36956,-1.84,0.08
0.3696,-1.84,0.08
0.36964,-1.92,0.08
0.36968,-1.92,0.08
0.36972,-1.84,0.16
0.36976,-1.84,0.16
0.3698,-1.92,0.16
0.36984,-1.84,0.16
0.36988,-1.92,0.08
0.36992,-1.84,0.16
0.36996,-1.76,0.08
0.37,-1.84,0.16
0.37004,-1.92,0.08
0.37008,-1.84,0
0.37012,-1.84,0.08
0.37016,-1.92,0.08
0.3702,-1.92,0.16
0.37024,-1.92,0.16
0.37028,-1.84,0
0.37032,-1.84,0.08
0.37036,-1.84,0.16
0.3704,-1.84,0.16
0.37044,-1.92,0.08
0.37048,-1.92,0.16
0.37052,-1.84,0.08
0.37056,-1.84,0.08
0.3706,-1.84,0.16
0.37064,-1.84,0.08
0.37068,-1.84,0.16
0.37072,-1.92,0.08
0.37076,-1.92,0.08
0.3708,-1.92,0
0.37084,-1.92,0.08
0.37088,-1.92,0.16
0.37092,-1.84,0.08
0.37096,-1.84,0.08
0.371,-1.84,0.16
0.37104,-1.84,0.08
0.37108,-1.92,0.08
0.37112,-1.84,0.08
0.37116,-1.92,0.08
0.3712,-1.84,0.08
0.37124,-1.92,0.08
0.37128,-1.84,0.08
0.37132,-1.92,0.16
0.37136,-1.84,0.08
0.3714,-1.92,0.16
0.37144,-1.84,0.08
0.37148,-1.92,0.16
0.37152,-1.92,0.08
0.37156,-1.84,0.08
0.3716,-1.92,0.08
0.37164,-1.92,0.08
0.37168,-1.84,0.08
0.37172,-1.92,0
0.37176,-1.92,0.08
0.3718,-1.84,0.08
0.37184,-1.92,0.08
0.37188,-1.92,0.16
0.37192,-1.84,0.08
0.37196,-1.92,0.16
0.372,-1.84,0.08
0.37204,-1.84,0.08
0.37208,-1.84,0.16
0.37212,-1.84,0.16
0.37216,-1.84,0.08
0.3722,-1.92,0.08
0.37224,-1.92,0.08
0.37228,-1.92,0.08
0.37232,-1.92,0.08
0.37236,-1.84,0.08
0.3724,-1.92,0.16
0.37244,-1.84,0.08
0.37248,-1.84,0.08
0.37252,-1.84,0
0.37256,-1.92,0.16
0.3726,-1.92,0.16
0.37264,-1.84,0.08
0.37268,-1.92,0.08
0.37272,-1.92,0.16
0.37276,-1.92,0.08
0.3728,-1.92,0.16
0.37284,-1.76,0.08
0.37288,-1.92,0.16
0.37292,-1.92,0.08
0.37296,-1.84,0.08
0.373,-1.84,0.16
0.37304,-1.84,0.08
0.37308,-1.92,0.08
0.37312,-1.84,0.08
0.37316,-1.92,0.08
0.3732,-1.84,0.08
0.37324,-1.92,0.08
0.37328,-1.84,0.08
0.37332,-1.84,0.08
0.37336,-1.84,0.08
0.3734,-1.84,0.08
0.37344,-1.84,0.16
0.37348,-1.84,0.08
0.37352,-1.84,0.08
0.37356,-1.84,0.08
0.3736,-1.92,0.08
0.37364,-1.84,0.08
0.37368,-1.92,0
0.37372,-1.92,0.16
0.37376,-1.84,0.08
0.3738,-1.84,0.08
0.37384,-1.84,0.08
0.37388,-1.92,0.08
0.37392,-1.84,0.16
0.37396,-1.92,0
0.374,-1.84,0.08
0.37404,-1.84,0.08
0.37408,-1.92,0.08
0.37412,-1.84,0.08
0.37416,-1.84,0.08
0.3742,-1.92,0.08
0.37424,-1.84,0.08
0.37428,-1.84,0.08
0.37432,-1.92,0.08
0.37436,-1.84,0.08
0.3744,-1.84,0.16
0.37444,-1.84,0.08
0.37448,-1.84,0.08
0.37452,-1.84,0.08
0.37456,-1.84,0
0.3746,-1.84,0.08
0.37464,-1.92,0.16
0.37468,-1.84,0
0.37472,-2,0.08
0.37476,-1.92,0
0.3748,-1.76,0.08
0.37484,-1.92,0.08
0.37488,-2,0.16
0.37492,-1.84,0.08
0.37496,-1.84,0.08
0.375,-1.84,0.08
0.37504,-1.76,0.08
0.37508,-1.92,0.08
0.37512,-1.92,0.08
0.37516,-1.84,0.08
0.3752,-1.92,0
0.37524,-1.92,0.08
0.37528,-1.92,0.16
0.37532,-1.84,0.08
0.37536,-1.92,0.08
0.3754,-2,0.08
0.37544,-1.92,0
0.37548,-1.92,0.08
0.37552,-1.92,0.08
0.37556,-1.92,0.08
0.3756,-1.84,0.08
0.37564,-1.84,0.08
0.37568,-1.92,0.16
0.37572,-2,0.08
0.37576,-1.92,0.16
0.3758,-1.92,0.08
0.37584,-1.84,0.08
0.37588,-1.84,0
0.37592,-1.92,0.08
0.37596,-1.92,0.08
0.376,-1.92,0.08
0.37604,-1.84,0.08
0.37608,-1.92,0.08
0.37612,-1.84,0.08
0.37616,-1.84,0
0.3762,-1.84,0.16
0.37624,-1.84,0
0.37628,-1.84,0.08
0.37632,-1.84,0.16
0.37636,-1.84,-0.08
0.3764,-1.92,0.08
0.37644,-1.84,0.08
0.37648,-1.84,0.08
0.37652,-1.84,0.08
0.37656,-1.84,0.08
0.3766,-1.76,0.08
0.37664,-1.76,0.16
0.37668,-1.92,0.16
0.37672,-1.76,0.16
0.37676,-1.84,0.16
0.3768,-1.84,0.16
0.37684,-1.84,0.16
0.37688,-1.84,0.16
0.37692,-1.84,0.16
0.37696,-1.92,0.16
0.377,-1.84,0.16
0.37704,-1.84,0.16
0.37708,-1.84,0.16
0.37712,-1.84,0.16
0.37716,-1.92,0.16
0.3772,-1.84,0.16
0.37724,-1.84,0.08
0.37728,-1.92,0.16
0.37732,-1.92,0
0.37736,-1.84,0.08
0.3774,-1.92,0.08
0.37744,-1.92,0.08
0.37748,-1.84,0.08
0.37752,-1.84,0.16
0.37756,-1.84,0.16
0.3776,-1.92,0.08
0.37764,-1.92,0.08
0.37768,-1.92,0.08
0.37772,-1.84,0.16
0.37776,-1.84,0.16
0.3778,-1.84,0.16
0.37784,-1.84,0.08
0.37788,-1.84,0.08
0.37792,-1.84,0.16
0.37796,-1.84,0.16
0.378,-1.84,0.16
0.37804,-1.84,0.16
0.37808,-1.76,0.24
0.37812,-1.84,0.24
0.37816,-1.84,0.24
0.3782,-1.84,0.16
0.37824,-1.92,0.16
0.37828,-1.92,0.16
0.37832,-1.84,0.24
0.37836,-2,0.24
0.3784,-1.84,0.24
0.37844,-2,0.24
0.37848,-2,0.32
0.37852,-2,0.32
0.37856,-2,0.32
0.3786,-2,0.24
0.37864,-2.08,0.32
0.37868,-2.08,0.24
0.37872,-2.16,0.16
0.37876,-2.08,0.16
0.3788,-2.08,0.24
0.37884,-2.08,0.16
0.37888,-2.16,0.16
0.37892,-2.16,0.16
0.37896,-2.16,0.08
0.379,-2.16,0
0.37904,-2.16,0
0.37908,-2.16,0
0.37912,-2.08,0
0.37916,-2.16,-0.16
0.3792,-2.08,-0.08
0.37924,-2.16,-0.16
0.37928,-2.08,-0.16
0.37932,-2.08,-0.16
0.37936,-2,-0.24
0.3794,-2,-0.16
0.37944,-1.84,-0.16
0.37948,-1.92,-0.16
0.37952,-1.92,-0.24
0.37956,-1.84,-0.16
0.3796,-1.76,-0.24
0.37964,-1.76,-0.24
0.37968,-1.84,-0.24
0.37972,-1.6,-0.16
0.37976,-1.6,-0.24
0.3798,-1.68,-0.16
0.37984,-1.52,-0.16
0.37988,-1.44,-0.16
0.37992,-1.36,-0.16
0.37996,-1.44,0
0.38,-1.44,0
0.38004,-1.44,0
0.38008,-1.44,0.08
0.38012,-1.44,0.16
0.38016,-1.44,0.16
0.3802,-1.36,0.24
0.38024,-1.36,0.24
0.38028,-1.44,0.32
0.38032,-1.44,0.4
0.38036,-1.44,0.4
0.3804,-1.52,0.48
0.38044,7.12,7.28
0.38048,7.12,7.28
0.38052,7.2,7.2
0.38056,7.12,7.2
0.3806,-0.64,2.64
0.38064,-1.44,0.96
0.38068,-1.52,0.32
0.38072,-1.6,0.24
0.38076,-1.6,0.08
0.3808,-1.52,0.08
0.38084,-1.6,0.08
0.38088,-1.52,0.08
0.38092,-1.44,0.08
0.38096,-1.44,0.08
0.381,-1.28,0.08
0.38104,-1.36,0
0.38108,-1.36,0.08
0.38112,-1.36,0.08
0.38116,-1.36,0.16
0.3812,-1.36,0.24
0.38124,-1.44,0.24
0.38128,-1.36,0.24
0.38132,-1.36,0.24
0.38136,-1.28,0.32
0.3814,-1.36,0.4
0.38144,-1.36,0.4
0.38148,-1.44,0.4
0.38152,-1.52,0.4
0.38156,-1.44,0.48
0.3816,-1.52,0.56
0.38164,-1.6,0.4
0.38168,-1.6,0.64
0.38172,-1.68,0.56
0.38176,-1.68,0.64
0.3818,-1.76,0.56
0.38184,-1.84,0.64
0.38188,-1.84,0.56
0.38192,-1.84,0.48
0.38196,-1.92,0.48
0.382,-1.92,0.48
0.38204,-1.92,0.48
0.38208,-1.92,0.4
0.38212,-2.08,0.4
0.38216,-2,0.32
0.3822,-2.08,0.24
0.38224,-2,0.32
0.38228,-2,0.32
0.38232,-2,0.32
0.38236,-2.16,0.16
0.3824,-2.08,0.24
0.38244,-2.08,0.08
0.38248,-2,0.16
0.38252,-2,0.08
0.38256,-2,0
0.3826,-2.08,0.08
0.38264,-1.92,0.08
0.38268,-2,0.08
0.38272,-2,0
0.38276,-1.92,0.08
0.3828,-2,0
0.38284,-1.92,0.08
0.38288,-1.92,0
0.38292,-1.84,0
0.38296,-1.92,0
0.383,-1.84,0
0.38304,-1.92,0.08
0.38308,-1.76,0
0.38312,-1.84,0.08
0.38316,-1.76,0.08
