0.15,-2.44,0.16
0.15004,-2.44,0.16
0.15008,-2.44,0.16
0.15012,-2.4,0.24
0.15016,-2.52,0.12
0.1502,-2.52,0.12
0.15024,-2.44,0.12
0.15028,-2.44,0.2
0.15032,-2.44,0.2
0.15036,-2.52,0.2
0.1504,-2.52,0.12
0.15044,-2.4,0.24
0.15048,-2.4,0.16
0.15052,-2.48,0.24
0.15056,-2.36,0.12
0.1506,-2.4,0.2
0.15064,-2.4,0.16
0.15068,-2.4,0.2
0.15072,-2.48,0.16
0.15076,-2.36,0.12
0.1508,-2.48,0.28
0.15084,-2.4,0.2
0.15088,-2.48,0.16
0.15092,-2.4,0.2
0.15096,-2.4,0.24
0.151,-2.48,0.24
0.15104,-2.4,0.16
0.15108,-2.4,0.2
0.15112,-2.44,0.2
0.15116,-2.4,0.2
0.1512,-2.36,0.2
0.15124,-2.4,0.24
0.15128,-2.32,0.24
0.15132,-2.32,0.28
0.15136,-2.36,0.16
0.1514,-2.44,0.2
0.15144,-2.36,0.2
0.15148,-2.4,0.12
0.15152,-2.36,0.24
0.15156,-2.4,0.12
0.1516,-2.4,0.2
0.15164,-2.4,0.12
0.15168,-2.4,0.2
0.15172,-2.4,0.16
0.15176,-2.48,0.16
0.1518,-2.32,0.2
0.15184,-2.36,0.2
0.15188,-2.36,0.2
0.15192,-2.36,0.08
0.15196,-2.4,0.16
0.152,-2.44,0.2
0.15204,-2.4,0.2
0.15208,-2.36,0.28
0.15212,-2.36,0.2
0.15216,-2.36,0.28
0.1522,-2.4,0.2
0.15224,-2.36,0.2
0.15228,-2.32,0.16
0.15232,-2.36,0.2
0.15236,-2.36,0.2
0.1524,-2.4,0.24
0.15244,-2.44,0.12
0.15248,-2.32,0.24
0.15252,-2.4,0.16
0.15256,-2.48,0.16
0.1526,-2.36,0.16
0.15264,-2.4,0.08
0.15268,-2.44,0.24
0.15272,-2.44,0.24
0.15276,-2.4,0.16
0.1528,-2.44,0.2
0.15284,-2.4,0.2
0.15288,-2.4,0.16
0.15292,-2.4,0.12
0.15296,-2.48,0.16
0.153,-2.4,0.08
0.15304,-2.44,0.16
0.15308,-2.44,0.12
0.15312,-2.44,0.12
0.15316,-2.4,0.12
0.1532,-2.4,0.28
0.15324,-2.36,0.12
0.15328,-2.52,0.12
0.15332,-2.36,0.12
0.15336,-2.4,0.12
0.1534,-2.4,0.16
0.15344,-2.44,0.08
0.15348,-2.48,0.04
0.15352,-2.4,0.04
0.15356,-2.56,0.08
0.1536,-2.4,0.08
0.15364,-2.52,0.12
0.15368,-2.44,0.16
0.15372,-2.52,0.08
0.15376,-2.44,0.16
0.1538,-2.52,0.08
0.15384,-2.52,0.12
0.15388,-2.52,0
0.15392,-2.4,0.08
0.15396,-2.48,0.12
0.154,-2.48,0.08
0.15404,-2.48,0.08
0.15408,-2.56,0.08
0.15412,-2.56,0.08
0.15416,-2.48,0
0.1542,-2.48,0
0.15424,-2.52,0.04
0.15428,-2.44,0.08
0.15432,-2.52,0.08
0.15436,-2.52,0.12
0.1544,-2.44,0.08
0.15444,-2.48,0
0.15448,-2.48,0.12
0.15452,-2.44,0.12
0.15456,-2.52,0
0.1546,-2.4,0.04
0.15464,-2.48,0.08
0.15468,-2.48,0.04
0.15472,-2.48,0.12
0.15476,-2.48,0.12
0.1548,-2.4,0.04
0.15484,-2.44,0.12
0.15488,-2.44,0.12
0.15492,-2.44,0.08
0.15496,-2.48,0.08
0.155,-2.48,0.08
0.15504,-2.44,0.12
0.15508,-2.48,0.08
0.15512,-2.36,0.2
0.15516,-2.48,0.12
0.1552,-2.44,0.08
0.15524,-2.36,0.08
0.15528,-2.4,0.12
0.15532,-2.52,0.04
0.15536,-2.44,0.08
0.1554,-2.4,0.28
0.15544,-2.44,0.12
0.15548,-2.48,0.16
0.15552,-2.4,0.12
0.15556,-2.4,0.16
0.1556,-2.44,0.24
0.15564,-2.48,0.08
0.15568,-2.4,0.12
0.15572,-2.44,0.16
0.15576,-2.48,0.08
0.1558,-2.36,0.12
0.15584,-2.44,0.16
0.15588,-2.36,0.08
0.15592,-2.4,0.04
0.15596,-2.4,0.16
0.156,-2.4,0.12
0.15604,-2.4,0.08
0.15608,-2.4,0.08
0.15612,-2.4,0.08
0.15616,-2.48,0.08
0.1562,-2.48,0.16
0.15624,-2.4,0.12
0.15628,-2.4,0.08
0.15632,-2.44,0.08
0.15636,-2.44,0.08
0.1564,-2.4,0.12
0.15644,-2.4,0.08
0.15648,-2.36,0.12
0.15652,-2.36,0.16
0.15656,-2.36,0.04
0.1566,-2.36,0.12
0.15664,-2.48,0.08
0.15668,-2.32,0.12
0.15672,-2.4,0.12
0.15676,-2.44,0.16
0.1568,-2.4,0.2
0.15684,-2.4,0.2
0.15688,-2.48,0.12
0.15692,-2.4,0.12
0.15696,-2.4,0.2
0.157,-2.44,0.2
0.15704,-2.32,0.2
0.15708,-2.44,0.2
0.15712,-2.44,0.2
0.15716,-2.52,0.24
0.1572,-2.44,0.28
0.15724,-2.4,0.24
0.15728,-2.4,0.2
0.15732,-2.48,0.28
0.15736,-2.36,0.28
0.1574,-2.48,0.16
0.15744,-2.4,0.12
0.15748,-2.48,0.2
0.15752,-2.4,0.24
0.15756,-2.48,0.12
0.1576,-2.48,0.08
0.15764,-2.32,0.16
0.15768,-2.44,0.12
0.15772,-2.44,0.04
0.15776,-2.56,-0.04
0.1578,-2.4,-0.04
0.15784,-2.44,-0.04
0.15788,-2.44,-0.2
0.15792,-2.44,-0.08
0.15796,-2.48,-0.32
0.158,-2.4,-0.32
0.15804,-2.4,-0.32
0.15808,-2.4,-0.4
0.15812,-2.32,-0.52
0.15816,-2.28,-0.56
0.1582,-2.28,-0.64
0.15824,-2.24,-0.64
0.15828,-2.24,-0.88
0.15832,-2.12,-0.88
0.15836,-2.08,-1.08
0.1584,-2.04,-1.08
0.15844,-1.92,-1.2
0.15848,-1.92,-1.28
0.15852,-1.84,-1.48
0.15856,-1.76,-1.52
0.1586,-1.64,-1.68
0.15864,-1.64,-1.76
0.15868,-1.52,-1.92
0.15872,-1.44,-2.04
0.15876,-1.32,-2.2
0.1588,-1.2,-2.2
0.15884,-1.16,-2.4
0.15888,-1.08,-2.44
0.15892,-0.88,-2.56
0.15896,-0.72,-2.72
0.159,-0.64,-2.76
0.15904,-0.52,-2.84
0.15908,-0.4,-3
0.15912,-0.32,-3.08
0.15916,-0.08,-3.2
0.1592,0.04,-3.24
0.15924,0.16,-3.4
0.15928,0.28,-3.48
0.15932,0.44,-3.52
0.15936,0.6,-3.52
0.1594,0.64,-3.64
0.15944,0.84,-3.68
0.15948,1.04,-3.68
0.15952,1.12,-3.72
0.15956,1.24,-3.8
0.1596,1.4,-3.76
0.15964,1.6,-3.88
0.15968,1.64,-3.76
0.15972,1.8,-3.8
0.15976,1.88,-3.88
0.1598,2.04,-3.8
0.15984,2.12,-3.76
0.15988,2.24,-3.72
0.15992,2.24,-3.76
0.15996,2.32,-3.64
0.16,2.48,-3.68
0.16004,2.52,-3.64
0.16008,2.68,-3.48
0.16012,2.64,-3.44
0.16016,2.68,-3.4
0.1602,2.68,-3.28
0.16024,2.8,-3.16
0.16028,2.84,-3
0.16032,2.76,-2.96
0.16036,2.8,-2.84
0.1604,2.8,-2.76
0.16044,2.76,-2.64
0.16048,2.72,-2.56
0.16052,2.76,-2.44
0.16056,2.68,-2.24
0.1606,2.68,-2.2
0.16064,2.56,-2.04
0.16068,2.48,-1.92
0.16072,2.44,-1.84
0.16076,2.36,-1.76
0.1608,2.24,-1.72
0.16084,2.2,-1.48
0.16088,2.04,-1.36
0.16092,2,-1.4
0.16096,1.8,-1.16
0.161,1.68,-1
0.16104,1.56,-0.92
0.16108,1.36,-0.8
0.16112,1.28,-0.8
0.16116,1.12,-0.68
0.1612,1.12,-0.56
0.16124,0.8,-0.48
0.16128,0.76,-0.48
0.16132,0.56,-0.24
0.16136,0.44,-0.36
0.1614,0.32,-0.24
0.16144,0.24,-0.2
0.16148,0.04,-0.08
0.16152,-0.16,-0.08
0.16156,-0.28,0
0.1616,-0.4,0.08
0.16164,-0.56,0.08
0.16168,-0.72,0.12
0.16172,-0.84,0.08
0.16176,-0.84,0.12
0.1618,-0.96,0.2
0.16184,-1.12,0.2
0.16188,-1.32,0.28
0.16192,-1.36,0.2
0.16196,-1.44,0.24
0.162,-1.6,0.24
0.16204,-1.72,0.24
0.16208,-1.8,0.24
0.16212,-1.76,0.24
0.16216,-1.88,0.36
0.1622,-2,0.24
0.16224,-2.04,0.28
0.16228,-2.12,0.28
0.16232,-2.16,0.2
0.16236,-2.2,0.24
0.1624,-2.28,0.28
0.16244,-2.28,0.2
0.16248,-2.32,0.28
0.16252,-2.4,0.2
0.16256,-2.32,0.2
0.1626,-2.48,0.2
0.16264,-2.48,0.16
0.16268,-2.4,0.16
0.16272,-2.44,0.16
0.16276,-2.48,0.12
0.1628,-2.48,0.12
0.16284,-2.48,0.16
0.16288,-2.52,0.08
0.16292,-2.48,0.16
0.16296,-2.44,0.12
0.163,-2.44,0.12
0.16304,-2.48,0.12
0.16308,-2.6,0.16
0.16312,-2.52,0.08
0.16316,-2.48,0.04
0.1632,-2.44,0.12
0.16324,-2.44,0.12
0.16328,-2.32,0.12
0.16332,-2.48,0.12
0.16336,-2.4,0.12
0.1634,-2.4,0.12
0.16344,-2.44,0.12
0.16348,-2.44,0.12
0.16352,-2.48,0.16
0.16356,-2.36,0.12
0.1636,-2.36,0.08
0.16364,-2.4,0.12
0.16368,-2.48,0.08
0.16372,-2.4,0.08
0.16376,-2.4,0.16
0.1638,-2.4,0.12
0.16384,-2.32,0.12
0.16388,-2.44,0.08
0.16392,-2.36,0.12
0.16396,-2.32,0.12
0.164,-2.36,0.16
0.16404,-2.32,0.2
0.16408,-2.36,0.16
0.16412,-2.44,0.16
0.16416,-2.28,0.2
0.1642,-2.32,0.12
0.16424,-2.32,0.16
0.16428,-2.32,0.16
0.16432,-2.36,0.16
0.16436,-2.32,0.16
0.1644,-2.4,0.16
0.16444,-2.4,0.28
0.16448,-2.4,0.2
0.16452,-2.36,0.2
0.16456,-2.28,0.16
0.1646,-2.4,0.2
0.16464,-2.44,0.2
0.16468,-2.4,0.2
0.16472,-2.4,0.08
0.16476,-2.32,0.08
0.1648,-2.4,0.16
0.16484,-2.44,0.16
0.16488,-2.52,0.16
0.16492,-2.44,0.2
0.16496,-2.36,0.2
0.165,-2.44,0.2
0.16504,-2.44,0.24
0.16508,-2.4,0.28
0.16512,-2.4,0.28
0.16516,-2.4,0.28
0.1652,-2.44,0.12
0.16524,-2.4,0.28
0.16528,-2.44,0.2
0.16532,-2.4,0.2
0.16536,-2.36,0.28
0.1654,-2.36,0.32
0.16544,-2.4,0.28
0.16548,-2.4,0.2
0.16552,-2.32,0.28
0.16556,-2.44,0.28
0.1656,-2.4,0.2
0.16564,-2.4,0.28
0.16568,-2.44,0.2
0.16572,-2.4,0.28
0.16576,-2.4,0.2
0.1658,-2.4,0.32
0.16584,-2.44,0.2
0.16588,-2.4,0.2
0.16592,-2.4,0.28
0.16596,-2.4,0.4
0.166,-2.36,0.28
0.16604,-2.32,0.28
0.16608,-2.44,0.36
0.16612,-2.4,0.28
0.16616,-2.44,0.32
0.1662,-2.4,0.28
0.16624,-2.36,0.2
0.16628,-2.44,0.28
0.16632,-2.4,0.28
0.16636,-2.36,0.36
0.1664,-2.4,0.32
0.16644,-2.36,0.24
0.16648,-2.32,0.28
0.16652,-2.36,0.28
0.16656,-2.48,0.24
0.1666,-2.4,0.28
0.16664,-2.32,0.32
0.16668,-2.48,0.32
0.16672,-2.48,0.28
0.16676,-2.52,0.2
0.1668,-2.4,0.24
0.16684,-2.4,0.12
0.16688,-2.36,0.28
0.16692,-2.36,0.16
0.16696,-2.4,0.24
0.167,-2.52,0.2
0.16704,-2.48,0.32
0.16708,-2.4,0.12
0.16712,-2.48,0.28
0.16716,-2.4,0.2
0.1672,-2.44,0.16
0.16724,-2.4,0.12
0.16728,-2.44,0.24
0.16732,-2.4,0.12
0.16736,-2.48,0.2
0.1674,-2.44,0.12
0.16744,-2.44,0.16
0.16748,-2.44,0.16
0.16752,-2.44,0.08
0.16756,-2.4,0.16
0.1676,-2.48,0.12
0.16764,-2.52,0.16
0.16768,-2.48,0.16
0.16772,-2.48,0.08
0.16776,-2.48,0.16
0.1678,-2.48,0.08
0.16784,-2.44,0
0.16788,-2.48,0.2
0.16792,-2.48,0.16
0.16796,-2.44,0.08
0.168,-2.48,0.12
0.16804,-2.48,0.12
0.16808,-2.52,0.12
0.16812,-2.4,0.12
0.16816,-2.44,0.04
0.1682,-2.4,0.16
0.16824,-2.52,0.16
0.16828,-2.48,0.12
0.16832,-2.48,0.16
0.16836,-2.44,0.08
0.1684,-2.44,0.12
0.16844,-2.48,0.2
0.16848,-2.44,0.12
0.16852,-2.4,0.12
0.16856,-2.44,0.12
0.1686,-2.44,0.12
0.16864,-2.4,0.08
0.16868,-2.44,0.2
0.16872,-2.48,0.12
0.16876,-2.44,0.12
0.1688,-2.44,0.08
0.16884,-2.32,0.08
0.16888,-2.44,0.08
0.16892,-2.48,0.12
0.16896,-2.48,0.08
0.169,-2.48,0.16
0.16904,-2.48,0.08
0.16908,-2.44,0.16
0.16912,-2.48,0.16
0.16916,-2.44,0.08
0.1692,-2.4,0.12
0.16924,-2.4,0.12
0.16928,-2.4,0.12
0.16932,-2.44,0.08
0.16936,-2.52,0.16
0.1694,-2.4,0.12
0.16944,-2.4,0.24
0.16948,-2.48,0.08
0.16952,-2.4,0.12
0.16956,-2.4,0.08
0.1696,-2.36,0.12
0.16964,-2.48,0.12
0.16968,-2.4,0.16
0.16972,-2.44,0.12
0.16976,-2.48,0.12
0.1698,-2.36,0.16
0.16984,-2.4,0.16
0.16988,-2.44,0.08
0.16992,-2.32,0.04
0.16996,-2.4,0.08
0.17,-2.4,0.12
0.17004,-2.4,0.12
0.17008,-2.4,0.12
0.17012,-2.4,0.08
0.17016,-2.36,0.2
0.1702,-2.44,0.2
0.17024,-2.4,0.08
0.17028,-2.44,0.16
0.17032,-2.4,0.16
0.17036,-2.36,0.16
0.1704,-2.36,0.16
0.17044,-2.44,0.16
0.17048,-2.36,0.12
0.17052,-2.32,0.12
0.17056,-2.36,0.16
0.1706,-2.44,0.16
0.17064,-2.44,0.12
0.17068,-2.44,0.16
0.17072,-2.44,0.12
0.17076,-2.44,0.16
0.1708,-2.4,0.12
0.17084,-2.44,0.16
0.17088,-2.28,0.2
0.17092,-2.48,0.16
0.17096,-2.44,0.16
0.171,-2.4,0.16
0.17104,-2.44,0.12
0.17108,-2.44,0.16
0.17112,-2.52,0.12
0.17116,-2.36,0.16
0.1712,-2.44,0.16
0.17124,-2.48,0.08
0.17128,-2.48,0.12
0.17132,-2.4,0.08
0.17136,-2.44,0.2
0.1714,-2.44,0.12
0.17144,-2.44,0.24
0.17148,-2.36,0.08
0.17152,-2.4,0.12
0.17156,-2.44,0.16
0.1716,-2.48,0.04
0.17164,-2.44,0.16
0.17168,-2.44,0.16
0.17172,-2.44,0.12
0.17176,-2.44,0.08
0.1718,-2.4,0.16
0.17184,-2.4,0.2
0.17188,-2.48,0.16
0.17192,-2.4,0.16
0.17196,-2.36,0.16
0.172,-2.32,0.12
0.17204,-2.4,0.12
0.17208,-2.4,0.12
0.17212,-2.32,0.12
0.17216,-2.32,0.2
0.1722,-2.4,0.16
0.17224,-2.32,0.16
0.17228,-2.44,0.2
0.17232,-2.36,0.08
0.17236,-2.36,0.16
0.1724,-2.4,0.08
0.17244,-2.44,0.16
0.17248,-2.44,0.08
0.17252,-2.44,0.2
0.17256,-2.36,0.12
0.1726,-2.36,0.16
0.17264,-2.4,0.16
0.17268,-2.4,0.12
0.17272,-2.4,0.12
0.17276,-2.4,0.08
0.1728,-2.44,0.04
0.17284,-2.48,0.16
0.17288,-2.36,0.12
0.17292,-2.4,0.16
0.17296,-2.36,0.12
0.173,-2.36,0.16
0.17304,-2.4,0.04
0.17308,-2.44,0.2
0.17312,-2.44,0.08
0.17316,-2.4,0.08
0.1732,-2.36,0.24
0.17324,-2.36,0.16
0.17328,-2.4,0.16
0.17332,-2.44,0.12
0.17336,-2.44,0.2
0.1734,-2.4,0.2
0.17344,-2.4,0.16
0.17348,-2.4,0.12
0.17352,-2.32,0.12
0.17356,-2.4,0.2
0.1736,-2.4,0.04
0.17364,-2.44,0.16
0.17368,-2.4,0.12
0.17372,-2.32,0.08
0.17376,-2.44,0.12
0.1738,-2.44,0.12
0.17384,-2.32,0.12
0.17388,-2.48,0.04
0.17392,-2.44,0.12
0.17396,-2.44,0.16
0.174,-2.44,0.16
0.17404,-2.4,0.16
0.17408,-2.4,0.2
0.17412,-2.36,0.16
0.17416,-2.4,0.24
0.1742,-2.36,0.12
0.17424,-2.44,0.08
0.17428,-2.36,0.12
0.17432,-2.44,0.12
0.17436,-2.36,0.12
0.1744,-2.4,0.08
0.17444,-2.4,0.12
0.17448,-2.44,0.2
0.17452,-2.4,0.12
0.17456,-2.4,0.16
0.1746,-2.4,0.12
0.17464,-2.44,0.16
0.17468,-2.4,0.16
0.17472,-2.4,0.08
0.17476,-2.36,0.2
0.1748,-2.44,0.08
0.17484,-2.44,0.16
0.17488,-2.36,0.08
0.17492,-2.48,0.12
0.17496,-2.36,0.16
0.175,-2.44,0.12
0.17504,-2.4,0.16
0.17508,-2.4,0.12
0.17512,-2.4,0.24
0.17516,-2.4,0.12
0.1752,-2.44,0.16
0.17524,-2.44,0.2
0.17528,-2.4,0.2
0.17532,-2.44,0.16
0.17536,-2.44,0.16
0.1754,-2.4,0.2
0.17544,-2.44,0.12
0.17548,-2.52,0.12
0.17552,-2.44,0.16
0.17556,-2.48,0.12
0.1756,-2.4,0.12
0.17564,-2.44,0.16
0.17568,-2.48,0.2
0.17572,-2.44,0.16
0.17576,-2.44,0.04
0.1758,-2.4,0.12
0.17584,-2.48,0.12
0.17588,-2.44,0.12
0.17592,-2.52,0.2
0.17596,-2.4,0.16
0.176,-2.48,0.16
0.17604,-2.36,0.12
0.17608,-2.4,0.24
0.17612,-2.44,0.12
0.17616,-2.48,0.12
0.1762,-2.4,0.12
0.17624,-2.48,0.2
0.17628,-2.48,0.28
0.17632,-2.4,0.16
0.17636,-2.48,0.16
0.1764,-2.52,0.08
0.17644,-2.44,0.08
0.17648,-2.4,0.12
0.17652,-2.44,0.2
0.17656,-2.48,0.12
0.1766,-2.4,0.12
0.17664,-2.48,0.08
0.17668,-2.48,0.12
0.17672,-2.52,0.16
0.17676,-2.36,0.12
0.1768,-2.48,0.12
0.17684,-2.44,0.12
0.17688,-2.4,0.12
0.17692,-2.56,0.12
0.17696,-2.48,0.24
0.177,-2.44,0.2
0.17704,-2.32,0.2
0.17708,-2.44,0.12
0.17712,-2.4,0.12
0.17716,-2.44,0.2
0.1772,-2.44,0.16
0.17724,-2.4,0.2
0.17728,-2.4,0.16
0.17732,-2.48,0.16
0.17736,-2.4,0.16
0.1774,-2.4,0.2
0.17744,-2.48,0.2
0.17748,-2.32,0.16
0.17752,-2.4,0.12
0.17756,-2.44,0.08
0.1776,-2.44,0.2
0.17764,-2.44,0.16
0.17768,-2.48,0.2
0.17772,-2.36,0.16
0.17776,-2.44,0.2
0.1778,-2.36,0.16
0.17784,-2.36,0.24
0.17788,-2.32,0.16
0.17792,-2.44,0.16
0.17796,-2.32,0.08
0.178,-2.44,0.08
0.17804,-2.4,0.12
0.17808,-2.44,0.12
0.17812,-2.4,0.08
0.17816,-2.36,0.16
0.1782,-2.4,0.12
0.17824,-2.4,0.16
0.17828,-2.36,0.16
0.17832,-2.4,0.08
0.17836,-2.36,0.12
0.1784,-2.4,0.08
0.17844,-2.4,0.12
0.17848,-2.48,0.12
0.17852,-2.4,0.12
0.17856,-2.4,0.12
0.1786,-2.44,0.16
0.17864,-2.4,0.12
0.17868,-2.4,0.16
0.17872,-2.48,0.12
0.17876,-2.4,0.24
0.1788,-2.48,0.16
0.17884,-2.52,0.12
0.17888,-2.4,0.16
0.17892,-2.44,0.12
0.17896,-2.4,0.12
0.179,-2.44,0.08
0.17904,-2.4,0.12
0.17908,-2.44,0.12
0.17912,-2.4,0.12
0.17916,-2.4,0.12
0.1792,-2.4,0.12
0.17924,-2.44,0.16
0.17928,-2.36,0.12
0.17932,-2.4,0.16
0.17936,-2.44,0.08
0.1794,-2.4,0.2
0.17944,-2.36,0.16
0.17948,-2.4,0.12
0.17952,-2.44,0.04
0.17956,-2.4,0.2
0.1796,-2.36,0.24
0.17964,-2.44,0.12
0.17968,-2.48,0.12
0.17972,-2.36,0.12
0.17976,-2.4,0.12
0.1798,-2.48,0.16
0.17984,-2.44,0.16
0.17988,-2.4,0.08
0.17992,-2.36,0.12
0.17996,-2.52,0.28
0.18,-2.36,0.08
0.18004,-2.44,0.12
0.18008,-2.48,0.16
0.18012,-2.48,0.08
0.18016,-2.52,0.12
0.1802,-2.44,0.16
0.18024,-2.4,0.12
0.18028,-2.4,0.16
0.18032,-2.52,0.16
0.18036,-2.48,0.16
0.1804,-2.48,0.12
0.18044,-2.44,0.2
0.18048,-2.48,0.16
0.18052,-2.48,0.16
0.18056,-2.44,0.2
0.1806,-2.44,0.16
0.18064,-2.48,0.12
0.18068,-2.44,-0.04
0.18072,-2.32,0.16
0.18076,-2.32,0.12
0.1808,-2.4,0.12
0.18084,-2.36,0.12
0.18088,-2.32,0.12
0.18092,-2.44,0.04
0.18096,-2.4,0.16
0.181,-2.44,0.24
0.18104,-2.4,0.12
0.18108,-2.4,0.12
0.18112,-2.4,0.16
0.18116,-2.4,0.16
0.1812,-2.48,0.16
0.18124,-2.44,0.12
0.18128,-2.52,0.04
0.18132,-2.48,0.12
0.18136,-2.48,0.12
0.1814,-2.4,0.24
0.18144,-2.4,0.24
0.18148,-2.4,0.16
0.18152,-2.44,0.12
0.18156,-2.4,0.2
0.1816,-2.36,0.12
0.18164,-2.36,0.12
0.18168,-2.36,0.24
0.18172,-2.4,0.2
0.18176,-2.44,0.12
0.1818,-2.4,0.16
0.18184,-2.44,0.16
0.18188,-2.4,0.2
0.18192,-2.4,0.12
0.18196,-2.4,0.16
0.182,-2.36,0.16
0.18204,-2.36,0.08
0.18208,-2.44,0.16
0.18212,-2.48,0.2
0.18216,-2.44,0.16
0.1822,-2.36,0.12
0.18224,-2.44,0.12
0.18228,-2.44,0.16
0.18232,-2.36,0.16
0.18236,-2.44,0.2
0.1824,-2.4,0.12
0.18244,-2.44,0.16
0.18248,-2.44,0.12
0.18252,-2.28,0.2
0.18256,-2.4,0.16
0.1826,-2.4,0.2
0.18264,-2.4,0.12
0.18268,-2.4,0.2
0.18272,-2.4,0.16
0.18276,-2.4,0.16
0.1828,-2.52,0.2
0.18284,-2.44,0.16
0.18288,-2.48,0.16
0.18292,-2.48,0.2
0.18296,-2.52,0.16
0.183,-2.4,0
0.18304,-2.48,0.2
0.18308,-2.48,0.16
0.18312,-2.44,0.12
0.18316,-2.4,0.12
0.1832,-2.44,0.24
0.18324,-2.4,0.24
0.18328,-2.44,0.2
0.18332,-2.4,0.2
0.18336,-2.48,0.16
0.1834,-2.4,0.12
0.18344,-2.4,0.16
0.18348,-2.4,0.12
0.18352,-2.52,0.2
0.18356,-2.44,0.16
0.1836,-2.4,0.24
0.18364,-2.44,0.12
0.18368,-2.32,0.24
0.18372,-2.4,0.16
0.18376,-2.48,0.16
0.1838,-2.48,0.16
0.18384,-2.52,0.2
0.18388,-2.4,0.2
0.18392,-2.48,0.2
0.18396,-2.44,0.2
0.184,-2.44,0.16
0.18404,-2.32,0.2
0.18408,-2.4,0.2
0.18412,-2.32,0.2
0.18416,-2.48,0.2
0.1842,-2.44,0.2
0.18424,-2.4,0.2
0.18428,-2.4,0.24
0.18432,-2.48,0.12
0.18436,-2.44,0.2
0.1844,-2.48,0.2
0.18444,-2.48,0.16
0.18448,-2.4,0.12
0.18452,-2.44,0.08
0.18456,-2.4,0.16
0.1846,-2.4,0.16
0.18464,-2.36,0.12
0.18468,-2.48,0.24
0.18472,-2.4,0.12
0.18476,-2.44,0.12
0.1848,-2.48,0.24
0.18484,-2.44,0.12
0.18488,-2.48,0.16
0.18492,-2.4,0.12
0.18496,-2.44,0.12
0.185,-2.48,0.2
0.18504,-2.48,0.16
0.18508,-2.52,0.2
0.18512,-2.4,0.2
0.18516,-2.48,0.12
0.1852,-2.48,0.16
0.18524,-2.44,0.2
0.18528,-2.4,0.12
0.18532,-2.48,0.16
0.18536,-2.48,0.08
0.1854,-2.4,0.2
0.18544,-2.48,0.2
0.18548,-2.4,0.2
0.18552,-2.4,0.2
0.18556,-2.4,0.16
0.1856,-2.52,0.08
0.18564,-2.48,0.12
0.18568,-2.48,0.16
0.18572,-2.4,0.16
0.18576,-2.48,0.12
0.1858,-2.44,0.16
0.18584,-2.44,0.12
0.18588,-2.44,0.16
0.18592,-2.32,0.08
0.18596,-2.44,0.2
0.186,-2.44,0.24
0.18604,-2.44,0.12
0.18608,-2.4,0.2
0.18612,-2.44,0.12
0.18616,-2.4,0.12
0.1862,-2.36,0.12
0.18624,-2.4,0.12
0.18628,-2.48,0.12
0.18632,-2.4,0.08
0.18636,-2.4,0.12
0.1864,-2.4,0.12
0.18644,-2.4,0.12
0.18648,-2.4,0.08
0.18652,-2.4,0.2
0.18656,-2.4,0.08
0.1866,-2.4,0.12
0.18664,-2.4,0.16
0.18668,-2.36,0.12
0.18672,-2.4,0.12
0.18676,-2.36,0.08
0.1868,-2.48,0.2
0.18684,-2.44,0.08
0.18688,-2.44,0.12
0.18692,-2.4,0.04
0.18696,-2.4,0.08
0.187,-2.4,0.12
0.18704,-2.44,0.12
0.18708,-2.48,0.08
0.18712,-2.4,0.08
0.18716,-2.36,0.12
0.1872,-2.4,0.08
0.18724,-2.32,0.2
0.18728,-2.44,0.16
0.18732,-2.36,0.16
0.18736,-2.4,0.12
0.1874,-2.44,0.08
0.18744,-2.44,0.2
0.18748,-2.44,0.04
0.18752,-2.44,0.16
0.18756,-2.44,0.12
0.1876,-2.44,0.12
0.18764,-2.44,0.12
0.18768,-2.4,0.16
0.18772,-2.44,0.16
0.18776,-2.4,0.04
0.1878,-2.36,0.12
0.18784,-2.48,0.16
0.18788,-2.48,0.12
0.18792,-2.4,0.2
0.18796,-2.36,0.04
0.188,-2.32,0.2
0.18804,-2.44,0.08
0.18808,-2.4,0.2
0.18812,-2.36,0.16
0.18816,-2.4,0.2
0.1882,-2.4,0.12
0.18824,-2.44,0.2
0.18828,-2.36,0.16
0.18832,-2.4,0.12
0.18836,-2.4,0.12
0.1884,-2.36,0.12
0.18844,-2.48,0.12
0.18848,-2.4,0.16
0.18852,-2.4,0.08
0.18856,-2.4,0.2
0.1886,-2.44,0.16
0.18864,-2.4,0.24
0.18868,-2.4,0.08
0.18872,-2.36,0.08
0.18876,-2.4,0.16
0.1888,-2.4,0.12
0.18884,-2.44,0.12
0.18888,-2.4,0.12
0.18892,-2.4,0.16
0.18896,-2.4,0.12
0.189,-2.4,0.12
0.18904,-2.44,0.12
0.18908,-2.4,0.12
0.18912,-2.44,0.12
0.18916,-2.32,0.08
0.1892,-2.4,0.16
0.18924,-2.4,0.16
0.18928,-2.44,0.12
0.18932,-2.36,0.2
0.18936,-2.44,0.12
0.1894,-2.4,0.12
0.18944,-2.48,0.12
0.18948,-2.48,0.04
0.18952,-2.4,0.12
0.18956,-2.52,0.12
0.1896,-2.48,0.16
0.18964,-2.4,0.04
0.18968,-2.48,0.12
0.18972,-2.36,0.2
0.18976,-2.44,0.16
0.1898,-2.4,0.2
0.18984,-2.4,0.2
0.18988,-2.4,0.12
0.18992,-2.44,0.2
0.18996,-2.4,0.12
0.19,-2.48,0.08
0.19004,-2.4,0.16
0.19008,-2.44,0.16
0.19012,-2.4,0.12
0.19016,-2.4,0.08
0.1902,-2.4,0.12
0.19024,-2.44,0.08
0.19028,-2.48,0.12
0.19032,-2.44,0.08
0.19036,-2.44,0.08
0.1904,-2.4,0.2
0.19044,-2.44,0.12
0.19048,-2.4,0.12
0.19052,-2.52,0.12
0.19056,-2.4,0.12
0.1906,-2.44,0.16
0.19064,-2.44,0.16
0.19068,-2.44,0.24
0.19072,-2.44,0.08
0.19076,-2.4,0.12
0.1908,-2.4,0.2
0.19084,-2.48,0.08
0.19088,-2.4,0.16
0.19092,-2.44,0.16
0.19096,-2.48,0.12
0.191,-2.44,0.12
0.19104,-2.4,0.2
0.19108,-2.48,0.12
0.19112,-2.4,0.04
0.19116,-2.44,0.12
0.1912,-2.48,0.12
0.19124,-2.48,0.08
0.19128,-2.4,0.16
0.19132,-2.4,0.12
0.19136,-2.44,0.12
0.1914,-2.4,0.12
0.19144,-2.4,0.12
0.19148,-2.4,0.12
0.19152,-2.48,0.12
0.19156,-2.4,0.2
0.1916,-2.44,0.16
0.19164,-2.44,0.2
0.19168,-2.48,0.2
0.19172,-2.32,0.2
0.19176,-2.4,0.08
0.1918,-2.44,0.12
0.19184,-2.48,0.16
0.19188,-2.44,0.16
0.19192,-2.56,0.12
0.19196,-2.4,0.2
0.192,-2.44,0.08
0.19204,-2.44,0.12
0.19208,-2.44,0.16
0.19212,-2.48,0.16
0.19216,-2.4,0.08
0.1922,-2.4,0.08
0.19224,-2.4,0.12
0.19228,-2.4,0.2
0.19232,-2.44,0.2
0.19236,-2.48,0.12
0.1924,-2.36,0.16
0.19244,-2.4,0.16
0.19248,-2.36,0.16
0.19252,-2.44,0.08
0.19256,-2.4,0.12
0.1926,-2.4,0.08
0.19264,-2.56,0.12
0.19268,-2.44,0.2
0.19272,-2.44,0.08
0.19276,-2.32,0.12
0.1928,-2.48,0.04
0.19284,-2.36,0.2
0.19288,-2.44,0.16
0.19292,-2.52,0.16
0.19296,-2.48,0.2
0.193,-2.44,0.16
0.19304,-2.44,0.12
0.19308,-2.36,0.16
0.19312,-2.36,0.2
0.19316,-2.52,0.12
0.1932,-2.48,0.2
0.19324,-2.52,0.2
0.19328,-2.4,0.2
0.19332,-2.36,0.12
0.19336,-2.4,0.16
0.1934,-2.4,0.16
0.19344,-2.44,0.16
0.19348,-2.36,0.16
0.19352,-2.48,0.2
0.19356,-2.4,0.16
0.1936,-2.44,0.2
0.19364,-2.4,0.2
0.19368,-2.4,0.16
0.19372,-2.44,0.16
0.19376,-2.48,0.16
0.1938,-2.4,0.16
0.19384,-2.44,0.08
0.19388,-2.44,0.16
0.19392,-2.4,0.24
0.19396,-2.4,0.24
0.194,-2.32,0.16
0.19404,-2.48,0.12
0.19408,-2.44,0.2
0.19412,-2.4,0.2
0.19416,-2.44,0.16
0.1942,-2.44,0.12
0.19424,-2.32,0.2
0.19428,-2.4,0.2
0.19432,-2.36,0.28
0.19436,-2.4,0.2
0.1944,-2.48,0.08
0.19444,-2.44,0.2
0.19448,-2.36,0.12
0.19452,-2.36,0.16
0.19456,-2.4,0.24
0.1946,-2.44,0.16
0.19464,-2.4,0.2
0.19468,-2.44,0.12
0.19472,-2.52,0.16
0.19476,-2.48,0.2
0.1948,-2.36,0.16
0.19484,-2.4,0.12
0.19488,-2.4,0.08
0.19492,-2.4,0.12
0.19496,-2.36,0.12
0.195,-2.44,0.16
0.19504,-2.4,0.08
0.19508,-2.4,0.16
0.19512,-2.4,0.08
0.19516,-2.36,0.16
0.1952,-2.44,0.2
0.19524,-2.48,0.2
0.19528,-2.44,0.08
0.19532,-2.4,0.16
0.19536,-2.36,0.12
0.1954,-2.4,0.28
0.19544,-2.48,0.16
0.19548,-2.4,0.2
0.19552,-2.4,0.12
0.19556,-2.44,0.12
0.1956,-2.4,0.04
0.19564,-2.4,0.12
0.19568,-2.4,0.08
0.19572,-2.4,0.12
0.19576,-2.44,0.16
0.1958,-2.44,0.12
0.19584,-2.32,0.2
0.19588,-2.44,0.2
0.19592,-2.44,0.2
0.19596,-2.44,0.12
0.196,-2.52,0.24
0.19604,-2.44,0.08
0.19608,-2.44,0.16
0.19612,-2.48,0.12
0.19616,-2.4,0.2
0.1962,-2.48,0.12
0.19624,-2.44,0.16
0.19628,-2.44,0.12
0.19632,-2.32,0.16
0.19636,-2.44,0.12
0.1964,-2.4,0.12
0.19644,-2.36,0.12
0.19648,-2.4,0.04
0.19652,-2.4,0.12
0.19656,-2.48,0.12
0.1966,-2.4,0.08
0.19664,-2.36,0.08
0.19668,-2.44,0.12
0.19672,-2.44,0.16
0.19676,-2.4,0.16
0.1968,-2.4,0.08
0.19684,-2.48,0.2
0.19688,-2.4,0.08
0.19692,-2.52,0.08
0.19696,-2.32,0.16
0.197,-2.52,0.16
0.19704,-2.44,0.04
0.19708,-2.44,0.08
0.19712,-2.36,0.08
0.19716,-2.48,0.04
0.1972,-2.4,0.12
0.19724,-2.4,0.04
0.19728,-2.36,0.2
0.19732,-2.44,0.16
0.19736,-2.4,0.16
0.1974,-2.4,0.08
0.19744,-2.44,0.08
0.19748,-2.4,0.16
0.19752,-2.4,0.08
0.19756,-2.4,0.2
0.1976,-2.48,0.12
0.19764,-2.44,0.08
0.19768,-2.36,0.2
0.19772,-2.48,0.12
0.19776,-2.32,0.04
0.1978,-2.4,0.08
0.19784,-2.4,0.24
0.19788,-2.4,0.16
0.19792,-2.4,0.16
0.19796,-2.4,0.2
0.198,-2.4,0.16
0.19804,-2.48,0.08
0.19808,-2.36,0.12
0.19812,-2.44,0.2
0.19816,-2.4,0.16
0.1982,-2.36,0.2
0.19824,-2.36,0.2
0.19828,-2.4,0.16
0.19832,-2.4,0.16
0.19836,-2.4,0.16
0.1984,-2.4,0.12
0.19844,-2.32,0.2
0.19848,-2.4,0.2
0.19852,-2.4,0.16
0.19856,-2.48,0.12
0.1986,-2.4,0.12
0.19864,-2.36,0.2
0.19868,-2.48,0.2
0.19872,-2.52,0.16
0.19876,-2.4,0.2
0.1988,-2.4,0.12
0.19884,-2.32,0.12
0.19888,-2.44,0.16
0.19892,-2.44,0.24
0.19896,-2.44,0.16
0.199,-2.44,0.2
0.19904,-2.4,0.16
0.19908,-2.4,0.12
0.19912,-2.52,0.12
0.19916,-2.4,0.2
0.1992,-2.44,0.16
0.19924,-2.44,0.16
0.19928,-2.44,0.16
0.19932,-2.44,0.16
0.19936,-2.48,0.16
0.1994,-2.44,0.16
0.19944,-2.36,0.16
0.19948,-2.4,0.16
0.19952,-2.48,0.16
0.19956,-2.44,0.16
0.1996,-2.4,0.16
0.19964,-2.48,0.16
0.19968,-2.4,0.2
0.19972,-2.44,0.2
0.19976,-2.44,0.2
0.1998,-2.44,0.2
0.19984,-2.48,0.12
0.19988,-2.44,0.16
0.19992,-2.44,0.16
0.19996,-2.4,0.12
0.2,-2.36,0.16
0.20004,-2.48,0.12
0.20008,-2.44,0.16
0.20012,-2.44,0.2
0.20016,-2.4,0.2
0.2002,-2.4,0.2
0.20024,-2.4,0.16
0.20028,-2.48,0.12
0.20032,-2.48,0.2
0.20036,-2.36,0.24
0.2004,-2.48,0.28
0.20044,-2.48,0.16
0.20048,-2.52,0.2
0.20052,-2.44,0.2
0.20056,-2.44,0.28
0.2006,-2.44,0.16
0.20064,-2.4,0.28
0.20068,-2.48,0.24
0.20072,-2.52,0.12
0.20076,-2.44,0.12
0.2008,-2.4,0.16
0.20084,-2.48,0.12
0.20088,-2.48,0.2
0.20092,-2.4,0.2
0.20096,-2.44,0.2
0.201,-2.44,0.16
0.20104,-2.44,0.16
0.20108,-2.4,0.16
0.20112,-2.4,0.24
0.20116,-2.44,0.2
0.2012,-2.44,0.16
0.20124,-2.44,0.16
0.20128,-2.48,0.16
0.20132,-2.48,0.24
0.20136,-2.52,0.16
0.2014,-2.44,0.2
0.20144,-2.4,0.2
0.20148,-2.4,0.24
0.20152,-2.4,0.12
0.20156,-2.44,0.16
0.2016,-2.52,0.16
0.20164,-2.4,0.12
0.20168,-2.48,0.24
0.20172,-2.4,0.24
0.20176,-2.4,0.16
0.2018,-2.4,0.12
0.20184,-2.44,0.24
0.20188,-2.44,0.08
0.20192,-2.44,0.16
0.20196,-2.48,0.2
0.202,-2.4,0.2
0.20204,-2.36,0.12
0.20208,-2.4,0.2
0.20212,-2.4,0.2
0.20216,-2.48,0.08
0.2022,-2.44,0.12
0.20224,-2.4,0.12
0.20228,-2.48,0.2
0.20232,-2.4,0.12
0.20236,-2.4,0.12
0.2024,-2.48,0.16
0.20244,-2.48,0.16
0.20248,-2.44,0.2
0.20252,-2.4,0.12
0.20256,-2.4,0.2
0.2026,-2.48,0.16
0.20264,-2.4,0.16
0.20268,-2.36,0.12
0.20272,-2.52,0.16
0.20276,-2.36,0.2
0.2028,-2.48,0.12
0.20284,-2.48,0.08
0.20288,-2.44,0.12
0.20292,-2.44,0.12
0.20296,-2.4,0.16
0.203,-2.44,0.16
0.20304,-2.4,0.12
0.20308,-2.4,0.2
0.20312,-2.4,0.12
0.20316,-2.44,0.16
0.2032,-2.36,0.16
0.20324,-2.44,0.16
0.20328,-2.36,0.16
0.20332,-2.44,0.08
0.20336,-2.44,0.12
0.2034,-2.4,0.16
0.20344,-2.4,0.12
0.20348,-2.48,0.08
0.20352,-2.44,0.16
0.20356,-2.4,0.08
0.2036,-2.36,0.2
0.20364,-2.44,0.16
0.20368,-2.4,0.12
0.20372,-2.32,0.16
0.20376,-2.44,0.12
0.2038,-2.4,0.16
0.20384,-2.4,0.12
0.20388,-2.32,0.12
0.20392,-2.4,0.16
0.20396,-2.4,0.12
0.204,-2.48,0.12
0.20404,-2.44,0.12
0.20408,-2.4,0.08
0.20412,-2.36,0.12
0.20416,-2.4,0.08
0.2042,-2.4,0.08
0.20424,-2.36,0.2
0.20428,-2.44,0.12
0.20432,-2.44,0.2
0.20436,-2.4,0.12
0.2044,-2.4,0.12
0.20444,-2.4,0.04
0.20448,-2.4,0.2
0.20452,-2.4,0.08
0.20456,-2.4,0.08
0.2046,-2.44,0.12
0.20464,-2.4,0.2
0.20468,-2.36,0.2
0.20472,-2.4,0
0.20476,-2.4,0.12
0.2048,-2.4,0.16
0.20484,-2.48,0.16
0.20488,-2.48,0.12
0.20492,-2.48,0.12
0.20496,-2.4,0.12
0.205,-2.44,0.2
0.20504,-2.36,0.12
0.20508,-2.32,0.08
0.20512,-2.32,0.16
0.20516,-2.4,0.16
0.2052,-2.4,0.08
0.20524,-2.4,0.16
0.20528,-2.36,0.12
0.20532,-2.4,0.16
0.20536,-2.4,0.08
0.2054,-2.32,0.16
0.20544,-2.48,0.2
0.20548,-2.48,0.12
0.20552,-2.48,0.2
0.20556,-2.32,0.16
0.2056,-2.4,0.08
0.20564,-2.44,0.12
0.20568,-2.44,0.08
0.20572,-2.28,0.12
0.20576,-2.36,0.12
0.2058,-2.44,0.08
0.20584,-2.4,0.12
0.20588,-2.48,0.2
0.20592,-2.44,0.08
0.20596,-2.44,0.12
0.206,-2.36,0.08
0.20604,-2.4,0.16
0.20608,-2.44,0.12
0.20612,-2.4,0.12
0.20616,-2.44,0.12
0.2062,-2.44,0.12
0.20624,-2.4,0.16
0.20628,-2.44,0.16
0.20632,-2.44,0.16
0.20636,-2.4,0.12
0.2064,-2.4,0.12
0.20644,-2.48,0.16
0.20648,-2.48,0.16
0.20652,-2.44,0.12
0.20656,-2.32,0.12
0.2066,-2.44,0.2
0.20664,-2.48,0.12
0.20668,-2.44,0.12
0.20672,-2.44,0.08
0.20676,-2.44,0.08
0.2068,-2.4,0.08
0.20684,-2.44,0.12
0.20688,-2.44,0.16
0.20692,-2.48,0.2
0.20696,-2.56,0.08
0.207,-2.4,0.2
0.20704,-2.44,0.12
0.20708,-2.4,0.2
0.20712,-2.44,0.04
0.20716,-2.44,0.16
0.2072,-2.48,0.08
0.20724,-2.52,0.12
0.20728,-2.4,0.12
0.20732,-2.44,0.12
0.20736,-2.44,0.04
0.2074,-2.44,0.16
0.20744,-2.44,0.12
0.20748,-2.52,0.16
0.20752,-2.4,0.16
0.20756,-2.36,0.12
0.2076,-2.48,0.08
0.20764,-2.48,0.2
0.20768,-2.4,0.2
0.20772,-2.4,0.12
0.20776,-2.4,0.16
0.2078,-2.44,0.12
0.20784,-2.4,0.12
0.20788,-2.4,0.2
0.20792,-2.44,0.12
0.20796,-2.36,0.2
0.208,-2.44,0.12
0.20804,-2.44,0.12
0.20808,-2.44,0.12
0.20812,-2.4,0.12
0.20816,-2.4,0.08
0.2082,-2.4,0.12
0.20824,-2.4,0.04
0.20828,-2.36,0.12
0.20832,-2.44,0.08
0.20836,-2.44,0.16
0.2084,-2.36,0.12
0.20844,-2.44,0.28
0.20848,-2.4,0.08
0.20852,-2.4,0.08
0.20856,-2.48,0.16
0.2086,-2.44,0.12
0.20864,-2.48,0.2
0.20868,-2.36,0.16
0.20872,-2.48,0.12
0.20876,-2.4,0.08
0.2088,-2.48,0.16
0.20884,-2.36,0.2
0.20888,-2.4,0.08
0.20892,-2.4,0.12
0.20896,-2.44,0.2
0.209,-2.36,0.28
0.20904,-2.48,0.16
0.20908,-2.48,0.16
0.20912,-2.48,0.12
0.20916,-2.4,0.12
0.2092,-2.44,0.16
0.20924,-2.36,0.08
0.20928,-2.4,0.16
0.20932,-2.44,0.2
0.20936,-2.48,0.16
0.2094,-2.4,0.2
0.20944,-2.48,0.12
0.20948,-2.44,0.16
0.20952,-2.4,0.12
0.20956,-2.4,0.12
0.2096,-2.44,0.12
0.20964,-2.44,0.28
0.20968,-2.48,0.12
0.20972,-2.4,0.16
0.20976,-2.44,0.16
0.2098,-2.4,0.12
0.20984,-2.48,0.16
0.20988,-2.4,0.16
0.20992,-2.48,0.16
0.20996,-2.4,0.2
0.21,-2.4,0.16
0.21004,-2.48,0.16
0.21008,-2.36,0.24
0.21012,-2.48,0.16
0.21016,-2.4,0.2
0.2102,-2.44,0.16
0.21024,-2.4,0.24
0.21028,-2.4,0.12
0.21032,-2.48,0.2
0.21036,-2.44,0.2
0.2104,-2.4,0.16
0.21044,-2.36,0.12
0.21048,-2.48,0.2
0.21052,-2.4,0.2
0.21056,-2.48,0.16
0.2106,-2.48,0.2
0.21064,-2.48,0.04
0.21068,-2.44,0.12
0.21072,-2.4,0.12
0.21076,-2.4,0.12
0.2108,-2.4,0.24
0.21084,-2.48,0.2
0.21088,-2.44,0.04
0.21092,-2.44,0.08
0.21096,-2.44,0.16
0.211,-2.52,0.2
0.21104,-2.44,0.2
0.21108,-2.4,0.16
0.21112,-2.32,0.2
0.21116,-2.4,0.12
0.2112,-2.44,0.2
0.21124,-2.4,0.16
0.21128,-2.44,0.08
0.21132,-2.36,0.12
0.21136,-2.4,0.24
0.2114,-2.36,0.08
0.21144,-2.4,0.24
0.21148,-2.4,0.12
0.21152,-2.32,0.08
0.21156,-2.4,0.12
0.2116,-2.32,0.12
0.21164,-2.44,0.12
0.21168,-2.44,0.12
0.21172,-2.36,0.12
0.21176,-2.32,0.08
0.2118,-2.4,0.12
0.21184,-2.4,0.2
0.21188,-2.36,0.12
0.21192,-2.4,0.12
0.21196,-2.4,0.08
0.212,-2.44,0.2
0.21204,-2.4,0.12
0.21208,-2.48,0.2
0.21212,-2.4,0.12
0.21216,-2.44,0.12
0.2122,-2.44,0.2
0.21224,-2.32,0.2
0.21228,-2.36,0.2
0.21232,-2.4,0.2
0.21236,-2.48,0.16
0.2124,-2.4,0.16
0.21244,-2.4,0.12
0.21248,-2.48,0.08
0.21252,-2.48,0.08
0.21256,-2.4,0.08
0.2126,-2.36,0.16
0.21264,-2.44,0.12
0.21268,-2.4,0.12
0.21272,-2.4,0.16
0.21276,-2.44,0.12
0.2128,-2.44,0.2
0.21284,-2.4,0.12
0.21288,-2.44,0.16
0.21292,-2.44,0.2
0.21296,-2.4,0.16
0.213,-2.44,0.12
0.21304,-2.4,0.16
0.21308,-2.4,0.16
0.21312,-2.52,0.12
0.21316,-2.44,0.16
0.2132,-2.4,0.12
0.21324,-2.4,0.12
0.21328,-2.48,0.12
0.21332,-2.48,0.12
0.21336,-2.44,0.12
0.2134,-2.4,0.28
0.21344,-2.4,0.12
0.21348,-2.4,0.12
0.21352,-2.44,0.16
0.21356,-2.44,0.12
0.2136,-2.48,0.08
0.21364,-2.52,0.08
0.21368,-2.48,0.12
0.21372,-2.48,0.04
0.21376,-2.48,0.12
0.2138,-2.4,0.08
0.21384,-2.44,0.08
0.21388,-2.32,0.12
0.21392,-2.36,0.12
0.21396,-2.48,0.12
0.214,-2.36,0.16
0.21404,-2.4,0.28
0.21408,-2.4,0.16
0.21412,-2.44,0.16
0.21416,-2.4,0.08
0.2142,-2.44,0.16
0.21424,-2.48,0.16
0.21428,-2.4,0.12
0.21432,-2.4,0.08
0.21436,-2.4,0.08
0.2144,-2.4,0.16
0.21444,-2.4,0.24
0.21448,-2.4,0.12
0.21452,-2.48,0.2
0.21456,-2.4,0.16
0.2146,-2.48,0.16
0.21464,-2.36,0.12
0.21468,-2.4,0.12
0.21472,-2.32,0.12
0.21476,-2.44,0.2
0.2148,-2.4,0.24
0.21484,-2.48,0.12
0.21488,-2.48,0.12
0.21492,-2.48,0.12
0.21496,-2.4,0.16
0.215,-2.4,0.16
0.21504,-2.44,0.24
0.21508,-2.4,0.2
0.21512,-2.4,0.2
0.21516,-2.32,0.2
0.2152,-2.32,0.16
0.21524,-2.32,0.24
0.21528,-2.36,0.08
0.21532,-2.36,0.12
0.21536,-2.36,0.12
0.2154,-2.4,0.16
0.21544,-2.4,0.2
0.21548,-2.44,0.16
0.21552,-2.44,0.2
0.21556,-2.36,0.16
0.2156,-2.32,0.12
0.21564,-2.4,0.2
0.21568,-2.48,0.08
0.21572,-2.44,0.08
0.21576,-2.4,0.12
0.2158,-2.44,0.08
0.21584,-2.4,0.16
0.21588,-2.48,0.16
0.21592,-2.36,0.2
0.21596,-2.44,0.16
0.216,-2.4,0.24
0.21604,-2.48,0.08
0.21608,-2.44,0.2
0.21612,-2.36,0.12
0.21616,-2.4,0.16
0.2162,-2.48,0.2
0.21624,-2.4,0.16
0.21628,-2.36,0.12
0.21632,-2.48,0.08
0.21636,-2.48,0.28
0.2164,-2.44,0.12
0.21644,-2.36,0.12
0.21648,-2.36,0.28
0.21652,-2.4,0.2
0.21656,-2.4,0.2
0.2166,-2.4,0.16
0.21664,-2.48,0.2
0.21668,-2.48,0.2
0.21672,-2.4,0.24
0.21676,-2.48,0.16
0.2168,-2.4,0.24
0.21684,-2.36,0.2
0.21688,-2.4,0.2
0.21692,-2.48,0.24
0.21696,-2.52,0.24
0.217,-2.44,0.12
0.21704,-2.48,0.16
0.21708,-2.44,0.2
0.21712,-2.48,0.16
0.21716,-2.36,0.24
0.2172,-2.52,0.12
0.21724,-2.48,0.2
0.21728,-2.4,0.08
0.21732,-2.48,0.2
0.21736,-2.4,0.28
0.2174,-2.48,0.08
0.21744,-2.44,0.2
0.21748,-2.44,0.24
0.21752,-2.4,0.2
0.21756,-2.36,0.12
0.2176,-2.48,0.04
0.21764,-2.4,0.2
0.21768,-2.32,0.2
0.21772,-2.44,0.2
0.21776,-2.44,0.2
0.2178,-2.4,0.08
0.21784,-2.44,0.12
0.21788,-2.52,0.16
0.21792,-2.48,0.16
0.21796,-2.4,0.2
0.218,-2.48,0.12
0.21804,-2.44,0.16
0.21808,-2.4,0.28
0.21812,-2.4,0.24
0.21816,-2.44,0.24
0.2182,-2.44,0.2
0.21824,-2.32,0.24
0.21828,-2.44,0.12
0.21832,-2.4,0.2
0.21836,-2.48,0.2
0.2184,-2.4,0.16
0.21844,-2.4,0.2
0.21848,-2.44,0.2
0.21852,-2.32,0.12
0.21856,-2.44,0.16
0.2186,-2.4,0.12
0.21864,-2.48,0.2
0.21868,-2.48,0.16
0.21872,-2.48,0.24
0.21876,-2.4,0.2
0.2188,-2.44,0.16
0.21884,-2.4,0.12
0.21888,-2.36,0.2
0.21892,-2.44,0.24
0.21896,-2.48,0.2
0.219,-2.44,0.12
0.21904,-2.48,0.16
0.21908,-2.44,0.2
0.21912,-2.44,0.12
0.21916,-2.4,0.16
0.2192,-2.36,0.12
0.21924,-2.44,0.16
0.21928,-2.44,0.16
0.21932,-2.44,0.12
0.21936,-2.44,0.16
0.2194,-2.4,0.12
0.21944,-2.4,0.2
0.21948,-2.4,0.16
0.21952,-2.44,0.12
0.21956,-2.4,0.2
0.2196,-2.4,0.16
0.21964,-2.44,0.12
0.21968,-2.4,0.08
0.21972,-2.4,0.16
0.21976,-2.44,0.12
0.2198,-2.36,0.12
0.21984,-2.4,0.04
0.21988,-2.44,0.12
0.21992,-2.4,0.12
0.21996,-2.48,0.16
0.22,-2.44,0.12
0.22004,-2.36,0.16
0.22008,-2.4,0.08
0.22012,-2.4,0.08
0.22016,-2.44,0.08
0.2202,-2.36,0.16
0.22024,-2.44,0.08
0.22028,-2.44,0
0.22032,-2.4,0.16
0.22036,-2.4,0.08
0.2204,-2.4,0.04
0.22044,-2.4,0.08
0.22048,-2.4,0.08
0.22052,-2.36,0.2
0.22056,-2.36,0.12
0.2206,-2.32,0.08
0.22064,-2.4,0.16
0.22068,-2.48,0.08
0.22072,-2.36,0.12
0.22076,-2.4,0.12
0.2208,-2.4,0.08
0.22084,-2.4,0.12
0.22088,-2.48,0.12
0.22092,-2.4,0.08
0.22096,-2.4,0.12
0.221,-2.44,0.16
0.22104,-2.4,0.16
0.22108,-2.4,0.12
0.22112,-2.44,0.08
0.22116,-2.44,0.04
0.2212,-2.36,0.16
0.22124,-2.4,0.08
0.22128,-2.4,0.08
0.22132,-2.4,0.16
0.22136,-2.32,0.08
0.2214,-2.4,0.12
0.22144,-2.44,0.12
0.22148,-2.48,0.16
0.22152,-2.48,0.12
0.22156,-2.48,0.16
0.2216,-2.36,0.16
0.22164,-2.32,0.12
0.22168,-2.44,0.16
0.22172,-2.4,0.08
0.22176,-2.44,0.12
0.2218,-2.36,0.16
0.22184,-2.4,0.16
0.22188,-2.44,0.12
0.22192,-2.4,0.12
0.22196,-2.44,0.12
0.222,-2.48,0.08
0.22204,-2.44,0.12
0.22208,-2.4,0.16
0.22212,-2.32,0.08
0.22216,-2.4,0.08
0.2222,-2.4,0.12
0.22224,-2.44,0.08
0.22228,-2.4,0.08
0.22232,-2.52,0.16
0.22236,-2.36,0.2
0.2224,-2.36,0.12
0.22244,-2.36,0.2
0.22248,-2.32,0.2
0.22252,-2.36,0.16
0.22256,-2.48,0.2
0.2226,-2.4,0.2
0.22264,-2.44,0.16
0.22268,-2.36,0.16
0.22272,-2.4,0.12
0.22276,-2.36,0.12
0.2228,-2.4,0.08
0.22284,-2.48,0.12
0.22288,-2.44,0.12
0.22292,-2.44,0.16
0.22296,-2.48,0.12
0.223,-2.44,0.08
0.22304,-2.44,0.12
0.22308,-2.44,0.16
0.22312,-2.4,0.16
0.22316,-2.48,0.2
0.2232,-2.48,0.12
0.22324,-2.44,0.12
0.22328,-2.44,0.12
0.22332,-2.52,0.12
0.22336,-2.4,0.16
0.2234,-2.52,0.16
0.22344,-2.4,0.12
0.22348,-2.52,0.12
0.22352,-2.44,0.16
0.22356,-2.44,0.2
0.2236,-2.4,0.16
0.22364,-2.44,0.16
0.22368,-2.4,0.12
0.22372,-2.36,0.12
0.22376,-2.44,0.2
0.2238,-2.36,0.16
0.22384,-2.44,0.12
0.22388,-2.44,0.12
0.22392,-2.48,0.12
0.22396,-2.48,0.12
0.224,-2.4,0.12
0.22404,-2.44,0.12
0.22408,-2.4,0.16
0.22412,-2.48,0.08
0.22416,-2.44,0.16
0.2242,-2.48,0.16
0.22424,-2.44,0.12
0.22428,-2.32,0
0.22432,-2.4,0.2
0.22436,-2.4,0.24
0.2244,-2.36,0.16
0.22444,-2.52,0.08
0.22448,-2.4,0.04
0.22452,-2.44,0.16
0.22456,-2.4,0.12
0.2246,-2.44,0.12
0.22464,-2.4,0.16
0.22468,-2.4,0.2
0.22472,-2.44,0.24
0.22476,-2.4,0.16
0.2248,-2.4,0.2
0.22484,-2.4,0.16
0.22488,-2.44,0.12
0.22492,-2.44,0.16
0.22496,-2.44,0.16
0.225,-2.36,0.12
0.22504,-2.4,0.12
0.22508,-2.44,0.12
0.22512,-2.48,0.12
0.22516,-2.36,0.2
0.2252,-2.44,0.2
0.22524,-2.4,0.16
0.22528,-2.32,0.08
0.22532,-2.4,0.12
0.22536,-2.36,0.16
0.2254,-2.44,0.12
0.22544,-2.4,0.12
0.22548,-2.44,0.08
0.22552,-2.4,0.16
0.22556,-2.44,0.2
0.2256,-2.44,0.24
0.22564,-2.48,0.16
0.22568,-2.48,0.16
0.22572,-2.36,0.08
0.22576,-2.4,0.08
0.2258,-2.4,0.16
0.22584,-2.44,0.28
0.22588,-2.4,0.16
0.22592,-2.32,0.08
0.22596,-2.44,0.2
0.226,-2.36,0.16
0.22604,-2.4,0.12
0.22608,-2.4,0.08
0.22612,-2.44,0.12
0.22616,-2.44,0.12
0.2262,-2.4,0.12
0.22624,-2.4,0.2
0.22628,-2.4,0.12
0.22632,-2.44,0.08
0.22636,-2.48,0.12
0.2264,-2.4,0.2
0.22644,-2.44,0.12
0.22648,-2.4,0.2
0.22652,-2.4,0.28
0.22656,-2.44,0.16
0.2266,-2.4,0.2
0.22664,-2.48,0.2
0.22668,-2.36,0.12
0.22672,-2.44,0.2
0.22676,-2.44,0.12
0.2268,-2.36,0.2
0.22684,-2.44,0.16
0.22688,-2.44,0.16
0.22692,-2.48,0.12
0.22696,-2.4,0.12
0.227,-2.44,0.16
0.22704,-2.4,0.24
0.22708,-2.44,0.2
0.22712,-2.4,0.24
0.22716,-2.44,0.16
0.2272,-2.44,0.12
0.22724,-2.44,0.2
0.22728,-2.4,0.12
0.22732,-2.36,0.16
0.22736,-2.4,0.12
0.2274,-2.44,0.16
0.22744,-2.44,0.2
0.22748,-2.44,0.12
0.22752,-2.44,0.2
0.22756,-2.4,0.08
0.2276,-2.36,0.16
0.22764,-2.36,0.16
0.22768,-2.4,0.16
0.22772,-2.44,0.16
0.22776,-2.4,0.16
0.2278,-2.4,0.16
0.22784,-2.44,0.16
0.22788,-2.4,0.2
0.22792,-2.4,0.12
0.22796,-2.4,0.16
0.228,-2.4,0.12
0.22804,-2.48,0.2
0.22808,-2.4,0.08
0.22812,-2.4,0.04
0.22816,-2.4,0.04
0.2282,-2.4,0.16
0.22824,-2.44,0.12
0.22828,-2.36,0.12
0.22832,-2.4,0.12
0.22836,-2.4,0.08
0.2284,-2.44,0.16
0.22844,-2.44,0.12
0.22848,-2.4,0.24
0.22852,-2.32,0.16
0.22856,-2.4,0.2
0.2286,-2.36,0.08
0.22864,-2.4,0.12
0.22868,-2.44,0.04
0.22872,-2.44,0.12
0.22876,-2.4,0.12
0.2288,-2.36,0.16
0.22884,-2.4,0.12
0.22888,-2.44,0.12
0.22892,-2.44,0.08
0.22896,-2.44,0.16
0.229,-2.48,0.08
0.22904,-2.36,0.2
0.22908,-2.4,0.2
0.22912,-2.4,0.12
0.22916,-2.48,0.24
0.2292,-2.36,0.2
0.22924,-2.4,0.08
0.22928,-2.36,0.12
0.22932,-2.4,0.16
0.22936,-2.36,0.12
0.2294,-2.4,0.12
0.22944,-2.4,0.16
0.22948,-2.4,0.24
0.22952,-2.4,0.12
0.22956,-2.4,0.04
0.2296,-2.36,0.16
0.22964,-2.52,0.16
0.22968,-2.4,0.24
0.22972,-2.4,0.08
0.22976,-2.4,0.08
0.2298,-2.48,0.16
0.22984,-2.48,0.08
0.22988,-2.48,0.12
0.22992,-2.4,0.16
0.22996,-2.32,0.08
0.23,-2.44,0.12
0.23004,-2.44,0.08
0.23008,-2.4,0.16
0.23012,-2.44,0.12
0.23016,-2.48,0
0.2302,-2.4,0.12
0.23024,-2.36,0.12
0.23028,-2.36,0.2
0.23032,-2.4,0.08
0.23036,-2.44,0.08
0.2304,-2.48,0.12
0.23044,-2.52,0.12
0.23048,-2.48,0.2
0.23052,-2.48,0.12
0.23056,-2.48,0.2
0.2306,-2.44,0.12
0.23064,-2.4,0.12
0.23068,-2.4,0.2
0.23072,-2.4,0.2
0.23076,-2.44,0.12
0.2308,-2.4,0.12
0.23084,-2.48,0.16
0.23088,-2.4,0.16
0.23092,-2.48,0.12
0.23096,-2.44,0.24
0.231,-2.4,0.12
0.23104,-2.4,0.16
0.23108,-2.4,0.16
0.23112,-2.44,0.16
0.23116,-2.4,0.16
0.2312,-2.4,0.2
0.23124,-2.44,0.2
0.23128,-2.4,0.16
0.23132,-2.4,0.2
0.23136,-2.52,0.2
0.2314,-2.48,0.2
0.23144,-2.44,0.2
0.23148,-2.4,0.2
0.23152,-2.4,0.12
0.23156,-2.4,0.16
0.2316,-2.4,0.2
0.23164,-2.4,0.16
0.23168,-2.44,0.12
0.23172,-2.4,0.16
0.23176,-2.4,0.16
0.2318,-2.36,0.16
0.23184,-2.4,0.2
0.23188,-2.36,0.2
0.23192,-2.44,0.16
0.23196,-2.4,0.12
0.232,-2.4,0.16
0.23204,-2.44,0.12
0.23208,-2.4,0.2
0.23212,-2.36,0.16
0.23216,-2.4,0.12
0.2322,-2.4,0.12
0.23224,-2.44,0.08
0.23228,-2.4,0.16
0.23232,-2.44,0.24
0.23236,-2.4,0.16
0.2324,-2.4,0.2
0.23244,-2.4,0.2
0.23248,-2.4,0.2
0.23252,-2.4,0.2
0.23256,-2.4,0.16
0.2326,-2.4,0.2
0.23264,-2.44,0.28
0.23268,-2.4,0.12
0.23272,-2.48,0.2
0.23276,-2.44,0.16
0.2328,-2.4,0.16
0.23284,-2.52,0.16
0.23288,-2.48,0.2
0.23292,-2.4,0.12
0.23296,-2.4,0.16
0.233,-2.4,0.12
0.23304,-2.4,0.16
0.23308,-2.52,0.16
0.23312,-2.48,0.12
0.23316,-2.44,0.16
0.2332,-2.4,0.2
0.23324,-2.48,0.2
0.23328,-2.4,0.24
0.23332,-2.36,0.16
0.23336,-2.36,0.12
0.2334,-2.36,0.24
0.23344,-2.4,0.2
0.23348,-2.44,0.16
0.23352,-2.52,0.28
0.23356,-2.44,0.12
0.2336,-2.4,0.2
0.23364,-2.48,0.16
0.23368,-2.4,0.2
0.23372,-2.48,0.24
0.23376,-2.48,0.28
0.2338,-2.48,0.08
0.23384,-2.36,0.16
0.23388,-2.44,0.2
0.23392,-2.4,0.16
0.23396,-2.48,0.24
0.234,-2.4,0.12
0.23404,-2.4,0.2
0.23408,-2.44,0.2
0.23412,-2.48,0.12
0.23416,-2.48,0.12
0.2342,-2.4,0.24
0.23424,-2.48,0.2
0.23428,-2.44,0.2
0.23432,-2.4,0.16
0.23436,-2.4,0.16
0.2344,-2.48,0.16
0.23444,-2.4,0.2
0.23448,-2.4,0.24
0.23452,-2.36,0.2
0.23456,-2.4,0.28
0.2346,-2.44,0.2
0.23464,-2.44,0.24
0.23468,-2.4,0.12
0.23472,-2.4,0.16
0.23476,-2.4,0.2
0.2348,-2.36,0.2
0.23484,-2.44,0.28
0.23488,-2.4,0.2
0.23492,-2.44,0.12
0.23496,-2.44,0.16
0.235,-2.48,0.2
0.23504,-2.44,0.2
0.23508,-2.4,0.28
0.23512,-2.4,0.12
0.23516,-2.44,0.2
0.2352,-2.4,0.12
0.23524,-2.36,0.12
0.23528,-2.48,0.12
0.23532,-2.44,0.24
0.23536,-2.52,0.12
0.2354,-2.44,0.12
0.23544,-2.48,0.16
0.23548,-2.44,0.16
0.23552,-2.4,0.16
0.23556,-2.4,0.16
0.2356,-2.4,0.12
0.23564,-2.4,0.12
0.23568,-2.4,0.12
0.23572,-2.4,0.2
0.23576,-2.4,0.16
0.2358,-2.4,0.2
0.23584,-2.44,0.16
0.23588,-2.44,0.12
0.23592,-2.48,0.16
0.23596,-2.48,0.12
0.236,-2.44,0.12
0.23604,-2.44,0.28
0.23608,-2.44,0.12
0.23612,-2.44,0.04
0.23616,-2.44,0.08
0.2362,-2.48,0.12
0.23624,-2.4,0.08
0.23628,-2.36,0.12
0.23632,-2.32,0.12
0.23636,-2.4,0.12
0.2364,-2.32,0.04
0.23644,-2.44,0.16
0.23648,-2.4,0.12
0.23652,-2.44,0.16
0.23656,-2.36,0.12
0.2366,-2.4,0.16
0.23664,-2.44,0.16
0.23668,-2.4,0.16
0.23672,-2.44,0.12
0.23676,-2.44,0.12
0.2368,-2.44,0.08
0.23684,-2.4,0.12
0.23688,-2.4,0.16
0.23692,-2.4,0.08
0.23696,-2.4,0.16
0.237,-2.4,0.12
0.23704,-2.4,0.16
0.23708,-2.32,0.2
0.23712,-2.44,0.12
0.23716,-2.48,0.16
0.2372,-2.48,0.08
0.23724,-2.4,0.16
0.23728,-2.44,0.12
0.23732,-2.44,0.04
0.23736,-2.36,0.16
0.2374,-2.4,0.04
0.23744,-2.4,0.16
0.23748,-2.44,0.12
0.23752,-2.4,0.12
0.23756,-2.52,0.08
0.2376,-2.44,0.12
0.23764,-2.36,0.04
0.23768,-2.52,0.12
0.23772,-2.4,0.08
0.23776,-2.28,0.04
0.2378,-2.4,0.16
0.23784,-2.4,0.12
0.23788,-2.4,0.16
0.23792,-2.4,0.16
0.23796,-2.32,0.12
0.238,-2.4,0.08
0.23804,-2.32,0.08
0.23808,-2.36,0.12
0.23812,-2.36,0.08
0.23816,-2.4,0.16
0.2382,-2.44,0.12
0.23824,-2.44,0.08
0.23828,-2.36,0.16
0.23832,-2.32,0.16
0.23836,-2.48,0.16
0.2384,-2.36,0.12
0.23844,-2.32,0.24
0.23848,-2.4,0.16
0.23852,-2.4,0.12
0.23856,-2.4,0.16
0.2386,-2.4,0.12
0.23864,-2.48,0.16
0.23868,-2.32,0.12
0.23872,-2.4,0.2
0.23876,-2.44,0.2
0.2388,-2.4,0.12
0.23884,-2.44,0.04
0.23888,-2.4,0.12
0.23892,-2.4,0.08
0.23896,-2.4,0.24
0.239,-2.32,0.12
0.23904,-2.48,0.12
0.23908,-2.36,0.12
0.23912,-2.48,0.16
0.23916,-2.48,0.2
0.2392,-2.44,0.2
0.23924,-2.4,0.16
0.23928,-2.36,0.16
0.23932,-2.4,0.08
0.23936,-2.48,0.24
0.2394,-2.4,0.16
0.23944,-2.32,0.16
0.23948,-2.48,0.16
0.23952,-2.44,0.08
0.23956,-2.4,0.12
0.2396,-2.4,0.16
0.23964,-2.36,0.2
0.23968,-2.48,0.2
0.23972,-2.36,0.12
0.23976,-2.4,0.16
0.2398,-2.48,0.16
0.23984,-2.44,0.12
0.23988,-2.4,0.12
0.23992,-2.4,0.08
0.23996,-2.44,0.16
0.24,-2.44,0.16
0.24004,-2.44,0.12
0.24008,4.96,5.48
0.24012,4.96,5.48
0.24016,4.96,5.48
0.2402,4.44,5.48
0.24024,-1.04,2.96
0.24028,-2,1
0.24032,-2.16,0.68
0.24036,-2.24,0.52
0.2404,-2.2,0.36
0.24044,-2.28,0.44
0.24048,-2.2,0.4
0.24052,-2.24,0.28
0.24056,-2.24,0.24
0.2406,-2.24,0.2
0.24064,-2.24,0.2
0.24068,-2.2,0.24
0.24072,-2.28,0.16
0.24076,-2.24,0.2
0.2408,-2.24,0.12
0.24084,-2.2,0.12
0.24088,-2.12,0.16
0.24092,-2.12,0.2
0.24096,-2.16,0.16
0.241,-2.2,0.16
0.24104,-2.16,0.24
0.24108,-2.2,0.2
0.24112,-2.16,0.2
0.24116,-2.16,0.2
0.2412,-2.2,0.28
0.24124,-2.2,0.2
0.24128,-2.2,0.32
0.24132,-2.16,0.36
0.24136,-2.28,0.32
0.2414,-2.2,0.36
0.24144,-2.2,0.36
0.24148,-2.2,0.4
0.24152,-2.28,0.36
0.24156,-2.2,0.44
0.2416,-2.2,0.4
0.24164,-2.28,0.44
0.24168,-2.24,0.36
0.24172,-2.32,0.36
0.24176,-2.32,0.48
0.2418,-2.36,0.36
0.24184,-2.32,0.48
0.24188,-2.4,0.32
0.24192,-2.36,0.4
0.24196,-2.44,0.48
0.242,-2.36,0.36
0.24204,-2.32,0.48
0.24208,-2.48,0.36
0.24212,-2.48,0.32
0.24216,-2.48,0.32
0.2422,-2.44,0.4
0.24224,-2.52,0.36
0.24228,-2.44,0.28
0.24232,-2.4,0.36
0.24236,-2.4,0.28
0.2424,-2.48,0.24
0.24244,-2.4,0.2
0.24248,-2.52,0.32
0.24252,-2.4,0.24
0.24256,-2.48,0.28
0.2426,-2.4,0.16
0.24264,-2.44,0.2
0.24268,-2.44,0.2
0.24272,-2.4,0.24
0.24276,-2.4,0.2
0.2428,-2.4,0.12
0.24284,-2.4,0.2
0.24288,-2.48,0.2
0.24292,-2.4,0.24
0.24296,-2.52,0.24
0.243,-2.4,0.28
0.24304,-2.36,0.16
0.24308,-2.44,0.24
0.24312,-2.4,0.2
0.24316,-2.44,0.16
0.2432,-2.36,0.16
0.24324,-2.36,0.28
0.24328,-2.4,0.16
0.24332,-2.36,0.2
0.24336,-2.32,0.16
0.2434,-2.4,0.2
0.24344,-2.36,0.2
0.24348,-2.36,0.2
0.24352,-2.32,0.24
0.24356,-2.36,0.24
0.2436,-2.36,0.16
0.24364,-2.36,0.24
0.24368,-2.4,0.2
0.24372,-2.4,0.24
0.24376,-2.32,0.2
0.2438,-2.4,0.24
0.24384,-2.36,0.2
0.24388,-2.4,0.28
0.24392,-2.4,0.28
0.24396,-2.36,0.28
0.244,-2.36,0.28
0.24404,-2.44,0.28
0.24408,-2.4,0.28
0.24412,-2.36,0.2
0.24416,-2.4,0.24
0.2442,-2.44,0.24
0.24424,-2.4,0.28
0.24428,-2.4,0.2
0.24432,-2.4,0.28
0.24436,-2.48,0.28
0.2444,-2.44,0.2
0.24444,-2.44,0.16
0.24448,-2.48,0.24
0.24452,-2.44,0.2
0.24456,-2.44,0.28
0.2446,-2.48,0.16
0.24464,-2.44,0.16
0.24468,-2.48,0.24
0.24472,-2.48,0.2
0.24476,-2.36,0.16
0.2448,-2.4,0.16
0.24484,-2.4,0.16
0.24488,-2.48,0.08
0.24492,-2.52,0.2
0.24496,-2.44,0.12
0.245,-2.44,0.2
0.24504,-2.44,0.16
0.24508,-2.4,0.08
0.24512,-2.48,0.2
0.24516,-2.48,0.12
0.2452,-2.48,0.12
0.24524,-2.4,0.16
0.24528,-2.32,0.16
0.24532,-2.36,0.2
0.24536,-2.36,0.2
0.2454,-2.4,0.08
0.24544,-2.4,0.16
0.24548,-2.4,0.16
0.24552,-2.32,0.12
0.24556,-2.4,0.2
0.2456,-2.4,0.16
0.24564,-2.4,0.24
0.24568,-2.4,0.08
0.24572,-2.36,0.16
0.24576,-2.4,0.2
0.2458,-2.52,0.12
0.24584,-2.4,0.16
0.24588,-2.4,0.12
0.24592,-2.48,0.16
0.24596,-2.4,0.2
0.246,-2.4,0.16
0.24604,-2.48,0.16
0.24608,-2.48,0.28
0.24612,-2.44,0.28
0.24616,-2.48,0.2
0.2462,-2.48,0.2
0.24624,-2.44,0.2
0.24628,-2.4,0.28
0.24632,-2.4,0.16
0.24636,-2.44,0.2
0.2464,-2.52,0.16
0.24644,-2.36,0.24
0.24648,-2.36,0.16
0.24652,-2.32,0.2
0.24656,-2.4,0.12
0.2466,-2.44,0.16
0.24664,-2.44,0.08
0.24668,-2.44,0.12
0.24672,-2.56,0.12
0.24676,-2.44,0.04
0.2468,-2.48,0.12
0.24684,-2.4,0.16
0.24688,-2.44,0.2
0.24692,-2.4,0.08
0.24696,-2.48,0.12
0.247,-2.4,0.16
0.24704,-2.52,0.2
0.24708,-2.4,0.04
0.24712,-2.52,0.08
0.24716,-2.4,0.2
0.2472,-2.36,0.12
0.24724,-2.4,0.16
0.24728,-2.44,0.12
0.24732,-2.44,0.16
0.24736,-2.44,0.2
0.2474,-2.4,0.12
0.24744,-2.4,0.2
0.24748,-2.36,0.16
0.24752,-2.36,0.16
0.24756,-2.36,0.24
0.2476,-2.44,0.2
0.24764,-2.44,0.12
0.24768,-2.4,0.12
0.24772,-2.4,0.2
0.24776,-2.32,0.2
0.2478,-2.4,0.2
0.24784,-2.4,0.16
0.24788,-2.44,0.16
0.24792,-2.28,0.12
0.24796,-2.36,0.12
0.248,-2.44,0.28
0.24804,-2.36,0.16
0.24808,-2.4,0.2
0.24812,-2.36,0.16
0.24816,-2.4,0.16
0.2482,-2.44,0.2
0.24824,-2.4,0.2
0.24828,-2.48,0.16
0.24832,-2.4,0.24
0.24836,-2.4,0.2
0.2484,-2.44,0.16
0.24844,-2.44,0.2
0.24848,-2.52,0.16
0.24852,-2.32,0.24
0.24856,-2.48,0.16
0.2486,-2.48,0.2
0.24864,-2.44,0.24
0.24868,-2.44,0.28
0.24872,-2.4,0.2
0.24876,-2.4,0.2
0.2488,-2.4,0.24
0.24884,-2.4,0.2
0.24888,-2.4,0.2
0.24892,-2.44,0.12
0.24896,-2.4,0.24
0.249,-2.4,0.2
0.24904,-2.36,0.24
0.24908,-2.44,0.2
0.24912,-2.44,0.16
0.24916,-2.36,0.12
0.2492,-2.48,0.2
0.24924,-2.4,0.2
0.24928,-2.28,0.16
0.24932,-2.32,0.2
0.24936,-2.36,0.16
0.2494,-2.44,0.2
0.24944,-2.48,0.2
0.24948,-2.48,0.12
0.24952,-2.44,0.2
0.24956,-2.44,0.2
0.2496,-2.4,0.28
0.24964,-2.52,0.16
0.24968,-2.4,0.12
0.24972,-2.48,0.16
0.24976,-2.4,0.12
0.2498,-2.32,0.2
0.24984,-2.4,0.32
0.24988,-2.4,0.12
0.24992,-2.36,0.2
0.24996,-2.44,0.28
