-0.0056,-2.2,0.16
-0.00559,-2.2,0.16
-0.00558,-2.2,0.16
-0.00557,-2.2,0.16
-0.00556,-2.2,0.16
-0.00555,-2.2,0.08
-0.00554,-2.2,0.16
-0.00553,-2.2,0.16
-0.00552,-2.2,0.08
-0.00551,-2.2,0.16
-0.0055,-2.2,0.16
-0.00549,-2.2,0.16
-0.00548,-2.2,0.08
-0.00547,-2.2,0.16
-0.00546,-2.2,0.08
-0.00545,-2.2,0.08
-0.00544,-2.2,0.16
-0.00543,-2.2,0.08
-0.00542,-2.2,0.08
-0.00541,-2.2,0.16
-0.0054,-2.2,0.16
-0.00539,-2.2,0.16
-0.00538,-2.2,0.16
-0.00537,-2.2,0.16
-0.00536,-2.2,0.16
-0.00535,-2.2,0.08
-0.00534,-2.2,0.16
-0.00533,-2.2,0.16
-0.00532,-2.2,0.08
-0.00531,-2.2,0.08
-0.0053,-2.2,0.16
-0.00529,-2.2,0.16
-0.00528,-2.2,0.08
-0.00527,-2.2,0.08
-0.00526,-2.2,0.16
-0.00525,-2.2,0.16
-0.00524,-2.2,0.16
-0.00523,-2.2,0.16
-0.00522,-2.2,0.16
-0.00521,-2.2,0.16
-0.0052,-2.2,0.08
-0.00519,-2.2,0.16
-0.00518,-2.2,0.08
-0.00517,-2.2,0.16
-0.00516,-2.2,0.16
-0.00515,-2.2,0.16
-0.00514,-2.2,0.16
-0.00513,-2.2,0.08
-0.00512,-2.2,0.08
-0.00511,-2.2,0.08
-0.0051,-2.2,0.16
-0.00509,-2.2,0.08
-0.00508,-2.2,0.08
-0.00507,-2.2,0.08
-0.00506,-2.2,0.16
-0.00505,-2.2,0.16
-0.00504,-2.2,0.16
-0.00503,-2.2,0.16
-0.00502,-2.2,0.16
-0.00501,-2.2,0.16
-0.005,-2.2,0.16
-0.00499,-2.2,0.16
-0.00498,-2.2,0.16
-0.00497,-2.2,0.08
-0.00496,-2.2,0.16
-0.00495,-2.2,0.16
-0.00494,-2.2,0.16
-0.00493,-2.2,0.16
-0.00492,-2.2,0.16
-0.00491,-2.2,0.16
-0.0049,-2.2,0.16
-0.00489,-2.2,0.16
-0.00488,-2.2,0.16
-0.00487,-2.2,0.16
-0.00486,-2.2,0.08
-0.00485,-2.2,0.08
-0.00484,-2.2,0.08
-0.00483,-2.2,0.16
-0.00482,-2.2,0.16
-0.00481,-2.2,0.08
-0.0048,-2.2,0.08
-0.00479,-2.2,0.16
-0.00478,-2.2,0.16
-0.00477,-2.2,0.16
-0.00476,-2.2,0.08
-0.00475,-2.2,0.16
-0.00474,-2.2,0.16
-0.00473,-2.2,0.16
-0.00472,-2.2,0.16
-0.00471,-2.2,0.08
-0.0047,-2.2,0.16
-0.00469,-2.2,0.16
-0.00468,-2.2,0.08
-0.00467,-2.2,0.08
-0.00466,-2.2,0.16
-0.00465,-2.2,0.16
-0.00464,-2.2,0.16
-0.00463,-2.2,0.08
-0.00462,-2.2,0.16
-0.00461,-2.2,0.16
-0.0046,-2.2,0.16
-0.00459,-2.2,0.16
-0.00458,-2.2,0.16
-0.00457,-2.2,0.16
-0.00456,-2.2,0.16
-0.00455,-2.2,0.08
-0.00454,-2.2,0.16
-0.00453,-2.2,0.08
-0.00452,-2.2,0.16
-0.00451,-2.2,0.16
-0.0045,-2.2,0.16
-0.00449,-2.2,0.16
-0.00448,-2.2,0.16
-0.00447,-2.2,0.16
-0.00446,-2.2,0.16
-0.00445,-2.2,0.16
-0.00444,-2.2,0.16
-0.00443,-2.2,0.16
-0.00442,-2.2,0.16
-0.00441,-2.2,0.16
-0.0044,-2.2,0.16
-0.00439,-2.2,0.16
-0.00438,-2.2,0.16
-0.00437,-2.2,0.16
-0.00436,-2.2,0.16
-0.00435,-2.2,0.16
-0.00434,-2.2,0.16
-0.00433,-2.2,0.16
-0.00432,-2.2,0.16
-0.00431,-2.2,0.08
-0.0043,-2.2,0.08
-0.00429,-2.2,0.16
-0.00428,-2.2,0.16
-0.00427,-2.2,0.08
-0.00426,-2.2,0.08
-0.00425,-2.2,0.16
-0.00424,-2.2,0.08
-0.00423,-2.2,0.16
-0.00422,-2.2,0.16
-0.00421,-2.2,0.16
-0.0042,-2.2,0.16
-0.00419,-2.2,0.16
-0.00418,-2.2,0.16
-0.00417,-2.2,0.16
-0.00416,-2.2,0.16
-0.00415,-2.2,0.16
-0.00414,-2.2,0.16
-0.00413,-2.2,0.16
-0.00412,-2.2,0.16
-0.00411,-2.2,0.16
-0.0041,-2.2,0.16
-0.00409,-2.2,0.16
-0.00408,-2.2,0.16
-0.00407,-2.2,0.16
-0.00406,-2.2,0.08
-0.00405,-2.2,0.08
-0.00404,-2.2,0.16
-0.00403,-2.2,0.16
-0.00402,-2.2,0.16
-0.00401,-2.2,0.16
-0.004,-2.2,0.16
-0.00399,-2.2,0.16
-0.00398,-2.2,0.16
-0.00397,-2.2,0.16
-0.00396,-2.2,0.08
-0.00395,-2.2,0.16
-0.00394,-2.2,0.16
-0.00393,-2.2,0.16
-0.00392,-2.2,0.16
-0.00391,-2.2,0.16
-0.0039,-2.2,0.16
-0.00389,-2.2,0.16
-0.00388,-2.2,0.16
-0.00387,-2.2,0.16
-0.00386,-2.2,0.08
-0.00385,-2.2,0.16
-0.00384,-2.2,0.08
-0.00383,-2.2,0.08
-0.00382,-2.2,0.08
-0.00381,-2.2,0.08
-0.0038,-2.2,0.16
-0.00379,-2.2,0.16
-0.00378,-2.2,0.16
-0.00377,-2.2,0.16
-0.00376,-2.2,0.16
-0.00375,-2.2,0.16
-0.00374,-2.2,0.08
-0.00373,-2.2,0.08
-0.00372,-2.2,0.16
-0.00371,-2.2,0.16
-0.0037,-2.2,0.16
-0.00369,-2.2,0.16
-0.00368,-2.2,0.16
-0.00367,-2.2,0.16
-0.00366,-2.2,0.16
-0.00365,-2.2,0.16
-0.00364,-2.2,0.16
-0.00363,-2.2,0.16
-0.00362,-2.2,0.16
-0.00361,-2.2,0.16
-0.0036,-2.2,0.16
-0.00359,-2.2,0.16
-0.00358,-2.2,0.16
-0.00357,-2.2,0.16
-0.00356,-2.2,0.16
-0.00355,-2.2,0.08
-0.00354,-2.2,0.16
-0.00353,-2.2,0.16
-0.00352,-2.2,0.16
-0.00351,-2.2,0.16
-0.0035,-2.2,0.16
-0.00349,-2.2,0.16
-0.00348,-2.2,0.16
-0.00347,-2.2,0.08
-0.00346,-2.2,0.16
-0.00345,-2.2,0.16
-0.00344,-2.2,0.16
-0.00343,-2.2,0.16
-0.00342,-2.2,0.08
-0.00341,-2.2,0.16
-0.0034,-2.2,0.16
-0.00339,-2.2,0.16
-0.00338,-2.2,0.16
-0.00337,-2.2,0.16
-0.00336,-2.2,0.16
-0.00335,-2.2,0.16
-0.00334,-2.2,0.16
-0.00333,-2.2,0.16
-0.00332,-2.2,0.16
-0.00331,-2.2,0.16
-0.0033,-2.2,0.16
-0.00329,-2.2,0.16
-0.00328,-2.2,0.16
-0.00327,-2.2,0.16
-0.00326,-2.2,0.16
-0.00325,-2.2,0.16
-0.00324,-2.2,0.08
-0.00323,-2.2,0.16
-0.00322,-2.2,0.16
-0.00321,-2.2,0.16
-0.0032,-2.2,0.16
-0.00319,-2.2,0.16
-0.00318,-2.2,0.16
-0.00317,-2.2,0.16
-0.00316,-2.2,0.16
-0.00315,-2.2,0.16
-0.00314,-2.2,0.16
-0.00313,-2.2,0.16
-0.00312,-2.2,0.16
-0.00311,-2.2,0.16
-0.0031,-2.2,0.16
-0.00309,-2.2,0.16
-0.00308,-2.2,0.16
-0.00307,-2.2,0.16
-0.00306,-2.2,0.16
-0.00305,-2.2,0.16
-0.00304,-2.2,0.16
-0.00303,-2.2,0.16
-0.00302,-2.2,0.16
-0.00301,-2.2,0.16
-0.003,-2.2,0.16
-0.00299,-2.2,0.16
-0.00298,-2.2,0.16
-0.00297,-2.2,0.16
-0.00296,-2.2,0.16
-0.00295,-2.2,0.16
-0.00294,-2.2,0.16
-0.00293,-2.2,0.16
-0.00292,-2.2,0.16
-0.00291,-2.2,0.16
-0.0029,-2.2,0.08
-0.00289,-2.2,0.08
-0.00288,-2.2,0.16
-0.00287,-2.2,0.08
-0.00286,-2.2,0.16
-0.00285,-2.2,0.16
-0.00284,-2.2,0.16
-0.00283,-2.2,0.16
-0.00282,-2.2,0.16
-0.00281,-2.2,0.16
-0.0028,-2.2,0.16
-0.00279,-2.2,0.16
-0.00278,-2.2,0.16
-0.00277,-2.2,0.16
-0.00276,-2.2,0.16
-0.00275,-2.2,0.16
-0.00274,-2.2,0.16
-0.00273,-2.2,0.16
-0.00272,-2.2,0.16
-0.00271,-2.2,0.16
-0.0027,-2.2,0.08
-0.00269,-2.2,0.08
-0.00268,-2.2,0.16
-0.00267,-2.2,0.16
-0.00266,-2.2,0.08
-0.00265,-2.2,0.08
-0.00264,-2.2,0.16
-0.00263,-2.2,0.16
-0.00262,-2.2,0.16
-0.00261,-2.2,0.16
-0.0026,-2.2,0.16
-0.00259,-2.2,0.08
-0.00258,-2.2,0.16
-0.00257,-2.2,0.16
-0.00256,-2.2,0.16
-0.00255,-2.2,0.16
-0.00254,-2.2,0.16
-0.00253,-2.2,0.08
-0.00252,-2.2,0.16
-0.00251,-2.2,0.16
-0.0025,-2.2,0.16
-0.00249,-2.2,0.16
-0.00248,-2.2,0.16
-0.00247,-2.2,0.16
-0.00246,-2.2,0.08
-0.00245,-2.2,0.16
-0.00244,-2.2,0.16
-0.00243,-2.2,0.08
-0.00242,-2.2,0.08
-0.00241,-2.2,0.08
-0.0024,-2.2,0.08
-0.00239,-2.2,0.08
-0.00238,-2.2,0.08
-0.00237,-2.2,0.16
-0.00236,-2.2,0.16
-0.00235,-2.2,0.16
-0.00234,-2.2,0.16
-0.00233,-2.2,0.08
-0.00232,-2.2,0.16
-0.00231,-2.2,0.16
-0.0023,-2.2,0.16
-0.00229,-2.2,0.16
-0.00228,-2.2,0.16
-0.00227,-2.2,0.16
-0.00226,-2.2,0.16
-0.00225,-2.2,0.08
-0.00224,-2.2,0.16
-0.00223,-2.2,0.16
-0.00222,-2.2,0.16
-0.00221,-2.2,0.16
-0.0022,-2.2,0.16
-0.00219,-2.2,0.16
-0.00218,-2.2,0.16
-0.00217,-2.2,0.16
-0.00216,-2.2,0.16
-0.00215,-2.2,0.16
-0.00214,-2.2,0.08
-0.00213,-2.2,0.08
-0.00212,-2.2,0.08
-0.00211,-2.2,0.16
-0.0021,-2.2,0.16
-0.00209,-2.2,0.16
-0.00208,-2.2,0.16
-0.00207,-2.2,0.16
-0.00206,-2.2,0.16
-0.00205,-2.2,0.16
-0.00204,-2.2,0.16
-0.00203,-2.2,0.16
-0.00202,-2.2,0.16
-0.00201,-2.2,0.08
-0.002,-2.2,0.08
-0.00199,-2.2,0.16
-0.00198,-2.2,0.08
-0.00197,-2.2,0.08
-0.00196,-2.2,0.16
-0.00195,-2.2,0.08
-0.00194,-2.2,0.08
-0.00193,-2.2,0.16
-0.00192,-2.2,0.08
-0.00191,-2.2,0.08
-0.0019,-2.2,0.16
-0.00189,-2.2,0.16
-0.00188,-2.2,0.16
-0.00187,-2.2,0.16
-0.00186,-2.2,0.16
-0.00185,-2.2,0.16
-0.00184,-2.2,0.16
-0.00183,-2.2,0.08
-0.00182,-2.2,0.08
-0.00181,-2.2,0.16
-0.0018,-2.2,0.16
-0.00179,-2.2,0.16
-0.00178,-2.2,0.08
-0.00177,-2.2,0.16
-0.00176,-2.2,0.16
-0.00175,-2.2,0.16
-0.00174,-2.2,0.16
-0.00173,-2.2,0.16
-0.00172,-2.2,0.16
-0.00171,-2.2,0.16
-0.0017,-2.2,0.16
-0.00169,-2.2,0.16
-0.00168,-2.2,0.16
-0.00167,-2.2,0.16
-0.00166,-2.2,0.16
-0.00165,-2.2,0.16
-0.00164,-2.2,0.16
-0.00163,-2.2,0.16
-0.00162,-2.2,0.16
-0.00161,-2.2,0.16
-0.0016,-2.2,0.16
-0.00159,-2.2,0.16
-0.00158,-2.2,0.08
-0.00157,-2.2,0.08
-0.00156,-2.2,0.16
-0.00155,-2.2,0.16
-0.00154,-2.2,0.16
-0.00153,-2.2,0.16
-0.00152,-2.2,0.16
-0.00151,-2.2,0.16
-0.0015,-2.2,0.16
-0.00149,-2.2,0.16
-0.00148,-2.2,0.16
-0.00147,-2.2,0.16
-0.00146,-2.2,0.16
-0.00145,-2.2,0.08
-0.00144,-2.2,0.16
-0.00143,-2.2,0.16
-0.00142,-2.2,0.16
-0.00141,-2.2,0.16
-0.0014,-2.2,0.16
-0.00139,-2.2,0.16
-0.00138,-2.2,0.16
-0.00137,-2.2,0.08
-0.00136,-2.2,0.16
-0.00135,-2.2,0.16
-0.00134,-2.2,0.16
-0.00133,-2.2,0.08
-0.00132,-2.2,0.16
-0.00131,-2.2,0.16
-0.0013,-2.2,0.08
-0.00129,-2.2,0.16
-0.00128,-2.2,0.16
-0.00127,-2.2,0.16
-0.00126,-2.2,0.08
-0.00125,-2.2,0.08
-0.00124,-2.2,0.16
-0.00123,-2.2,0.08
-0.00122,-2.2,0.16
-0.00121,-2.2,0.16
-0.0012,-2.2,0.08
-0.00119,-2.2,0.16
-0.00118,-2.2,0.16
-0.00117,-2.2,0.16
-0.00116,-2.2,0.16
-0.00115,-2.2,0.16
-0.00114,-2.2,0.16
-0.00113,-2.2,0.16
-0.00112,-2.2,0.16
-0.00111,-2.2,0.16
-0.0011,-2.2,0.16
-0.00109,-2.2,0.16
-0.00108,-2.2,0.16
-0.00107,-2.2,0.16
-0.00106,-2.2,0.16
-0.00105,-2.2,0.16
-0.00104,-2.2,0.16
-0.00103,-2.2,0.16
-0.00102,-2.2,0.16
-0.00101,-2.2,0.16
-0.001,-2.2,0.16
-0.00099,-2.2,0.16
-0.00098,-2.2,0.16
-0.00097,-2.2,0.16
-0.00096,-2.2,0.16
-0.00095,-2.2,0.16
-0.00094,-2.2,0.16
-0.00093,-2.2,0.08
-0.00092,-2.2,0.16
-0.00091,-2.2,0.16
-0.0009,-2.2,0.16
-0.00089,-2.2,0.16
-0.00088,-2.2,0.16
-0.00087,-2.2,0.16
-0.00086,-2.2,0.16
-0.00085,-2.2,0.16
-0.00084,-2.2,0.16
-0.00083,-2.2,0.16
-0.00082,-2.2,0.08
-0.00081,-2.2,0.08
-0.0008,-2.2,0.08
-0.00079,-2.2,0.16
-0.00078,-2.2,0.16
-0.00077,-2.2,0.16
-0.00076,-2.2,0.16
-0.00075,-2.2,0.08
-0.00074,-2.2,0.08
-0.00073,-2.2,0.16
-0.00072,-2.2,0.16
-0.00071,-2.2,0.16
-0.0007,-2.2,0.16
-0.00069,-2.2,0.16
-0.00068,-2.2,0.16
-0.00067,-2.2,0.08
-0.00066,-2.2,0.16
-0.00065,-2.2,0.16
-0.00064,-2.2,0.16
-0.00063,-2.2,0.08
-0.00062,-2.2,0.16
-0.00061,-2.2,0.16
-0.0006,-2.2,0.16
-0.00059,-2.2,0.16
-0.00058,-2.2,0.16
-0.00057,-2.2,0.08
-0.00056,-2.2,0.16
-0.00055,-2.2,0.16
-0.00054,-2.2,0.16
-0.00053,-2.2,0.16
-0.00052,-2.2,0.16
-0.00051,-2.2,0.16
-0.0005,-2.2,0.16
-0.00049,-2.2,0.16
-0.00048,-2.2,0.16
-0.00047,-2.2,0.16
-0.00046,-2.2,0.16
-0.00045,-2.2,0.16
-0.00044,-2.2,0.16
-0.00043,-2.2,0.16
-0.00042,-2.2,0.16
-0.00041,-2.2,0.16
-0.0004,-2.2,0.16
-0.00039,-2.2,0.16
-0.00038,-2.2,0.16
-0.00037,-2.2,0.16
-0.00036,-2.2,0.16
-0.00035,-2.2,0.16
-0.00034,-2.2,0.16
-0.00033,-2.2,0.16
-0.00032,-2.2,0.16
-0.00031,-2.2,0.16
-0.0003,-2.2,0.16
-0.00029,-2.2,0.16
-0.00028,-2.2,0.16
-0.00027,-2.2,0.16
-0.00026,-2.2,0.16
-0.00025,-2.2,0.16
-0.00024,-2.2,0.16
-0.00023,-2.2,0.16
-0.00022,-2.2,0.16
-0.00021,-2.2,0.16
-0.0002,-2.2,0.16
-0.00019,-2.2,0.16
-0.00018,-2.2,0.16
-0.00017,-2.2,0.16
-0.00016,-2.2,0.08
-0.00015,-2.2,0.16
-0.00014,-2.2,0.16
-0.00013,-2.2,0.16
-0.00012,-2.2,0.16
-0.00011,-2.2,0.16
-0.0001,-2.2,0.08
-9e-005,-2.2,0.08
-8e-005,-2.2,0.08
-7e-005,-2.2,0.08
-6e-005,-2.2,0.16
-5e-005,-2.2,0.16
-4e-005,-2.2,0.16
-3e-005,-2.2,0.16
-2e-005,-2.2,0.16
-1e-005,-7,-6.96
8.6736e-019,-7.2,1.52
1e-005,-7.2,7.28
2e-005,-7.2,7.28
3e-005,-7.2,7.28
4e-005,-7.2,7.28
5e-005,-7.2,7.28
6e-005,-7.2,7.28
7e-005,-7.2,3.76
8e-005,-7.2,-5.04
9e-005,-5.4,-6.16
0.0001,0.4,-4.08
0.00011,2.8,-2.48
0.00012,3.4,-2.08
0.00013,3.4,-2.48
0.00014,3.2,-2.88
0.00015,3,-3.2
0.00016,3,-3.28
0.00017,3,-3.36
0.00018,3,-3.36
0.00019,3.2,-3.36
0.0002,3.2,-3.36
0.00021,3.2,-3.36
0.00022,3.2,-3.36
0.00023,3.2,-3.36
0.00024,3.2,-3.36
0.00025,3.2,-3.36
0.00026,3.2,-3.36
0.00027,3.2,-3.36
0.00028,3.2,-3.36
0.00029,3.2,-3.36
0.0003,3.2,-3.36
0.00031,3.2,-3.28
0.00032,3.2,-3.28
0.00033,3.2,-3.28
0.00034,3.2,-3.28
0.00035,3.2,-3.28
0.00036,3.2,-3.28
0.00037,3.2,-3.28
0.00038,3.2,-3.28
0.00039,3.2,-3.28
0.0004,3.2,-3.28
0.00041,3.2,-3.28
0.00042,3,-3.2
0.00043,3,-3.2
0.00044,3,-3.2
0.00045,3,-3.2
0.00046,3,-3.2
0.00047,3,-3.2
0.00048,3,-3.12
0.00049,3,-3.12
0.0005,3,-3.12
0.00051,3,-3.12
0.00052,2.8,-3.12
0.00053,2.8,-3.04
0.00054,2.8,-3.04
0.00055,2.8,-3.04
0.00056,2.8,-3.04
0.00057,2.8,-3.04
0.00058,2.6,-2.96
0.00059,2.6,-2.96
0.0006,2.6,-2.96
0.00061,2.6,-2.96
0.00062,2.6,-2.88
0.00063,2.6,-2.88
0.00064,2.6,-2.88
0.00065,2.6,-2.88
0.00066,2.4,-2.8
0.00067,2.4,-2.8
0.00068,2.4,-2.8
0.00069,2.4,-2.8
0.0007,2.4,-2.8
0.00071,2.4,-2.72
0.00072,2.2,-2.72
0.00073,2.2,-2.72
0.00074,2.2,-2.72
0.00075,2.2,-2.72
0.00076,2.2,-2.64
0.00077,2.2,-2.64
0.00078,2,-2.56
0.00079,2,-2.56
0.0008,2,-2.56
0.00081,2,-2.56
0.00082,2,-2.56
0.00083,1.8,-2.48
0.00084,1.8,-2.48
0.00085,1.8,-2.48
0.00086,1.8,-2.48
0.00087,1.8,-2.4
0.00088,1.8,-2.4
0.00089,1.8,-2.32
0.0009,1.6,-2.32
0.00091,1.6,-2.32
0.00092,1.6,-2.32
0.00093,1.6,-2.32
0.00094,1.4,-2.24
0.00095,1.4,-2.24
0.00096,1.4,-2.24
0.00097,1.4,-2.24
0.00098,1.4,-2.16
0.00099,1.4,-2.16
0.001,1.2,-2.08
0.00101,1.2,-2.08
0.00102,1.2,-2.08
0.00103,1.2,-2.08
0.00104,1.2,-2
0.00105,1.2,-2
0.00106,1.2,-2
0.00107,1,-2
0.00108,1,-2
0.00109,1,-1.92
0.0011,1,-1.92
0.00111,1,-1.92
0.00112,0.8,-1.84
0.00113,0.8,-1.84
0.00114,0.8,-1.84
0.00115,0.8,-1.84
0.00116,0.8,-1.76
0.00117,0.6,-1.76
0.00118,0.6,-1.68
0.00119,0.6,-1.68
0.0012,0.6,-1.68
0.00121,0.6,-1.68
0.00122,0.6,-1.6
0.00123,0.4,-1.6
0.00124,0.4,-1.6
0.00125,0.4,-1.6
0.00126,0.4,-1.52
0.00127,0.4,-1.52
0.00128,0.4,-1.52
0.00129,0.2,-1.44
0.0013,0.2,-1.44
0.00131,0.2,-1.44
0.00132,0.2,-1.44
0.00133,0.2,-1.36
0.00134,0,-1.36
0.00135,0,-1.36
0.00136,0,-1.28
0.00137,0,-1.28
0.00138,0,-1.28
0.00139,0,-1.28
0.0014,0,-1.2
0.00141,-0.2,-1.2
0.00142,-0.2,-1.2
0.00143,-0.2,-1.12
0.00144,-0.2,-1.12
0.00145,-0.2,-1.12
0.00146,-0.2,-1.12
0.00147,-0.2,-1.12
0.00148,-0.4,-1.04
0.00149,-0.4,-1.04
0.0015,-0.4,-1.04
0.00151,-0.4,-0.96
0.00152,-0.4,-0.96
0.00153,-0.4,-0.96
0.00154,-0.6,-0.96
0.00155,-0.6,-0.96
0.00156,-0.6,-0.88
0.00157,-0.6,-0.88
0.00158,-0.6,-0.88
0.00159,-0.6,-0.88
0.0016,-0.6,-0.8
0.00161,-0.6,-0.8
0.00162,-0.8,-0.72
0.00163,-0.8,-0.8
0.00164,-0.8,-0.72
0.00165,-0.8,-0.72
0.00166,-0.8,-0.72
0.00167,-0.8,-0.72
0.00168,-0.8,-0.64
0.00169,-1,-0.64
0.0017,-1,-0.64
0.00171,-1,-0.64
0.00172,-1,-0.64
0.00173,-1,-0.64
0.00174,-1,-0.56
0.00175,-1,-0.56
0.00176,-1,-0.56
0.00177,-1,-0.48
0.00178,-1,-0.48
0.00179,-1.2,-0.48
0.0018,-1.2,-0.48
0.00181,-1.2,-0.4
0.00182,-1.2,-0.4
0.00183,-1.2,-0.4
0.00184,-1.2,-0.4
0.00185,-1.2,-0.4
0.00186,-1.4,-0.4
0.00187,-1.4,-0.32
0.00188,-1.4,-0.32
0.00189,-1.4,-0.32
0.0019,-1.4,-0.32
0.00191,-1.4,-0.32
0.00192,-1.4,-0.32
0.00193,-1.4,-0.32
0.00194,-1.4,-0.32
0.00195,-1.4,-0.24
0.00196,-1.4,-0.24
0.00197,-1.6,-0.24
0.00198,-1.6,-0.24
0.00199,-1.6,-0.24
0.002,-1.6,-0.24
0.00201,-1.6,-0.16
0.00202,-1.6,-0.16
0.00203,-1.6,-0.16
0.00204,-1.6,-0.16
0.00205,-1.6,-0.16
0.00206,-1.6,-0.16
0.00207,-1.6,-0.16
0.00208,-1.6,-0.16
0.00209,-1.6,-0.16
0.0021,-1.6,-0.08
0.00211,-1.8,-0.08
0.00212,-1.8,-0.08
0.00213,-1.8,-0.08
0.00214,-1.8,-0.08
0.00215,-1.8,-0.08
0.00216,-1.8,0
0.00217,-1.8,0
0.00218,-1.8,0
0.00219,-1.8,0
0.0022,-1.8,0
0.00221,-1.8,0
0.00222,-1.8,0
0.00223,-1.8,0
0.00224,-2,0
0.00225,-2,0
0.00226,-2,0
0.00227,-2,0.08
0.00228,-2,0
0.00229,-2,0.08
0.0023,-2,0.08
0.00231,-2,0.08
0.00232,-2,0.08
0.00233,-2,0.08
0.00234,-2,0.08
0.00235,-2,0.08
0.00236,-2,0.08
0.00237,-2,0.08
0.00238,-2,0.08
0.00239,-2,0.08
0.0024,-2,0.08
0.00241,-2,0.08
0.00242,-2,0.08
0.00243,-2,0.08
0.00244,-2,0.08
0.00245,-2,0.08
0.00246,-2,0.16
0.00247,-2,0.16
0.00248,-2,0.16
0.00249,-2,0.16
0.0025,-2,0.16
0.00251,-2.2,0.16
0.00252,-2.2,0.16
0.00253,-2.2,0.16
0.00254,-2,0.16
0.00255,-2.2,0.16
0.00256,-2.2,0.16
0.00257,-2.2,0.16
0.00258,-2.2,0.16
0.00259,-2.2,0.16
0.0026,-2.2,0.16
0.00261,-2.2,0.16
0.00262,-2.2,0.16
0.00263,-2.2,0.16
0.00264,-2.2,0.16
0.00265,-2.2,0.16
0.00266,-2.2,0.16
0.00267,-2.2,0.16
0.00268,-2.2,0.16
0.00269,-2.2,0.16
0.0027,-2.2,0.16
0.00271,-2.2,0.16
0.00272,-2.2,0.16
0.00273,-2.2,0.16
0.00274,-2.2,0.16
0.00275,-2.2,0.16
0.00276,-2.2,0.16
0.00277,-2.2,0.16
0.00278,-2.2,0.16
0.00279,-2.2,0.16
0.0028,-2.2,0.16
0.00281,-2.2,0.16
0.00282,-2.2,0.16
0.00283,-2.2,0.16
0.00284,-2.2,0.16
0.00285,-2.2,0.16
0.00286,-2.2,0.16
0.00287,-2.2,0.16
0.00288,-2.2,0.16
0.00289,-2.2,0.16
0.0029,-2.2,0.16
0.00291,-2.2,0.16
0.00292,-2.2,0.16
0.00293,-2.2,0.16
0.00294,-2.2,0.16
0.00295,-2.2,0.16
0.00296,-2.2,0.16
0.00297,-2.2,0.16
0.00298,-2.2,0.16
0.00299,-2.2,0.16
0.003,-2.2,0.08
0.00301,-2.2,0.16
0.00302,-2.2,0.16
0.00303,-2.2,0.16
0.00304,-2.2,0.16
0.00305,-2.2,0.16
0.00306,-2.2,0.16
0.00307,-2.2,0.16
0.00308,-2.2,0.16
0.00309,-2.2,0.16
0.0031,-2.2,0.08
0.00311,-2.2,0.16
0.00312,-2.2,0.16
0.00313,-2.2,0.08
0.00314,-2.2,0.08
0.00315,-2.2,0.08
0.00316,-2.2,0.08
0.00317,-2.2,0.16
0.00318,-2.2,0.16
0.00319,-2.2,0.16
0.0032,-2.2,0.08
0.00321,-2.2,0.08
0.00322,-2.2,0.08
0.00323,-2.2,0.08
0.00324,-2.2,0.08
0.00325,-2.2,0.08
0.00326,-2.2,0.08
0.00327,-2.2,0.08
0.00328,-2.2,0.08
0.00329,-2.2,0.08
0.0033,-2.2,0.08
0.00331,-2.2,0.08
0.00332,-2.2,0.08
0.00333,-2.2,0.08
0.00334,-2.2,0.08
0.00335,-2.2,0.08
0.00336,-2.2,0.08
0.00337,-2.2,0.08
0.00338,-2.2,0.08
0.00339,-2.2,0.08
0.0034,-2.2,0.08
0.00341,-2.2,0.08
0.00342,-2.2,0.08
0.00343,-2.2,0.08
0.00344,-2.2,0.08
0.00345,-2.2,0.08
0.00346,-2.2,0.08
0.00347,-2.2,0.08
0.00348,-2.2,0.08
0.00349,-2.2,0.08
0.0035,-2.2,0.08
0.00351,-2.2,0.08
0.00352,-2.2,0.08
0.00353,-2.2,0.08
0.00354,-2.2,0.08
0.00355,-2.2,0.08
0.00356,-2.2,0.08
0.00357,-2.2,0.08
0.00358,-2.2,0.08
0.00359,-2.2,0.08
0.0036,-2.2,0.08
0.00361,-2.2,0.08
0.00362,-2.2,0.08
0.00363,-2.2,0.08
0.00364,-2.2,0.08
0.00365,-2.2,0.08
0.00366,-2.2,0.08
0.00367,-2.2,0.08
0.00368,-2.2,0.08
0.00369,-2.2,0.08
0.0037,-2.2,0.08
0.00371,-2.2,0.08
0.00372,-2.2,0.08
0.00373,-2.2,0.08
0.00374,-2.2,0.08
0.00375,-2.2,0.08
0.00376,-2.2,0.08
0.00377,-2.2,0.08
0.00378,-2.2,0.08
0.00379,-2.2,0.08
0.0038,-2.2,0.08
0.00381,-2.2,0.08
0.00382,-2.2,0
0.00383,-2.2,0.08
0.00384,-2.2,0.08
0.00385,-2.2,0.08
0.00386,-2.2,0.08
0.00387,-2.2,0.08
0.00388,-2.2,0.08
0.00389,-2.2,0.08
0.0039,-2.2,0.08
0.00391,-2.2,0.08
0.00392,-2.2,0.08
0.00393,-2.2,0.08
0.00394,-2.2,0.08
0.00395,-2.2,0.08
0.00396,-2.2,0.08
0.00397,-2.2,0.08
0.00398,-2.2,0.08
0.00399,-2.2,0.08
0.004,-2.2,0.08
0.00401,-2.2,0.08
0.00402,-2.2,0.08
0.00403,-2.2,0.08
0.00404,-2.2,0.08
0.00405,-2.2,0.08
0.00406,-2.2,0.08
0.00407,-2.2,0.08
0.00408,-2.2,0.08
0.00409,-2.2,0.08
0.0041,-2.2,0.08
0.00411,-2.2,0.08
0.00412,-2.2,0.08
0.00413,-2.2,0.08
0.00414,-2.2,0.08
0.00415,-2.2,0.08
0.00416,-2.2,0.08
0.00417,-2.2,0.08
0.00418,-2.2,0.08
0.00419,-2.2,0.08
0.0042,-2.2,0.08
0.00421,-2.2,0.08
0.00422,-2.2,0.08
0.00423,-2.2,0.08
0.00424,-2.2,0.08
0.00425,-2.2,0.08
0.00426,-2.2,0.08
0.00427,-2.2,0.08
0.00428,-2.2,0.08
0.00429,-2.2,0.08
0.0043,-2.2,0.08
0.00431,-2.2,0.08
0.00432,-2.2,0.08
0.00433,-2.2,0.08
0.00434,-2.2,0.08
0.00435,-2.2,0.08
0.00436,-2.2,0.08
0.00437,-2.2,0.08
0.00438,-2.2,0.08
0.00439,-2.2,0.08
0.0044,-2.2,0.08
0.00441,-2.2,0.08
0.00442,-2.2,0.16
0.00443,-2.2,0.08
0.00444,-2.2,0.08
0.00445,-2.2,0.08
0.00446,-2.2,0.08
0.00447,-2.2,0.16
0.00448,-2.2,0.08
0.00449,-2.2,0.08
0.0045,-2.2,0.08
0.00451,-2.2,0.16
0.00452,-2.2,0.16
0.00453,-2.2,0.16
0.00454,-2.2,0.08
0.00455,-2.2,0.16
0.00456,-2.2,0.16
0.00457,-2.2,0.08
0.00458,-2.2,0.16
0.00459,-2.2,0.16
0.0046,-2.2,0.16
0.00461,-2.2,0.08
0.00462,-2.2,0.08
0.00463,-2.2,0.08
0.00464,-2.2,0.16
0.00465,-2.2,0.08
0.00466,-2.2,0.16
0.00467,-2.2,0.08
0.00468,-2.2,0.16
0.00469,-2.2,0.16
0.0047,-2.2,0.16
0.00471,-2.2,0.16
0.00472,-2.2,0.16
0.00473,-2.2,0.16
0.00474,-2.2,0.16
0.00475,-2.2,0.16
0.00476,-2.2,0.16
0.00477,-2.2,0.16
0.00478,-2.2,0.08
0.00479,-2.2,0.16
0.0048,-2.2,0.16
0.00481,-2.2,0.08
0.00482,-2.2,0.16
0.00483,-2.2,0.16
0.00484,-2.2,0.16
0.00485,-2.2,0.16
0.00486,-2.2,0.08
0.00487,-2.2,0.16
0.00488,-2.2,0.08
0.00489,-2.2,0.08
0.0049,-2.2,0.16
0.00491,-2.2,0.08
0.00492,-2.2,0.08
0.00493,-2.2,0.08
0.00494,-2.2,0.16
0.00495,-2.2,0.16
0.00496,-2.2,0.16
0.00497,-2.2,0.08
0.00498,-2.2,0.16
0.00499,-2.2,0.08
0.005,-2.2,0.08
0.00501,-2.2,0.08
0.00502,-2.2,0.16
0.00503,-2.2,0.16
0.00504,-2.2,0.16
0.00505,-2.2,0.16
0.00506,-2.2,0.16
0.00507,-2.2,0.16
0.00508,-2.2,0.16
0.00509,-2.2,0.16
0.0051,-2.2,0.08
0.00511,-2.2,0.08
0.00512,-2.2,0.16
0.00513,-2.2,0.08
0.00514,-2.2,0.16
0.00515,-2.2,0.08
0.00516,-2.2,0.16
0.00517,-2.2,0.16
0.00518,-2.2,0.16
0.00519,-2.2,0.16
0.0052,-2.2,0.16
0.00521,-2.2,0.16
0.00522,-2.2,0.16
0.00523,-2.2,0.16
0.00524,-2.2,0.08
0.00525,-2.2,0.08
0.00526,-2.2,0.16
0.00527,-2.2,0.16
0.00528,-2.2,0.08
0.00529,-2.2,0.08
0.0053,-2.2,0.08
0.00531,-2.2,0.08
0.00532,-2.2,0.08
0.00533,-2.2,0.16
0.00534,-2.2,0.08
0.00535,-2.2,0.16
0.00536,-2.2,0.08
0.00537,-2.2,0.08
0.00538,-2.2,0.08
0.00539,-2.2,0.16
0.0054,-2.2,0.08
0.00541,-2.2,0.08
0.00542,-2.2,0.08
0.00543,-2.2,0.16
0.00544,-2.2,0.08
0.00545,-2.2,0.08
0.00546,-2.2,0.08
0.00547,-2.2,0.08
0.00548,-2.2,0.08
0.00549,-2.2,0.08
0.0055,-2.2,0.08
0.00551,-2.2,0.08
0.00552,-2.2,0.16
0.00553,-2.2,0.08
0.00554,-2.2,0.08
0.00555,-2.2,0.08
0.00556,-2.2,0.08
0.00557,-2.2,0.08
0.00558,-2.2,0.08
0.00559,-2.2,0.08
0.0056,-2.2,0.08
0.00561,-2.2,0.08
0.00562,-2.2,0.08
0.00563,-2.2,0.08
0.00564,-2.2,0.08
0.00565,-2.2,0.08
0.00566,-2.2,0.08
0.00567,-2.2,0.08
0.00568,-2.2,0.08
0.00569,-2.2,0.08
0.0057,-2.2,0.08
0.00571,-2.2,0.08
0.00572,-2.2,0.08
0.00573,-2.2,0.08
0.00574,-2.2,0.08
0.00575,-2.2,0.08
0.00576,-2.2,0.08
0.00577,-2.2,0.08
0.00578,-2.2,0.08
0.00579,-2.2,0.08
0.0058,-2.2,0.08
0.00581,-2.2,0.08
0.00582,-2.2,0.08
0.00583,-2.2,0.08
0.00584,-2.2,0.08
0.00585,-2.2,0.08
0.00586,-2.2,0.08
0.00587,-2.2,0.08
0.00588,-2.2,0.08
0.00589,-2.2,0.08
0.0059,-2.2,0.08
0.00591,-2.2,0.08
0.00592,-2.2,0.08
0.00593,-2.2,0.08
0.00594,-2.2,0.08
0.00595,-2.2,0.08
0.00596,-2.2,0.08
0.00597,-2.2,0.08
0.00598,-2.2,0.08
0.00599,-2.2,0.08
0.006,-2.2,0.08
0.00601,-4.4,-3.2
0.00602,-7.2,-2.56
0.00603,-7.2,7.28
0.00604,-7.2,7.28
0.00605,-7.2,7.28
0.00606,-7.2,7.28
0.00607,-7.2,7.28
0.00608,-7.2,7.28
0.00609,-7.2,7.28
0.0061,-7.2,7.28
0.00611,-7.2,7.28
0.00612,-7.2,7.28
0.00613,-7.2,7.28
0.00614,-7.2,5.92
0.00615,-7.2,-0.72
0.00616,-7.2,-2.56
0.00617,-6.6,-0.8
0.00618,-3.8,0.96
0.00619,-2.8,1.52
0.0062,-2.8,1.2
0.00621,-3,0.72
0.00622,-3,0.4
0.00623,-3,0.24
0.00624,-3,0.16
0.00625,-3,0.16
0.00626,-2.8,0.16
0.00627,-2.8,0.16
0.00628,-2.8,0.16
0.00629,-2.6,0.16
0.0063,-2.6,0.08
0.00631,-2.6,0.16
0.00632,-2.4,0.16
0.00633,-2.4,0.16
0.00634,-2.4,0.16
0.00635,-2.4,0.16
0.00636,-2.4,0.16
0.00637,-2.4,0.16
0.00638,-2.4,0.16
0.00639,-2.4,0.16
0.0064,-2.4,0.16
0.00641,-2.4,0.16
0.00642,-2.2,0.16
0.00643,-2.2,0.16
0.00644,-2.2,0.16
0.00645,-2.2,0.16
0.00646,-2.2,0.16
0.00647,-2.2,0.16
0.00648,-2.2,0.16
0.00649,-2.2,0.16
0.0065,-2.2,0.16
0.00651,-2.2,0.16
0.00652,-2.2,0.16
0.00653,-2.2,0.16
0.00654,-2.2,0.16
0.00655,-2.2,0.16
0.00656,-2.2,0.16
0.00657,-2.2,0.16
0.00658,-2.2,0.24
0.00659,-2.2,0.24
0.0066,-2.2,0.24
0.00661,-2.2,0.24
0.00662,-2.2,0.24
0.00663,-2.2,0.24
0.00664,-2.2,0.24
0.00665,-2.2,0.24
0.00666,-2.2,0.24
0.00667,-2,0.24
0.00668,-2.2,0.24
0.00669,-2,0.24
0.0067,-2,0.24
0.00671,-2,0.24
0.00672,-2,0.24
0.00673,-2,0.24
0.00674,-2,0.24
0.00675,-2.2,0.32
0.00676,-2,0.32
0.00677,-2,0.24
0.00678,-2,0.24
0.00679,-2,0.24
0.0068,-2.2,0.32
0.00681,-2,0.32
0.00682,-2,0.32
0.00683,-2,0.32
0.00684,-2,0.32
0.00685,-2.2,0.32
0.00686,-2,0.32
0.00687,-2.2,0.32
0.00688,-2.2,0.32
0.00689,-2.2,0.32
0.0069,-2,0.32
0.00691,-2,0.32
0.00692,-2,0.32
0.00693,-2.2,0.32
0.00694,-2,0.32
0.00695,-2,0.32
0.00696,-2.2,0.32
0.00697,-2.2,0.32
0.00698,-2.2,0.32
0.00699,-2.2,0.32
0.007,-2,0.4
0.00701,-2.2,0.4
0.00702,-2.2,0.32
0.00703,-2,0.32
0.00704,-2.2,0.32
0.00705,-2.2,0.4
0.00706,-2.2,0.4
0.00707,-2.2,0.4
0.00708,-2.2,0.4
0.00709,-2.2,0.4
0.0071,-2.2,0.4
0.00711,-2.2,0.4
0.00712,-2.2,0.4
0.00713,-2.2,0.4
0.00714,-2.2,0.4
0.00715,-2.2,0.4
0.00716,-2.2,0.4
0.00717,-2.2,0.4
0.00718,-2.2,0.4
0.00719,-2.2,0.4
0.0072,-2.2,0.4
0.00721,-2.2,0.4
0.00722,-2.2,0.4
0.00723,-2.2,0.4
0.00724,-2.2,0.4
0.00725,-2.2,0.4
0.00726,-2.2,0.4
0.00727,-2.2,0.4
0.00728,-2.2,0.4
0.00729,-2.2,0.4
0.0073,-2.2,0.4
0.00731,-2.2,0.4
0.00732,-2.2,0.4
0.00733,-2.2,0.4
0.00734,-2.2,0.4
0.00735,-2.2,0.4
0.00736,-2.2,0.4
0.00737,-2.2,0.4
0.00738,-2.2,0.4
0.00739,-2.2,0.4
0.0074,-2.2,0.4
0.00741,-2.2,0.4
0.00742,-2.2,0.4
0.00743,-2.2,0.4
0.00744,-2.2,0.4
0.00745,-2.2,0.4
0.00746,-2.2,0.4
0.00747,-2.2,0.4
0.00748,-2.2,0.4
0.00749,-2.2,0.4
0.0075,-2.2,0.4
0.00751,-2.2,0.4
0.00752,-2.2,0.4
0.00753,-2.2,0.4
0.00754,-2.2,0.4
0.00755,-2.2,0.4
0.00756,-2.2,0.4
0.00757,-2.2,0.4
0.00758,-2.2,0.4
0.00759,-2.2,0.4
0.0076,-2.2,0.4
0.00761,-2.2,0.4
0.00762,-2.2,0.4
0.00763,-2.2,0.4
0.00764,-2.2,0.4
0.00765,-2.2,0.4
0.00766,-2.2,0.4
0.00767,-2.2,0.4
0.00768,-2.2,0.4
0.00769,-2.2,0.4
0.0077,-2.2,0.4
0.00771,-2.2,0.4
0.00772,-2.2,0.4
0.00773,-2.2,0.4
0.00774,-2.2,0.4
0.00775,-2.2,0.4
0.00776,-2.2,0.4
0.00777,-2.2,0.4
0.00778,-2.2,0.4
0.00779,-2.4,0.4
0.0078,-2.4,0.4
0.00781,-2.2,0.4
0.00782,-2.2,0.32
0.00783,-2.2,0.32
0.00784,-2.4,0.4
0.00785,-2.2,0.32
0.00786,-2.4,0.32
0.00787,-2.4,0.4
0.00788,-2.2,0.32
0.00789,-2.4,0.4
0.0079,-2.4,0.32
0.00791,-2.4,0.32
0.00792,-2.2,0.32
0.00793,-2.4,0.32
0.00794,-2.2,0.32
0.00795,-2.4,0.32
0.00796,-2.4,0.32
0.00797,-2.4,0.32
0.00798,-2.4,0.32
0.00799,-2.4,0.32
0.008,-2.4,0.32
0.00801,-2.4,0.32
0.00802,-2.2,0.32
0.00803,-2.4,0.32
0.00804,-2.4,0.32
0.00805,-2.4,0.32
0.00806,-2.4,0.32
0.00807,-2.4,0.32
0.00808,-2.4,0.32
0.00809,-2.4,0.32
0.0081,-2.4,0.32
0.00811,-2.4,0.32
0.00812,-2.4,0.32
0.00813,-2.4,0.32
0.00814,-2.4,0.32
0.00815,-2.4,0.24
0.00816,-2.4,0.24
0.00817,-2.4,0.24
0.00818,-2.4,0.24
0.00819,-2.4,0.24
0.0082,-2.4,0.24
0.00821,-2.4,0.24
0.00822,-2.4,0.32
0.00823,-2.4,0.24
0.00824,-2.4,0.24
0.00825,-2.4,0.32
0.00826,-2.4,0.32
0.00827,-2.4,0.24
0.00828,-2.4,0.24
0.00829,-2.4,0.24
0.0083,-2.4,0.24
0.00831,-2.4,0.24
0.00832,-2.4,0.24
0.00833,-2.4,0.24
0.00834,-2.4,0.24
0.00835,-2.2,0.24
0.00836,-2.4,0.24
0.00837,-2.4,0.24
0.00838,-2.4,0.24
0.00839,-2.4,0.24
0.0084,-2.4,0.24
0.00841,-2.4,0.24
0.00842,-2.4,0.24
0.00843,-2.4,0.24
0.00844,-2.4,0.24
0.00845,-2.4,0.24
0.00846,-2.4,0.24
0.00847,-2.4,0.24
0.00848,-2.4,0.24
0.00849,-2.4,0.24
0.0085,-2.4,0.24
0.00851,-2.2,0.24
0.00852,-2.4,0.24
0.00853,-2.4,0.24
0.00854,-2.2,0.24
0.00855,-2.4,0.24
0.00856,-2.4,0.24
0.00857,-2.2,0.16
0.00858,-2.4,0.16
0.00859,-2.2,0.16
0.0086,-2.4,0.16
0.00861,-2.2,0.16
0.00862,-2.2,0.16
0.00863,-2.2,0.16
0.00864,-2.2,0.16
0.00865,-2.2,0.24
0.00866,-2.2,0.16
0.00867,-2.2,0.16
0.00868,-2.2,0.24
0.00869,-2.2,0.16
0.0087,-2.2,0.16
0.00871,-2.2,0.16
0.00872,-2.2,0.16
0.00873,-2.4,0.16
0.00874,-2.2,0.16
0.00875,-2.2,0.16
0.00876,-2.2,0.16
0.00877,-2.2,0.16
0.00878,-2.2,0.16
0.00879,-2.2,0.16
0.0088,-2.2,0.16
0.00881,-2.2,0.16
0.00882,-2.2,0.16
0.00883,-2.2,0.16
0.00884,-2.2,0.16
0.00885,-2.2,0.16
0.00886,-2.2,0.16
0.00887,-2.2,0.16
0.00888,-2.2,0.16
0.00889,-2.2,0.16
0.0089,-2.2,0.16
0.00891,-2.2,0.16
0.00892,-2.2,0.16
0.00893,-2.2,0.16
0.00894,-2.2,0.16
0.00895,-2.2,0.16
0.00896,-2.2,0.16
0.00897,-2.2,0.16
0.00898,-2.2,0.16
0.00899,-2.2,0.16
0.009,-2.2,0.16
0.00901,-2.2,0.16
0.00902,-2.2,0.16
0.00903,-2.2,0.08
0.00904,-2.2,0.16
0.00905,-2.2,0.08
0.00906,-2.2,0.16
0.00907,-2.2,0.16
0.00908,-2.2,0.16
0.00909,-2.2,0.16
0.0091,-2.2,0.16
0.00911,-2.2,0.16
0.00912,-2.2,0.16
0.00913,-2.2,0.16
0.00914,-2.2,0.16
0.00915,-2.2,0.16
0.00916,-2.2,0.16
0.00917,-2.2,0.16
0.00918,-2.2,0.08
0.00919,-2.2,0.16
0.0092,-2.2,0.16
0.00921,-2.2,0.16
0.00922,-2.2,0.16
0.00923,-2.2,0.16
0.00924,-2.2,0.16
0.00925,-2.2,0.16
0.00926,-2.2,0.16
0.00927,-2.2,0.16
0.00928,-2.2,0.16
0.00929,-2.2,0.16
0.0093,-2.2,0.16
0.00931,-2.2,0.16
0.00932,-2.2,0.16
0.00933,-2.2,0.16
0.00934,-2.2,0.16
0.00935,-2.2,0.16
0.00936,-2.2,0.16
0.00937,-2.2,0.16
0.00938,-2.2,0.16
0.00939,-2.2,0.16
0.0094,-2.2,0.16
0.00941,-2.2,0.16
0.00942,-2.2,0.16
0.00943,-2.2,0.16
0.00944,-2.2,0.16
0.00945,-2.2,0.16
0.00946,-2.2,0.16
0.00947,-2.2,0.16
0.00948,-2.2,0.16
0.00949,-2.2,0.16
0.0095,-2.2,0.16
0.00951,-2.2,0.16
0.00952,-2.2,0.16
0.00953,-2.2,0.24
0.00954,-2.2,0.16
0.00955,-2.2,0.16
0.00956,-2.2,0.16
0.00957,-2.2,0.16
0.00958,-2.2,0.24
0.00959,-2.2,0.24
0.0096,-2.2,0.24
0.00961,-2.2,0.24
0.00962,-2.2,0.16
0.00963,-2.2,0.16
0.00964,-2.2,0.24
0.00965,-2.2,0.24
0.00966,-2.2,0.24
0.00967,-2.2,0.24
0.00968,-2.2,0.24
0.00969,-2.2,0.24
0.0097,-2.2,0.24
0.00971,-2.2,0.24
0.00972,-2.2,0.24
0.00973,-2.2,0.24
0.00974,-2.2,0.24
0.00975,-2.2,0.24
0.00976,-2.2,0.24
0.00977,-2.2,0.24
0.00978,-2.2,0.24
0.00979,-2.2,0.24
0.0098,-2.2,0.24
0.00981,-2.2,0.24
0.00982,-2.2,0.24
0.00983,-2.2,0.24
0.00984,-2.4,0.24
0.00985,-2.4,0.24
0.00986,-2.4,0.32
0.00987,-2.2,0.32
0.00988,-2.4,0.24
0.00989,-2.4,0.32
0.0099,-2.4,0.32
0.00991,-2.4,0.32
0.00992,-2.4,0.32
0.00993,-2.4,0.32
0.00994,-2.4,0.32
0.00995,-2.4,0.32
0.00996,-2.4,0.32
0.00997,-2.4,0.32
0.00998,-2.4,0.32
0.00999,-2.4,0.32
0.01,-2.4,0.32
0.01001,-2.4,0.32
0.01002,-2.4,0.32
0.01003,-2.4,0.4
0.01004,-2.4,0.32
0.01005,-2.4,0.4
0.01006,-2.4,0.4
0.01007,-2.4,0.4
0.01008,-2.4,0.4
0.01009,-2.4,0.4
0.0101,-2.6,0.4
0.01011,-2.6,0.4
0.01012,-2.4,0.4
0.01013,-2.6,0.4
0.01014,-2.6,0.4
0.01015,-2.6,0.4
0.01016,-2.6,0.4
0.01017,-2.6,0.4
0.01018,-2.6,0.4
0.01019,-2.6,0.4
0.0102,-2.6,0.4
0.01021,-2.6,0.48
0.01022,-2.6,0.48
0.01023,-2.6,0.48
0.01024,-2.6,0.48
0.01025,-2.6,0.48
0.01026,-2.6,0.48
0.01027,-2.8,0.48
0.01028,-2.8,0.48
0.01029,-2.8,0.48
0.0103,-2.8,0.48
0.01031,-2.8,0.56
0.01032,-2.8,0.56
0.01033,-2.8,0.56
0.01034,-2.8,0.56
0.01035,-2.8,0.56
0.01036,-2.8,0.56
0.01037,-2.8,0.56
0.01038,-2.8,0.56
0.01039,-2.8,0.56
0.0104,-2.8,0.56
0.01041,-2.8,0.56
0.01042,-2.8,0.56
0.01043,-2.8,0.56
0.01044,-3,0.56
0.01045,-3,0.56
0.01046,-3,0.56
0.01047,-3,0.64
0.01048,-3,0.64
0.01049,-3,0.64
0.0105,-3,0.64
0.01051,-3,0.64
0.01052,-3,0.64
0.01053,-3,0.64
0.01054,-3,0.64
0.01055,-3,0.64
0.01056,-3,0.64
0.01057,-3,0.64
0.01058,-3.2,0.64
0.01059,-3.2,0.72
0.0106,-3.2,0.72
0.01061,-3.2,0.72
0.01062,-3.2,0.72
0.01063,-3.2,0.72
0.01064,-3.2,0.72
0.01065,-3.2,0.72
0.01066,-3.2,0.72
0.01067,-3.2,0.72
0.01068,-3.4,0.72
0.01069,-3.4,0.72
0.0107,-3.4,0.72
0.01071,-3.4,0.8
0.01072,-3.4,0.8
0.01073,-3.4,0.8
0.01074,-3.4,0.8
0.01075,-3.4,0.8
0.01076,-3.4,0.8
0.01077,-3.4,0.8
0.01078,-3.4,0.8
0.01079,-3.4,0.88
0.0108,-3.6,0.8
0.01081,-3.6,0.88
0.01082,-3.6,0.88
0.01083,-3.6,0.88
0.01084,-3.6,0.88
0.01085,-3.6,0.88
0.01086,-3.6,0.88
0.01087,-3.6,0.88
0.01088,-3.6,0.96
0.01089,-3.6,0.96
0.0109,-3.6,0.88
0.01091,-3.6,0.96
0.01092,-3.6,0.96
0.01093,-3.8,0.96
0.01094,-3.8,0.96
0.01095,-3.8,0.96
0.01096,-3.8,0.96
0.01097,-3.8,1.04
0.01098,-3.8,1.04
0.01099,-3.8,1.04
0.011,-3.8,1.04
0.01101,-3.8,1.04
0.01102,-4,1.04
0.01103,-4,1.04
0.01104,-4,1.04
0.01105,-4,1.12
0.01106,-4,1.04
0.01107,-4,1.12
0.01108,-4,1.12
0.01109,-4,1.12
0.0111,-4,1.12
0.01111,-4,1.12
0.01112,-4,1.12
0.01113,-4,1.12
0.01114,-4.2,1.12
0.01115,-4.2,1.12
0.01116,-4.2,1.2
0.01117,-4.2,1.12
0.01118,-4.2,1.2
0.01119,-4.2,1.2
0.0112,-4.2,1.2
0.01121,-4.2,1.2
0.01122,-4.2,1.2
0.01123,-4.2,1.2
0.01124,-4.2,1.28
0.01125,-4.2,1.28
0.01126,-4.2,1.28
0.01127,-4.2,1.28
0.01128,-4.4,1.28
0.01129,-4.4,1.28
0.0113,-4.4,1.28
0.01131,-4.4,1.28
0.01132,-4.4,1.28
0.01133,-4.4,1.28
0.01134,-4.4,1.36
0.01135,-4.4,1.36
0.01136,-4.4,1.36
0.01137,-4.4,1.36
0.01138,-4.4,1.36
0.01139,-4.4,1.36
0.0114,-4.4,1.36
0.01141,-4.4,1.36
0.01142,-4.4,1.36
0.01143,-4.4,1.36
0.01144,-4.4,1.36
0.01145,-4.6,1.44
0.01146,-4.4,1.36
0.01147,-4.6,1.44
0.01148,-4.6,1.44
0.01149,-4.6,1.44
0.0115,-4.6,1.44
0.01151,-4.6,1.44
0.01152,-4.6,1.44
0.01153,-4.6,1.44
0.01154,-4.6,1.44
0.01155,-4.6,1.44
0.01156,-4.6,1.52
0.01157,-4.6,1.52
0.01158,-4.6,1.52
0.01159,-4.8,1.52
0.0116,-4.8,1.52
0.01161,-4.6,1.52
0.01162,-4.8,1.52
0.01163,-4.6,1.52
0.01164,-4.8,1.52
0.01165,-4.8,1.52
0.01166,-4.8,1.52
0.01167,-4.8,1.52
0.01168,-4.8,1.52
0.01169,-4.8,1.6
0.0117,-4.8,1.52
0.01171,-4.8,1.52
0.01172,-4.8,1.52
0.01173,-4.8,1.6
0.01174,-4.8,1.52
0.01175,-4.8,1.52
0.01176,-4.8,1.6
0.01177,-4.8,1.6
0.01178,-4.8,1.6
0.01179,-4.8,1.6
0.0118,-4.8,1.6
0.01181,-4.8,1.6
0.01182,-4.8,1.6
0.01183,-4.8,1.6
0.01184,-4.8,1.6
0.01185,-4.8,1.6
0.01186,-4.8,1.6
0.01187,-4.8,1.6
0.01188,-5,1.6
0.01189,-4.8,1.6
0.0119,-5,1.68
0.01191,-4.8,1.6
0.01192,-4.8,1.6
0.01193,-5,1.68
0.01194,-5,1.68
0.01195,-4.8,1.68
0.01196,-5,1.68
0.01197,-5,1.68
0.01198,-5,1.68
0.01199,-4.8,1.68
0.012,-5,1.68
0.01201,-5,1.68
0.01202,-4.8,1.68
0.01203,-4.8,1.68
0.01204,-4.8,1.68
0.01205,-4.8,1.68
0.01206,-5,1.68
0.01207,-5,1.68
0.01208,-5,1.68
0.01209,-5,1.68
0.0121,-5,1.68
0.01211,-5,1.68
0.01212,-4.8,1.68
0.01213,-5,1.68
0.01214,-5,1.68
0.01215,-4.8,1.68
0.01216,-4.8,1.68
0.01217,-4.8,1.68
0.01218,-4.8,1.68
0.01219,-4.8,1.68
0.0122,-4.8,1.68
0.01221,-4.8,1.68
0.01222,-4.8,1.68
0.01223,-4.8,1.68
0.01224,-4.8,1.68
0.01225,-4.8,1.68
0.01226,-4.8,1.68
0.01227,-4.8,1.68
0.01228,-4.8,1.68
0.01229,-4.8,1.68
0.0123,-4.8,1.68
0.01231,-4.8,1.68
0.01232,-4.8,1.68
0.01233,-4.8,1.68
0.01234,-4.8,1.68
0.01235,-4.8,1.68
0.01236,-4.8,1.68
0.01237,-4.8,1.68
0.01238,-4.8,1.68
0.01239,-4.8,1.68
0.0124,-4.8,1.6
0.01241,-4.8,1.6
0.01242,-4.8,1.6
0.01243,-4.8,1.6
0.01244,-4.8,1.6
0.01245,-4.8,1.6
0.01246,-4.6,1.6
0.01247,-4.6,1.6
0.01248,-4.6,1.6
0.01249,-4.6,1.6
0.0125,-4.6,1.6
0.01251,-4.6,1.6
0.01252,-4.6,1.6
0.01253,-4.6,1.6
0.01254,-4.6,1.6
0.01255,-4.6,1.6
0.01256,-4.6,1.52
0.01257,-4.6,1.52
0.01258,-4.6,1.52
0.01259,-4.6,1.52
0.0126,-4.6,1.52
0.01261,-4.6,1.52
0.01262,-4.6,1.52
0.01263,-4.4,1.52
0.01264,-4.4,1.52
0.01265,-4.4,1.52
0.01266,-4.4,1.44
0.01267,-4.4,1.52
0.01268,-4.4,1.52
0.01269,-4.4,1.52
0.0127,-4.4,1.52
0.01271,-4.4,1.52
0.01272,-4.4,1.44
0.01273,-4.4,1.44
0.01274,-4.4,1.44
0.01275,-4.4,1.44
0.01276,-4.4,1.44
0.01277,-4.4,1.36
0.01278,-4.2,1.44
0.01279,-4.2,1.36
0.0128,-4.2,1.36
0.01281,-4.2,1.36
0.01282,-4.2,1.36
0.01283,-4.2,1.36
0.01284,-4.2,1.36
0.01285,-4.2,1.36
0.01286,-4.2,1.36
0.01287,-4.2,1.36
0.01288,-4.2,1.36
0.01289,-4.2,1.36
0.0129,-4.2,1.28
0.01291,-4.2,1.28
0.01292,-4,1.28
0.01293,-4,1.28
0.01294,-4,1.28
0.01295,-4,1.28
0.01296,-4,1.28
0.01297,-4,1.28
0.01298,-4,1.28
0.01299,-4,1.2
0.013,-4,1.2
0.01301,-4,1.28
0.01302,-4,1.2
0.01303,-4,1.2
0.01304,-4,1.2
0.01305,-3.8,1.2
0.01306,-3.8,1.2
0.01307,-3.8,1.12
0.01308,-3.8,1.12
0.01309,-3.8,1.12
0.0131,-3.8,1.12
0.01311,-3.8,1.12
0.01312,-3.8,1.12
0.01313,-3.8,1.04
0.01314,-3.8,1.04
0.01315,-3.6,1.12
0.01316,-3.8,1.04
0.01317,-3.6,1.04
0.01318,-3.6,1.04
0.01319,-3.6,1.04
0.0132,-3.6,1.04
0.01321,-3.6,1.04
0.01322,-3.6,1.04
0.01323,-3.6,0.96
0.01324,-3.6,1.04
0.01325,-3.6,1.04
0.01326,-3.6,0.96
0.01327,-3.6,0.96
0.01328,-3.6,0.96
0.01329,-3.4,0.96
0.0133,-3.4,0.88
0.01331,-3.4,0.88
0.01332,-3.4,0.88
0.01333,-3.4,0.88
0.01334,-3.4,0.88
0.01335,-3.4,0.88
0.01336,-3.4,0.88
0.01337,-3.4,0.88
0.01338,-3.4,0.88
0.01339,-3.4,0.88
0.0134,-3.4,0.8
0.01341,-3.4,0.8
0.01342,-3.4,0.8
0.01343,-3.2,0.8
0.01344,-3.2,0.8
0.01345,-3.2,0.8
0.01346,-3.2,0.8
0.01347,-3.2,0.8
0.01348,-3.2,0.72
0.01349,-3.2,0.72
0.0135,-3.2,0.72
0.01351,-3.2,0.72
0.01352,-3.2,0.72
0.01353,-3.2,0.72
0.01354,-3.2,0.72
0.01355,-3,0.72
0.01356,-3,0.72
0.01357,-3,0.72
0.01358,-3,0.64
0.01359,-3,0.64
0.0136,-3,0.64
0.01361,-3,0.64
0.01362,-3,0.64
0.01363,-3,0.64
0.01364,-3,0.64
0.01365,-3,0.56
0.01366,-3,0.56
0.01367,-3,0.56
0.01368,-3,0.56
0.01369,-3,0.56
0.0137,-3,0.56
0.01371,-3,0.56
0.01372,-2.8,0.56
0.01373,-2.8,0.56
0.01374,-2.8,0.56
0.01375,-2.8,0.56
0.01376,-2.8,0.48
0.01377,-2.8,0.48
0.01378,-2.8,0.48
0.01379,-2.8,0.48
0.0138,-2.8,0.48
0.01381,-2.8,0.48
0.01382,-2.8,0.48
0.01383,-2.8,0.48
0.01384,-2.8,0.48
0.01385,-2.8,0.48
0.01386,-2.8,0.48
0.01387,-2.8,0.48
0.01388,-2.8,0.4
0.01389,-2.8,0.4
0.0139,-2.6,0.4
0.01391,-2.6,0.4
0.01392,-2.6,0.4
0.01393,-2.6,0.4
0.01394,-2.6,0.4
0.01395,-2.6,0.4
0.01396,-2.6,0.4
0.01397,-2.6,0.4
0.01398,-2.6,0.4
0.01399,-2.6,0.4
0.014,-2.6,0.32
0.01401,-2.6,0.32
0.01402,-2.6,0.32
0.01403,-2.6,0.32
0.01404,-2.6,0.32
0.01405,-2.6,0.32
0.01406,-2.4,0.32
0.01407,-2.6,0.32
0.01408,-2.6,0.32
0.01409,-2.4,0.32
0.0141,-2.4,0.32
0.01411,-2.4,0.32
0.01412,-2.4,0.32
0.01413,-2.4,0.24
0.01414,-2.4,0.24
0.01415,-2.4,0.24
0.01416,-2.4,0.24
0.01417,-2.4,0.24
0.01418,-2.4,0.24
0.01419,-2.4,0.24
0.0142,-2.4,0.24
0.01421,-2.4,0.24
0.01422,-2.4,0.24
0.01423,-2.4,0.24
0.01424,-2.4,0.24
0.01425,-2.4,0.24
0.01426,-2.4,0.24
0.01427,-2.4,0.24
0.01428,-2.4,0.24
0.01429,-2.4,0.24
0.0143,-2.4,0.24
0.01431,-2.4,0.24
0.01432,-2.4,0.24
0.01433,-2.4,0.24
0.01434,-2.4,0.24
0.01435,-2.4,0.24
0.01436,-2.4,0.24
0.01437,-2.4,0.24
0.01438,-2.4,0.16
0.01439,-2.4,0.16
0.0144,-2.4,0.16
0.01441,-2.4,0.16
0.01442,-2.2,0.16
0.01443,-2.4,0.16
0.01444,-2.2,0.16
0.01445,-2.4,0.16
0.01446,-2.2,0.16
0.01447,-2.4,0.16
0.01448,-2.2,0.16
0.01449,-2.2,0.16
0.0145,-2.2,0.16
0.01451,-2.2,0.16
0.01452,-2.2,0.16
0.01453,-2.2,0.16
0.01454,-2.2,0.16
0.01455,-2.2,0.16
0.01456,-2.2,0.16
0.01457,-2.2,0.16
0.01458,-2.2,0.16
0.01459,-2.2,0.16
0.0146,-2.2,0.16
0.01461,-2.2,0.16
0.01462,-2.2,0.16
0.01463,-2.2,0.16
0.01464,-2.2,0.16
0.01465,-2.2,0.16
0.01466,-2.2,0.16
0.01467,-2.2,0.16
0.01468,-2.2,0.08
0.01469,-2.2,0.08
0.0147,-2.2,0.16
0.01471,-2.2,0.16
0.01472,-2.2,0.16
0.01473,-2.2,0.08
0.01474,-2.2,0.16
0.01475,-2.2,0.16
0.01476,-2.2,0.16
0.01477,-2.2,0.16
0.01478,-2.2,0.16
0.01479,-2.2,0.08
0.0148,-2.2,0.08
0.01481,-2.2,0.16
0.01482,-2.2,0.16
0.01483,-2.2,0.16
0.01484,-2.2,0.16
0.01485,-2.2,0.16
0.01486,-2.2,0.08
0.01487,-2.2,0.08
0.01488,-2.2,0.16
0.01489,-2.2,0.16
0.0149,-2.2,0.16
0.01491,-2.2,0.16
0.01492,-2.2,0.16
0.01493,-2.2,0.16
0.01494,-2.2,0.16
0.01495,-2.2,0.16
0.01496,-2.2,0.16
0.01497,-2.2,0.16
0.01498,-2.2,0.08
0.01499,-2.2,0.16
0.015,-2.2,0.16
0.01501,-2.2,0.16
0.01502,-2.2,0.16
0.01503,-2.2,0.16
0.01504,-2.2,0.16
0.01505,-2.2,0.16
0.01506,-2.2,0.08
0.01507,-2.2,0.16
0.01508,-2.2,0.16
0.01509,-2.2,0.16
0.0151,-2.2,0.16
0.01511,-2.2,0.16
0.01512,-2.2,0.16
0.01513,-2.2,0.16
0.01514,-2.2,0.16
0.01515,-2.2,0.16
0.01516,-2.2,0.16
0.01517,-2.2,0.16
0.01518,-2.2,0.16
0.01519,-2.2,0.16
0.0152,-2.2,0.16
0.01521,-2.2,0.16
0.01522,-2.2,0.16
0.01523,-2.2,0.16
0.01524,-2.2,0.16
0.01525,-2.2,0.16
0.01526,-2.2,0.16
0.01527,-2.2,0.16
0.01528,-2.2,0.16
0.01529,-2.2,0.16
0.0153,-2.2,0.16
0.01531,-2.2,0.16
0.01532,-2.2,0.16
0.01533,-2.2,0.16
0.01534,-2.2,0.16
0.01535,-2.2,0.16
0.01536,-2.2,0.16
0.01537,-2.2,0.16
0.01538,-2.2,0.16
0.01539,-2.2,0.16
0.0154,-2.2,0.16
0.01541,-2.2,0.16
0.01542,-2.2,0.16
0.01543,-2.2,0.16
0.01544,-2.2,0.16
0.01545,-2.2,0.16
0.01546,-2.2,0.16
0.01547,-2.2,0.16
0.01548,-2.2,0.16
0.01549,-2.2,0.16
0.0155,-2.2,0.16
0.01551,-2.2,0.16
0.01552,-2.2,0.16
0.01553,-2.2,0.16
0.01554,-2.2,0.16
0.01555,-2.2,0.16
0.01556,-2.2,0.16
0.01557,-2.2,0.16
0.01558,-2.2,0.16
0.01559,-2.2,0.16
0.0156,-2.2,0.16
0.01561,-2.2,0.16
0.01562,-2.2,0.16
0.01563,-2.2,0.16
0.01564,-2.2,0.16
0.01565,-2.2,0.16
0.01566,-2.2,0.16
0.01567,-2.2,0.16
0.01568,-2.2,0.16
0.01569,-2.2,0.16
0.0157,-2.2,0.24
0.01571,-2.2,0.16
0.01572,-2.2,0.16
0.01573,-2.2,0.16
0.01574,-2.2,0.16
0.01575,-2.2,0.16
0.01576,-2.2,0.16
0.01577,-2.2,0.16
0.01578,-2.2,0.16
0.01579,-2.2,0.16
0.0158,-2.2,0.16
0.01581,-2.2,0.16
0.01582,-2.2,0.16
0.01583,-2.2,0.16
0.01584,-2.2,0.16
0.01585,-2.2,0.16
0.01586,-2.2,0.16
0.01587,-2.2,0.16
0.01588,-2.2,0.16
0.01589,-2.2,0.16
0.0159,-2.2,0.16
0.01591,-2.2,0.16
0.01592,-2.2,0.16
0.01593,-2.2,0.16
0.01594,-2.2,0.16
0.01595,-2.2,0.16
0.01596,-2.2,0.16
0.01597,-2.2,0.16
0.01598,-2.2,0.16
0.01599,-2.2,0.16
0.016,-2.2,0.16
0.01601,-2.2,0.16
0.01602,-2.2,0.16
0.01603,-2.2,0.16
0.01604,-2.2,0.16
0.01605,-2.2,0.16
0.01606,-2.2,0.16
0.01607,-2.2,0.16
0.01608,-2.2,0.16
0.01609,-2.2,0.16
0.0161,-2.2,0.16
0.01611,-2.2,0.16
0.01612,-2.2,0.16
0.01613,-2.2,0.16
0.01614,-2.2,0.16
0.01615,-2.2,0.16
0.01616,-2.2,0.16
0.01617,-2.2,0.16
0.01618,-2.2,0.16
0.01619,-2.2,0.16
0.0162,-2.2,0.16
0.01621,-2.2,0.16
0.01622,-2.2,0.16
0.01623,-2.2,0.16
0.01624,-2.2,0.16
0.01625,-2.2,0.16
0.01626,-2.2,0.16
0.01627,-2.2,0.16
0.01628,-2.2,0.16
0.01629,-2.2,0.16
0.0163,-2.2,0.16
0.01631,-2.2,0.16
0.01632,-2.2,0.16
0.01633,-2.2,0.16
0.01634,-2.2,0.16
0.01635,-2.2,0.16
0.01636,-2.2,0.16
0.01637,-2.2,0.16
0.01638,-2.2,0.16
0.01639,-2.2,0.16
0.0164,-2.2,0.16
0.01641,-2.2,0.16
0.01642,-2.2,0.16
0.01643,-2.2,0.16
0.01644,-2.2,0.16
0.01645,-2.2,0.16
0.01646,-2.2,0.16
0.01647,-2.2,0.16
0.01648,-2.2,0.16
0.01649,-2.2,0.16
0.0165,-2.2,0.16
0.01651,-2.2,0.16
0.01652,-2.2,0.16
0.01653,-2.2,0.16
0.01654,-2.2,0.16
0.01655,-2.2,0.16
0.01656,-2.2,0.16
0.01657,-2.2,0.16
0.01658,-2.2,0.16
0.01659,-2.2,0.16
0.0166,-2.2,0.16
0.01661,-2.2,0.16
0.01662,-2.2,0.16
0.01663,-2.2,0.16
0.01664,-2.2,0.16
0.01665,-2.2,0.16
0.01666,-2.2,0.16
0.01667,-2.2,0.08
0.01668,-2.2,0.08
0.01669,-2.2,0.16
0.0167,-2.2,0.16
0.01671,-2.2,0.16
0.01672,-2.2,0.16
0.01673,-2.2,0.16
0.01674,-2.2,0.08
0.01675,-2.2,0.16
0.01676,-2.2,0.16
0.01677,-2.2,0.16
0.01678,-2.2,0.16
0.01679,-2.2,0.16
0.0168,-2.2,0.16
0.01681,-2.2,0.16
0.01682,-2.2,0.16
0.01683,-2.2,0.16
0.01684,-2.2,0.16
0.01685,-2.2,0.16
0.01686,-2.2,0.16
0.01687,-2.2,0.16
0.01688,-2.2,0.16
0.01689,-2.2,0.16
0.0169,-2.2,0.16
0.01691,-2.2,0.16
0.01692,-2.2,0.16
0.01693,-2.2,0.16
0.01694,-2.2,0.16
0.01695,-2.2,0.16
0.01696,-2.2,0.16
0.01697,-2.2,0.16
0.01698,-2.2,0.16
0.01699,-2.2,0.16
0.017,-2.2,0.16
0.01701,-2.2,0.08
0.01702,-2.2,0.16
0.01703,-2.2,0.16
0.01704,-2.2,0.16
0.01705,-2.2,0.16
0.01706,-2.2,0.16
0.01707,-2.2,0.16
0.01708,-2.2,0.16
0.01709,-2.2,0.16
0.0171,-2.2,0.16
0.01711,-2.2,0.16
0.01712,-2.2,0.16
0.01713,-2.2,0.16
0.01714,-2.2,0.16
0.01715,-2.2,0.16
0.01716,-2.2,0.16
0.01717,-2.2,0.16
0.01718,-2.2,0.16
0.01719,-2.2,0.16
0.0172,-2.2,0.16
0.01721,-2.2,0.16
0.01722,-2.2,0.16
0.01723,-2.2,0.16
0.01724,-2.2,0.16
0.01725,-2.2,0.16
0.01726,-2.2,0.16
0.01727,-2.2,0.16
0.01728,-2.2,0.16
0.01729,-2.2,0.16
0.0173,-2.2,0.16
0.01731,-2.2,0.16
0.01732,-2.2,0.16
0.01733,-2.2,0.16
0.01734,-2.2,0.16
0.01735,-2.2,0.16
0.01736,-2.2,0.16
0.01737,-2.2,0.16
0.01738,-2.2,0.16
0.01739,-2.2,0.16
0.0174,-2.2,0.16
0.01741,-2.2,0.16
0.01742,-2.2,0.16
0.01743,-2.2,0.16
0.01744,-2.2,0.16
0.01745,-2.2,0.16
0.01746,-2.2,0.16
0.01747,-2.2,0.16
0.01748,-2.2,0.16
0.01749,-2.2,0.16
0.0175,-2.2,0.16
0.01751,-2.2,0.16
0.01752,-2.2,0.16
0.01753,-2.2,0.16
0.01754,-2.2,0.16
0.01755,-2.2,0.16
0.01756,-2.2,0.16
0.01757,-2.2,0.16
0.01758,-2.2,0.16
0.01759,-2.2,0.16
0.0176,-2.2,0.16
0.01761,-2.2,0.16
0.01762,-2.2,0.16
0.01763,-2.2,0.16
0.01764,-2.2,0.16
0.01765,-2.2,0.16
0.01766,-2.2,0.16
0.01767,-2.2,0.16
0.01768,-2.2,0.16
0.01769,-2.2,0.16
0.0177,-2.2,0.16
0.01771,-2.2,0.16
0.01772,-2.2,0.16
0.01773,-2.2,0.16
0.01774,-2.2,0.16
0.01775,-2.2,0.16
0.01776,-2.2,0.16
0.01777,-2.2,0.16
0.01778,-2.2,0.16
0.01779,-2.2,0.16
0.0178,-2.2,0.16
0.01781,-2.2,0.16
0.01782,-2.2,0.16
0.01783,-2.2,0.16
0.01784,-2.2,0.16
0.01785,-2.2,0.16
0.01786,-2.2,0.16
0.01787,-2.2,0.16
0.01788,-2.2,0.16
0.01789,-2.2,0.16
0.0179,-2.2,0.16
0.01791,-2.2,0.16
0.01792,-2.2,0.16
0.01793,-2.2,0.16
0.01794,-2.2,0.16
0.01795,-2.2,0.16
0.01796,-2.2,0.16
0.01797,-2.2,0.16
0.01798,-2.2,0.16
0.01799,-2.2,0.16
0.018,-2.2,0.16
0.01801,-2.2,0.16
0.01802,-2.2,0.16
0.01803,-2.2,0.16
0.01804,-2.2,0.16
0.01805,-2.2,0.16
0.01806,-2.2,0.16
0.01807,-2.2,0.16
0.01808,-2.2,0.16
0.01809,-2.2,0.16
0.0181,-2.2,0.16
0.01811,-2.2,0.16
0.01812,-2.2,0.16
0.01813,-2.2,0.16
0.01814,-2.2,0.16
0.01815,-2.2,0.16
0.01816,-2.2,0.16
0.01817,-2.2,0.16
0.01818,-2.2,0.16
0.01819,-2.2,0.16
0.0182,-2.2,0.16
0.01821,-2.2,0.16
0.01822,-2.2,0.16
0.01823,-2.2,0.16
0.01824,-2.2,0.16
0.01825,-2.2,0.16
0.01826,-2.2,0.16
0.01827,-2.2,0.16
0.01828,-2.2,0.16
0.01829,-2.2,0.16
0.0183,-2.2,0.16
0.01831,-2.2,0.16
0.01832,-2.2,0.16
0.01833,-2.2,0.16
0.01834,-2.2,0.16
0.01835,-2.2,0.16
0.01836,-2.2,0.16
0.01837,-2.2,0.16
0.01838,-2.2,0.16
0.01839,-2.2,0.16
0.0184,-2.2,0.16
0.01841,-2.2,0.16
0.01842,-2.2,0.16
0.01843,-2.2,0.16
0.01844,-2.2,0.16
0.01845,-2.2,0.16
0.01846,-2.2,0.16
0.01847,-2.2,0.16
0.01848,-2.2,0.16
0.01849,-2.2,0.16
0.0185,-2.2,0.16
0.01851,-2.2,0.16
0.01852,-2.2,0.16
0.01853,-2.2,0.16
0.01854,-2.2,0.16
0.01855,-2.2,0.16
0.01856,-2.2,0.16
0.01857,-2.2,0.16
0.01858,-2.2,0.16
0.01859,-2.2,0.16
0.0186,-2.2,0.16
0.01861,-2.2,0.16
0.01862,-2.2,0.16
0.01863,-2.2,0.16
0.01864,-2.2,0.16
0.01865,-2.2,0.16
0.01866,-2.2,0.16
0.01867,-2.2,0.16
0.01868,-2.2,0.16
0.01869,-2.2,0.16
0.0187,-2.2,0.16
0.01871,-2.2,0.16
0.01872,-2.2,0.16
0.01873,-2.2,0.16
0.01874,-2.2,0.16
0.01875,-2.2,0.16
0.01876,-2.2,0.16
0.01877,-2.2,0.16
0.01878,-2.2,0.16
0.01879,-2.2,0.16
0.0188,-2.2,0.16
0.01881,-2.2,0.16
0.01882,-2.2,0.16
0.01883,-2.2,0.16
0.01884,-2.2,0.16
0.01885,-2.2,0.16
0.01886,-2.2,0.16
0.01887,-2.2,0.16
0.01888,-2.2,0.16
0.01889,-2.2,0.16
0.0189,-2.2,0.16
0.01891,-2.2,0.16
0.01892,-2.2,0.16
0.01893,-2.2,0.16
0.01894,-2.2,0.16
0.01895,-2.2,0.16
0.01896,-2.2,0.16
0.01897,-2.2,0.16
0.01898,-2.2,0.16
0.01899,-2.2,0.16
0.019,-2.2,0.16
0.01901,-2.2,0.16
0.01902,-2.2,0.08
0.01903,-2.2,0.08
0.01904,-2.2,0.16
0.01905,-2.2,0.16
0.01906,-2.2,0.16
0.01907,-2.2,0.16
0.01908,-2.2,0.16
0.01909,-2.2,0.16
0.0191,-2.2,0.16
0.01911,-2.2,0.16
0.01912,-2.2,0.16
0.01913,-2.2,0.16
0.01914,-2.2,0.16
0.01915,-2.2,0.16
0.01916,-2.2,0.16
0.01917,-2.2,0.16
0.01918,-2.2,0.16
0.01919,-2.2,0.16
0.0192,-2.2,0.16
0.01921,-2.2,0.16
0.01922,-2.2,0.16
0.01923,-2.2,0.08
0.01924,-2.2,0.16
0.01925,-2.2,0.08
0.01926,-2.2,0.16
0.01927,-2.2,0.16
0.01928,-2.2,0.16
0.01929,-2.2,0.16
0.0193,-2.2,0.16
0.01931,-2.2,0.16
0.01932,-2.2,0.16
0.01933,-2.2,0.16
0.01934,-2.2,0.16
0.01935,-2.2,0.16
0.01936,-2.2,0.16
0.01937,-2.2,0.16
0.01938,-2.2,0.16
0.01939,-2.2,0.16
