0.015,-2.32,0.4
0.015004,-2.32,0.32
0.015008,-2.32,0.32
0.015012,-2.32,0.4
0.015016,-2.32,0.4
0.01502,-2.32,0.4
0.015024,-2.4,0.32
0.015028,-2.32,0.4
0.015032,-2.4,0.4
0.015036,-2.4,0.4
0.01504,-2.4,0.4
0.015044,-2.4,0.4
0.015048,-2.4,0.4
0.015052,-2.4,0.4
0.015056,-2.4,0.4
0.01506,-2.4,0.4
0.015064,-2.4,0.4
0.015068,-2.4,0.4
0.015072,-2.4,0.4
0.015076,-2.4,0.4
0.01508,-2.4,0.4
0.015084,-2.4,0.4
0.015088,-2.4,0.4
0.015092,-2.4,0.4
0.015096,-2.4,0.4
0.0151,-2.4,0.4
0.015104,-2.4,0.4
0.015108,-2.4,0.4
0.015112,-2.4,0.4
0.015116,-2.4,0.4
0.01512,-2.32,0.4
0.015124,-2.32,0.32
0.015128,-2.4,0.32
0.015132,-2.4,0.4
0.015136,-2.4,0.32
0.01514,-2.4,0.4
0.015144,-2.4,0.4
0.015148,-2.4,0.4
0.015152,-2.4,0.32
0.015156,-2.4,0.4
0.01516,-2.4,0.4
0.015164,-2.4,0.32
0.015168,-2.4,0.32
0.015172,-2.4,0.32
0.015176,-2.4,0.32
0.01518,-2.4,0.32
0.015184,-2.4,0.32
0.015188,-2.4,0.32
0.015192,-2.4,0.32
0.015196,-2.4,0.32
0.0152,-2.4,0.32
0.015204,-2.4,0.32
0.015208,-2.4,0.4
0.015212,-2.48,0.32
0.015216,-2.48,0.32
0.01522,-2.48,0.32
0.015224,-2.4,0.32
0.015228,-2.48,0.32
0.015232,-2.48,0.32
0.015236,-2.4,0.32
0.01524,-2.4,0.32
0.015244,-2.4,0.32
0.015248,-2.4,0.32
0.015252,-2.4,0.32
0.015256,-2.4,0.32
0.01526,-2.4,0.32
0.015264,-2.4,0.32
0.015268,-2.48,0.4
0.015272,-2.48,0.4
0.015276,-2.48,0.32
0.01528,-2.48,0.32
0.015284,-2.4,0.32
0.015288,-2.4,0.32
0.015292,-2.4,0.32
0.015296,-2.4,0.32
0.0153,-2.4,0.32
0.015304,-2.4,0.4
0.015308,-2.4,0.4
0.015312,-2.4,0.32
0.015316,-2.4,0.32
0.01532,-2.4,0.32
0.015324,-2.4,0.32
0.015328,-2.4,0.32
0.015332,-2.4,0.32
0.015336,-2.4,0.32
0.01534,-2.4,0.32
0.015344,-2.4,0.32
0.015348,-2.4,0.32
0.015352,-2.4,0.4
0.015356,-2.4,0.32
0.01536,-2.4,0.32
0.015364,-2.4,0.32
0.015368,-2.4,0.32
0.015372,-2.4,0.32
0.015376,-2.4,0.32
0.01538,-2.4,0.32
0.015384,-2.4,0.32
0.015388,-2.4,0.32
0.015392,-2.4,0.32
0.015396,-2.4,0.32
0.0154,-2.4,0.32
0.015404,-2.48,0.32
0.015408,-2.4,0.32
0.015412,-2.4,0.32
0.015416,-2.4,0.32
0.01542,-2.48,0.32
0.015424,-2.4,0.32
0.015428,-2.4,0.32
0.015432,-2.48,0.32
0.015436,-2.4,0.32
0.01544,-2.4,0.32
0.015444,-2.4,0.32
0.015448,-2.4,0.32
0.015452,-2.4,0.32
0.015456,-2.4,0.32
0.01546,-2.4,0.32
0.015464,-2.4,0.32
0.015468,-2.48,0.32
0.015472,-2.48,0.32
0.015476,-2.48,0.32
0.01548,-2.48,0.32
0.015484,-2.4,0.32
0.015488,-2.4,0.32
0.015492,-2.4,0.32
0.015496,-2.4,0.32
0.0155,-2.4,0.32
0.015504,-2.4,0.32
0.015508,-2.4,0.32
0.015512,-2.4,0.32
0.015516,-2.4,0.32
0.01552,-2.4,0.32
0.015524,-2.4,0.32
0.015528,-2.4,0.32
0.015532,-2.4,0.32
0.015536,-2.4,0.32
0.01554,-2.4,0.24
0.015544,-2.4,0.32
0.015548,-2.4,0.32
0.015552,-2.4,0.32
0.015556,-2.4,0.32
0.01556,-2.4,0.32
0.015564,-2.4,0.32
0.015568,-2.4,0.32
0.015572,-2.4,0.32
0.015576,-2.4,0.32
0.01558,-2.4,0.32
0.015584,-2.4,0.24
0.015588,-2.4,0.24
0.015592,-2.4,0.24
0.015596,-2.4,0.24
0.0156,-2.48,0.24
0.015604,-2.4,0.24
0.015608,-2.4,0.24
0.015612,-2.4,0.32
0.015616,-2.4,0.32
0.01562,-2.4,0.32
0.015624,-2.4,0.32
0.015628,-2.4,0.32
0.015632,-2.4,0.32
0.015636,-2.4,0.24
0.01564,-2.4,0.24
0.015644,-2.4,0.24
0.015648,-2.4,0.24
0.015652,-2.4,0.24
0.015656,-2.48,0.24
0.01566,-2.48,0.32
0.015664,-2.48,0.32
0.015668,-2.4,0.24
0.015672,-2.4,0.32
0.015676,-2.4,0.32
0.01568,-2.4,0.24
0.015684,-2.4,0.24
0.015688,-2.4,0.24
0.015692,-2.4,0.32
0.015696,-2.4,0.24
0.0157,-2.4,0.24
0.015704,-2.4,0.24
0.015708,-2.4,0.24
0.015712,-2.4,0.24
0.015716,-2.4,0.24
0.01572,-2.4,0.24
0.015724,-2.4,0.24
0.015728,-2.4,0.24
0.015732,-2.4,0.24
0.015736,-2.4,0.32
0.01574,-2.4,0.32
0.015744,-2.4,0.32
0.015748,-2.4,0.32
0.015752,-2.4,0.32
0.015756,-2.4,0.32
0.01576,-2.4,0.24
0.015764,-2.4,0.24
0.015768,-2.4,0.24
0.015772,-2.4,0.24
0.015776,-2.4,0.24
0.01578,-2.4,0.24
0.015784,-2.4,0.24
0.015788,-2.4,0.24
0.015792,-2.4,0.24
0.015796,-2.4,0.24
0.0158,-2.4,0.24
0.015804,-2.4,0.24
0.015808,-2.4,0.24
0.015812,-2.4,0.24
0.015816,-2.4,0.24
0.01582,-2.4,0.24
0.015824,-2.4,0.24
0.015828,-2.4,0.24
0.015832,-2.4,0.24
0.015836,-2.4,0.32
0.01584,-2.4,0.32
0.015844,-2.4,0.32
0.015848,-2.4,0.24
0.015852,-2.4,0.24
0.015856,-2.4,0.24
0.01586,-2.4,0.24
0.015864,-2.4,0.32
0.015868,-2.4,0.32
0.015872,-2.4,0.32
0.015876,-2.4,0.32
0.01588,-2.4,0.32
0.015884,-2.4,0.24
0.015888,-2.4,0.24
0.015892,-2.4,0.24
0.015896,-2.4,0.24
0.0159,-2.4,0.24
0.015904,-2.4,0.24
0.015908,-2.32,0.24
0.015912,-2.4,0.24
0.015916,-2.4,0.24
0.01592,-2.4,0.24
0.015924,-2.4,0.24
0.015928,-2.4,0.24
0.015932,-2.4,0.24
0.015936,-2.4,0.24
0.01594,-2.4,0.24
0.015944,-2.4,0.24
0.015948,-2.4,0.24
0.015952,-2.4,0.24
0.015956,-2.4,0.24
0.01596,-2.4,0.24
0.015964,-2.4,0.24
0.015968,-2.4,0.24
0.015972,-2.4,0.24
0.015976,-2.4,0.24
0.01598,-2.4,0.24
0.015984,-2.32,0.24
0.015988,-2.32,0.24
0.015992,-2.32,0.32
0.015996,-2.32,0.24
0.016,-2.32,0.24
0.016004,-2.4,0.32
0.016008,-2.4,0.32
0.016012,-2.32,0.32
0.016016,-2.32,0.32
0.01602,-2.32,0.32
0.016024,-2.32,0.32
0.016028,-2.4,0.32
0.016032,-2.4,0.24
0.016036,-2.4,0.32
0.01604,-2.4,0.32
0.016044,-2.4,0.32
0.016048,-2.4,0.32
0.016052,-2.4,0.32
0.016056,-2.32,0.32
0.01606,-2.4,0.32
0.016064,-2.4,0.32
0.016068,-2.4,0.32
0.016072,-2.32,0.32
0.016076,-2.4,0.32
0.01608,-2.32,0.32
0.016084,-2.32,0.32
0.016088,-2.4,0.32
0.016092,-2.4,0.32
0.016096,-2.32,0.32
0.0161,-2.32,0.32
0.016104,-2.32,0.32
0.016108,-2.32,0.32
0.016112,-2.32,0.32
0.016116,-2.32,0.32
0.01612,-2.32,0.32
0.016124,-2.32,0.32
0.016128,-2.32,0.24
0.016132,-2.4,0.24
0.016136,-2.4,0.24
0.01614,-2.4,0.24
0.016144,-2.4,0.24
0.016148,-2.4,0.32
0.016152,-2.4,0.32
0.016156,-2.4,0.32
0.01616,-2.4,0.32
0.016164,-2.4,0.32
0.016168,-2.32,0.32
0.016172,-2.32,0.32
0.016176,-2.32,0.32
0.01618,-2.32,0.24
0.016184,-2.32,0.32
0.016188,-2.32,0.32
0.016192,-2.32,0.32
0.016196,-2.32,0.32
0.0162,-2.32,0.32
0.016204,-2.32,0.32
0.016208,-2.32,0.32
0.016212,-2.32,0.32
0.016216,-2.32,0.32
0.01622,-2.4,0.32
0.016224,-2.4,0.32
0.016228,-2.4,0.32
0.016232,-2.4,0.32
0.016236,-2.4,0.32
0.01624,-2.4,0.32
0.016244,-2.4,0.32
0.016248,-2.32,0.32
0.016252,-2.32,0.32
0.016256,-2.32,0.32
0.01626,-2.32,0.24
0.016264,-2.32,0.32
0.016268,-2.4,0.32
0.016272,-2.4,0.32
0.016276,-2.32,0.32
0.01628,-2.32,0.32
0.016284,-2.32,0.32
0.016288,-2.32,0.32
0.016292,-2.32,0.32
0.016296,-2.32,0.32
0.0163,-2.32,0.32
0.016304,-2.32,0.32
0.016308,-2.4,0.32
0.016312,-2.32,0.32
0.016316,-2.32,0.32
0.01632,-2.32,0.32
0.016324,-2.32,0.32
0.016328,-2.32,0.32
0.016332,-2.32,0.32
0.016336,-2.32,0.32
0.01634,-2.32,0.32
0.016344,-2.32,0.32
0.016348,-2.4,0.32
0.016352,-2.32,0.32
0.016356,-2.32,0.32
0.01636,-2.32,0.32
0.016364,-2.32,0.32
0.016368,-2.32,0.32
0.016372,-2.32,0.32
0.016376,-2.32,0.32
0.01638,-2.32,0.32
0.016384,-2.32,0.32
0.016388,-2.32,0.32
0.016392,-2.32,0.32
0.016396,-2.32,0.32
0.0164,-2.32,0.32
0.016404,-2.32,0.32
0.016408,-2.32,0.32
0.016412,-2.32,0.32
0.016416,-2.32,0.4
0.01642,-2.32,0.4
0.016424,-2.32,0.4
0.016428,-2.32,0.32
0.016432,-2.32,0.32
0.016436,-2.4,0.32
0.01644,-2.4,0.32
0.016444,-2.32,0.32
0.016448,-2.32,0.32
0.016452,-2.4,0.32
0.016456,-2.32,0.32
0.01646,-2.4,0.32
0.016464,-2.4,0.32
0.016468,-2.32,0.32
0.016472,-2.4,0.32
0.016476,-2.4,0.32
0.01648,-2.32,0.4
0.016484,-2.32,0.32
0.016488,-2.32,0.4
0.016492,-2.4,0.4
0.016496,-2.4,0.4
0.0165,-2.4,0.4
0.016504,-2.32,0.4
0.016508,-2.32,0.4
0.016512,-2.32,0.4
0.016516,-2.32,0.4
0.01652,-2.32,0.32
0.016524,-2.32,0.32
0.016528,-2.32,0.32
0.016532,-2.32,0.32
0.016536,-2.4,0.4
0.01654,-2.4,0.4
0.016544,-2.4,0.4
0.016548,-2.4,0.4
0.016552,-2.4,0.4
0.016556,-2.4,0.4
0.01656,-2.4,0.32
0.016564,-2.4,0.32
0.016568,-2.4,0.32
0.016572,-2.4,0.32
0.016576,-2.4,0.32
0.01658,-2.4,0.32
0.016584,-2.4,0.32
0.016588,-2.32,0.32
0.016592,-2.4,0.32
0.016596,-2.4,0.32
0.0166,-2.4,0.4
0.016604,-2.4,0.4
0.016608,-2.4,0.4
0.016612,-2.4,0.4
0.016616,-2.32,0.4
0.01662,-2.32,0.32
0.016624,-2.32,0.32
0.016628,-2.4,0.32
0.016632,-2.4,0.4
0.016636,-2.4,0.4
0.01664,-2.4,0.4
0.016644,-2.4,0.4
0.016648,-2.4,0.4
0.016652,-2.4,0.4
0.016656,-2.4,0.4
0.01666,-2.4,0.4
0.016664,-2.4,0.4
0.016668,-2.4,0.4
0.016672,-2.4,0.4
0.016676,-2.4,0.4
0.01668,-2.4,0.4
0.016684,-2.4,0.4
0.016688,-2.4,0.4
0.016692,-2.4,0.4
0.016696,-2.4,0.4
0.0167,-2.4,0.4
0.016704,-2.4,0.4
0.016708,-2.4,0.4
0.016712,-2.4,0.4
0.016716,-2.4,0.4
0.01672,-2.4,0.4
0.016724,-2.4,0.4
0.016728,-2.4,0.4
0.016732,-2.4,0.4
0.016736,-2.4,0.4
0.01674,-2.4,0.4
0.016744,-2.4,0.4
0.016748,-2.4,0.4
0.016752,-2.4,0.4
0.016756,-2.4,0.4
0.01676,-2.4,0.4
0.016764,-2.4,0.4
0.016768,-2.4,0.4
0.016772,-2.4,0.4
0.016776,-2.4,0.4
0.01678,-2.4,0.4
0.016784,-2.4,0.4
0.016788,-2.4,0.4
0.016792,-2.4,0.4
0.016796,-2.4,0.4
0.0168,-2.4,0.4
0.016804,-2.4,0.4
0.016808,-2.4,0.4
0.016812,-2.4,0.4
0.016816,-2.4,0.4
0.01682,-2.4,0.4
0.016824,-2.4,0.4
0.016828,-2.4,0.4
0.016832,-2.4,0.4
0.016836,-2.4,0.4
0.01684,-2.4,0.4
0.016844,-2.48,0.4
0.016848,-2.48,0.4
0.016852,-2.4,0.4
0.016856,-2.4,0.4
0.01686,-2.4,0.4
0.016864,-2.48,0.4
0.016868,-2.4,0.4
0.016872,-2.4,0.4
0.016876,-2.4,0.4
0.01688,-2.48,0.4
0.016884,-2.48,0.4
0.016888,-2.48,0.4
0.016892,-2.48,0.4
0.016896,-2.4,0.4
0.0169,-2.48,0.4
0.016904,-2.48,0.4
0.016908,-2.48,0.4
0.016912,-2.48,0.4
0.016916,-2.48,0.4
0.01692,-2.48,0.4
0.016924,-2.4,0.4
0.016928,-2.48,0.32
0.016932,-2.48,0.32
0.016936,-2.48,0.4
0.01694,-2.48,0.4
0.016944,-2.48,0.4
0.016948,-2.48,0.4
0.016952,-2.48,0.32
0.016956,-2.48,0.4
0.01696,-2.48,0.4
0.016964,-2.48,0.4
0.016968,-2.48,0.4
0.016972,-2.48,0.4
0.016976,-2.48,0.4
0.01698,-2.48,0.32
0.016984,-2.48,0.32
0.016988,-2.48,0.32
0.016992,-2.48,0.32
0.016996,-2.48,0.4
0.017,-2.48,0.4
0.017004,-2.48,0.4
0.017008,-2.48,0.4
0.017012,-2.48,0.4
0.017016,-2.48,0.4
0.01702,-2.48,0.4
0.017024,-2.4,0.4
0.017028,-2.48,0.4
0.017032,-2.48,0.4
0.017036,-2.48,0.32
0.01704,-2.48,0.32
0.017044,-2.48,0.32
0.017048,-2.48,0.32
0.017052,-2.48,0.32
0.017056,-2.48,0.32
0.01706,-2.48,0.32
0.017064,-2.48,0.32
0.017068,-2.48,0.32
0.017072,-2.48,0.32
0.017076,-2.48,0.32
0.01708,-2.48,0.32
0.017084,-2.48,0.32
0.017088,-2.48,0.32
0.017092,-2.48,0.32
0.017096,-2.48,0.32
0.0171,-2.48,0.32
0.017104,-2.56,0.4
0.017108,-2.48,0.4
0.017112,-2.48,0.4
0.017116,-2.48,0.32
0.01712,-2.48,0.32
0.017124,-2.48,0.32
0.017128,-2.48,0.32
0.017132,-2.48,0.32
0.017136,-2.48,0.32
0.01714,-2.48,0.32
0.017144,-2.48,0.4
0.017148,-2.48,0.4
0.017152,-2.48,0.4
0.017156,-2.48,0.4
0.01716,-2.48,0.32
0.017164,-2.48,0.32
0.017168,-2.48,0.32
0.017172,-2.48,0.32
0.017176,-2.48,0.32
0.01718,-2.48,0.32
0.017184,-2.48,0.32
0.017188,-2.48,0.32
0.017192,-2.48,0.32
0.017196,-2.48,0.32
0.0172,-2.48,0.32
0.017204,-2.48,0.32
0.017208,-2.48,0.32
0.017212,-2.48,0.32
0.017216,-2.48,0.32
0.01722,-2.48,0.32
0.017224,-2.48,0.32
0.017228,-2.48,0.32
0.017232,-2.48,0.32
0.017236,-2.48,0.32
0.01724,-2.48,0.32
0.017244,-2.48,0.32
0.017248,-2.48,0.32
0.017252,-2.48,0.32
0.017256,-2.48,0.32
0.01726,-2.48,0.32
0.017264,-2.48,0.32
0.017268,-2.48,0.32
0.017272,-2.48,0.32
0.017276,-2.48,0.32
0.01728,-2.48,0.32
0.017284,-2.56,0.32
0.017288,-2.48,0.32
0.017292,-2.48,0.32
0.017296,-2.48,0.32
0.0173,-2.48,0.32
0.017304,-2.48,0.32
0.017308,-2.48,0.32
0.017312,-2.48,0.32
0.017316,-2.48,0.24
0.01732,-2.48,0.24
0.017324,-2.48,0.32
0.017328,-2.48,0.32
0.017332,-2.48,0.32
0.017336,-2.48,0.32
0.01734,-2.48,0.24
0.017344,-2.48,0.24
0.017348,-2.48,0.24
0.017352,-2.48,0.24
0.017356,-2.48,0.32
0.01736,-2.48,0.32
0.017364,-2.48,0.32
0.017368,-2.48,0.32
0.017372,-2.48,0.32
0.017376,-2.56,0.32
0.01738,-2.56,0.32
0.017384,-2.56,0.32
0.017388,-2.56,0.32
0.017392,-2.48,0.32
0.017396,-2.48,0.32
0.0174,-2.48,0.32
0.017404,-2.48,0.32
0.017408,-2.48,0.32
0.017412,-2.48,0.32
0.017416,-2.48,0.32
0.01742,-2.48,0.32
0.017424,-2.48,0.32
0.017428,-2.48,0.32
0.017432,-2.48,0.32
0.017436,-2.48,0.32
0.01744,-2.48,0.32
0.017444,-2.48,0.32
0.017448,-2.48,0.32
0.017452,-2.48,0.24
0.017456,-2.48,0.32
0.01746,-2.48,0.32
0.017464,-2.48,0.32
0.017468,-2.48,0.32
0.017472,-2.48,0.24
0.017476,-2.48,0.24
0.01748,-2.48,0.24
0.017484,-2.56,0.32
0.017488,-2.56,0.32
0.017492,-2.48,0.32
0.017496,-2.48,0.24
0.0175,-2.56,0.24
0.017504,-2.56,0.24
0.017508,-2.48,0.24
0.017512,-2.48,0.24
0.017516,-2.48,0.24
0.01752,-2.48,0.32
0.017524,-2.48,0.32
0.017528,-2.48,0.32
0.017532,-2.4,0.24
0.017536,-2.48,0.24
0.01754,-2.48,0.32
0.017544,-2.48,0.24
0.017548,-2.48,0.24
0.017552,-2.48,0.24
0.017556,-2.48,0.24
0.01756,-2.48,0.24
0.017564,-2.48,0.24
0.017568,-2.48,0.24
0.017572,-2.48,0.24
0.017576,-2.48,0.32
0.01758,-2.48,0.32
0.017584,-2.48,0.32
0.017588,-2.48,0.32
0.017592,-2.48,0.32
0.017596,-2.48,0.32
0.0176,-2.48,0.24
0.017604,-2.48,0.24
0.017608,-2.48,0.24
0.017612,-2.48,0.32
0.017616,-2.4,0.32
0.01762,-2.4,0.32
0.017624,-2.4,0.32
0.017628,-2.4,0.24
0.017632,-2.4,0.24
0.017636,-2.48,0.24
0.01764,-2.4,0.24
0.017644,-2.4,0.24
0.017648,-2.4,0.24
0.017652,-2.4,0.24
0.017656,-2.48,0.24
0.01766,-2.48,0.32
0.017664,-2.48,0.32
0.017668,-2.4,0.32
0.017672,-2.4,0.32
0.017676,-2.4,0.32
0.01768,-2.48,0.32
0.017684,-2.4,0.32
0.017688,-2.4,0.32
0.017692,-2.4,0.24
0.017696,-2.4,0.24
0.0177,-2.4,0.24
0.017704,-2.4,0.32
0.017708,-2.4,0.24
0.017712,-2.4,0.32
0.017716,-2.4,0.24
0.01772,-2.4,0.24
0.017724,-2.4,0.32
0.017728,-2.4,0.32
0.017732,-2.4,0.32
0.017736,-2.4,0.32
0.01774,-2.48,0.32
0.017744,-2.48,0.32
0.017748,-2.4,0.32
0.017752,-2.4,0.32
0.017756,-2.4,0.32
0.01776,-2.4,0.32
0.017764,-2.4,0.24
0.017768,-2.4,0.24
0.017772,-2.4,0.24
0.017776,-2.4,0.32
0.01778,-2.4,0.32
0.017784,-2.4,0.32
0.017788,-2.4,0.32
0.017792,-2.4,0.32
0.017796,-2.4,0.32
0.0178,-2.4,0.32
0.017804,-2.4,0.32
0.017808,-2.4,0.32
0.017812,-2.4,0.32
0.017816,-2.32,0.32
0.01782,-2.32,0.32
0.017824,-2.4,0.32
0.017828,-2.4,0.32
0.017832,-2.4,0.32
0.017836,-2.4,0.32
0.01784,-2.32,0.32
0.017844,-2.32,0.32
0.017848,-2.32,0.32
0.017852,-2.32,0.32
0.017856,-2.32,0.4
0.01786,-2.32,0.32
0.017864,-2.32,0.32
0.017868,-2.32,0.32
0.017872,-2.32,0.32
0.017876,-2.32,0.32
0.01788,-2.32,0.32
0.017884,-2.32,0.32
0.017888,-2.32,0.32
0.017892,-2.32,0.32
0.017896,-2.32,0.4
0.0179,-2.32,0.32
0.017904,-2.32,0.32
0.017908,-2.32,0.32
0.017912,-2.32,0.32
0.017916,-2.32,0.32
0.01792,-2.32,0.32
0.017924,-2.32,0.32
0.017928,-2.32,0.32
0.017932,-2.32,0.4
0.017936,-2.32,0.4
0.01794,-2.32,0.4
0.017944,-2.32,0.32
0.017948,-2.32,0.32
0.017952,-2.32,0.32
0.017956,-2.32,0.32
0.01796,-2.32,0.32
0.017964,-2.32,0.32
0.017968,-2.32,0.32
0.017972,-2.32,0.32
0.017976,-2.32,0.4
0.01798,-2.24,0.32
0.017984,-2.24,0.4
0.017988,-2.32,0.4
0.017992,-2.32,0.4
0.017996,-2.32,0.4
0.018,-2.32,0.4
0.018004,-2.32,0.4
0.018008,-2.24,0.4
0.018012,-2.24,0.4
0.018016,-2.24,0.4
0.01802,-2.24,0.4
0.018024,-2.24,0.4
0.018028,-2.24,0.4
0.018032,-2.24,0.4
0.018036,-2.24,0.4
0.01804,-2.24,0.4
0.018044,-2.24,0.4
0.018048,-2.24,0.4
0.018052,-2.24,0.48
0.018056,-2.24,0.48
0.01806,-2.24,0.4
0.018064,-2.24,0.4
0.018068,-2.24,0.4
0.018072,-2.24,0.48
0.018076,-2.24,0.48
0.01808,-2.24,0.48
0.018084,-2.24,0.48
0.018088,-2.24,0.48
0.018092,-2.24,0.48
0.018096,-2.24,0.48
0.0181,-2.16,0.48
0.018104,-2.16,0.48
0.018108,-2.16,0.48
0.018112,-2.16,0.48
0.018116,-2.16,0.48
0.01812,-2.16,0.48
0.018124,-2.16,0.48
0.018128,-2.16,0.48
0.018132,-2.16,0.48
0.018136,-2.16,0.48
0.01814,-2.16,0.48
0.018144,-2.16,0.48
0.018148,-2.16,0.48
0.018152,-2.16,0.48
0.018156,-2.16,0.48
0.01816,-2.16,0.56
0.018164,-2.16,0.56
0.018168,-2.16,0.56
0.018172,-2.08,0.56
0.018176,-2.08,0.56
0.01818,-2.16,0.56
0.018184,-2.16,0.56
0.018188,-2.16,0.56
0.018192,-2.16,0.56
0.018196,-2.16,0.64
0.0182,-2.16,0.64
0.018204,-2.08,0.64
0.018208,-2.08,0.64
0.018212,-2.08,0.64
0.018216,-2.08,0.64
0.01822,-2.08,0.64
0.018224,-2.08,0.56
0.018228,-2.08,0.64
0.018232,-2.08,0.64
0.018236,-2.08,0.64
0.01824,-2.08,0.64
0.018244,-2.16,0.64
0.018248,-2.16,0.64
0.018252,-2.16,0.64
0.018256,-2.16,0.64
0.01826,-2.08,0.64
0.018264,-2.08,0.64
0.018268,-2.08,0.64
0.018272,-2.08,0.64
0.018276,-2.08,0.64
0.01828,-2.08,0.64
0.018284,-2.08,0.64
0.018288,-2.08,0.64
0.018292,-2.08,0.72
0.018296,-2.08,0.72
0.0183,-2.08,0.72
0.018304,-2.08,0.72
0.018308,-2.08,0.72
0.018312,-2.08,0.72
0.018316,-2.08,0.72
0.01832,-2.08,0.72
0.018324,-2.08,0.72
0.018328,-2.08,0.72
0.018332,-2.08,0.72
0.018336,-2.08,0.8
0.01834,-2,0.8
0.018344,-2,0.8
0.018348,-2,0.8
0.018352,-2,0.8
0.018356,-2.08,0.8
0.01836,-2.08,0.8
0.018364,-2.08,0.8
0.018368,-2.08,0.8
0.018372,-2.08,0.8
0.018376,-2,0.8
0.01838,-2,0.88
0.018384,-2,0.88
0.018388,-2,0.88
0.018392,-2,0.88
0.018396,-2,0.88
0.0184,-2,0.88
0.018404,-2,0.88
0.018408,-2.08,0.88
0.018412,-2.08,0.88
0.018416,-2,0.88
0.01842,-2.08,0.88
0.018424,-2,0.96
0.018428,-2,0.96
0.018432,-2,0.88
0.018436,-2,0.96
0.01844,-2,0.96
0.018444,-2,0.96
0.018448,-2,0.96
0.018452,-2,0.96
0.018456,-2,0.96
0.01846,-2,0.96
0.018464,-2,0.96
0.018468,-2,0.96
0.018472,-2,0.96
0.018476,-2,0.96
0.01848,-2,1.04
0.018484,-2,1.04
0.018488,-2,1.04
0.018492,-2,1.04
0.018496,-2,1.04
0.0185,-2,1.12
0.018504,-2,1.12
0.018508,-2,1.12
0.018512,-2,1.12
0.018516,-2,1.12
0.01852,-2,1.12
0.018524,-2,1.12
0.018528,-2,1.12
0.018532,-2,1.12
0.018536,-2,1.12
0.01854,-2,1.2
0.018544,-2,1.2
0.018548,-2,1.2
0.018552,-2.08,1.2
0.018556,-2.08,1.2
0.01856,-2.08,1.2
0.018564,-2,1.2
0.018568,-2,1.2
0.018572,-2,1.2
0.018576,-2,1.2
0.01858,-2,1.28
0.018584,-2,1.28
0.018588,-2,1.28
0.018592,-2,1.28
0.018596,-2,1.28
0.0186,-2,1.28
0.018604,-2,1.28
0.018608,-2,1.28
0.018612,-2,1.28
0.018616,-2,1.28
0.01862,-2,1.28
0.018624,-2,1.36
0.018628,-2,1.36
0.018632,-2,1.36
0.018636,-2,1.36
0.01864,-2,1.36
0.018644,-2,1.36
0.018648,-2,1.36
0.018652,-2,1.36
0.018656,-2,1.44
0.01866,-2,1.44
0.018664,-2,1.44
0.018668,-2,1.44
0.018672,-2,1.44
0.018676,-2,1.44
0.01868,-2.08,1.44
0.018684,-2.08,1.44
0.018688,-2.08,1.52
0.018692,-2.08,1.52
0.018696,-2.08,1.52
0.0187,-2.08,1.52
0.018704,-2.08,1.52
0.018708,-2.08,1.52
0.018712,-2.08,1.52
0.018716,-2.08,1.52
0.01872,-2.08,1.6
0.018724,-2,1.6
0.018728,-2.08,1.6
0.018732,-2.08,1.6
0.018736,-2.08,1.6
0.01874,-2,1.6
0.018744,-2,1.6
0.018748,-2,1.6
0.018752,-2,1.6
0.018756,-2,1.6
0.01876,-2.08,1.6
0.018764,-2.08,1.6
0.018768,-2.08,1.68
0.018772,-2.08,1.6
0.018776,-2.08,1.68
0.01878,-2.08,1.68
0.018784,-2.08,1.68
0.018788,-2.08,1.68
0.018792,-2.08,1.68
0.018796,-2.16,1.76
0.0188,-2.16,1.68
0.018804,-2.16,1.76
0.018808,-2.16,1.76
0.018812,-2.16,1.76
0.018816,-2.08,1.76
0.01882,-2.08,1.76
0.018824,-2.08,1.76
0.018828,-2.16,1.76
0.018832,-2.08,1.76
0.018836,-2.08,1.76
0.01884,-2.08,1.76
0.018844,-2.08,1.84
0.018848,-2.16,1.84
0.018852,-2.16,1.84
0.018856,-2.16,1.84
0.01886,-2.16,1.84
0.018864,-2.16,1.92
0.018868,-2.16,1.92
0.018872,-2.16,1.92
0.018876,-2.16,1.92
0.01888,-2.16,1.92
0.018884,-2.16,1.92
0.018888,-2.16,2
0.018892,-2.16,2
0.018896,-2.24,2
0.0189,-2.16,2
0.018904,-2.24,2
0.018908,-2.24,2
0.018912,-2.24,2
0.018916,-2.24,2
0.01892,-2.24,2
0.018924,-2.24,2
0.018928,-2.24,2.08
0.018932,-2.16,2.08
0.018936,-2.24,2.08
0.01894,-2.24,2.08
0.018944,-2.24,2.08
0.018948,-2.24,2.08
0.018952,-2.24,2.08
0.018956,-2.24,2.16
0.01896,-2.24,2.16
0.018964,-2.24,2.16
0.018968,-2.24,2.16
0.018972,-2.32,2.16
0.018976,-2.32,2.16
0.01898,-2.32,2.16
0.018984,-2.32,2.24
0.018988,-2.32,2.16
0.018992,-2.32,2.24
0.018996,-2.32,2.16
0.019,-2.32,2.24
0.019004,-2.4,2.24
0.019008,-2.4,2.24
0.019012,-2.4,2.24
0.019016,-2.4,2.24
0.01902,-2.4,2.32
0.019024,-2.4,2.32
0.019028,-2.4,2.32
0.019032,-2.4,2.32
0.019036,-2.4,2.24
0.01904,-2.4,2.24
0.019044,-2.4,2.24
0.019048,-2.4,2.32
0.019052,-2.4,2.32
0.019056,-2.4,2.32
0.01906,-2.4,2.32
0.019064,-2.4,2.32
0.019068,-2.4,2.32
0.019072,-2.48,2.4
0.019076,-2.48,2.4
0.01908,-2.48,2.4
0.019084,-2.48,2.4
0.019088,-2.48,2.4
0.019092,-2.48,2.4
0.019096,-2.48,2.48
0.0191,-2.48,2.48
0.019104,-2.56,2.48
0.019108,-2.56,2.48
0.019112,-2.56,2.48
0.019116,-2.56,2.48
0.01912,-2.56,2.48
0.019124,-2.56,2.48
0.019128,-2.56,2.56
0.019132,-2.56,2.56
0.019136,-2.56,2.56
0.01914,-2.56,2.56
0.019144,-2.56,2.56
0.019148,-2.56,2.56
0.019152,-2.64,2.56
0.019156,-2.64,2.56
0.01916,-2.64,2.56
0.019164,-2.64,2.56
0.019168,-2.64,2.56
0.019172,-2.64,2.56
0.019176,-2.64,2.64
0.01918,-2.64,2.64
0.019184,-2.64,2.64
0.019188,-2.64,2.64
0.019192,-2.72,2.64
0.019196,-2.72,2.64
0.0192,-2.72,2.64
0.019204,-2.72,2.64
0.019208,-2.72,2.64
0.019212,-2.72,2.64
0.019216,-2.8,2.64
0.01922,-2.8,2.64
0.019224,-2.8,2.64
0.019228,-2.8,2.64
0.019232,-2.8,2.72
0.019236,-2.8,2.72
0.01924,-2.88,2.72
0.019244,-2.88,2.72
0.019248,-2.88,2.72
0.019252,-2.88,2.72
0.019256,-2.88,2.72
0.01926,-2.88,2.8
0.019264,-2.88,2.72
0.019268,-2.88,2.8
0.019272,-2.88,2.8
0.019276,-2.88,2.8
0.01928,-2.96,2.8
0.019284,-2.96,2.8
0.019288,-2.96,2.8
0.019292,-2.96,2.8
0.019296,-2.96,2.8
0.0193,-2.96,2.8
0.019304,-3.04,2.8
0.019308,-3.04,2.88
0.019312,-3.04,2.88
0.019316,-3.04,2.88
0.01932,-3.04,2.8
0.019324,-3.04,2.88
0.019328,-3.04,2.88
0.019332,-3.04,2.88
0.019336,-3.04,2.88
0.01934,-3.04,2.88
0.019344,-3.12,2.88
0.019348,-3.12,2.88
0.019352,-3.12,2.88
0.019356,-3.12,2.88
0.01936,-3.12,2.88
0.019364,-3.2,2.88
0.019368,-3.2,2.88
0.019372,-3.2,2.88
0.019376,-3.2,2.96
0.01938,-3.2,2.96
0.019384,-3.2,2.96
0.019388,-3.2,2.96
0.019392,-3.28,2.96
0.019396,-3.28,2.96
0.0194,-3.28,2.96
0.019404,-3.28,2.96
0.019408,-3.36,2.96
0.019412,-3.28,2.96
0.019416,-3.28,2.96
0.01942,-3.28,2.96
0.019424,-3.28,2.96
0.019428,-3.36,2.96
0.019432,-3.36,2.96
0.019436,-3.36,2.96
0.01944,-3.36,2.96
0.019444,-3.36,2.96
0.019448,-3.44,2.96
0.019452,-3.44,3.04
0.019456,-3.44,2.96
0.01946,-3.44,2.96
0.019464,-3.44,2.96
0.019468,-3.44,2.96
0.019472,-3.52,2.96
0.019476,-3.52,2.96
0.01948,-3.52,2.96
0.019484,-3.52,2.96
0.019488,-3.52,3.04
0.019492,-3.52,3.04
0.019496,-3.52,3.04
0.0195,-3.6,2.96
0.019504,-3.6,2.96
0.019508,-3.6,3.04
0.019512,-3.6,3.04
0.019516,-3.6,3.04
0.01952,-3.68,3.04
0.019524,-3.68,3.04
0.019528,-3.68,3.04
0.019532,-3.68,3.04
0.019536,-3.68,2.96
0.01954,-3.76,3.04
0.019544,-3.68,3.04
0.019548,-3.68,2.96
0.019552,-3.68,3.04
0.019556,-3.76,3.04
0.01956,-3.76,3.04
0.019564,-3.76,3.04
0.019568,-3.76,3.04
0.019572,-3.76,3.04
0.019576,-3.76,3.04
0.01958,-3.76,3.04
0.019584,-3.84,3.04
0.019588,-3.84,3.04
0.019592,-3.84,3.04
0.019596,-3.84,3.04
0.0196,-3.84,3.04
0.019604,-3.92,3.04
0.019608,-3.92,3.04
0.019612,-3.92,3.04
0.019616,-3.92,3.04
0.01962,-3.92,3.04
0.019624,-3.92,3.04
0.019628,-3.92,3.04
0.019632,-3.92,3.04
0.019636,-4,3.04
0.01964,-4,2.96
0.019644,-4,2.96
0.019648,-4,3.04
0.019652,-4,3.04
0.019656,-4,2.96
0.01966,-4.08,3.04
0.019664,-4.08,2.96
0.019668,-4.08,2.96
0.019672,-4.08,2.96
0.019676,-4.16,2.96
0.01968,-4.08,2.96
0.019684,-4.08,2.96
0.019688,-4.16,2.96
0.019692,-4.16,2.96
0.019696,-4.16,2.96
0.0197,-4.16,2.96
0.019704,-4.16,2.96
0.019708,-4.16,2.96
0.019712,-4.16,2.96
0.019716,-4.16,2.88
0.01972,-4.16,2.88
0.019724,-4.24,2.88
0.019728,-4.24,2.96
0.019732,-4.24,2.96
0.019736,-4.24,2.96
0.01974,-4.32,2.96
0.019744,-4.32,2.96
0.019748,-4.32,2.96
0.019752,-4.4,2.88
0.019756,-4.4,2.88
0.01976,-4.4,2.88
0.019764,-4.4,2.88
0.019768,-4.4,2.88
0.019772,-4.4,2.88
0.019776,-4.4,2.88
0.01978,-4.4,2.88
0.019784,-4.4,2.88
0.019788,-4.4,2.88
0.019792,-4.4,2.88
0.019796,-4.48,2.88
0.0198,-4.48,2.88
0.019804,-4.48,2.88
0.019808,-4.48,2.88
0.019812,-4.48,2.8
0.019816,-4.48,2.88
0.01982,-4.48,2.88
0.019824,-4.48,2.88
0.019828,-4.48,2.88
0.019832,-4.48,2.88
0.019836,-4.56,2.88
0.01984,-4.56,2.88
0.019844,-4.56,2.8
0.019848,-4.56,2.8
0.019852,-4.56,2.8
0.019856,-4.56,2.72
0.01986,-4.56,2.72
0.019864,-4.56,2.72
0.019868,-4.56,2.72
0.019872,-4.64,2.72
0.019876,-4.64,2.72
0.01988,-4.64,2.72
0.019884,-4.64,2.72
0.019888,-4.64,2.72
0.019892,-4.72,2.72
0.019896,-4.72,2.72
0.0199,-4.72,2.72
0.019904,-4.72,2.72
0.019908,-4.72,2.72
0.019912,-4.72,2.72
0.019916,-4.72,2.72
0.01992,-4.72,2.72
0.019924,-4.72,2.64
0.019928,-4.72,2.64
0.019932,-4.72,2.64
0.019936,-4.8,2.64
0.01994,-4.8,2.64
0.019944,-4.8,2.64
0.019948,-4.8,2.56
0.019952,-4.88,2.56
0.019956,-4.8,2.56
0.01996,-4.88,2.56
0.019964,-4.8,2.56
0.019968,-4.88,2.56
0.019972,-4.88,2.56
0.019976,-4.88,2.56
0.01998,-4.88,2.56
0.019984,-4.88,2.56
0.019988,-4.88,2.48
0.019992,-4.88,2.48
0.019996,-4.88,2.48
0.02,-4.88,2.48
0.020004,-4.88,2.48
0.020008,-4.88,2.48
0.020012,-4.88,2.48
0.020016,-4.88,2.4
0.02002,-4.96,2.4
0.020024,-4.96,2.4
0.020028,-4.96,2.4
0.020032,-4.96,2.4
0.020036,-4.96,2.4
0.02004,-4.96,2.4
0.020044,-4.96,2.4
0.020048,-5.04,2.32
0.020052,-5.04,2.32
0.020056,-5.04,2.32
0.02006,-5.04,2.32
0.020064,-5.04,2.32
0.020068,-5.04,2.32
0.020072,-5.04,2.32
0.020076,-5.04,2.32
0.02008,-5.04,2.32
0.020084,-5.04,2.24
0.020088,-5.04,2.24
0.020092,-5.04,2.24
0.020096,-5.04,2.24
0.0201,-5.04,2.24
0.020104,-5.12,2.24
0.020108,-5.12,2.24
0.020112,-5.12,2.16
0.020116,-5.12,2.16
0.02012,-5.12,2.24
0.020124,-5.12,2.24
0.020128,-5.12,2.24
0.020132,-5.12,2.16
0.020136,-5.12,2.16
0.02014,-5.12,2.16
0.020144,-5.12,2.16
0.020148,-5.12,2.16
0.020152,-5.12,2.08
0.020156,-5.12,2.08
0.02016,-5.2,2.08
0.020164,-5.2,2.08
0.020168,-5.2,2.08
0.020172,-5.2,2.08
0.020176,-5.2,2.08
0.02018,-5.2,2
0.020184,-5.2,2
0.020188,-5.2,2
0.020192,-5.2,2
0.020196,-5.2,2
0.0202,-5.2,1.92
0.020204,-5.28,1.92
0.020208,-5.28,1.92
0.020212,-5.2,1.92
0.020216,-5.28,1.92
0.02022,-5.28,1.92
0.020224,-5.28,1.84
0.020228,-5.28,1.92
0.020232,-5.28,1.92
0.020236,-5.28,1.84
0.02024,-5.28,1.84
0.020244,-5.28,1.84
0.020248,-5.28,1.84
0.020252,-5.28,1.76
0.020256,-5.28,1.76
0.02026,-5.28,1.76
0.020264,-5.28,1.76
0.020268,-5.28,1.76
0.020272,-5.28,1.76
0.020276,-5.28,1.76
0.02028,-5.28,1.76
0.020284,-5.28,1.76
0.020288,-5.28,1.68
0.020292,-5.28,1.68
0.020296,-5.28,1.68
0.0203,-5.28,1.6
0.020304,-5.28,1.6
0.020308,-5.28,1.6
0.020312,-5.36,1.6
0.020316,-5.28,1.6
0.02032,-5.28,1.6
0.020324,-5.28,1.6
0.020328,-5.28,1.52
0.020332,-5.28,1.52
0.020336,-5.28,1.52
0.02034,-5.28,1.52
0.020344,-5.28,1.52
0.020348,-5.28,1.52
0.020352,-5.28,1.52
0.020356,-5.36,1.52
0.02036,-5.28,1.52
0.020364,-5.28,1.44
0.020368,-5.28,1.44
0.020372,-5.36,1.44
0.020376,-5.36,1.36
0.02038,-5.36,1.44
0.020384,-5.36,1.44
0.020388,-5.36,1.44
0.020392,-5.36,1.36
0.020396,-5.36,1.36
0.0204,-5.36,1.36
0.020404,-5.36,1.36
0.020408,-5.28,1.36
0.020412,-5.28,1.36
0.020416,-5.28,1.36
0.02042,-5.28,1.28
0.020424,-5.28,1.28
0.020428,-5.28,1.28
0.020432,-5.28,1.28
0.020436,-5.36,1.2
0.02044,-5.28,1.2
0.020444,-5.36,1.2
0.020448,-5.36,1.2
0.020452,-5.28,1.2
0.020456,-5.36,1.2
0.02046,-5.36,1.2
0.020464,-5.28,1.12
0.020468,-5.28,1.12
0.020472,-5.28,1.12
0.020476,-5.28,1.12
0.02048,-5.28,1.12
0.020484,-5.28,1.12
0.020488,-5.28,1.12
0.020492,-5.28,1.04
0.020496,-5.28,1.04
0.0205,-5.28,1.04
0.020504,-5.28,0.96
0.020508,-5.28,0.96
0.020512,-5.28,0.96
0.020516,-5.28,0.96
0.02052,-5.28,0.96
0.020524,-5.28,0.96
0.020528,-5.28,0.96
0.020532,-5.28,0.96
0.020536,-5.28,0.96
0.02054,-5.28,0.96
0.020544,-5.28,0.96
0.020548,-5.28,0.88
0.020552,-5.28,0.88
0.020556,-5.28,0.88
0.02056,-5.2,0.88
0.020564,-5.2,0.88
0.020568,-5.2,0.88
0.020572,-5.2,0.8
0.020576,-5.2,0.8
0.02058,-5.2,0.8
0.020584,-5.2,0.8
0.020588,-5.2,0.72
0.020592,-5.2,0.8
0.020596,-5.2,0.72
0.0206,-5.2,0.72
0.020604,-5.2,0.72
0.020608,-5.2,0.72
0.020612,-5.2,0.72
0.020616,-5.2,0.72
0.02062,-5.2,0.72
0.020624,-5.12,0.64
0.020628,-5.2,0.64
0.020632,-5.2,0.64
0.020636,-5.2,0.64
0.02064,-5.2,0.64
0.020644,-5.12,0.64
0.020648,-5.12,0.56
0.020652,-5.12,0.56
0.020656,-5.12,0.56
0.02066,-5.12,0.56
0.020664,-5.12,0.56
0.020668,-5.12,0.56
0.020672,-5.12,0.56
0.020676,-5.12,0.56
0.02068,-5.12,0.56
0.020684,-5.12,0.56
0.020688,-5.12,0.48
0.020692,-5.12,0.48
0.020696,-5.12,0.48
0.0207,-5.12,0.48
0.020704,-5.04,0.48
0.020708,-5.04,0.48
0.020712,-5.04,0.48
0.020716,-5.04,0.4
0.02072,-5.04,0.4
0.020724,-5.04,0.4
0.020728,-5.04,0.4
0.020732,-5.04,0.4
0.020736,-5.04,0.4
0.02074,-5.04,0.4
0.020744,-5.04,0.32
0.020748,-5.04,0.32
0.020752,-5.04,0.32
0.020756,-4.96,0.32
0.02076,-4.96,0.32
0.020764,-4.96,0.24
0.020768,-4.96,0.32
0.020772,-4.96,0.32
0.020776,-4.96,0.24
0.02078,-4.96,0.24
0.020784,-4.96,0.24
0.020788,-4.96,0.24
0.020792,-4.88,0.24
0.020796,-4.88,0.16
0.0208,-4.88,0.16
0.020804,-4.88,0.24
0.020808,-4.88,0.16
0.020812,-4.88,0.16
0.020816,-4.88,0.16
0.02082,-4.8,0.16
0.020824,-4.88,0.08
0.020828,-4.8,0.16
0.020832,-4.8,0.16
0.020836,-4.8,0.08
0.02084,-4.8,0.08
0.020844,-4.8,0.08
0.020848,-4.8,0.08
0.020852,-4.8,0.08
0.020856,-4.8,0.08
0.02086,-4.8,0.08
0.020864,-4.8,0.08
0.020868,-4.8,0.08
0.020872,-4.8,0.08
0.020876,-4.72,0.08
0.02088,-4.72,0.08
0.020884,-4.72,0.08
0.020888,-4.72,0
0.020892,-4.72,0
0.020896,-4.72,0
0.0209,-4.72,0
0.020904,-4.64,0
0.020908,-4.72,0
0.020912,-4.64,0
0.020916,-4.64,0
0.02092,-4.64,0
0.020924,-4.64,-0.08
0.020928,-4.64,-0.08
0.020932,-4.64,-0.08
0.020936,-4.64,-0.08
0.02094,-4.56,-0.08
0.020944,-4.56,-0.08
0.020948,-4.56,-0.08
0.020952,-4.56,-0.08
0.020956,-4.56,-0.16
0.02096,-4.56,-0.16
0.020964,-4.56,-0.16
0.020968,-4.56,-0.16
0.020972,-4.56,-0.16
0.020976,-4.56,-0.16
0.02098,-4.56,-0.16
0.020984,-4.48,-0.16
0.020988,-4.48,-0.16
0.020992,-4.48,-0.16
0.020996,-4.48,-0.16
0.021,-4.48,-0.16
0.021004,-4.48,-0.16
0.021008,-4.48,-0.16
0.021012,-4.48,-0.16
0.021016,-4.48,-0.24
0.02102,-4.4,-0.24
0.021024,-4.4,-0.24
0.021028,-4.4,-0.24
0.021032,-4.4,-0.24
0.021036,-4.4,-0.24
0.02104,-4.4,-0.24
0.021044,-4.4,-0.24
0.021048,-4.32,-0.24
0.021052,-4.32,-0.24
0.021056,-4.32,-0.24
0.02106,-4.32,-0.24
0.021064,-4.32,-0.24
0.021068,-4.32,-0.24
0.021072,-4.24,-0.32
0.021076,-4.24,-0.32
0.02108,-4.24,-0.32
0.021084,-4.24,-0.32
0.021088,-4.24,-0.32
0.021092,-4.24,-0.32
0.021096,-4.24,-0.32
0.0211,-4.24,-0.32
0.021104,-4.24,-0.32
0.021108,-4.24,-0.32
0.021112,-4.24,-0.32
0.021116,-4.16,-0.32
0.02112,-4.16,-0.32
0.021124,-4.16,-0.32
0.021128,-4.16,-0.32
0.021132,-4.16,-0.32
0.021136,-4.08,-0.32
0.02114,-4.08,-0.32
0.021144,-4.08,-0.4
0.021148,-4.16,-0.4
0.021152,-4.08,-0.4
0.021156,-4.08,-0.4
0.02116,-4.08,-0.4
0.021164,-4.08,-0.4
0.021168,-4.08,-0.32
0.021172,-4,-0.4
0.021176,-4,-0.4
0.02118,-4,-0.4
0.021184,-4.08,-0.4
0.021188,-4,-0.4
0.021192,-4,-0.4
0.021196,-4,-0.4
0.0212,-4,-0.4
0.021204,-4,-0.4
0.021208,-4,-0.4
0.021212,-4,-0.4
0.021216,-4,-0.4
0.02122,-3.92,-0.4
0.021224,-3.92,-0.4
0.021228,-3.92,-0.4
0.021232,-3.84,-0.4
0.021236,-3.84,-0.4
0.02124,-3.84,-0.4
0.021244,-3.84,-0.4
0.021248,-3.84,-0.4
0.021252,-3.84,-0.4
0.021256,-3.84,-0.4
0.02126,-3.84,-0.4
0.021264,-3.84,-0.4
0.021268,-3.84,-0.48
0.021272,-3.84,-0.4
0.021276,-3.76,-0.4
0.02128,-3.76,-0.4
0.021284,-3.76,-0.4
0.021288,-3.76,-0.4
0.021292,-3.76,-0.48
0.021296,-3.76,-0.48
0.0213,-3.76,-0.4
0.021304,-3.76,-0.4
0.021308,-3.76,-0.4
0.021312,-3.76,-0.4
0.021316,-3.68,-0.4
0.02132,-3.68,-0.4
0.021324,-3.68,-0.4
0.021328,-3.68,-0.4
0.021332,-3.6,-0.4
0.021336,-3.6,-0.4
0.02134,-3.6,-0.4
0.021344,-3.6,-0.4
0.021348,-3.6,-0.4
0.021352,-3.6,-0.4
0.021356,-3.6,-0.4
0.02136,-3.6,-0.48
0.021364,-3.6,-0.48
0.021368,-3.6,-0.4
0.021372,-3.52,-0.48
0.021376,-3.52,-0.48
0.02138,-3.52,-0.48
0.021384,-3.52,-0.48
0.021388,-3.52,-0.48
0.021392,-3.52,-0.48
0.021396,-3.52,-0.48
0.0214,-3.52,-0.48
0.021404,-3.52,-0.48
0.021408,-3.52,-0.48
0.021412,-3.52,-0.48
0.021416,-3.52,-0.48
0.02142,-3.44,-0.48
0.021424,-3.44,-0.4
0.021428,-3.44,-0.4
0.021432,-3.44,-0.48
0.021436,-3.44,-0.48
0.02144,-3.44,-0.48
0.021444,-3.44,-0.48
0.021448,-3.44,-0.48
0.021452,-3.36,-0.4
0.021456,-3.36,-0.4
0.02146,-3.36,-0.48
0.021464,-3.36,-0.48
0.021468,-3.36,-0.48
0.021472,-3.36,-0.48
0.021476,-3.36,-0.4
0.02148,-3.36,-0.4
0.021484,-3.28,-0.4
0.021488,-3.28,-0.4
0.021492,-3.28,-0.4
0.021496,-3.28,-0.4
0.0215,-3.2,-0.4
0.021504,-3.2,-0.4
0.021508,-3.2,-0.48
0.021512,-3.2,-0.48
0.021516,-3.2,-0.48
0.02152,-3.2,-0.48
0.021524,-3.2,-0.4
0.021528,-3.2,-0.4
0.021532,-3.2,-0.48
0.021536,-3.2,-0.4
0.02154,-3.2,-0.4
0.021544,-3.2,-0.4
0.021548,-3.2,-0.4
0.021552,-3.12,-0.4
0.021556,-3.2,-0.4
0.02156,-3.12,-0.4
0.021564,-3.12,-0.4
0.021568,-3.12,-0.4
0.021572,-3.12,-0.4
0.021576,-3.12,-0.4
0.02158,-3.04,-0.4
0.021584,-3.04,-0.4
0.021588,-3.04,-0.4
0.021592,-3.04,-0.4
0.021596,-3.04,-0.4
0.0216,-3.04,-0.4
0.021604,-3.04,-0.4
0.021608,-3.04,-0.4
0.021612,-3.04,-0.4
0.021616,-3.04,-0.4
0.02162,-3.04,-0.4
0.021624,-3.04,-0.4
0.021628,-2.96,-0.32
0.021632,-2.96,-0.4
0.021636,-2.96,-0.4
0.02164,-2.96,-0.32
0.021644,-2.96,-0.32
0.021648,-2.96,-0.32
0.021652,-2.96,-0.32
0.021656,-2.96,-0.32
0.02166,-2.96,-0.32
0.021664,-2.96,-0.32
0.021668,-2.96,-0.32
0.021672,-2.96,-0.32
0.021676,-2.96,-0.32
0.02168,-2.96,-0.32
0.021684,-2.96,-0.32
0.021688,-2.88,-0.32
0.021692,-2.88,-0.32
0.021696,-2.88,-0.32
0.0217,-2.88,-0.32
0.021704,-2.88,-0.32
0.021708,-2.88,-0.32
0.021712,-2.88,-0.32
0.021716,-2.88,-0.32
0.02172,-2.88,-0.24
0.021724,-2.88,-0.24
0.021728,-2.88,-0.24
0.021732,-2.88,-0.24
0.021736,-2.8,-0.24
0.02174,-2.8,-0.24
0.021744,-2.8,-0.24
0.021748,-2.8,-0.24
0.021752,-2.8,-0.24
0.021756,-2.8,-0.24
0.02176,-2.72,-0.24
0.021764,-2.8,-0.24
0.021768,-2.8,-0.24
0.021772,-2.8,-0.24
0.021776,-2.8,-0.24
0.02178,-2.8,-0.24
0.021784,-2.8,-0.24
0.021788,-2.8,-0.24
0.021792,-2.8,-0.24
0.021796,-2.8,-0.24
0.0218,-2.8,-0.24
0.021804,-2.72,-0.24
0.021808,-2.72,-0.24
0.021812,-2.72,-0.24
0.021816,-2.72,-0.24
0.02182,-2.72,-0.16
0.021824,-2.72,-0.24
0.021828,-2.72,-0.24
0.021832,-2.72,-0.16
0.021836,-2.72,-0.16
0.02184,-2.64,-0.16
0.021844,-2.64,-0.16
0.021848,-2.64,-0.16
0.021852,-2.64,-0.16
0.021856,-2.64,-0.16
0.02186,-2.64,-0.16
0.021864,-2.64,-0.16
0.021868,-2.64,-0.16
0.021872,-2.64,-0.16
0.021876,-2.64,-0.16
0.02188,-2.64,-0.16
0.021884,-2.64,-0.16
0.021888,-2.64,-0.16
0.021892,-2.64,-0.16
0.021896,-2.64,-0.16
0.0219,-2.64,-0.16
0.021904,-2.64,-0.16
0.021908,-2.64,-0.16
0.021912,-2.64,-0.08
0.021916,-2.64,-0.08
0.02192,-2.56,-0.08
0.021924,-2.56,-0.16
0.021928,-2.56,-0.16
0.021932,-2.56,-0.08
0.021936,-2.64,-0.08
0.02194,-2.64,-0.16
0.021944,-2.56,-0.16
0.021948,-2.56,-0.08
0.021952,-2.56,-0.08
0.021956,-2.56,-0.08
0.02196,-2.64,-0.08
0.021964,-2.56,-0.08
0.021968,-2.56,-0.08
0.021972,-2.56,-0.08
0.021976,-2.56,-0.08
0.02198,-2.64,-0.08
0.021984,-2.64,-0.08
0.021988,-2.64,0
0.021992,-2.56,0
0.021996,-2.56,0
0.022,-2.56,0
0.022004,-2.56,-0.08
0.022008,-2.56,-0.08
0.022012,-2.56,0
0.022016,-2.56,0
0.02202,-2.56,0
0.022024,-2.56,0
0.022028,-2.56,0
0.022032,-2.56,0
0.022036,-2.56,0
0.02204,-2.48,0
0.022044,-2.56,0
0.022048,-2.48,0
0.022052,-2.48,0
0.022056,-2.48,0
0.02206,-2.48,0
0.022064,-2.48,0
0.022068,-2.48,0
0.022072,-2.48,0.08
0.022076,-2.48,0.08
0.02208,-2.48,0
0.022084,-2.48,0
0.022088,-2.48,0
0.022092,-2.48,0
0.022096,-2.48,0
0.0221,-2.48,0
0.022104,-2.48,0
0.022108,-2.4,0
0.022112,-2.48,0
0.022116,-2.48,0
0.02212,-2.48,0
0.022124,-2.48,0.08
0.022128,-2.48,0
0.022132,-2.48,0
0.022136,-2.48,0
0.02214,-2.48,0.08
0.022144,-2.48,0.08
0.022148,-2.48,0.08
0.022152,-2.48,0.08
0.022156,-2.48,0.08
0.02216,-2.48,0.08
0.022164,-2.4,0.08
0.022168,-2.48,0.08
0.022172,-2.48,0.08
0.022176,-2.48,0.08
0.02218,-2.48,0.08
0.022184,-2.48,0.08
0.022188,-2.48,0.08
0.022192,-2.48,0.08
0.022196,-2.48,0.16
0.0222,-2.48,0.16
0.022204,-2.48,0.16
0.022208,-2.48,0.16
0.022212,-2.4,0.16
0.022216,-2.4,0.16
0.02222,-2.4,0.16
0.022224,-2.4,0.16
0.022228,-2.48,0.16
0.022232,-2.4,0.16
0.022236,-2.48,0.16
0.02224,-2.48,0.16
0.022244,-2.48,0.16
0.022248,-2.4,0.16
0.022252,-2.4,0.16
0.022256,-2.4,0.16
0.02226,-2.4,0.16
0.022264,-2.48,0.16
0.022268,-2.48,0.16
0.022272,-2.48,0.16
0.022276,-2.48,0.16
0.02228,-2.48,0.16
0.022284,-2.48,0.16
0.022288,-2.48,0.16
0.022292,-2.4,0.16
0.022296,-2.4,0.16
0.0223,-2.48,0.16
0.022304,-2.48,0.16
0.022308,-2.4,0.16
0.022312,-2.4,0.16
0.022316,-2.4,0.16
0.02232,-2.4,0.16
0.022324,-2.4,0.16
0.022328,-2.4,0.16
0.022332,-2.4,0.16
0.022336,-2.4,0.24
0.02234,-2.4,0.24
0.022344,-2.4,0.16
0.022348,-2.4,0.24
0.022352,-2.4,0.24
0.022356,-2.4,0.24
0.02236,-2.4,0.24
0.022364,-2.4,0.24
0.022368,-2.4,0.24
0.022372,-2.4,0.24
0.022376,-2.4,0.24
0.02238,-2.4,0.24
0.022384,-2.4,0.24
0.022388,-2.4,0.24
0.022392,-2.4,0.24
0.022396,-2.4,0.24
0.0224,-2.4,0.24
0.022404,-2.4,0.24
0.022408,-2.4,0.24
0.022412,-2.4,0.24
0.022416,-2.4,0.24
0.02242,-2.4,0.24
0.022424,-2.4,0.24
0.022428,-2.4,0.24
0.022432,-2.4,0.24
0.022436,-2.4,0.24
0.02244,-2.4,0.24
0.022444,-2.4,0.24
0.022448,-2.4,0.24
0.022452,-2.48,0.24
0.022456,-2.4,0.24
0.02246,-2.4,0.24
0.022464,-2.4,0.24
0.022468,-2.4,0.24
0.022472,-2.4,0.24
0.022476,-2.4,0.24
0.02248,-2.4,0.24
0.022484,-2.4,0.24
0.022488,-2.4,0.24
0.022492,-2.4,0.24
0.022496,-2.4,0.32
0.0225,-2.4,0.32
0.022504,-2.4,0.32
0.022508,-2.4,0.32
0.022512,-2.4,0.24
0.022516,-2.4,0.24
0.02252,-2.4,0.24
0.022524,-2.4,0.32
0.022528,-2.4,0.32
0.022532,-2.4,0.32
0.022536,-2.4,0.32
0.02254,-2.4,0.32
0.022544,-2.4,0.32
0.022548,-2.32,0.32
0.022552,-2.4,0.32
0.022556,-2.4,0.32
0.02256,-2.4,0.32
0.022564,-2.4,0.32
0.022568,-2.4,0.32
0.022572,-2.4,0.32
0.022576,-2.4,0.32
0.02258,-2.4,0.32
0.022584,-2.4,0.32
0.022588,-2.4,0.32
0.022592,-2.4,0.32
0.022596,-2.4,0.32
0.0226,-2.4,0.32
0.022604,-2.4,0.24
0.022608,-2.4,0.24
0.022612,-2.4,0.24
0.022616,-2.4,0.32
0.02262,-2.4,0.32
0.022624,-2.4,0.32
0.022628,-2.48,0.32
0.022632,-2.4,0.32
0.022636,-2.4,0.32
0.02264,-2.4,0.32
0.022644,-2.4,0.32
0.022648,-2.4,0.32
0.022652,-2.4,0.24
0.022656,-2.4,0.32
0.02266,-2.4,0.32
0.022664,-2.4,0.24
0.022668,-2.4,0.32
0.022672,-2.4,0.32
0.022676,-2.4,0.32
0.02268,-2.4,0.32
0.022684,-2.4,0.32
0.022688,-2.4,0.32
0.022692,-2.4,0.32
0.022696,-2.4,0.32
0.0227,-2.4,0.32
0.022704,-2.4,0.32
0.022708,-2.4,0.32
0.022712,-2.4,0.32
0.022716,-2.4,0.32
0.02272,-2.4,0.4
0.022724,-2.4,0.4
0.022728,-2.4,0.32
0.022732,-2.4,0.32
0.022736,-2.4,0.32
0.02274,-2.4,0.32
0.022744,-2.4,0.32
0.022748,-2.4,0.32
0.022752,-2.4,0.32
0.022756,-2.4,0.32
0.02276,-2.4,0.32
0.022764,-2.4,0.4
0.022768,-2.4,0.32
0.022772,-2.4,0.32
0.022776,-2.4,0.32
0.02278,-2.4,0.32
0.022784,-2.4,0.32
0.022788,-2.4,0.32
0.022792,-2.4,0.32
0.022796,-2.4,0.32
0.0228,-2.4,0.32
0.022804,-2.4,0.32
0.022808,-2.4,0.32
0.022812,-2.4,0.32
0.022816,-2.4,0.32
0.02282,-2.4,0.32
0.022824,-2.4,0.32
0.022828,-2.4,0.32
0.022832,-2.4,0.32
0.022836,-2.4,0.32
0.02284,-2.4,0.32
0.022844,-2.4,0.32
0.022848,-2.4,0.32
0.022852,-2.4,0.32
0.022856,-2.4,0.32
0.02286,-2.4,0.32
0.022864,-2.4,0.32
0.022868,-2.4,0.32
0.022872,-2.4,0.32
0.022876,-2.4,0.32
0.02288,-2.4,0.32
0.022884,-2.4,0.32
0.022888,-2.4,0.32
0.022892,-2.4,0.32
0.022896,-2.4,0.32
0.0229,-2.4,0.32
0.022904,-2.4,0.32
0.022908,-2.4,0.32
0.022912,-2.4,0.32
0.022916,-2.4,0.32
0.02292,-2.4,0.32
0.022924,-2.4,0.32
0.022928,-2.4,0.32
0.022932,-2.4,0.32
0.022936,-2.4,0.32
0.02294,-2.4,0.32
0.022944,-2.4,0.32
0.022948,-2.4,0.32
0.022952,-2.4,0.32
0.022956,-2.4,0.32
0.02296,-2.48,0.32
0.022964,-2.48,0.32
0.022968,-2.4,0.32
0.022972,-2.48,0.32
0.022976,-2.48,0.32
0.02298,-2.48,0.32
0.022984,-2.4,0.32
0.022988,-2.48,0.4
0.022992,-2.4,0.32
0.022996,-2.4,0.32
0.023,-2.4,0.32
0.023004,-2.4,0.32
0.023008,-2.4,0.32
0.023012,-2.48,0.32
0.023016,-2.48,0.32
0.02302,-2.4,0.32
0.023024,-2.4,0.32
0.023028,-2.4,0.32
0.023032,-2.4,0.32
0.023036,-2.4,0.32
0.02304,-2.4,0.32
0.023044,-2.4,0.32
0.023048,-2.4,0.32
0.023052,-2.4,0.32
0.023056,-2.4,0.32
0.02306,-2.4,0.24
0.023064,-2.48,0.32
0.023068,-2.48,0.32
0.023072,-2.4,0.32
0.023076,-2.4,0.32
0.02308,-2.4,0.32
0.023084,-2.4,0.32
0.023088,-2.4,0.32
0.023092,-2.4,0.32
0.023096,-2.4,0.32
0.0231,-2.4,0.32
0.023104,-2.4,0.32
0.023108,-2.4,0.32
0.023112,-2.4,0.32
0.023116,-2.4,0.32
0.02312,-2.4,0.32
0.023124,-2.4,0.32
0.023128,-2.4,0.32
0.023132,-2.4,0.32
0.023136,-2.4,0.32
0.02314,-2.4,0.32
0.023144,-2.4,0.32
0.023148,-2.4,0.24
0.023152,-2.4,0.24
0.023156,-2.4,0.32
0.02316,-2.4,0.32
0.023164,-2.4,0.32
0.023168,-2.4,0.32
0.023172,-2.4,0.32
0.023176,-2.4,0.32
0.02318,-2.4,0.32
0.023184,-2.4,0.32
0.023188,-2.4,0.32
0.023192,-2.4,0.24
0.023196,-2.4,0.24
0.0232,-2.4,0.32
0.023204,-2.4,0.32
0.023208,-2.4,0.32
0.023212,-2.4,0.32
0.023216,-2.4,0.32
0.02322,-2.4,0.24
0.023224,-2.4,0.32
0.023228,-2.4,0.32
0.023232,-2.4,0.32
0.023236,-2.4,0.32
0.02324,-2.4,0.32
0.023244,-2.4,0.32
0.023248,-2.4,0.32
0.023252,-2.4,0.32
0.023256,-2.4,0.32
0.02326,-2.4,0.32
0.023264,-2.4,0.32
0.023268,-2.4,0.32
0.023272,-2.4,0.32
0.023276,-2.4,0.32
0.02328,-2.4,0.32
0.023284,-2.48,0.32
0.023288,-2.48,0.32
0.023292,-2.48,0.32
0.023296,-2.4,0.32
0.0233,-2.4,0.32
0.023304,-2.4,0.32
0.023308,-2.4,0.32
0.023312,-2.4,0.32
0.023316,-2.4,0.32
0.02332,-2.4,0.32
0.023324,-2.4,0.32
0.023328,-2.4,0.32
0.023332,-2.4,0.32
0.023336,-2.48,0.32
0.02334,-2.48,0.24
0.023344,-2.48,0.24
0.023348,-2.4,0.24
0.023352,-2.4,0.24
0.023356,-2.48,0.24
0.02336,-2.4,0.24
0.023364,-2.4,0.24
0.023368,-2.4,0.24
0.023372,-2.4,0.24
0.023376,-2.4,0.24
0.02338,-2.4,0.24
0.023384,-2.4,0.24
0.023388,-2.4,0.24
0.023392,-2.4,0.24
0.023396,-2.4,0.32
0.0234,-2.4,0.32
0.023404,-2.4,0.32
0.023408,-2.4,0.32
0.023412,-2.4,0.32
0.023416,-2.4,0.24
0.02342,-2.48,0.24
0.023424,-2.4,0.32
0.023428,-2.4,0.32
0.023432,-2.4,0.32
0.023436,-2.4,0.32
0.02344,-2.4,0.32
0.023444,-2.4,0.32
0.023448,-2.4,0.32
0.023452,-2.4,0.24
0.023456,-2.4,0.24
0.02346,-2.4,0.24
0.023464,-2.4,0.24
0.023468,-2.4,0.32
0.023472,-2.4,0.32
0.023476,-2.4,0.32
0.02348,-2.4,0.24
0.023484,-2.4,0.24
0.023488,-2.4,0.24
0.023492,-2.4,0.24
0.023496,-2.48,0.24
0.0235,-2.48,0.24
0.023504,-2.48,0.32
0.023508,-2.48,0.24
0.023512,-2.4,0.24
0.023516,-2.4,0.32
0.02352,-2.48,0.32
0.023524,-2.48,0.32
0.023528,-2.48,0.32
0.023532,-2.48,0.32
0.023536,-2.4,0.32
0.02354,-2.4,0.32
0.023544,-2.4,0.24
0.023548,-2.4,0.24
0.023552,-2.4,0.24
0.023556,-2.4,0.24
0.02356,-2.4,0.24
0.023564,-2.4,0.24
0.023568,-2.4,0.24
0.023572,-2.4,0.32
0.023576,-2.4,0.32
0.02358,-2.4,0.32
0.023584,-2.4,0.32
0.023588,-2.4,0.32
0.023592,-2.4,0.24
0.023596,-2.4,0.24
0.0236,-2.4,0.24
0.023604,-2.4,0.24
0.023608,-2.4,0.24
0.023612,-2.4,0.24
0.023616,-2.4,0.32
0.02362,-2.4,0.32
0.023624,-2.4,0.32
0.023628,-2.4,0.32
0.023632,-2.4,0.24
0.023636,-2.4,0.24
0.02364,-2.4,0.24
0.023644,-2.4,0.24
0.023648,-2.4,0.24
0.023652,-2.4,0.32
0.023656,-2.4,0.32
0.02366,-2.4,0.32
0.023664,-2.4,0.32
0.023668,-2.4,0.24
0.023672,-2.4,0.24
0.023676,-2.4,0.24
0.02368,-2.4,0.24
0.023684,-2.4,0.32
0.023688,-2.4,0.32
0.023692,-2.4,0.24
0.023696,-2.4,0.32
0.0237,-2.4,0.32
0.023704,-2.4,0.32
0.023708,-2.4,0.32
0.023712,-2.4,0.32
0.023716,-2.4,0.32
0.02372,-2.4,0.24
0.023724,-2.4,0.24
0.023728,-2.4,0.24
0.023732,-2.4,0.24
0.023736,-2.4,0.24
0.02374,-2.4,0.24
0.023744,-2.4,0.24
0.023748,-2.32,0.24
0.023752,-2.4,0.24
0.023756,-2.4,0.24
0.02376,-2.4,0.24
0.023764,-2.4,0.24
0.023768,-2.4,0.24
0.023772,-2.4,0.24
0.023776,-2.4,0.24
0.02378,-2.4,0.24
0.023784,-2.4,0.32
0.023788,-2.4,0.32
0.023792,-2.4,0.32
0.023796,-2.4,0.24
0.0238,-2.4,0.24
0.023804,-2.4,0.24
0.023808,-2.4,0.24
0.023812,-2.4,0.24
0.023816,-2.4,0.24
0.02382,-2.4,0.24
0.023824,-2.4,0.24
0.023828,-2.4,0.24
0.023832,-2.4,0.24
0.023836,-2.4,0.24
0.02384,-2.4,0.24
0.023844,-2.4,0.24
0.023848,-2.4,0.24
0.023852,-2.4,0.24
0.023856,-2.4,0.24
0.02386,-2.4,0.24
0.023864,-2.4,0.24
0.023868,-2.4,0.32
0.023872,-2.4,0.32
0.023876,-2.4,0.24
0.02388,-2.4,0.24
0.023884,-2.4,0.24
0.023888,-2.4,0.24
0.023892,-2.4,0.24
0.023896,-2.4,0.24
0.0239,-2.4,0.24
0.023904,-2.4,0.24
0.023908,-2.4,0.24
0.023912,-2.4,0.32
0.023916,-2.4,0.32
0.02392,-2.4,0.32
0.023924,-2.4,0.32
0.023928,-2.4,0.32
0.023932,-2.4,0.24
0.023936,-2.4,0.24
0.02394,-2.4,0.24
0.023944,-2.4,0.24
0.023948,-2.4,0.24
0.023952,-2.4,0.24
0.023956,-2.4,0.24
0.02396,-2.4,0.24
0.023964,-2.4,0.24
0.023968,-2.4,0.24
0.023972,-2.4,0.24
0.023976,-2.4,0.24
0.02398,-2.4,0.24
0.023984,-2.4,0.24
0.023988,-2.4,0.24
0.023992,-2.4,0.24
0.023996,-2.4,0.24
0.024,-2.4,0.24
0.024004,-2.4,0.24
0.024008,-2.4,0.24
0.024012,-2.4,0.24
0.024016,-2.4,0.24
0.02402,-2.4,0.24
0.024024,-2.4,0.24
0.024028,-2.4,0.24
0.024032,-2.4,0.24
0.024036,-2.4,0.24
0.02404,-2.4,0.24
0.024044,-2.4,0.24
0.024048,-2.4,0.32
0.024052,-2.32,0.32
0.024056,-2.4,0.32
0.02406,-2.4,0.24
0.024064,-2.4,0.24
0.024068,-2.4,0.32
0.024072,-2.4,0.24
0.024076,-2.4,0.24
0.02408,-2.4,0.24
0.024084,-2.4,0.24
0.024088,-2.4,0.24
0.024092,-2.4,0.24
0.024096,-2.4,0.24
0.0241,-2.4,0.24
0.024104,-2.4,0.24
0.024108,-2.4,0.24
0.024112,-2.4,0.24
0.024116,-2.4,0.24
0.02412,-2.4,0.24
0.024124,-2.4,0.24
0.024128,-2.4,0.24
0.024132,-2.4,0.24
0.024136,-2.4,0.24
0.02414,-2.4,0.24
0.024144,-2.4,0.24
0.024148,-2.4,0.24
0.024152,-2.4,0.24
0.024156,-2.4,0.24
0.02416,-2.32,0.24
0.024164,-2.4,0.24
0.024168,-2.4,0.24
0.024172,-2.4,0.24
0.024176,-2.4,0.24
0.02418,-2.4,0.24
0.024184,-2.4,0.24
0.024188,-2.4,0.24
0.024192,-2.4,0.24
0.024196,-2.4,0.24
0.0242,-2.4,0.24
0.024204,-2.4,0.24
0.024208,-2.4,0.24
0.024212,-2.4,0.24
0.024216,-2.4,0.24
0.02422,-2.4,0.24
0.024224,-2.4,0.24
0.024228,-2.4,0.24
0.024232,-2.4,0.24
0.024236,-2.4,0.24
0.02424,-2.4,0.24
0.024244,-2.4,0.24
0.024248,-2.4,0.24
0.024252,-2.4,0.24
0.024256,-2.4,0.24
0.02426,-2.4,0.24
0.024264,-2.4,0.24
0.024268,-2.4,0.24
0.024272,-2.4,0.24
0.024276,-2.4,0.32
0.02428,-2.4,0.32
0.024284,-2.4,0.32
0.024288,-2.4,0.32
0.024292,-2.4,0.24
0.024296,-2.4,0.24
0.0243,-2.4,0.24
0.024304,-2.4,0.24
0.024308,-2.4,0.24
0.024312,-2.4,0.24
0.024316,-2.4,0.24
0.02432,-2.4,0.24
0.024324,-2.4,0.24
0.024328,-2.4,0.24
0.024332,-2.32,0.24
0.024336,-2.4,0.24
0.02434,-2.4,0.24
0.024344,-2.4,0.24
0.024348,-2.4,0.24
0.024352,-2.32,0.24
0.024356,-2.32,0.24
0.02436,-2.32,0.24
0.024364,-2.4,0.24
0.024368,-2.4,0.24
0.024372,-2.4,0.24
0.024376,-2.4,0.24
0.02438,-2.4,0.24
0.024384,-2.4,0.24
0.024388,-2.4,0.24
0.024392,-2.4,0.24
0.024396,-2.4,0.24
0.0244,-2.4,0.24
0.024404,-2.4,0.24
0.024408,-2.4,0.32
0.024412,-2.4,0.32
0.024416,-2.4,0.32
0.02442,-2.4,0.24
0.024424,-2.4,0.24
0.024428,-2.4,0.24
0.024432,-2.4,0.24
0.024436,-2.32,0.24
0.02444,-2.32,0.24
0.024444,-2.4,0.24
0.024448,-2.4,0.24
0.024452,-2.4,0.24
0.024456,-2.4,0.24
0.02446,-2.32,0.24
0.024464,-2.4,0.24
0.024468,-2.4,0.24
0.024472,-2.4,0.24
0.024476,-2.4,0.24
0.02448,-2.4,0.24
0.024484,-2.4,0.32
0.024488,-2.4,0.24
0.024492,-2.4,0.24
0.024496,-2.4,0.24
0.0245,-2.4,0.24
0.024504,-2.4,0.24
0.024508,-2.4,0.24
0.024512,-2.4,0.24
0.024516,-2.4,0.24
0.02452,-2.4,0.24
0.024524,-2.4,0.24
0.024528,-2.4,0.24
0.024532,-2.4,0.24
0.024536,-2.4,0.24
0.02454,-2.4,0.24
0.024544,-2.4,0.24
0.024548,-2.4,0.24
0.024552,-2.4,0.24
0.024556,-2.4,0.24
0.02456,-2.4,0.24
0.024564,-2.4,0.24
0.024568,-2.4,0.24
0.024572,-2.4,0.32
0.024576,-2.4,0.32
0.02458,-2.4,0.32
0.024584,-2.4,0.32
0.024588,-2.4,0.24
0.024592,-2.4,0.24
0.024596,-2.32,0.24
0.0246,-2.32,0.24
0.024604,-2.32,0.24
0.024608,-2.32,0.24
0.024612,-2.32,0.24
0.024616,-2.4,0.24
0.02462,-2.4,0.32
0.024624,-2.4,0.32
0.024628,-2.4,0.32
0.024632,-2.4,0.24
0.024636,-2.4,0.24
0.02464,-2.4,0.24
0.024644,-2.4,0.32
0.024648,-2.4,0.32
0.024652,-2.4,0.32
0.024656,-2.4,0.24
0.02466,-2.4,0.32
0.024664,-2.4,0.32
0.024668,-2.4,0.24
0.024672,-2.4,0.24
0.024676,-2.4,0.24
0.02468,-2.4,0.24
0.024684,-2.4,0.24
0.024688,-2.4,0.24
0.024692,-2.4,0.32
0.024696,-2.4,0.24
0.0247,-2.4,0.24
0.024704,-2.4,0.24
0.024708,-2.4,0.24
0.024712,-2.4,0.24
0.024716,-2.4,0.32
0.02472,-2.4,0.32
0.024724,-2.4,0.24
0.024728,-2.4,0.24
0.024732,-2.32,0.24
0.024736,-2.4,0.24
0.02474,-2.4,0.24
0.024744,-2.4,0.24
0.024748,-2.4,0.24
0.024752,-2.4,0.24
0.024756,-2.4,0.24
0.02476,-2.4,0.24
0.024764,-2.4,0.24
0.024768,-2.4,0.24
0.024772,-2.4,0.24
0.024776,-2.4,0.24
0.02478,-2.4,0.24
0.024784,-2.4,0.24
0.024788,-2.4,0.24
0.024792,-2.4,0.32
0.024796,-2.4,0.32
0.0248,-2.4,0.32
0.024804,-2.32,0.32
0.024808,-2.32,0.32
0.024812,-2.4,0.32
0.024816,-2.4,0.32
0.02482,-2.4,0.32
0.024824,-2.4,0.24
0.024828,-2.4,0.24
0.024832,-2.4,0.24
0.024836,-2.4,0.32
0.02484,-2.4,0.32
0.024844,-2.4,0.32
0.024848,-2.4,0.24
0.024852,-2.4,0.24
0.024856,-2.4,0.24
0.02486,-2.4,0.24
0.024864,-2.4,0.24
0.024868,-2.4,0.24
0.024872,-2.4,0.24
0.024876,-2.4,0.24
0.02488,-2.4,0.24
0.024884,-2.4,0.32
0.024888,-2.4,0.32
0.024892,-2.4,0.24
0.024896,-2.4,0.32
0.0249,-2.4,0.32
0.024904,-2.4,0.32
0.024908,-2.4,0.32
0.024912,-2.4,0.24
0.024916,-2.4,0.24
0.02492,-2.4,0.32
0.024924,-2.4,0.32
0.024928,-2.4,0.24
0.024932,-2.4,0.24
0.024936,-2.4,0.24
0.02494,-2.4,0.24
0.024944,-2.4,0.24
0.024948,-2.4,0.24
0.024952,-2.4,0.24
0.024956,-2.4,0.24
0.02496,-2.4,0.24
0.024964,-2.4,0.24
0.024968,-2.4,0.24
0.024972,-2.4,0.24
0.024976,-2.4,0.32
0.02498,-2.4,0.32
0.024984,-2.4,0.32
0.024988,-2.4,0.32
0.024992,-2.4,0.32
0.024996,-2.4,0.32
