0.00244,-2.24,-0.08
0.002442,-2.24,-0.08
0.002444,-2.24,-0.08
0.002446,-2.24,0
0.002448,-2.16,0
0.00245,-2.16,0
0.002452,-2.16,0
0.002454,-2.16,0
0.002456,-2.16,0
0.002458,-2.16,0
0.00246,-2.16,0
0.002462,-2.16,0
0.002464,-2.16,0
0.002466,-2.24,0.08
0.002468,-2.24,0
0.00247,-2.24,0.08
0.002472,-2.16,0.08
0.002474,-2.16,0.08
0.002476,-2.24,0
0.002478,-2.24,0
0.00248,-2.24,0
0.002482,-2.16,0
0.002484,-2.24,0
0.002486,-2.16,0
0.002488,-2.24,-0.08
0.00249,-2.24,-0.08
0.002492,-2.16,-0.08
0.002494,-2.24,-0.08
0.002496,-2.16,-0.08
0.002498,-2.16,0
0.0025,-2.16,0
0.002502,-2.16,0
0.002504,-2.16,-0.08
0.002506,-2.16,-0.08
0.002508,-2.16,-0.08
0.00251,-2.16,-0.08
0.002512,-2.16,-0.08
0.002514,-2.24,-0.08
0.002516,-2.24,-0.08
0.002518,-2.24,0
0.00252,-2.24,-0.08
0.002522,-2.24,-0.08
0.002524,-2.32,0
0.002526,-2.24,0
0.002528,-2.24,0
0.00253,-2.24,0
0.002532,-2.24,0
0.002534,-2.24,0
0.002536,-2.24,0
0.002538,-2.24,0
0.00254,-2.24,0
0.002542,-2.24,0
0.002544,-2.16,-0.08
0.002546,-2.24,-0.08
0.002548,-2.24,-0.08
0.00255,-2.24,0
0.002552,-2.24,0
0.002554,-2.24,0
0.002556,-2.24,0.08
0.002558,-2.32,0
0.00256,-2.24,0.08
0.002562,-2.24,0.08
0.002564,-2.16,0.08
0.002566,-2.24,0
0.002568,-2.24,0
0.00257,-2.24,0
0.002572,-2.32,0
0.002574,-2.32,0.08
0.002576,-2.24,0.08
0.002578,-2.24,0.08
0.00258,-2.24,0.08
0.002582,-2.24,0.08
0.002584,-2.24,0.08
0.002586,-2.24,0.08
0.002588,-2.24,0
0.00259,-2.24,0
0.002592,-2.24,0
0.002594,-2.24,0
0.002596,-2.24,0
0.002598,-2.24,0
0.0026,-2.32,0
0.002602,-2.24,0.08
0.002604,-2.24,0.08
0.002606,-2.24,0.08
0.002608,-2.16,0.16
0.00261,-2.24,0.08
0.002612,-2.24,0.08
0.002614,-2.24,0.08
0.002616,-2.24,0.08
0.002618,-2.24,0
0.00262,-2.24,0.08
0.002622,-2.24,0.08
0.002624,-2.24,0
0.002626,-2.24,0
0.002628,-2.24,0
0.00263,-2.24,0
0.002632,-2.24,0
0.002634,-2.32,0.08
0.002636,-2.32,0.08
0.002638,-2.24,0.08
0.00264,-2.24,0.08
0.002642,-2.24,0.08
0.002644,-2.24,0.16
0.002646,-2.24,0.08
0.002648,-2.16,0.08
0.00265,-2.16,0.16
0.002652,-2.16,0.16
0.002654,-2.16,0.08
0.002656,-2.24,0.08
0.002658,-2.24,0.08
0.00266,-2.24,0.08
0.002662,-2.32,0.16
0.002664,-2.32,0.08
0.002666,-2.32,0.16
0.002668,-2.32,0.16
0.00267,-2.32,0.08
0.002672,-2.24,0.08
0.002674,-2.32,0.08
0.002676,-2.4,0.08
0.002678,-2.32,0.08
0.00268,-2.4,0.08
0.002682,-2.32,0.08
0.002684,-2.32,0.08
0.002686,-2.32,0.08
0.002688,-2.24,0.08
0.00269,-2.32,0.08
0.002692,-2.24,0.08
0.002694,-2.24,0.16
0.002696,-2.24,0.16
0.002698,-2.24,0.08
0.0027,-2.24,0.08
0.002702,-2.24,0.08
0.002704,-2.32,0.08
0.002706,-2.24,0.16
0.002708,-2.24,0.08
0.00271,-2.24,0.16
0.002712,-2.24,0.24
0.002714,-2.24,0.16
0.002716,-2.24,0.16
0.002718,-2.24,0.16
0.00272,-2.32,0.16
0.002722,-2.24,0.16
0.002724,-2.32,0.08
0.002726,-2.32,0.08
0.002728,-2.32,0.08
0.00273,-2.32,0.08
0.002732,-2.24,0.08
0.002734,-2.24,0
0.002736,-2.24,0.08
0.002738,-2.24,0.08
0.00274,-2.24,0.08
0.002742,-2.32,0.08
0.002744,-2.4,0.08
0.002746,-2.32,0.08
0.002748,-2.32,0.16
0.00275,-2.32,0.16
0.002752,-2.24,0.08
0.002754,-2.24,0.08
0.002756,-2.24,0.08
0.002758,-2.24,0.16
0.00276,-2.24,0.16
0.002762,-2.24,0.16
0.002764,-2.24,0.16
0.002766,-2.32,0.16
0.002768,-2.24,0.16
0.00277,-2.32,0.16
0.002772,-2.32,0.16
0.002774,-2.24,0.16
0.002776,-2.24,0.16
0.002778,-2.24,0.08
0.00278,-2.24,0.08
0.002782,-2.24,0.08
0.002784,-2.32,0.08
0.002786,-2.32,0.16
0.002788,-2.4,0.16
0.00279,-2.32,0.16
0.002792,-2.24,0.16
0.002794,-2.24,0.16
0.002796,-2.24,0.16
0.002798,-2.24,0.08
0.0028,-2.24,0.16
0.002802,-2.24,0.08
0.002804,-2.32,0.16
0.002806,-2.32,0.16
0.002808,-2.32,0.16
0.00281,-2.32,0.08
0.002812,-2.32,0.16
0.002814,-2.32,0.16
0.002816,-2.32,0.16
0.002818,-2.32,0.16
0.00282,-2.24,0.16
0.002822,-2.32,0.16
0.002824,-2.24,0.16
0.002826,-2.32,0.16
0.002828,-2.4,0.16
0.00283,-2.32,0.08
0.002832,-2.32,0.08
0.002834,-2.32,0.08
0.002836,-2.32,0.08
0.002838,-2.32,0.08
0.00284,-2.24,0.08
0.002842,-2.32,0.08
0.002844,-2.32,0.08
0.002846,-2.32,0.08
0.002848,-2.32,0.08
0.00285,-2.32,0.16
0.002852,-2.32,0.16
0.002854,-2.24,0.16
0.002856,-2.24,0.16
0.002858,-2.24,0.24
0.00286,-2.32,0.16
0.002862,-2.32,0.16
0.002864,-2.32,0.16
0.002866,-2.4,0.16
0.002868,-2.4,0.08
0.00287,-2.32,0.16
0.002872,-2.32,0.16
0.002874,-2.32,0.16
0.002876,-2.32,0.08
0.002878,-2.32,0.08
0.00288,-2.32,0.08
0.002882,-2.32,0.16
0.002884,-2.24,0.16
0.002886,-2.32,0.16
0.002888,-2.24,0.16
0.00289,-2.32,0.16
0.002892,-2.32,0.16
0.002894,-2.24,0.08
0.002896,-2.32,0.16
0.002898,-2.24,0.24
0.0029,-2.24,0.16
0.002902,-2.16,0.16
0.002904,-2.16,0.16
0.002906,-2.16,0.16
0.002908,-2.24,0.16
0.00291,-2.16,0.16
0.002912,-2.24,0.16
0.002914,-2.24,0.16
0.002916,-2.24,0.08
0.002918,-2.24,0.16
0.00292,-2.24,0.16
0.002922,-2.24,0.08
0.002924,-2.24,0.16
0.002926,-2.24,0.16
0.002928,-2.32,0.16
0.00293,-2.32,0.16
0.002932,-2.32,0.16
0.002934,-2.24,0.08
0.002936,-2.32,0.16
0.002938,-2.32,0.16
0.00294,-2.32,0.16
0.002942,-2.32,0.16
0.002944,-2.32,0.16
0.002946,-2.32,0.24
0.002948,-2.4,0.24
0.00295,-2.32,0.32
0.002952,-2.32,0.24
0.002954,-2.32,0.32
0.002956,-2.32,0.24
0.002958,-2.24,0.24
0.00296,-2.24,0.32
0.002962,-2.24,0.24
0.002964,-2.24,0.24
0.002966,-2.24,0.16
0.002968,-2.24,0.24
0.00297,-2.24,0.16
0.002972,-2.32,0.16
0.002974,-2.32,0.16
0.002976,-2.32,0.24
0.002978,-2.32,0.16
0.00298,-2.24,0.08
0.002982,-2.24,0.08
0.002984,-2.24,0.08
0.002986,-2.24,0.08
0.002988,-2.24,0.16
0.00299,-2.24,0.08
0.002992,-2.24,0.16
0.002994,-2.24,0.16
0.002996,-2.24,0.08
0.002998,-2.24,0.16
0.003,-2.24,0.16
0.003002,-2.24,0.08
0.003004,-2.24,0.16
0.003006,-2.24,0.08
0.003008,-2.24,0.08
0.00301,-2.24,0.08
0.003012,-2.24,0.08
0.003014,-2.24,0.08
0.003016,-2.24,0.08
0.003018,-2.24,0
0.00302,-2.24,0.08
0.003022,-2.24,0.08
0.003024,-2.24,0.08
0.003026,-2.24,0.16
0.003028,-2.24,0.16
0.00303,-2.24,0.16
0.003032,-2.24,0.08
0.003034,-2.32,0.08
0.003036,-2.32,0.08
0.003038,-2.32,0.08
0.00304,-2.32,0.08
0.003042,-2.4,0.08
0.003044,-2.4,0.16
0.003046,-2.4,0.16
0.003048,-2.32,0.16
0.00305,-2.32,0.16
0.003052,-2.24,0.08
0.003054,-2.24,0.16
0.003056,-2.24,0.16
0.003058,-2.24,0.16
0.00306,-2.24,0.16
0.003062,-2.24,0.16
0.003064,-2.24,0.16
0.003066,-2.24,0.16
0.003068,-2.16,0.24
0.00307,-2.24,0.16
0.003072,-2.24,0.24
0.003074,-2.16,0.24
0.003076,-2.24,0.24
0.003078,-2.24,0.24
0.00308,-2.24,0.24
0.003082,-2.24,0.24
0.003084,-2.24,0.16
0.003086,-2.24,0.16
0.003088,-2.24,0.24
0.00309,-2.24,0.16
0.003092,-2.24,0.16
0.003094,-2.24,0.16
0.003096,-2.16,0.16
0.003098,-2.16,0.16
0.0031,-2.24,0.08
0.003102,-2.24,0.08
0.003104,-2.24,0.16
0.003106,-2.24,0.08
0.003108,-2.24,0.08
0.00311,-2.24,0.16
0.003112,-2.16,0.16
0.003114,-2.16,0.16
0.003116,-2.24,0.16
0.003118,-2.24,0.16
0.00312,-2.24,0.08
0.003122,-2.24,0.16
0.003124,-2.24,0.16
0.003126,-2.24,0.16
0.003128,-2.24,0.16
0.00313,-2.24,0.16
0.003132,-2.24,0.24
0.003134,-2.24,0.16
0.003136,-2.24,0.24
0.003138,-2.24,0.24
0.00314,-2.24,0.16
0.003142,-2.24,0.16
0.003144,-2.24,0.24
0.003146,-2.24,0.24
0.003148,-2.24,0.16
0.00315,-2.24,0.16
0.003152,-2.24,0.16
0.003154,-2.24,0.16
0.003156,-2.24,0.16
0.003158,-2.24,0.16
0.00316,-2.16,0.16
0.003162,-2.24,0.24
0.003164,-2.24,0.16
0.003166,-2.24,0.16
0.003168,-2.24,0.16
0.00317,-2.24,0.16
0.003172,-2.24,0.16
0.003174,-2.24,0.16
0.003176,-2.24,0.16
0.003178,-2.24,0.16
0.00318,-2.24,0.16
0.003182,-2.24,0.16
0.003184,-2.24,0.16
0.003186,-2.24,0.16
0.003188,-2.16,0.08
0.00319,-2.24,0.08
0.003192,-2.16,0.16
0.003194,-2.24,0.08
0.003196,-2.24,0.16
0.003198,-2.24,0.08
0.0032,-2.24,0.08
0.003202,-2.24,0.16
0.003204,-2.24,0.16
0.003206,-2.32,0.16
0.003208,-2.24,0.16
0.00321,-2.24,0.16
0.003212,-2.32,0.16
0.003214,-2.32,0.16
0.003216,-2.32,0.16
0.003218,-2.32,0.16
0.00322,-2.32,0.16
0.003222,-2.24,0.16
0.003224,-2.24,0.16
0.003226,-2.24,0.16
0.003228,-2.24,0.16
0.00323,-2.24,0.16
0.003232,-2.16,0.24
0.003234,-2.24,0.16
0.003236,-2.24,0.16
0.003238,-2.24,0.16
0.00324,-2.16,0.16
0.003242,-2.24,0.16
0.003244,-2.16,0.16
0.003246,-2.16,0.16
0.003248,-2.16,0.16
0.00325,-2.16,0.24
0.003252,-2.08,0.16
0.003254,-2.16,0.16
0.003256,-2.16,0.16
0.003258,-2.24,0.16
0.00326,-2.24,0.16
0.003262,-2.24,0.16
0.003264,-2.24,0.16
0.003266,-2.24,0.16
0.003268,-2.24,0.16
0.00327,-2.16,0.16
0.003272,-2.16,0.16
0.003274,-2.24,0.16
0.003276,-2.24,0.16
0.003278,-2.24,0.16
0.00328,-2.32,0.24
0.003282,-2.24,0.16
0.003284,-2.24,0.24
0.003286,-2.24,0.16
0.003288,-2.16,0.16
0.00329,-2.16,0.24
0.003292,-2.16,0.16
0.003294,-2.16,0.16
0.003296,-2.16,0.16
0.003298,-2.16,0.16
0.0033,-2.24,0.16
0.003302,-2.16,0.16
0.003304,-2.24,0.16
0.003306,-2.24,0.16
0.003308,-2.24,0.16
0.00331,-2.24,0.16
0.003312,-2.16,0.16
0.003314,-2.24,0.16
0.003316,-2.24,0.16
0.003318,-2.24,0.16
0.00332,-2.24,0.24
0.003322,-2.24,0.24
0.003324,-2.24,0.24
0.003326,-2.24,0.24
0.003328,-2.24,0.24
0.00333,-2.24,0.24
0.003332,-2.24,0.16
0.003334,-2.24,0.16
0.003336,-2.24,0.24
0.003338,-2.24,0.24
0.00334,-2.24,0.16
0.003342,-2.24,0.16
0.003344,-2.24,0.16
0.003346,-2.24,0.16
0.003348,-2.24,0.24
0.00335,-2.24,0.24
0.003352,-2.24,0.24
0.003354,-2.24,0.24
0.003356,-2.24,0.16
0.003358,-2.24,0.16
0.00336,-2.24,0.16
0.003362,-2.32,0.16
0.003364,-2.32,0.16
0.003366,-2.24,0.16
0.003368,-2.32,0.16
0.00337,-2.24,0.24
0.003372,-2.24,0.24
0.003374,-2.24,0.24
0.003376,-2.24,0.24
0.003378,-2.24,0.24
0.00338,-2.24,0.24
0.003382,-2.24,0.24
0.003384,-2.24,0.16
0.003386,-2.24,0.16
0.003388,-2.24,0.16
0.00339,-2.24,0.16
0.003392,-2.16,0.16
0.003394,-2.16,0.16
0.003396,-2.16,0.16
0.003398,-2.08,0.16
0.0034,-2.16,0.16
0.003402,-2.16,0.16
0.003404,-2.24,0.16
0.003406,-2.24,0.16
0.003408,-2.32,0.16
0.00341,-2.32,0.16
0.003412,-2.32,0.24
0.003414,-2.24,0.16
0.003416,-2.24,0.16
0.003418,-2.24,0.16
0.00342,-2.24,0.16
0.003422,-2.24,0.16
0.003424,-2.24,0.16
0.003426,-2.24,0.24
0.003428,-2.24,0.24
0.00343,-2.24,0.24
0.003432,-2.24,0.24
0.003434,-2.24,0.24
0.003436,-2.16,0.16
0.003438,-2.16,0.16
0.00344,-2.16,0.16
0.003442,-2.16,0.16
0.003444,-2.24,0.16
0.003446,-2.16,0.16
0.003448,-2.24,0.16
0.00345,-2.16,0.16
0.003452,-2.24,0.16
0.003454,-2.24,0.16
0.003456,-2.24,0.16
0.003458,-2.16,0.16
0.00346,-2.24,0.16
0.003462,-2.16,0.16
0.003464,-2.16,0.16
0.003466,-2.16,0.16
0.003468,-2.16,0.16
0.00347,-2.24,0.16
0.003472,-2.24,0.16
0.003474,-2.24,0.16
0.003476,-2.24,0.16
0.003478,-2.24,0.16
0.00348,-2.16,0.24
0.003482,-2.16,0.16
0.003484,-2.16,0.24
0.003486,-2.16,0.24
0.003488,-2.16,0.16
0.00349,-2.16,0.24
0.003492,-2.16,0.24
0.003494,-2.16,0.16
0.003496,-2.24,0.16
0.003498,-2.24,0.16
0.0035,-2.24,0.16
0.003502,-2.24,0.16
0.003504,-2.16,0.16
0.003506,-2.16,0.16
0.003508,-2.24,0.16
0.00351,-2.24,0.16
0.003512,-2.24,0.16
0.003514,-2.24,0.16
0.003516,-2.24,0.16
0.003518,-2.16,0.16
0.00352,-2.24,0.16
0.003522,-2.24,0.16
0.003524,-2.16,0.16
0.003526,-2.16,0.16
0.003528,-2.16,0.08
0.00353,-2.24,0.16
0.003532,-2.24,0.16
0.003534,-2.24,0.16
0.003536,-2.24,0.16
0.003538,-2.24,0.16
0.00354,-2.24,0.16
0.003542,-2.24,0.24
0.003544,-2.16,0.16
0.003546,-2.24,0.24
0.003548,-2.16,0.16
0.00355,-2.16,0.16
0.003552,-2.16,0.16
0.003554,-2.16,0.24
0.003556,-2.16,0.24
0.003558,-2.16,0.24
0.00356,-2.16,0.24
0.003562,-2.16,0.24
0.003564,-2.16,0.24
0.003566,-2.16,0.24
0.003568,-2.16,0.24
0.00357,-2.16,0.16
0.003572,-2.24,0.16
0.003574,-2.16,0.16
0.003576,-2.24,0.16
0.003578,-2.24,0.16
0.00358,-2.24,0.16
0.003582,-2.24,0.16
0.003584,-2.24,0.16
0.003586,-2.24,0.16
0.003588,-2.16,0.24
0.00359,-2.16,0.24
0.003592,-2.16,0.16
0.003594,-2.16,0.16
0.003596,-2.16,0.16
0.003598,-2.16,0.16
0.0036,-2.16,0.16
0.003602,-2.16,0.16
0.003604,-2.16,0.16
0.003606,-2.16,0.16
0.003608,-2.16,0.16
0.00361,-2.24,0.16
0.003612,-2.24,0.16
0.003614,-2.16,0.16
0.003616,-2.24,0.16
0.003618,-2.24,0.16
0.00362,-2.24,0.16
0.003622,-2.32,0.16
0.003624,-2.32,0.16
0.003626,-2.32,0.16
0.003628,-2.32,0.16
0.00363,-2.24,0.16
0.003632,-2.24,0.16
0.003634,-2.24,0.16
0.003636,-2.16,0.16
0.003638,-2.16,0.16
0.00364,-2.16,0.16
0.003642,-2.16,0.16
0.003644,-2.24,0.16
0.003646,-2.24,0.16
0.003648,-2.16,0.16
0.00365,-2.24,0.16
0.003652,-2.16,0.16
0.003654,-2.16,0.16
0.003656,-2.24,0.24
0.003658,-2.16,0.24
0.00366,-2.24,0.24
0.003662,-2.24,0.24
0.003664,-2.24,0.24
0.003666,-2.24,0.16
0.003668,-2.24,0.24
0.00367,-2.16,0.24
0.003672,-2.16,0.24
0.003674,-2.16,0.16
0.003676,-2.08,0.24
0.003678,-2.16,0.24
0.00368,-2.16,0.16
0.003682,-2.16,0.16
0.003684,-2.16,0.16
0.003686,-2.16,0.16
0.003688,-2.16,0.24
0.00369,-2.16,0.16
0.003692,-2.16,0.16
0.003694,-2.16,0.24
0.003696,-2.16,0.24
0.003698,-2.16,0.24
0.0037,-2.16,0.24
0.003702,-2.16,0.24
0.003704,-2.08,0.24
0.003706,-2.16,0.16
0.003708,-2.16,0.24
0.00371,-2.16,0.24
0.003712,-2.08,0.16
0.003714,-2.16,0.24
0.003716,-2.16,0.16
0.003718,-2.16,0.24
0.00372,-2.16,0.24
0.003722,-2.24,0.16
0.003724,-2.16,0.16
0.003726,-2.16,0.16
0.003728,-2.16,0.16
0.00373,-2.16,0.16
0.003732,-2.16,0.16
0.003734,-2.16,0.16
0.003736,-2.16,0.16
0.003738,-2.16,0.16
0.00374,-2.08,0.16
0.003742,-2.08,0.16
0.003744,-2.08,0.16
0.003746,-2.08,0.08
0.003748,-2.16,0.08
0.00375,-2.16,0.08
0.003752,-2.16,0.08
0.003754,-2.16,0.08
0.003756,-2.16,0.08
0.003758,-2.16,0.08
0.00376,-2.16,0.16
0.003762,-2.16,0.16
0.003764,-2.16,0.16
0.003766,-2.16,0.08
0.003768,-2.16,0.16
0.00377,-2.16,0.16
0.003772,-2.16,0.16
0.003774,-2.16,0.16
0.003776,-2.16,0.16
0.003778,-2.16,0.16
0.00378,-2.16,0.16
0.003782,-2.16,0.16
0.003784,-2.16,0.16
0.003786,-2.16,0.16
0.003788,-2.16,0.16
0.00379,-2.16,0.16
0.003792,-2.16,0.24
0.003794,-2.16,0.16
0.003796,-2.16,0.16
0.003798,-2.16,0.24
0.0038,-2.16,0.16
0.003802,-2.16,0.16
0.003804,-2.08,0.24
0.003806,-2.16,0.24
0.003808,-2.16,0.24
0.00381,-2.16,0.24
0.003812,-2.16,0.24
0.003814,-2.16,0.24
0.003816,-2.16,0.24
0.003818,-2.16,0.24
0.00382,-2.16,0.24
0.003822,-2.16,0.24
0.003824,-2.08,0.24
0.003826,-2.08,0.24
0.003828,-2.08,0.16
0.00383,-2.08,0.16
0.003832,-2.08,0.08
0.003834,-2.08,0.08
0.003836,-2.08,0.08
0.003838,-2.08,0.08
0.00384,-2.16,0.08
0.003842,-2.16,0.08
0.003844,-2.08,0.16
0.003846,-2.08,0.16
0.003848,-2.08,0.16
0.00385,-2.16,0.16
0.003852,-2.16,0.16
0.003854,-2.16,0.16
0.003856,-2.16,0.16
0.003858,-2.08,0.16
0.00386,-2.08,0.16
0.003862,-2.08,0.16
0.003864,-2.08,0.08
0.003866,-2.08,0.08
0.003868,-2.08,0
0.00387,-2.08,0.08
0.003872,-2.08,0.08
0.003874,-2.08,0.08
0.003876,-2.08,0.08
0.003878,-2.08,0.08
0.00388,-2.08,0.08
0.003882,-2.16,0.08
0.003884,-2.16,0.08
0.003886,-2.16,0.08
0.003888,-2.16,0.08
0.00389,-2.16,0.16
0.003892,-2.16,0.16
0.003894,-2.16,0.16
0.003896,-2.08,0.24
0.003898,-2.08,0.16
0.0039,-2.08,0.24
0.003902,-2.08,0.24
0.003904,-2.08,0.16
0.003906,-2.08,0.24
0.003908,-2.08,0.24
0.00391,-2.08,0.24
0.003912,-2.08,0.24
0.003914,-2.08,0.24
0.003916,-2.08,0.24
0.003918,-2.08,0.24
0.00392,-2.08,0.24
0.003922,-2.08,0.16
0.003924,-2.08,0.16
0.003926,-2.16,0.16
0.003928,-2.16,0.16
0.00393,-2.08,0.16
0.003932,-2.08,0.16
0.003934,-2.16,0.16
0.003936,-2.16,0.16
0.003938,-2.16,0.16
0.00394,-2.16,0.16
0.003942,-2.16,0.08
0.003944,-2.16,0.08
0.003946,-2.16,0.08
0.003948,-2.16,0.16
0.00395,-2.16,0.08
0.003952,-2.16,0.08
0.003954,-2.16,0.08
0.003956,-2.16,0.08
0.003958,-2.16,0.08
0.00396,-2.16,0.08
0.003962,-2.16,0.16
0.003964,-2.16,0.16
0.003966,-2.24,0.16
0.003968,-2.24,0.24
0.00397,-2.24,0.16
0.003972,-2.16,0.16
0.003974,-2.16,0.16
0.003976,-2.16,0.16
0.003978,-2.16,0.24
0.00398,-2.16,0.16
0.003982,-2.16,0.16
0.003984,-2.16,0.16
0.003986,-2.16,0.16
0.003988,-2.16,0.16
0.00399,-2.16,0.16
0.003992,-2.16,0.16
0.003994,-2.16,0.16
0.003996,-2.16,0.16
0.003998,-2.16,0.16
0.004,-2.16,0.16
0.004002,-2.24,0.16
0.004004,-2.24,0.16
0.004006,-2.16,0.16
0.004008,-2.16,0.16
0.00401,-2.16,0.08
0.004012,-2.16,0.16
0.004014,-2.16,0.16
0.004016,-2.08,0.16
0.004018,-2.16,0.16
0.00402,-2.08,0.16
0.004022,-2.08,0.16
0.004024,-2.16,0.16
0.004026,-2.16,0.16
0.004028,-2.24,0.16
0.00403,-2.16,0.08
0.004032,-2.16,0.16
0.004034,-2.16,0.16
0.004036,-2.16,0.16
0.004038,-2.16,0.16
0.00404,-2.08,0.16
0.004042,-2.16,0.16
0.004044,-2.08,0.16
0.004046,-2.16,0.16
0.004048,-2.08,0.16
0.00405,-2.16,0.16
0.004052,-2.16,0.08
0.004054,-2.16,0.08
0.004056,-2.16,0.08
0.004058,-2.16,0.16
0.00406,-2.24,0.16
0.004062,-2.16,0.16
0.004064,-2.16,0.08
0.004066,-2.16,0.08
0.004068,-2.16,0.16
0.00407,-2.16,0.08
0.004072,-2.16,0.16
0.004074,-2.16,0.16
0.004076,-2.16,0.16
0.004078,-2.16,0.16
0.00408,-2.16,0.16
0.004082,-2.16,0.16
0.004084,-2.08,0.16
0.004086,-2.16,0.16
0.004088,-2.08,0.16
0.00409,-2.16,0.16
0.004092,-2.16,0.08
0.004094,-2.16,0.08
0.004096,-2.16,0.16
0.004098,-2.16,0.08
0.0041,-2.16,0.08
0.004102,-2.16,0.16
0.004104,-2.16,0.08
0.004106,-2.16,0.16
0.004108,-2.16,0.08
0.00411,-2.16,0.08
0.004112,-2.08,0.08
0.004114,-2.08,0.08
0.004116,-2.16,0.16
0.004118,-2.16,0.16
0.00412,-2.08,0.16
0.004122,-2.08,0.16
0.004124,-2.08,0.16
0.004126,-2.08,0.16
0.004128,-2.16,0.16
0.00413,-2.16,0.16
0.004132,-2.16,0.16
0.004134,-2.16,0.08
0.004136,-2.16,0.16
0.004138,-2.16,0.16
0.00414,-2.24,0.16
0.004142,-2.24,0.16
0.004144,-2.16,0.16
0.004146,-2.16,0.16
0.004148,-2.16,0.24
0.00415,-2.16,0.16
0.004152,-2.16,0.08
0.004154,-2.16,0.08
0.004156,-2.16,0.16
0.004158,-2.16,0.16
0.00416,-2.16,0.16
0.004162,-2.16,0.16
0.004164,-2.16,0.16
0.004166,-2.16,0.16
0.004168,-2.16,0.16
0.00417,-2.16,0.16
0.004172,-2.24,0.16
0.004174,-2.16,0.16
0.004176,-2.24,0.16
0.004178,-2.16,0.16
0.00418,-2.16,0.16
0.004182,-2.16,0.16
0.004184,-2.16,0.16
0.004186,-2.16,0.16
0.004188,-2.16,0.08
0.00419,-2.16,0.08
0.004192,-2.16,0.16
0.004194,-2.16,0.16
0.004196,-2.16,0.08
0.004198,-2.16,0.08
0.0042,-2.16,0.08
0.004202,-2.24,0.08
0.004204,-2.24,0.08
0.004206,-2.16,0.08
0.004208,-2.16,0.08
0.00421,-2.16,0.16
0.004212,-2.16,0.08
0.004214,-2.08,0.08
0.004216,-2.16,0.08
0.004218,-2.16,0.08
0.00422,-2.16,0.08
0.004222,-2.24,0.08
0.004224,-2.24,0.08
0.004226,-2.24,0.08
0.004228,-2.24,0.08
0.00423,-2.16,0.08
0.004232,-2.16,0.08
0.004234,-2.08,0.16
0.004236,-2.08,0.24
0.004238,-2.16,0.16
0.00424,-2.08,0.16
0.004242,-2.08,0.08
0.004244,-2.16,0.08
0.004246,-2.16,0.16
0.004248,-2.16,0.08
0.00425,-2.16,0.08
0.004252,-2.24,0.08
0.004254,-2.16,0.08
0.004256,-2.16,0.08
0.004258,-2.16,0.08
0.00426,-2.16,0.08
0.004262,-2.16,0.16
0.004264,-2.16,0.08
0.004266,-2.16,0.16
0.004268,-2.16,0.16
0.00427,-2.16,0.16
0.004272,-2.16,0.16
0.004274,-2.16,0.16
0.004276,-2.16,0.16
0.004278,-2.08,0.16
0.00428,-2.08,0.08
0.004282,-2.16,0.08
0.004284,-2.16,0.16
0.004286,-2.16,0.16
0.004288,-2.16,0.16
0.00429,-2.16,0.16
0.004292,-2.08,0.16
0.004294,-2.08,0.16
0.004296,-2.08,0.08
0.004298,-2.16,0.16
0.0043,-2.16,0.16
0.004302,-2.16,0.16
0.004304,-2.16,0.16
0.004306,-2.16,0.16
0.004308,-2.16,0.16
0.00431,-2.16,0.16
0.004312,-2.16,0.16
0.004314,-2.16,0.16
0.004316,-2.16,0.16
0.004318,-2.16,0.16
0.00432,-2.24,0.16
0.004322,-2.24,0.16
0.004324,-2.24,0.16
0.004326,-2.24,0.16
0.004328,-2.24,0.16
0.00433,-2.24,0.24
0.004332,-2.24,0.16
0.004334,-2.24,0.16
0.004336,-2.24,0.16
0.004338,-2.24,0.16
0.00434,-2.16,0.16
0.004342,-2.16,0.16
0.004344,-2.16,0.08
0.004346,-2.08,0.08
0.004348,-2.16,0
0.00435,-2.16,0.08
0.004352,-2.24,0.08
0.004354,-2.24,0.08
0.004356,-2.24,0.08
0.004358,-2.24,0.08
0.00436,-2.24,0.16
0.004362,-2.24,0.08
0.004364,-2.16,0.08
0.004366,-2.16,0.08
0.004368,-2.16,0
0.00437,-2.24,0.08
0.004372,-2.16,0
0.004374,-2.24,0.08
0.004376,-2.24,0.08
0.004378,-2.24,0.08
0.00438,-2.16,0
0.004382,-2.16,0
0.004384,-2.16,0
0.004386,-2.16,0
0.004388,-2.16,0
0.00439,-2.24,0
0.004392,-2.24,0
0.004394,-2.24,0
0.004396,-2.24,0
0.004398,-2.24,0
0.0044,-2.24,0
0.004402,-2.24,0
0.004404,-2.16,0
0.004406,-2.16,0
0.004408,-2.24,0
0.00441,-2.24,-0.08
0.004412,-2.16,-0.08
0.004414,-2.16,-0.08
0.004416,-2.16,-0.08
0.004418,-2.16,0
0.00442,-2.16,-0.08
0.004422,-2.16,0
0.004424,-2.16,0
0.004426,-2.16,0
0.004428,-2.16,0
0.00443,-2.16,0
0.004432,-2.16,0.08
0.004434,-2.24,0
0.004436,-2.24,0.08
0.004438,-2.16,0.08
0.00444,-2.16,0.08
0.004442,-2.16,0.08
0.004444,-2.16,0.08
0.004446,-2.08,0.08
0.004448,-2.08,0
0.00445,-2.08,0
0.004452,-2.08,0
0.004454,-2.08,0
0.004456,-2.08,0
0.004458,-2.16,0
0.00446,-2.16,0
0.004462,-2.16,0
0.004464,-2.16,0.08
0.004466,-2.16,0
0.004468,-2.24,0
0.00447,-2.24,0
0.004472,-2.24,0
0.004474,-2.24,0
0.004476,-2.24,0
0.004478,-2.24,0
0.00448,-2.24,0
0.004482,-2.32,0.08
0.004484,-2.24,0
0.004486,-2.24,0.08
0.004488,-2.24,0.08
0.00449,-2.24,0
0.004492,-2.24,0.08
0.004494,-2.24,0.16
0.004496,-2.16,0.08
0.004498,-2.24,0.08
0.0045,-2.24,0.08
0.004502,-2.24,0.08
0.004504,-2.24,0.08
0.004506,-2.16,0.08
0.004508,-2.16,0
0.00451,-2.16,0
0.004512,-2.16,0
0.004514,-2.16,0
0.004516,-2.16,0
0.004518,-2.16,0
0.00452,-2.24,0
0.004522,-2.24,0
0.004524,-2.24,0
0.004526,-2.24,0
0.004528,-2.24,0
0.00453,-2.16,0
0.004532,-2.16,0.08
0.004534,-2.24,0.08
0.004536,-2.24,0.16
0.004538,-2.24,0.16
0.00454,-2.16,0.08
0.004542,-2.16,0
0.004544,-2.16,0
0.004546,-2.16,0
0.004548,-2.16,0
0.00455,-2.16,0
0.004552,-2.16,0.08
0.004554,-2.16,0.08
0.004556,-2.16,0
0.004558,-2.16,0.08
0.00456,-2.16,0
0.004562,-2.24,0
0.004564,-2.24,0
0.004566,-2.24,0
0.004568,-2.16,0
0.00457,-2.16,0
0.004572,-2.16,0.08
0.004574,-2.16,0.08
0.004576,-2.08,0.08
0.004578,-2.08,0.08
0.00458,-2.16,0.08
0.004582,-2.16,0.08
0.004584,-2.16,0.08
0.004586,-2.16,0.08
0.004588,-2.16,0.08
0.00459,-2.16,0.08
0.004592,-2.16,0.08
0.004594,-2.16,0.08
0.004596,-2.16,0.08
0.004598,-2.16,0.08
0.0046,-2.16,0.08
0.004602,-2.16,0.08
0.004604,-2.16,0.16
0.004606,-2.24,0.08
0.004608,-2.24,0.16
0.00461,-2.16,0.16
0.004612,-2.24,0.16
0.004614,-2.24,0.16
0.004616,-2.16,0.08
0.004618,-2.16,0.08
0.00462,-2.24,0.08
0.004622,-2.16,0.08
0.004624,-2.16,0.08
0.004626,-2.16,0.08
0.004628,-2.16,0.16
0.00463,-2.16,0.08
0.004632,-2.16,0.08
0.004634,-2.16,0.08
0.004636,-2.24,0.08
0.004638,-2.16,0.08
0.00464,-2.16,0.08
0.004642,-2.16,0.08
0.004644,-2.24,0.08
0.004646,-2.16,0.08
0.004648,-2.16,0.08
0.00465,-2.24,0
0.004652,-2.16,0.08
0.004654,-2.16,0.08
0.004656,-2.16,0.08
0.004658,-2.16,0.08
0.00466,-2.16,0.08
0.004662,-2.16,0
0.004664,-2.16,0.08
0.004666,-2.16,0.08
0.004668,-2.16,0.08
0.00467,-2.24,0.08
0.004672,-2.24,0
0.004674,-2.24,0
0.004676,-2.24,0.08
0.004678,-2.24,0.08
0.00468,-2.24,0.08
0.004682,-2.16,0.16
0.004684,-2.16,0.16
0.004686,-2.16,0.24
0.004688,-2.16,0.16
0.00469,-2.16,0.16
0.004692,-2.16,0.16
0.004694,-2.24,0.16
0.004696,-2.24,0.08
0.004698,-2.24,0.16
0.0047,-2.24,0.16
0.004702,-2.24,0.24
0.004704,-2.24,0.16
0.004706,-2.24,0.16
0.004708,-2.24,0.16
0.00471,-2.16,0.16
0.004712,-2.16,0.16
0.004714,-2.16,0.16
0.004716,-2.16,0.16
0.004718,-2.16,0.16
0.00472,-2.16,0.16
0.004722,-2.16,0.16
0.004724,-2.16,0.08
0.004726,-2.16,0.08
0.004728,-2.16,0.08
0.00473,-2.24,0.08
0.004732,-2.16,0
0.004734,-2.24,0.08
0.004736,-2.24,0.08
0.004738,-2.24,0.08
0.00474,-2.24,0.08
0.004742,-2.24,0.08
0.004744,-2.24,0.08
0.004746,-2.24,0
0.004748,-2.16,0.08
0.00475,-2.24,0.08
0.004752,-2.16,0.08
0.004754,-2.24,0.08
0.004756,-2.16,0.08
0.004758,-2.16,0.08
0.00476,-2.16,0.08
0.004762,-2.16,0.08
0.004764,-2.16,0.08
0.004766,-2.16,0
0.004768,-2.16,0.08
0.00477,-2.16,0.08
0.004772,-2.16,0.08
0.004774,-2.16,0
0.004776,-2.16,0.08
0.004778,-2.16,0.08
0.00478,-2.16,0.08
0.004782,-2.16,0.08
0.004784,-2.24,0.08
0.004786,-2.16,0.08
0.004788,-2.16,0.16
0.00479,-2.16,0.08
0.004792,-2.16,0.16
0.004794,-2.16,0.16
0.004796,-2.16,0.16
0.004798,-2.16,0.08
0.0048,-2.16,0.08
0.004802,-2.16,0.08
0.004804,-2.16,0.16
0.004806,-2.16,0.08
0.004808,-2.16,0.08
0.00481,-2.16,0.08
0.004812,-2.16,0.08
0.004814,-2.24,0.08
0.004816,-2.24,0.08
0.004818,-2.24,0.08
0.00482,-2.24,0.08
0.004822,-2.32,0.08
0.004824,-2.32,0.16
0.004826,-2.24,0.16
0.004828,-2.32,0.16
0.00483,-2.24,0.16
0.004832,-2.24,0.16
0.004834,-2.24,0.16
0.004836,-2.16,0.08
0.004838,-2.16,0.08
0.00484,-2.16,0.08
0.004842,-2.24,0.08
0.004844,-2.16,0.08
0.004846,-2.24,0
0.004848,-2.16,0
0.00485,-2.24,0
0.004852,-2.16,0
0.004854,-2.16,0
0.004856,-2.16,0.08
0.004858,-2.16,0.08
0.00486,-2.16,0.08
0.004862,-2.16,0.08
0.004864,-2.24,0.08
0.004866,-2.16,0.08
0.004868,-2.16,0.08
0.00487,-2.16,0.08
0.004872,-2.24,0.08
0.004874,-2.24,0.08
0.004876,-2.24,0.16
0.004878,-2.24,0.08
0.00488,-2.16,0
0.004882,-2.24,0
0.004884,-2.24,0.08
0.004886,-2.24,0.08
0.004888,-2.24,0
0.00489,-2.24,0
0.004892,-2.24,0
0.004894,-2.24,0
0.004896,-2.24,0
0.004898,-2.24,-0.08
0.0049,-2.24,0
0.004902,-2.24,0
0.004904,-2.24,0
0.004906,-2.24,0
0.004908,-2.24,0
0.00491,-2.24,0
0.004912,-2.16,0
0.004914,-2.16,0.08
0.004916,-2.16,0
0.004918,-2.16,0.08
0.00492,-2.16,0.08
0.004922,-2.16,0.08
0.004924,-2.16,0.08
0.004926,-2.24,0.08
0.004928,-2.24,0.08
0.00493,-2.24,0.16
0.004932,-2.16,0.16
0.004934,-2.24,0.16
0.004936,-2.16,0.08
0.004938,-2.16,0.08
0.00494,-2.16,0.16
0.004942,-2.16,0.16
0.004944,-2.16,0.08
0.004946,-2.16,0.16
0.004948,-2.16,0
0.00495,-2.16,0.08
0.004952,-2.24,0.08
0.004954,-2.24,0.08
0.004956,-2.24,0
0.004958,-2.32,0.08
0.00496,-2.32,0
0.004962,-2.32,0.08
0.004964,-2.32,0.08
0.004966,-2.24,0.08
0.004968,-2.24,0.08
0.00497,-2.24,0.08
0.004972,-2.24,0.08
0.004974,-2.24,0
0.004976,-2.24,0.08
0.004978,-2.24,0.08
0.00498,-2.16,0.08
0.004982,-2.16,0.08
0.004984,-2.16,0.08
0.004986,-2.16,0.08
0.004988,-2.16,0.08
0.00499,-2.24,0.08
0.004992,-2.16,0.08
0.004994,-2.24,0.08
0.004996,-2.24,0.08
0.004998,-2.24,0.08
0.005,-2.24,0.08
0.005002,-2.24,0.08
0.005004,-2.16,0.08
0.005006,-2.16,0.08
0.005008,-2.16,0.08
0.00501,-2.16,0.08
0.005012,-2.16,0.08
0.005014,-2.16,0
0.005016,-2.24,0.08
0.005018,-2.64,0
0.00502,-7.2,-7.2
0.005022,-7.2,-7.28
0.005024,-7.2,-7.2
0.005026,-7.2,-7.2
0.005028,-7.28,-7.2
0.00503,-7.2,6.24
0.005032,-7.2,7.2
0.005034,-7.2,7.28
0.005036,-7.2,7.28
0.005038,-7.28,7.28
0.00504,-7.2,7.28
0.005042,-7.2,7.28
0.005044,-7.2,7.28
0.005046,-7.28,7.28
0.005048,-7.2,7.28
0.00505,-7.2,7.28
0.005052,-7.2,7.28
0.005054,-7.2,7.28
0.005056,-7.2,7.28
0.005058,-7.2,7.36
0.00506,-7.2,7.28
0.005062,-7.2,7.28
0.005064,-7.2,7.28
0.005066,-7.2,7.36
0.005068,-7.2,7.28
0.00507,-7.28,7.28
0.005072,-7.2,7.36
0.005074,-7.2,7.28
0.005076,-7.2,7.28
0.005078,-7.2,7.28
0.00508,-7.2,7.28
0.005082,-7.2,7.28
0.005084,-7.2,7.28
0.005086,-7.2,7.28
0.005088,-7.2,7.28
0.00509,-7.2,7.28
0.005092,-7.2,7.28
0.005094,-7.2,7.28
0.005096,-7.2,7.28
0.005098,-7.2,7.28
0.0051,-7.2,7.28
0.005102,-7.2,7.28
0.005104,-7.2,7.28
0.005106,-7.2,7.28
0.005108,-7.2,7.28
0.00511,-7.2,7.28
0.005112,-7.2,7.28
0.005114,-7.2,7.28
0.005116,-7.2,7.28
0.005118,-7.2,7.28
0.00512,-7.2,7.28
0.005122,-7.2,7.28
0.005124,-7.2,7.28
0.005126,-7.2,7.28
0.005128,-7.2,7.28
0.00513,-7.2,7.28
0.005132,-7.2,7.28
0.005134,-7.2,7.28
0.005136,-7.2,7.28
0.005138,-7.2,7.28
0.00514,-7.2,7.28
0.005142,-7.2,7.28
0.005144,-7.2,7.28
0.005146,-7.2,7.28
0.005148,-7.2,7.28
0.00515,-7.2,7.28
0.005152,-7.2,7.28
0.005154,-7.2,7.28
0.005156,-7.2,7.28
0.005158,-7.2,7.28
0.00516,-7.2,7.28
0.005162,-7.2,7.28
0.005164,-7.2,7.28
0.005166,-7.2,7.28
0.005168,-7.2,7.28
0.00517,-7.2,7.28
0.005172,-7.2,7.2
0.005174,-7.2,7.28
0.005176,-7.2,7.28
0.005178,-7.2,7.28
0.00518,-7.2,7.28
0.005182,-7.2,7.28
0.005184,-7.2,7.28
0.005186,-7.2,7.28
0.005188,-7.2,7.28
0.00519,-7.2,7.28
0.005192,-7.2,7.28
0.005194,-7.2,7.28
0.005196,-7.2,7.28
0.005198,-7.2,7.28
0.0052,-7.2,7.28
0.005202,-7.2,7.28
0.005204,-7.2,7.28
0.005206,-7.2,7.28
0.005208,-7.2,7.28
0.00521,-7.2,7.28
0.005212,-7.2,7.28
0.005214,-7.2,7.28
0.005216,-7.2,7.28
0.005218,-7.2,7.28
0.00522,-7.2,7.28
0.005222,-7.2,7.28
0.005224,-7.2,7.28
0.005226,-7.2,7.28
0.005228,-7.2,7.28
0.00523,-7.2,7.28
0.005232,-7.2,7.28
0.005234,-7.2,7.28
0.005236,-7.2,7.28
0.005238,-7.2,7.28
0.00524,-7.2,7.28
0.005242,-7.2,7.28
0.005244,-7.2,7.28
0.005246,-7.2,7.28
0.005248,-7.2,7.28
0.00525,-7.2,7.28
0.005252,-7.2,7.28
0.005254,-7.2,7.28
0.005256,-7.2,7.28
0.005258,-7.2,7.28
0.00526,-7.2,7.28
0.005262,-7.2,7.28
0.005264,-7.2,7.28
0.005266,-7.2,7.28
0.005268,-7.2,7.28
0.00527,-7.2,7.28
0.005272,-7.2,7.28
0.005274,-7.2,7.28
0.005276,-7.2,7.28
0.005278,-7.2,7.28
0.00528,-7.2,7.28
0.005282,-7.2,7.28
0.005284,-7.2,7.28
0.005286,-7.2,7.28
0.005288,-7.2,7.28
0.00529,-7.2,7.2
0.005292,-7.2,7.28
0.005294,-7.2,7.28
0.005296,-7.2,7.28
0.005298,-7.2,7.28
0.0053,-7.2,7.28
0.005302,-7.2,7.28
0.005304,-7.12,7.28
0.005306,-7.2,7.28
0.005308,-7.2,7.28
0.00531,-7.2,7.28
0.005312,-7.2,7.28
0.005314,-7.2,7.28
0.005316,-7.2,7.28
0.005318,-7.2,7.28
0.00532,-7.2,7.28
0.005322,-7.2,7.28
0.005324,-7.2,7.28
0.005326,-7.2,7.28
0.005328,-7.2,7.28
0.00533,-7.2,7.28
0.005332,-7.2,7.28
0.005334,-7.2,7.28
0.005336,-7.2,7.28
0.005338,-7.2,7.28
0.00534,-7.2,7.28
0.005342,-7.2,7.28
0.005344,-7.2,7.28
0.005346,-7.2,7.28
0.005348,-7.2,7.28
0.00535,-7.2,7.28
0.005352,-7.2,7.28
0.005354,-7.2,7.28
0.005356,-7.2,7.28
0.005358,-7.2,7.28
0.00536,-7.2,7.28
0.005362,-7.2,4.08
0.005364,-7.2,2.56
0.005366,-7.2,1.04
0.005368,-7.2,0.08
0.00537,-7.2,-0.56
0.005372,-7.2,-0.88
0.005374,-7.2,-1.04
0.005376,-7.2,-0.96
0.005378,-7.2,-0.72
0.00538,-7.12,-0.48
0.005382,-7.2,-0.16
0.005384,-7.2,0.16
0.005386,-7.2,0.56
0.005388,-7.2,0.88
0.00539,-6.32,1.2
0.005392,-5.92,1.44
0.005394,-5.52,1.68
0.005396,-5.28,1.76
0.005398,-5.04,1.92
0.0054,-4.88,2
0.005402,-4.8,2.08
0.005404,-4.64,2
0.005406,-4.64,2
0.005408,-4.64,1.92
0.00541,-4.56,1.84
0.005412,-4.56,1.76
0.005414,-4.56,1.76
0.005416,-4.56,1.6
0.005418,-4.64,1.52
0.00542,-4.64,1.44
0.005422,-4.64,1.36
0.005424,-4.64,1.28
0.005426,-4.64,1.12
0.005428,-4.72,1.12
0.00543,-4.72,1.04
0.005432,-4.8,0.96
0.005434,-4.8,0.88
0.005436,-4.8,0.8
0.005438,-4.72,0.8
0.00544,-4.8,0.72
0.005442,-4.8,0.72
0.005444,-4.8,0.64
0.005446,-4.8,0.64
0.005448,-4.8,0.64
0.00545,-4.72,0.64
0.005452,-4.72,0.56
0.005454,-4.64,0.64
0.005456,-4.64,0.64
0.005458,-4.56,0.64
0.00546,-4.64,0.64
0.005462,-4.56,0.64
0.005464,-4.56,0.64
0.005466,-4.56,0.64
0.005468,-4.56,0.64
0.00547,-4.56,0.64
0.005472,-4.48,0.56
0.005474,-4.48,0.64
0.005476,-4.4,0.64
0.005478,-4.4,0.56
0.00548,-4.4,0.56
0.005482,-4.4,0.56
0.005484,-4.4,0.56
0.005486,-4.32,0.56
0.005488,-4.4,0.56
0.00549,-4.4,0.56
0.005492,-4.32,0.64
0.005494,-4.32,0.56
0.005496,-4.24,0.56
0.005498,-4.24,0.56
0.0055,-4.16,0.48
0.005502,-4.16,0.48
0.005504,-4.16,0.48
0.005506,-4.08,0.48
0.005508,-4.16,0.48
0.00551,-4.08,0.48
0.005512,-4.08,0.48
0.005514,-4.08,0.48
0.005516,-4.08,0.48
0.005518,-4,0.48
0.00552,-4,0.48
0.005522,-3.92,0.48
0.005524,-3.92,0.48
0.005526,-3.92,0.56
0.005528,-3.92,0.56
0.00553,-3.92,0.48
0.005532,-4,0.48
0.005534,-3.92,0.48
0.005536,-4,0.48
0.005538,-4,0.48
0.00554,-4,0.48
0.005542,-3.92,0.48
0.005544,-3.92,0.48
0.005546,-3.84,0.48
0.005548,-3.92,0.4
0.00555,-3.84,0.48
0.005552,-3.84,0.48
0.005554,-3.84,0.4
0.005556,-3.76,0.4
0.005558,-3.76,0.4
0.00556,-3.84,0.4
0.005562,-3.76,0.48
0.005564,-3.76,0.48
0.005566,-3.76,0.48
0.005568,-3.76,0.48
0.00557,-3.76,0.48
0.005572,-3.76,0.48
0.005574,-3.76,0.48
0.005576,-3.76,0.48
0.005578,-3.68,0.48
0.00558,-3.68,0.48
0.005582,-3.68,0.48
0.005584,-3.68,0.48
0.005586,-3.68,0.48
0.005588,-3.68,0.48
0.00559,-3.6,0.4
0.005592,-3.6,0.4
0.005594,-3.68,0.4
0.005596,-3.6,0.48
0.005598,-3.6,0.48
0.0056,-3.6,0.4
0.005602,-3.6,0.4
0.005604,-3.6,0.4
0.005606,-3.52,0.4
0.005608,-3.52,0.4
0.00561,-3.6,0.4
0.005612,-3.6,0.4
0.005614,-3.52,0.4
0.005616,-3.52,0.4
0.005618,-3.6,0.4
0.00562,-3.6,0.48
0.005622,-3.52,0.4
0.005624,-3.52,0.48
0.005626,-3.44,0.4
0.005628,-3.44,0.48
0.00563,-3.44,0.48
0.005632,-3.44,0.4
0.005634,-3.44,0.4
0.005636,-3.44,0.4
0.005638,-3.44,0.4
0.00564,-3.52,0.4
0.005642,-3.52,0.4
0.005644,-3.44,0.4
0.005646,-3.44,0.4
0.005648,-3.44,0.4
0.00565,-3.44,0.48
0.005652,-3.44,0.4
0.005654,-3.44,0.4
0.005656,-3.44,0.48
0.005658,-3.44,0.4
0.00566,-3.36,0.4
0.005662,-3.36,0.4
0.005664,-3.36,0.48
0.005666,-3.28,0.48
0.005668,-3.28,0.48
0.00567,-3.28,0.4
0.005672,-3.28,0.4
0.005674,-3.28,0.4
0.005676,-3.28,0.4
0.005678,-3.28,0.4
0.00568,-3.28,0.4
0.005682,-3.36,0.4
0.005684,-3.36,0.4
0.005686,-3.36,0.4
0.005688,-3.36,0.4
0.00569,-3.28,0.4
0.005692,-3.28,0.4
0.005694,-3.28,0.4
0.005696,-3.36,0.4
0.005698,-3.36,0.4
0.0057,-3.28,0.4
0.005702,-3.28,0.48
0.005704,-3.28,0.48
0.005706,-3.28,0.48
0.005708,-3.28,0.48
0.00571,-3.2,0.48
0.005712,-3.2,0.48
0.005714,-3.2,0.4
0.005716,-3.2,0.4
0.005718,-3.28,0.4
0.00572,-3.28,0.4
0.005722,-3.28,0.4
0.005724,-3.28,0.4
0.005726,-3.28,0.4
0.005728,-3.2,0.4
0.00573,-3.2,0.4
0.005732,-3.12,0.48
0.005734,-3.12,0.4
0.005736,-3.12,0.4
0.005738,-3.12,0.4
0.00574,-3.12,0.4
0.005742,-3.12,0.4
0.005744,-3.2,0.48
0.005746,-3.12,0.48
0.005748,-3.12,0.4
0.00575,-3.12,0.4
0.005752,-3.12,0.4
0.005754,-3.04,0.4
0.005756,-3.04,0.4
0.005758,-3.04,0.4
0.00576,-3.04,0.4
0.005762,-3.04,0.32
0.005764,-2.96,0.4
0.005766,-3.04,0.4
0.005768,-3.04,0.4
0.00577,-3.04,0.4
0.005772,-3.12,0.32
0.005774,-3.12,0.4
0.005776,-3.12,0.4
0.005778,-3.12,0.4
0.00578,-3.12,0.4
0.005782,-3.12,0.4
0.005784,-3.04,0.4
0.005786,-3.12,0.4
0.005788,-3.12,0.4
0.00579,-3.12,0.4
0.005792,-3.12,0.32
0.005794,-3.12,0.32
0.005796,-3.2,0.32
0.005798,-3.12,0.32
0.0058,-3.12,0.32
0.005802,-3.2,0.4
0.005804,-3.12,0.4
0.005806,-3.12,0.4
0.005808,-3.2,0.4
0.00581,-3.12,0.4
0.005812,-3.12,0.4
0.005814,-3.12,0.48
0.005816,-3.04,0.48
0.005818,-3.04,0.48
0.00582,-2.96,0.4
0.005822,-2.96,0.4
0.005824,-3.04,0.4
0.005826,-3.04,0.4
0.005828,-3.04,0.32
0.00583,-3.04,0.4
0.005832,-3.04,0.32
0.005834,-3.04,0.4
0.005836,-3.04,0.4
0.005838,-2.96,0.4
0.00584,-2.96,0.4
0.005842,-2.96,0.4
0.005844,-2.96,0.4
0.005846,-2.96,0.48
0.005848,-2.96,0.4
0.00585,-2.96,0.48
0.005852,-2.96,0.4
0.005854,-2.88,0.4
0.005856,-2.96,0.4
0.005858,-2.88,0.4
0.00586,-2.88,0.48
0.005862,-2.88,0.4
0.005864,-2.88,0.4
0.005866,-2.88,0.4
0.005868,-2.88,0.4
0.00587,-2.96,0.4
0.005872,-2.96,0.4
0.005874,-2.88,0.4
0.005876,-2.96,0.4
0.005878,-2.88,0.32
0.00588,-2.96,0.32
0.005882,-2.96,0.4
0.005884,-2.88,0.4
0.005886,-2.88,0.4
0.005888,-2.88,0.4
0.00589,-2.88,0.4
0.005892,-2.88,0.4
0.005894,-2.96,0.4
0.005896,-2.96,0.4
0.005898,-2.88,0.4
0.0059,-2.88,0.48
0.005902,-2.88,0.48
0.005904,-2.88,0.48
0.005906,-2.88,0.48
0.005908,-2.88,0.48
0.00591,-2.8,0.48
0.005912,-2.88,0.4
0.005914,-2.8,0.4
0.005916,-2.8,0.48
0.005918,-2.8,0.48
0.00592,-2.88,0.4
0.005922,-2.8,0.48
0.005924,-2.8,0.48
0.005926,-2.72,0.4
0.005928,-2.8,0.48
0.00593,-2.8,0.4
0.005932,-2.8,0.4
0.005934,-2.8,0.4
0.005936,-2.88,0.4
0.005938,-2.8,0.4
0.00594,-2.88,0.48
0.005942,-2.88,0.48
0.005944,-2.88,0.48
0.005946,-2.8,0.48
0.005948,-2.88,0.48
0.00595,-2.8,0.4
0.005952,-2.8,0.4
0.005954,-2.8,0.4
0.005956,-2.88,0.4
0.005958,-2.88,0.4
0.00596,-2.88,0.4
0.005962,-2.88,0.4
0.005964,-2.8,0.4
0.005966,-2.8,0.4
0.005968,-2.8,0.4
0.00597,-2.8,0.4
0.005972,-2.8,0.4
0.005974,-2.8,0.32
0.005976,-2.8,0.4
0.005978,-2.8,0.32
0.00598,-2.88,0.4
0.005982,-2.8,0.4
0.005984,-2.88,0.4
0.005986,-2.8,0.48
0.005988,-2.8,0.4
0.00599,-2.8,0.48
0.005992,-2.72,0.4
0.005994,-2.72,0.4
0.005996,-2.72,0.4
0.005998,-2.8,0.4
0.006,-2.72,0.4
0.006002,-2.72,0.4
0.006004,-2.8,0.4
0.006006,-2.72,0.48
0.006008,-2.72,0.4
0.00601,-2.72,0.4
0.006012,-2.64,0.4
0.006014,-2.72,0.4
0.006016,-2.72,0.4
0.006018,-2.72,0.4
0.00602,-2.8,0.32
0.006022,-2.8,0.4
0.006024,-2.8,0.32
0.006026,-2.8,0.32
0.006028,-2.8,0.32
0.00603,-2.72,0.4
0.006032,-2.72,0.32
0.006034,-2.72,0.32
0.006036,-2.64,0.32
0.006038,-2.72,0.32
0.00604,-2.72,0.32
0.006042,-2.72,0.32
0.006044,-2.72,0.32
0.006046,-2.8,0.32
0.006048,-2.8,0.32
0.00605,-2.72,0.32
0.006052,-2.72,0.32
0.006054,-2.72,0.32
0.006056,-2.72,0.32
0.006058,-2.72,0.4
0.00606,-2.72,0.4
0.006062,-2.64,0.4
0.006064,-2.64,0.4
0.006066,-2.64,0.4
0.006068,-2.64,0.32
0.00607,-2.72,0.4
0.006072,-2.72,0.4
0.006074,-2.64,0.4
0.006076,-2.72,0.4
0.006078,-2.64,0.4
0.00608,-2.64,0.4
0.006082,-2.64,0.4
0.006084,-2.64,0.4
0.006086,-2.64,0.4
0.006088,-2.72,0.4
0.00609,-2.72,0.4
0.006092,-2.64,0.4
0.006094,-2.64,0.48
0.006096,-2.64,0.4
0.006098,-2.64,0.4
0.0061,-2.64,0.4
0.006102,-2.64,0.4
0.006104,-2.64,0.4
0.006106,-2.64,0.32
0.006108,-2.64,0.32
0.00611,-2.64,0.32
0.006112,-2.72,0.24
0.006114,-2.72,0.32
0.006116,-2.64,0.32
0.006118,-2.64,0.24
0.00612,-2.64,0.32
0.006122,-2.64,0.32
0.006124,-2.64,0.32
0.006126,-2.64,0.32
0.006128,-2.64,0.32
0.00613,-2.64,0.32
0.006132,-2.64,0.32
0.006134,-2.64,0.4
0.006136,-2.72,0.32
0.006138,-2.72,0.32
0.00614,-2.64,0.32
0.006142,-2.72,0.32
0.006144,-2.72,0.32
0.006146,-2.72,0.32
0.006148,-2.72,0.24
0.00615,-2.72,0.32
0.006152,-2.72,0.32
0.006154,-2.72,0.4
0.006156,-2.64,0.32
0.006158,-2.64,0.32
0.00616,-2.64,0.32
0.006162,-2.64,0.32
0.006164,-2.64,0.32
0.006166,-2.64,0.32
0.006168,-2.64,0.32
0.00617,-2.64,0.32
0.006172,-2.64,0.32
0.006174,-2.64,0.32
0.006176,-2.64,0.4
0.006178,-2.64,0.4
0.00618,-2.64,0.4
0.006182,-2.64,0.4
0.006184,-2.64,0.4
0.006186,-2.64,0.4
0.006188,-2.64,0.4
0.00619,-2.56,0.32
0.006192,-2.56,0.32
0.006194,-2.64,0.32
0.006196,-2.64,0.32
0.006198,-2.64,0.32
0.0062,-2.56,0.32
0.006202,-2.64,0.32
0.006204,-2.64,0.32
0.006206,-2.64,0.32
0.006208,-2.64,0.32
0.00621,-2.64,0.24
0.006212,-2.64,0.32
0.006214,-2.72,0.32
0.006216,-2.64,0.32
0.006218,-2.72,0.32
0.00622,-2.72,0.24
0.006222,-2.72,0.24
0.006224,-2.72,0.24
0.006226,-2.64,0.24
0.006228,-2.72,0.24
0.00623,-2.64,0.24
0.006232,-2.64,0.24
0.006234,-2.64,0.32
0.006236,-2.64,0.32
0.006238,-2.64,0.32
0.00624,-2.64,0.32
0.006242,-2.64,0.32
0.006244,-2.64,0.32
0.006246,-2.64,0.32
0.006248,-2.64,0.24
0.00625,-2.64,0.32
0.006252,-2.64,0.24
0.006254,-2.64,0.24
0.006256,-2.64,0.24
0.006258,-2.64,0.24
0.00626,-2.64,0.32
0.006262,-2.72,0.24
0.006264,-2.72,0.24
0.006266,-2.72,0.24
0.006268,-2.72,0.32
0.00627,-2.64,0.24
0.006272,-2.64,0.24
0.006274,-2.64,0.24
0.006276,-2.64,0.24
0.006278,-2.64,0.24
0.00628,-2.64,0.24
0.006282,-2.64,0.24
0.006284,-2.64,0.24
0.006286,-2.64,0.24
0.006288,-2.64,0.24
0.00629,-2.64,0.24
0.006292,-2.64,0.32
0.006294,-2.64,0.24
0.006296,-2.64,0.24
0.006298,-2.64,0.24
0.0063,-2.64,0.16
0.006302,-2.64,0.16
0.006304,-2.64,0.24
0.006306,-2.64,0.24
0.006308,-2.64,0.16
0.00631,-2.64,0.16
0.006312,-2.64,0.24
0.006314,-2.64,0.16
0.006316,-2.56,0.16
0.006318,-2.56,0.24
0.00632,-2.56,0.24
0.006322,-2.56,0.24
0.006324,-2.56,0.24
0.006326,-2.56,0.24
0.006328,-2.64,0.24
0.00633,-2.56,0.24
0.006332,-2.56,0.24
0.006334,-2.64,0.24
0.006336,-2.56,0.24
0.006338,-2.56,0.24
0.00634,-2.64,0.24
0.006342,-2.56,0.24
0.006344,-2.64,0.24
0.006346,-2.64,0.24
0.006348,-2.64,0.24
0.00635,-2.64,0.24
0.006352,-2.64,0.16
0.006354,-2.56,0.24
0.006356,-2.64,0.24
0.006358,-2.64,0.16
0.00636,-2.64,0.24
0.006362,-2.64,0.16
0.006364,-2.64,0.16
0.006366,-2.64,0.24
0.006368,-2.64,0.24
0.00637,-2.64,0.24
0.006372,-2.64,0.24
0.006374,-2.64,0.24
0.006376,-2.56,0.24
0.006378,-2.56,0.32
0.00638,-2.56,0.32
0.006382,-2.64,0.32
0.006384,-2.64,0.32
0.006386,-2.56,0.24
0.006388,-2.64,0.24
0.00639,-2.64,0.24
0.006392,-2.64,0.24
0.006394,-2.56,0.24
0.006396,-2.56,0.24
0.006398,-2.56,0.24
0.0064,-2.56,0.16
0.006402,-2.56,0.24
0.006404,-2.56,0.24
0.006406,-2.56,0.24
0.006408,-2.64,0.24
0.00641,-2.64,0.24
0.006412,-2.64,0.24
0.006414,-2.64,0.24
0.006416,-2.56,0.24
0.006418,-2.56,0.16
0.00642,-2.64,0.24
0.006422,-2.56,0.24
0.006424,-2.56,0.24
0.006426,-2.56,0.24
0.006428,-2.56,0.24
0.00643,-2.64,0.24
0.006432,-2.48,0.24
0.006434,-2.56,0.16
0.006436,-2.56,0.16
0.006438,-2.48,0.16
0.00644,-2.56,0.16
0.006442,-2.48,0.24
0.006444,-2.56,0.16
0.006446,-2.56,0.08
0.006448,-2.56,0.16
0.00645,-2.56,0.16
0.006452,-2.64,0.24
0.006454,-2.56,0.16
0.006456,-2.56,0.24
0.006458,-2.56,0.24
0.00646,-2.48,0.24
0.006462,-2.48,0.24
0.006464,-2.48,0.24
0.006466,-2.56,0.24
0.006468,-2.56,0.16
0.00647,-2.48,0.16
0.006472,-2.48,0.24
0.006474,-2.56,0.16
0.006476,-2.56,0.24
0.006478,-2.48,0.16
0.00648,-2.48,0.16
0.006482,-2.48,0.24
0.006484,-2.48,0.16
0.006486,-2.48,0.24
0.006488,-2.48,0.24
0.00649,-2.48,0.24
0.006492,-2.56,0.24
0.006494,-2.56,0.24
0.006496,-2.64,0.24
0.006498,-2.56,0.24
0.0065,-2.56,0.24
0.006502,-2.56,0.24
0.006504,-2.56,0.24
0.006506,-2.56,0.24
0.006508,-2.56,0.24
0.00651,-2.56,0.16
0.006512,-2.56,0.24
0.006514,-2.56,0.24
0.006516,-2.64,0.16
0.006518,-2.64,0.24
0.00652,-2.56,0.24
0.006522,-2.56,0.24
0.006524,-2.56,0.24
0.006526,-2.56,0.16
0.006528,-2.56,0.16
0.00653,-2.56,0.24
0.006532,-2.56,0.24
0.006534,-2.48,0.24
0.006536,-2.56,0.24
0.006538,-2.48,0.24
0.00654,-2.56,0.24
0.006542,-2.56,0.24
0.006544,-2.56,0.24
0.006546,-2.56,0.16
0.006548,-2.48,0.24
0.00655,-2.56,0.24
0.006552,-2.48,0.24
0.006554,-2.48,0.16
0.006556,-2.48,0.24
0.006558,-2.56,0.24
0.00656,-2.56,0.24
0.006562,-2.56,0.24
0.006564,-2.56,0.24
0.006566,-2.56,0.24
0.006568,-2.64,0.24
0.00657,-2.64,0.24
0.006572,-2.56,0.24
0.006574,-2.56,0.24
0.006576,-2.56,0.24
0.006578,-2.64,0.24
0.00658,-2.56,0.24
0.006582,-2.56,0.24
0.006584,-2.64,0.24
0.006586,-2.56,0.24
0.006588,-2.56,0.16
0.00659,-2.64,0.16
0.006592,-2.64,0.16
0.006594,-2.56,0.16
0.006596,-2.56,0.16
0.006598,-2.56,0.16
0.0066,-2.64,0.16
0.006602,-2.64,0.24
0.006604,-2.56,0.16
0.006606,-2.56,0.16
0.006608,-2.56,0.16
0.00661,-2.56,0.24
0.006612,-2.56,0.16
0.006614,-2.48,0.16
0.006616,-2.48,0.16
0.006618,-2.56,0.24
0.00662,-2.56,0.24
0.006622,-2.56,0.16
0.006624,-2.56,0.24
0.006626,-2.64,0.24
0.006628,-2.56,0.24
0.00663,-2.64,0.24
0.006632,-2.64,0.24
0.006634,-2.64,0.24
0.006636,-2.64,0.24
0.006638,-2.56,0.24
0.00664,-2.64,0.16
0.006642,-2.64,0.16
0.006644,-2.56,0.16
0.006646,-2.64,0.16
0.006648,-2.64,0.16
0.00665,-2.56,0.24
0.006652,-2.56,0.24
0.006654,-2.56,0.24
0.006656,-2.56,0.24
0.006658,-2.56,0.24
0.00666,-2.56,0.24
0.006662,-2.56,0.24
0.006664,-2.64,0.24
0.006666,-2.64,0.24
0.006668,-2.56,0.24
0.00667,-2.64,0.16
0.006672,-2.64,0.24
0.006674,-2.56,0.16
0.006676,-2.56,0.24
0.006678,-2.56,0.16
0.00668,-2.56,0.24
0.006682,-2.56,0.24
0.006684,-2.56,0.24
0.006686,-2.64,0.24
0.006688,-2.64,0.24
0.00669,-2.64,0.24
0.006692,-2.64,0.24
0.006694,-2.64,0.24
0.006696,-2.64,0.32
0.006698,-2.64,0.32
0.0067,-2.72,0.24
0.006702,-2.64,0.24
0.006704,-2.64,0.24
0.006706,-2.64,0.24
0.006708,-2.64,0.24
0.00671,-2.72,0.24
0.006712,-2.64,0.24
0.006714,-2.64,0.24
0.006716,-2.56,0.24
0.006718,-2.56,0.24
0.00672,-2.56,0.24
0.006722,-2.56,0.24
0.006724,-2.56,0.24
0.006726,-2.56,0.16
0.006728,-2.64,0.24
0.00673,-2.64,0.16
0.006732,-2.64,0.16
0.006734,-2.64,0.16
0.006736,-2.56,0.16
0.006738,-2.56,0.08
0.00674,-2.56,0.16
0.006742,-2.56,0.08
0.006744,-2.56,0.08
0.006746,-2.56,0.08
0.006748,-2.56,0.08
0.00675,-2.56,0.08
0.006752,-2.56,0.08
0.006754,-2.56,0.08
0.006756,-2.64,0.16
0.006758,-2.64,0.16
0.00676,-2.64,0.24
0.006762,-2.64,0.24
0.006764,-2.64,0.24
0.006766,-2.64,0.24
0.006768,-2.64,0.16
0.00677,-2.64,0.16
0.006772,-2.64,0.24
0.006774,-2.64,0.24
0.006776,-2.64,0.24
0.006778,-2.64,0.24
0.00678,-2.64,0.24
0.006782,-2.64,0.24
0.006784,-2.64,0.24
0.006786,-2.64,0.24
0.006788,-2.64,0.24
0.00679,-2.56,0.16
0.006792,-2.64,0.16
0.006794,-2.64,0.16
0.006796,-2.64,0.16
0.006798,-2.64,0.16
0.0068,-2.64,0.16
0.006802,-2.64,0.16
0.006804,-2.64,0.16
0.006806,-2.64,0.16
0.006808,-2.64,0.16
0.00681,-2.64,0.16
0.006812,-2.64,0.16
0.006814,-2.64,0.24
0.006816,-2.64,0.16
0.006818,-2.72,0.24
0.00682,-2.64,0.16
0.006822,-2.64,0.16
0.006824,-2.56,0.16
0.006826,-2.64,0.24
0.006828,-2.56,0.16
0.00683,-2.56,0.24
0.006832,-2.56,0.24
0.006834,-2.48,0.24
0.006836,-2.56,0.24
0.006838,-2.56,0.24
0.00684,-2.56,0.16
0.006842,-2.48,0.16
0.006844,-2.56,0.16
0.006846,-2.56,0.16
0.006848,-2.56,0.16
0.00685,-2.48,0.16
0.006852,-2.48,0.16
0.006854,-2.56,0.24
0.006856,-2.56,0.24
0.006858,-2.56,0.24
0.00686,-2.56,0.24
0.006862,-2.56,0.24
0.006864,-2.56,0.24
0.006866,-2.56,0.24
0.006868,-2.56,0.24
0.00687,-2.56,0.24
0.006872,-2.56,0.24
0.006874,-2.56,0.24
0.006876,-2.56,0.24
0.006878,-2.64,0.24
0.00688,-2.64,0.24
0.006882,-2.64,0.16
0.006884,-2.64,0.24
0.006886,-2.56,0.24
0.006888,-2.64,0.24
0.00689,-2.48,0.24
0.006892,-2.56,0.24
0.006894,-2.56,0.24
0.006896,-2.56,0.24
0.006898,-2.64,0.16
0.0069,-2.64,0.24
0.006902,-2.64,0.16
0.006904,-2.64,0.24
0.006906,-2.56,0.16
0.006908,-2.64,0.16
0.00691,-2.64,0.16
0.006912,-2.64,0.24
0.006914,-2.64,0.16
0.006916,-2.56,0.24
0.006918,-2.64,0.16
0.00692,-2.64,0.16
0.006922,-2.64,0.24
0.006924,-2.64,0.24
0.006926,-2.64,0.16
0.006928,-2.64,0.16
0.00693,-2.64,0.24
0.006932,-2.56,0.24
0.006934,-2.56,0.16
0.006936,-2.56,0.16
0.006938,-2.56,0.16
0.00694,-2.56,0.16
0.006942,-2.64,0.16
0.006944,-2.64,0.08
0.006946,-2.72,0.16
0.006948,-2.64,0.16
0.00695,-2.72,0.16
0.006952,-2.64,0.16
0.006954,-2.64,0.24
0.006956,-2.64,0.16
0.006958,-2.64,0.24
0.00696,-2.64,0.16
0.006962,-2.64,0.24
0.006964,-2.64,0.16
0.006966,-2.64,0.24
0.006968,-2.64,0.16
0.00697,-2.64,0.24
0.006972,-2.56,0.16
0.006974,-2.64,0.24
0.006976,-2.56,0.24
0.006978,-2.56,0.24
0.00698,-2.56,0.16
0.006982,-2.56,0.16
0.006984,-2.64,0.16
0.006986,-2.64,0.24
0.006988,-2.64,0.24
0.00699,-2.64,0.24
0.006992,-2.64,0.24
0.006994,-2.64,0.24
0.006996,-2.64,0.24
0.006998,-2.56,0.24
0.007,-2.56,0.24
0.007002,-2.56,0.24
0.007004,-2.56,0.24
0.007006,-2.64,0.24
0.007008,-2.64,0.24
0.00701,-2.64,0.24
0.007012,-2.64,0.32
0.007014,-2.56,0.24
0.007016,-2.64,0.32
0.007018,-2.64,0.32
0.00702,-2.64,0.24
0.007022,-2.56,0.24
0.007024,-2.56,0.24
0.007026,-2.56,0.24
0.007028,-2.56,0.24
0.00703,-2.56,0.24
0.007032,-2.64,0.24
0.007034,-2.64,0.24
0.007036,-2.64,0.24
0.007038,-2.64,0.24
0.00704,-2.64,0.24
0.007042,-2.56,0.32
0.007044,-2.64,0.24
0.007046,-2.64,0.24
0.007048,-2.64,0.24
0.00705,-2.64,0.24
0.007052,-2.64,0.24
0.007054,-2.64,0.24
0.007056,-2.64,0.24
0.007058,-2.64,0.24
0.00706,-2.56,0.24
0.007062,-2.56,0.24
0.007064,-2.56,0.24
0.007066,-2.48,0.24
0.007068,-2.56,0.24
0.00707,-2.56,0.24
0.007072,-2.56,0.16
0.007074,-2.56,0.24
0.007076,-2.56,0.24
0.007078,-2.56,0.24
0.00708,-2.56,0.24
0.007082,-2.56,0.24
0.007084,-2.56,0.32
0.007086,-2.56,0.24
0.007088,-2.56,0.24
0.00709,-2.56,0.24
0.007092,-2.56,0.24
0.007094,-2.56,0.24
0.007096,-2.56,0.24
0.007098,-2.56,0.32
0.0071,-2.48,0.32
0.007102,-2.48,0.32
0.007104,-2.56,0.32
0.007106,-2.48,0.32
0.007108,-2.48,0.24
0.00711,-2.56,0.24
0.007112,-2.56,0.24
0.007114,-2.56,0.24
0.007116,-2.56,0.32
0.007118,-2.56,0.24
0.00712,-2.56,0.32
0.007122,-2.56,0.32
0.007124,-2.56,0.32
0.007126,-2.56,0.32
0.007128,-2.56,0.24
0.00713,-2.56,0.24
0.007132,-2.56,0.24
0.007134,-2.56,0.24
0.007136,-2.56,0.32
0.007138,-2.64,0.32
0.00714,-2.56,0.32
0.007142,-2.56,0.4
0.007144,-2.56,0.4
0.007146,-2.48,0.32
0.007148,-2.48,0.32
0.00715,-2.56,0.32
0.007152,-2.48,0.32
0.007154,-2.48,0.32
0.007156,-2.48,0.32
0.007158,-2.48,0.32
0.00716,-2.56,0.32
0.007162,-2.56,0.32
0.007164,-2.56,0.24
0.007166,-2.56,0.24
0.007168,-2.56,0.24
0.00717,-2.56,0.24
0.007172,-2.56,0.32
0.007174,-2.56,0.32
0.007176,-2.48,0.32
0.007178,-2.56,0.32
0.00718,-2.48,0.32
0.007182,-2.48,0.24
0.007184,-2.56,0.32
0.007186,-2.56,0.24
0.007188,-2.56,0.24
0.00719,-2.48,0.24
0.007192,-2.48,0.32
0.007194,-2.48,0.32
0.007196,-2.48,0.32
0.007198,-2.48,0.32
0.0072,-2.56,0.4
0.007202,-2.48,0.4
0.007204,-2.56,0.4
0.007206,-2.56,0.4
0.007208,-2.56,0.32
0.00721,-2.56,0.32
0.007212,-2.56,0.4
0.007214,-2.64,0.32
0.007216,-2.56,0.32
0.007218,-2.64,0.32
0.00722,-2.56,0.32
0.007222,-2.64,0.32
0.007224,-2.64,0.4
0.007226,-2.56,0.4
0.007228,-2.56,0.32
0.00723,-2.56,0.32
0.007232,-2.56,0.4
0.007234,-2.56,0.24
0.007236,-2.56,0.24
0.007238,-2.56,0.32
0.00724,-2.64,0.24
0.007242,-2.64,0.24
0.007244,-2.56,0.32
0.007246,-2.56,0.32
0.007248,-2.56,0.32
0.00725,-2.56,0.32
0.007252,-2.48,0.32
0.007254,-2.48,0.32
0.007256,-2.48,0.32
0.007258,-2.48,0.32
0.00726,-2.4,0.32
0.007262,-2.48,0.32
0.007264,-2.48,0.32
0.007266,-2.48,0.32
0.007268,-2.48,0.4
0.00727,-2.56,0.4
0.007272,-2.56,0.4
0.007274,-2.56,0.4
0.007276,-2.48,0.4
0.007278,-2.48,0.4
0.00728,-2.56,0.4
0.007282,-2.48,0.4
0.007284,-2.56,0.32
0.007286,-2.56,0.32
0.007288,-2.64,0.32
0.00729,-2.64,0.32
0.007292,-2.64,0.32
0.007294,-2.64,0.32
0.007296,-2.56,0.32
0.007298,-2.48,0.4
0.0073,-2.48,0.32
0.007302,-2.48,0.32
0.007304,-2.4,0.32
0.007306,-2.48,0.32
0.007308,-2.48,0.32
0.00731,-2.48,0.32
0.007312,-2.48,0.32
0.007314,-2.48,0.32
0.007316,-2.48,0.32
0.007318,-2.48,0.32
0.00732,-2.4,0.32
0.007322,-2.48,0.32
0.007324,-2.48,0.24
0.007326,-2.48,0.32
0.007328,-2.48,0.32
0.00733,-2.48,0.32
0.007332,-2.56,0.32
0.007334,-2.48,0.32
0.007336,-2.56,0.32
0.007338,-2.48,0.32
0.00734,-2.48,0.32
0.007342,-2.48,0.32
0.007344,-2.48,0.24
0.007346,-2.48,0.32
0.007348,-2.48,0.32
0.00735,-2.48,0.32
0.007352,-2.48,0.32
0.007354,-2.48,0.32
0.007356,-2.48,0.32
0.007358,-2.48,0.32
0.00736,-2.48,0.32
0.007362,-2.48,0.32
0.007364,-2.48,0.32
0.007366,-2.48,0.32
0.007368,-2.48,0.32
0.00737,-2.48,0.32
0.007372,-2.56,0.32
0.007374,-2.56,0.32
0.007376,-2.48,0.32
0.007378,-2.48,0.32
0.00738,-2.48,0.32
0.007382,-2.48,0.32
0.007384,-2.48,0.32
0.007386,-2.48,0.4
0.007388,-2.48,0.4
0.00739,-2.48,0.4
0.007392,-2.48,0.32
0.007394,-2.48,0.32
0.007396,-2.4,0.32
0.007398,-2.48,0.32
0.0074,-2.48,0.4
0.007402,-2.56,0.4
0.007404,-2.56,0.4
0.007406,-2.48,0.4
0.007408,-2.48,0.32
0.00741,-2.48,0.32
0.007412,-2.48,0.32
0.007414,-2.56,0.32
0.007416,-2.48,0.32
0.007418,-2.48,0.24
0.00742,-2.48,0.32
0.007422,-2.48,0.32
0.007424,-2.48,0.32
0.007426,-2.48,0.32
0.007428,-2.48,0.32
0.00743,-2.4,0.32
0.007432,-2.4,0.32
0.007434,-2.48,0.24
0.007436,-2.48,0.24
0.007438,-2.48,0.24
