0.9275,-1.76,0.12
0.92751,-1.76,0.1
0.92752,-1.78,0.12
0.92753,-1.78,0.12
0.92754,-1.78,0.1
0.92755,-1.76,0.08
0.92756,-1.76,0.12
0.92757,-1.76,0.12
0.92758,-1.78,0.12
0.92759,-1.74,0.12
0.9276,-1.76,0.08
0.92761,-1.78,0.1
0.92762,-1.78,0.1
0.92763,-1.76,0.12
0.92764,-1.76,0.12
0.92765,-1.78,0.12
0.92766,-1.78,0.12
0.92767,-1.78,0.12
0.92768,-1.74,0.1
0.92769,-1.76,0.12
0.9277,-1.76,0.12
0.92771,-1.78,0.1
0.92772,-1.78,0.1
0.92773,-1.76,0.1
0.92774,-1.76,0.1
0.92775,-1.78,0.12
0.92776,-1.76,0.1
0.92777,-1.74,0.12
0.92778,-1.74,0.14
0.92779,-1.78,0.08
0.9278,-1.8,0.1
0.92781,-1.76,0.1
0.92782,-1.78,0.06
0.92783,-1.76,0.08
0.92784,-1.76,0.08
0.92785,-1.76,0.1
0.92786,-1.78,0.1
0.92787,-1.78,0.08
0.92788,-1.8,0.08
0.92789,-1.78,0.1
0.9279,-1.78,0.12
0.92791,-1.76,0.1
0.92792,-1.76,0.1
0.92793,-1.76,0.1
0.92794,-1.78,0.12
0.92795,-1.78,0.1
0.92796,-1.8,0.1
0.92797,-1.78,0.12
0.92798,-1.76,0.12
0.92799,-1.74,0.1
0.928,-1.72,0.1
0.92801,-1.74,0.1
0.92802,-1.76,0.14
0.92803,-1.78,0.14
0.92804,-1.78,0.14
0.92805,-1.76,0.14
0.92806,-1.76,0.12
0.92807,-1.76,0.1
0.92808,-1.78,0.12
0.92809,-1.78,0.1
0.9281,-1.76,0.1
0.92811,-1.76,0.1
0.92812,-1.78,0.12
0.92813,-1.78,0.1
0.92814,-1.78,0.12
0.92815,-1.76,0.14
0.92816,-1.76,0.1
0.92817,-1.72,0.12
0.92818,-1.76,0.12
0.92819,-1.76,0.14
0.9282,-1.76,0.14
0.92821,-1.74,0.1
0.92822,-1.76,0.08
0.92823,-1.74,0.1
0.92824,-1.74,0.12
0.92825,-1.76,0.12
0.92826,-1.78,0.12
0.92827,-1.78,0.16
0.92828,-1.76,0.12
0.92829,-1.76,0.12
0.9283,-1.76,0.1
0.92831,-1.76,0.12
0.92832,-1.72,0.12
0.92833,-1.76,0.1
0.92834,-1.78,0.1
0.92835,-1.76,0.12
0.92836,-1.76,0.14
0.92837,-1.76,0.1
0.92838,-1.76,0.1
0.92839,-1.74,0.12
0.9284,-1.74,0.12
0.92841,-1.76,0.1
0.92842,-1.76,0.1
0.92843,-1.72,0.12
0.92844,-1.76,0.12
0.92845,-1.76,0.14
0.92846,-1.76,0.16
0.92847,-1.76,0.16
0.92848,-1.78,0.18
0.92849,-1.78,0.14
0.9285,-1.78,0.12
0.92851,-1.78,0.12
0.92852,-1.78,0.1
0.92853,-1.76,0.12
0.92854,-1.76,0.12
0.92855,-1.76,0.14
0.92856,-1.78,0.16
0.92857,-1.78,0.12
0.92858,-1.76,0.14
0.92859,-1.76,0.1
0.9286,-1.76,0.12
0.92861,-1.78,0.12
0.92862,-1.76,0.14
0.92863,-1.78,0.14
0.92864,-1.76,0.14
0.92865,-1.8,0.14
0.92866,-1.78,0.12
0.92867,-1.8,0.14
0.92868,-1.76,0.14
0.92869,-1.8,0.14
0.9287,-1.78,0.14
0.92871,-1.76,0.12
0.92872,-1.76,0.12
0.92873,-1.76,0.1
0.92874,-1.78,0.1
0.92875,-1.76,0.14
0.92876,-1.76,0.16
0.92877,-1.74,0.12
0.92878,-1.76,0.12
0.92879,-1.76,0.12
0.9288,-1.8,0.12
0.92881,-1.76,0.12
0.92882,-1.78,0.1
0.92883,-1.76,0.14
0.92884,-1.78,0.16
0.92885,-1.8,0.16
0.92886,-1.78,0.14
0.92887,-1.8,0.12
0.92888,-1.74,0.1
0.92889,-1.76,0.14
0.9289,-1.74,0.12
0.92891,-1.78,0.12
0.92892,-1.8,0.14
0.92893,-1.78,0.1
0.92894,-1.76,0.12
0.92895,-1.76,0.14
0.92896,-1.76,0.14
0.92897,-1.78,0.14
0.92898,-1.78,0.16
0.92899,-1.78,0.12
0.929,-1.78,0.14
0.92901,-1.78,0.12
0.92902,-1.8,0.14
0.92903,-1.8,0.12
0.92904,-1.76,0.12
0.92905,-1.78,0.1
0.92906,-1.8,0.16
0.92907,-1.76,0.16
0.92908,-1.78,0.12
0.92909,-1.74,0.12
0.9291,-1.76,0.12
0.92911,-1.76,0.14
0.92912,-1.74,0.12
0.92913,-1.76,0.12
0.92914,-1.76,0.12
0.92915,-1.78,0.1
0.92916,-1.8,0.1
0.92917,-1.8,0.12
0.92918,-1.78,0.12
0.92919,-1.78,0.12
0.9292,-1.76,0.12
0.92921,-1.8,0.1
0.92922,-1.78,0.12
0.92923,-1.8,0.12
0.92924,-1.8,0.1
0.92925,-1.78,0.12
0.92926,-1.78,0.14
0.92927,-1.8,0.16
0.92928,-1.76,0.16
0.92929,-1.78,0.08
0.9293,-1.78,0.1
0.92931,-1.8,0.08
0.92932,-1.8,0.1
0.92933,-1.8,0.14
0.92934,-1.78,0.1
0.92935,-1.76,0.08
0.92936,-1.78,0.08
0.92937,-1.76,0.1
0.92938,-1.8,0.12
0.92939,-1.76,0.12
0.9294,-1.78,0.1
0.92941,-1.76,0.12
0.92942,-1.78,0.12
0.92943,-1.78,0.1
0.92944,-1.78,0.12
0.92945,-1.76,0.1
0.92946,-1.76,0.12
0.92947,-1.78,0.12
0.92948,-1.78,0.14
0.92949,-1.82,0.12
0.9295,-1.8,0.12
0.92951,-1.78,0.1
0.92952,-1.78,0.1
0.92953,-1.76,0.1
0.92954,-1.78,0.12
0.92955,-1.8,0.14
0.92956,-1.76,0.14
0.92957,-1.8,0.12
0.92958,-1.8,0.12
0.92959,-1.8,0.12
0.9296,-1.8,0.12
0.92961,-1.78,0.12
0.92962,-1.76,0.06
0.92963,-1.78,0.1
0.92964,-1.76,0.1
0.92965,-1.76,0.12
0.92966,-1.76,0.12
0.92967,-1.72,0.14
0.92968,-1.76,0.12
0.92969,-1.78,0.1
0.9297,-1.78,0.12
0.92971,-1.78,0.1
0.92972,-1.78,0.12
0.92973,-1.76,0.1
0.92974,-1.76,0.08
0.92975,-1.8,0.1
0.92976,-1.78,0.12
0.92977,-1.8,0.08
0.92978,-1.78,0.08
0.92979,-1.76,0.1
0.9298,-1.78,0.08
0.92981,-1.8,0.08
0.92982,-1.76,0.12
0.92983,-1.78,0.12
0.92984,-1.76,0.12
0.92985,-1.78,0.12
0.92986,-1.76,0.1
0.92987,-1.78,0.1
0.92988,-1.74,0.08
0.92989,-1.74,0.08
0.9299,-1.76,0.12
0.92991,-1.76,0.08
0.92992,-1.78,0.08
0.92993,-1.76,0.12
0.92994,-1.78,0.12
0.92995,-1.8,0.12
0.92996,-1.76,0.1
0.92997,-1.74,0.1
0.92998,-1.78,0.1
0.92999,-1.78,0.12
0.93,-1.76,0.1
0.93001,-1.78,0.1
0.93002,-1.76,0.08
0.93003,-1.76,0.1
0.93004,-1.78,0.12
0.93005,-1.8,0.1
0.93006,-1.8,0.1
0.93007,-1.76,0.12
0.93008,-1.76,0.1
0.93009,-1.74,0.1
0.9301,-1.74,0.1
0.93011,-1.78,0.08
0.93012,-1.78,0.12
0.93013,-1.8,0.08
0.93014,-1.78,0.1
0.93015,-1.78,0.12
0.93016,-1.74,0.12
0.93017,-1.78,0.12
0.93018,-1.76,0.14
0.93019,-1.76,0.1
0.9302,-1.74,0.1
0.93021,-1.74,0.12
0.93022,-1.74,0.14
0.93023,-1.74,0.12
0.93024,-1.76,0.1
0.93025,-1.76,0.08
0.93026,-1.8,0.1
0.93027,-1.74,0.1
0.93028,-1.74,0.06
0.93029,-1.74,0.1
0.9303,-1.78,0.1
0.93031,-1.74,0.1
0.93032,-1.76,0.12
0.93033,-1.76,0.14
0.93034,-1.76,0.1
0.93035,-1.74,0.12
0.93036,-1.76,0.12
0.93037,-1.8,0.1
0.93038,-1.76,0.1
0.93039,-1.74,0.12
0.9304,-1.72,0.14
0.93041,-1.76,0.12
0.93042,-1.74,0.12
0.93043,-1.74,0.12
0.93044,-1.74,0.1
0.93045,-1.76,0.1
0.93046,-1.74,0.12
0.93047,-1.76,0.16
0.93048,-1.76,0.16
0.93049,-1.76,0.14
0.9305,-1.74,0.12
0.93051,-1.72,0.1
0.93052,-1.74,0.12
0.93053,-1.74,0.12
0.93054,-1.76,0.1
0.93055,-1.72,0.12
0.93056,-1.76,0.1
0.93057,-1.74,0.12
0.93058,-1.78,0.08
0.93059,-1.78,0.08
0.9306,-1.78,0.12
0.93061,-1.78,0.12
0.93062,-1.78,0.1
0.93063,-1.76,0.14
0.93064,-1.74,0.12
0.93065,-1.78,0.1
0.93066,-1.76,0.12
0.93067,-1.78,0.12
0.93068,-1.74,0.1
0.93069,-1.76,0.1
0.9307,-1.76,0.12
0.93071,-1.78,0.12
0.93072,-1.76,0.1
0.93073,-1.74,0.1
0.93074,-1.74,0.16
0.93075,-1.76,0.14
0.93076,-1.76,0.12
0.93077,-1.76,0.14
0.93078,-1.76,0.12
0.93079,-1.74,0.12
0.9308,-1.74,0.12
0.93081,-1.76,0.1
0.93082,-1.76,0.12
0.93083,-1.74,0.12
0.93084,-1.78,0.12
0.93085,-1.78,0.12
0.93086,-1.78,0.12
0.93087,-1.74,0.12
0.93088,-1.74,0.12
0.93089,-1.74,0.14
0.9309,-1.74,0.14
0.93091,-1.76,0.14
0.93092,-1.78,0.1
0.93093,-1.76,0.12
0.93094,-1.76,0.1
0.93095,-1.76,0.12
0.93096,-1.78,0.12
0.93097,-1.78,0.1
0.93098,-1.76,0.1
0.93099,-1.76,0.1
0.931,-1.74,0.1
0.93101,-1.76,0.1
0.93102,-1.78,0.12
0.93103,-1.8,0.12
0.93104,-1.8,0.12
0.93105,-1.78,0.14
0.93106,-1.76,0.14
0.93107,-1.76,0.14
0.93108,-1.74,0.12
0.93109,-1.74,0.12
0.9311,-1.76,0.12
0.93111,-1.76,0.12
0.93112,-1.74,0.12
0.93113,-1.72,0.12
0.93114,-1.74,0.14
0.93115,-1.76,0.16
0.93116,-1.78,0.14
0.93117,-1.76,0.12
0.93118,-1.76,0.1
0.93119,-1.78,0.12
0.9312,-1.76,0.1
0.93121,-1.78,0.1
0.93122,-1.8,0.12
0.93123,-1.78,0.14
0.93124,-1.78,0.12
0.93125,-1.76,0.12
0.93126,-1.76,0.16
0.93127,-1.78,0.14
0.93128,-1.7,0.12
0.93129,-1.76,0.14
0.9313,-1.78,0.12
0.93131,-1.8,0.14
0.93132,-1.78,0.16
0.93133,-1.78,0.12
0.93134,-1.76,0.12
0.93135,-1.76,0.1
0.93136,-1.78,0.12
0.93137,-1.78,0.12
0.93138,-1.78,0.12
0.93139,-1.78,0.1
0.9314,-1.8,0.1
0.93141,-1.78,0.14
0.93142,-1.76,0.12
0.93143,-1.78,0.08
0.93144,-1.82,0.1
0.93145,-1.78,0.12
0.93146,-1.76,0.12
0.93147,-1.78,0.12
0.93148,-1.78,0.12
0.93149,-1.76,0.12
0.9315,-1.82,0.1
0.93151,-1.76,0.14
0.93152,-1.8,0.14
0.93153,-1.78,0.1
0.93154,-1.78,0.12
0.93155,-1.76,0.14
0.93156,-1.78,0.12
0.93157,-1.78,0.08
0.93158,-1.76,0.1
0.93159,-1.78,0.12
0.9316,-1.76,0.14
0.93161,-1.78,0.12
0.93162,-1.76,0.12
0.93163,-1.78,0.1
0.93164,-1.76,0.1
0.93165,-1.76,0.12
0.93166,-1.74,0.16
0.93167,-1.76,0.14
0.93168,-1.76,0.12
0.93169,-1.76,0.12
0.9317,-1.78,0.12
0.93171,-1.78,0.12
0.93172,-1.78,0.14
0.93173,-1.76,0.14
0.93174,-1.78,0.12
0.93175,-1.76,0.08
0.93176,-1.76,0.1
0.93177,-1.76,0.08
0.93178,-1.78,0.08
0.93179,-1.76,0.1
0.9318,-1.78,0.14
0.93181,-1.76,0.14
0.93182,-1.78,0.1
0.93183,-1.76,0.1
0.93184,-1.78,0.14
0.93185,-1.76,0.1
0.93186,-1.76,0.08
0.93187,-1.76,0.1
0.93188,-1.78,0.1
0.93189,-1.76,0.1
0.9319,-1.78,0.1
0.93191,-1.78,0.1
0.93192,-1.76,0.12
0.93193,-1.78,0.14
0.93194,-1.78,0.14
0.93195,-1.8,0.14
0.93196,-1.8,0.16
0.93197,-1.8,0.14
0.93198,-1.74,0.16
0.93199,-1.76,0.12
0.932,-1.78,0.1
0.93201,-1.76,0.1
0.93202,-1.76,0.12
0.93203,-1.78,0.12
0.93204,-1.78,0.14
0.93205,-1.78,0.14
0.93206,-1.78,0.12
0.93207,-1.78,0.14
0.93208,-1.78,0.12
0.93209,-1.76,0.12
0.9321,-1.78,0.1
0.93211,-1.76,0.1
0.93212,-1.76,0.1
0.93213,-1.76,0.12
0.93214,-1.76,0.12
0.93215,-1.76,0.14
0.93216,-1.78,0.12
0.93217,-1.8,0.12
0.93218,-1.78,0.12
0.93219,-1.76,0.1
0.9322,-1.76,0.12
0.93221,-1.76,0.12
0.93222,-1.78,0.12
0.93223,-1.76,0.12
0.93224,-1.78,0.12
0.93225,-1.8,0.12
0.93226,-1.76,0.16
0.93227,-1.78,0.14
0.93228,-1.76,0.14
0.93229,-1.8,0.14
0.9323,-1.76,0.16
0.93231,-1.72,0.12
0.93232,-1.76,0.16
0.93233,-1.78,0.14
0.93234,-1.8,0.1
0.93235,-1.76,0.1
0.93236,-1.78,0.12
0.93237,-1.74,0.14
0.93238,-1.76,0.12
0.93239,-1.76,0.16
0.9324,-1.78,0.14
0.93241,-1.72,0.14
0.93242,-1.78,0.1
0.93243,-1.74,0.12
0.93244,-1.74,0.14
0.93245,-1.74,0.14
0.93246,-1.76,0.14
0.93247,-1.76,0.14
0.93248,-1.76,0.12
0.93249,-1.76,0.1
0.9325,-1.78,0.12
0.93251,-1.76,0.12
0.93252,-1.76,0.14
0.93253,-1.78,0.1
0.93254,-1.76,0.1
0.93255,-1.76,0.12
0.93256,-1.76,0.12
0.93257,-1.76,0.12
0.93258,-1.74,0.14
0.93259,-1.76,0.16
0.9326,-1.78,0.12
0.93261,-1.74,0.08
0.93262,-1.74,0.12
0.93263,-1.72,0.12
0.93264,-1.74,0.12
0.93265,-1.74,0.12
0.93266,-1.76,0.12
0.93267,-1.74,0.08
0.93268,-1.78,0.1
0.93269,-1.74,0.12
0.9327,-1.76,0.12
0.93271,-1.74,0.12
0.93272,-1.76,0.12
0.93273,-1.78,0.12
0.93274,-1.76,0.12
0.93275,-1.74,0.1
0.93276,-1.74,0.12
0.93277,-1.76,0.12
0.93278,-1.74,0.12
0.93279,-1.76,0.12
0.9328,-1.72,0.12
0.93281,-1.74,0.12
0.93282,-1.7,0.16
0.93283,-1.74,0.16
0.93284,-1.74,0.12
0.93285,-1.76,0.16
0.93286,-1.74,0.12
0.93287,-1.76,0.1
0.93288,-1.72,0.12
0.93289,-1.74,0.1
0.9329,-1.76,0.1
0.93291,-1.76,0.14
0.93292,-1.74,0.16
0.93293,-1.72,0.16
0.93294,-1.76,0.12
0.93295,-1.8,0.14
0.93296,-1.74,0.18
0.93297,-1.72,0.14
0.93298,-1.76,0.1
0.93299,-1.72,0.12
0.933,-1.74,0.1
0.93301,-1.74,0.14
0.93302,-1.74,0.12
0.93303,-1.74,0.12
0.93304,-1.74,0.12
0.93305,-1.76,0.12
0.93306,-1.78,0.1
0.93307,-1.76,0.14
0.93308,-1.76,0.14
0.93309,-1.72,0.12
0.9331,-1.72,0.12
0.93311,-1.76,0.14
0.93312,-1.76,0.14
0.93313,-1.78,0.14
0.93314,-1.74,0.14
0.93315,-1.76,0.16
0.93316,-1.76,0.14
0.93317,-1.76,0.14
0.93318,-1.74,0.14
0.93319,-1.74,0.12
0.9332,-1.76,0.14
0.93321,-1.74,0.14
0.93322,-1.74,0.14
0.93323,-1.74,0.12
0.93324,-1.78,0.12
0.93325,-1.76,0.12
0.93326,-1.76,0.14
0.93327,-1.74,0.1
0.93328,-1.76,0.12
0.93329,-1.74,0.14
0.9333,-1.74,0.16
0.93331,-1.78,0.14
0.93332,-1.78,0.12
0.93333,-1.78,0.14
0.93334,-1.8,0.14
0.93335,-1.78,0.14
0.93336,-1.76,0.12
0.93337,-1.74,0.14
0.93338,-1.72,0.1
0.93339,-1.76,0.12
0.9334,-1.72,0.12
0.93341,-1.78,0.14
0.93342,-1.74,0.14
0.93343,-1.76,0.12
0.93344,-1.74,0.1
0.93345,-1.78,0.16
0.93346,-1.74,0.16
0.93347,-1.74,0.12
0.93348,-1.74,0.14
0.93349,-1.76,0.14
0.9335,-1.78,0.12
0.93351,-1.78,0.14
0.93352,-1.78,0.14
0.93353,-1.76,0.16
0.93354,-1.78,0.16
0.93355,-1.76,0.14
0.93356,-1.76,0.14
0.93357,-1.78,0.12
0.93358,-1.76,0.12
0.93359,-1.74,0.1
0.9336,-1.78,0.08
0.93361,-1.76,0.1
0.93362,-1.76,0.12
0.93363,-1.76,0.12
0.93364,-1.78,0.14
0.93365,-1.78,0.16
0.93366,-1.76,0.14
0.93367,-1.78,0.14
0.93368,-1.74,0.1
0.93369,-1.74,0.1
0.9337,-1.74,0.12
0.93371,-1.76,0.14
0.93372,-1.76,0.16
0.93373,-1.74,0.14
0.93374,-1.72,0.16
0.93375,-1.78,0.16
0.93376,-1.74,0.16
0.93377,-1.78,0.14
0.93378,-1.76,0.16
0.93379,-1.78,0.14
0.9338,-1.78,0.1
0.93381,-1.8,0.12
0.93382,-1.78,0.16
0.93383,-1.76,0.16
0.93384,-1.78,0.14
0.93385,-1.78,0.12
0.93386,-1.76,0.14
0.93387,-1.74,0.14
0.93388,-1.74,0.14
0.93389,-1.78,0.14
0.9339,-1.78,0.12
0.93391,-1.8,0.14
0.93392,-1.78,0.14
0.93393,-1.74,0.16
0.93394,-1.76,0.12
0.93395,-1.76,0.16
0.93396,-1.74,0.12
0.93397,-1.78,0.12
0.93398,-1.76,0.14
0.93399,-1.76,0.14
0.934,-1.74,0.12
0.93401,-1.76,0.12
0.93402,-1.78,0.12
0.93403,-1.78,0.14
0.93404,-1.74,0.14
0.93405,-1.78,0.12
0.93406,-1.76,0.14
0.93407,-1.78,0.12
0.93408,-1.76,0.16
0.93409,-1.76,0.14
0.9341,-1.76,0.14
0.93411,-1.78,0.12
0.93412,-1.78,0.14
0.93413,-1.76,0.12
0.93414,-1.78,0.1
0.93415,-1.74,0.12
0.93416,-1.8,0.1
0.93417,-1.78,0.12
0.93418,-1.78,0.12
0.93419,-1.78,0.12
0.9342,-1.78,0.12
0.93421,-1.76,0.14
0.93422,-1.78,0.14
0.93423,-1.8,0.14
0.93424,-1.78,0.12
0.93425,-1.78,0.12
0.93426,-1.76,0.1
0.93427,-1.78,0.14
0.93428,-1.78,0.14
0.93429,-1.8,0.1
0.9343,-1.8,0.14
0.93431,-1.82,0.12
0.93432,-1.78,0.1
0.93433,-1.8,0.12
0.93434,-1.76,0.12
0.93435,-1.74,0.12
0.93436,-1.74,0.16
0.93437,-1.76,0.14
0.93438,-1.78,0.12
0.93439,-1.78,0.14
0.9344,-1.78,0.14
0.93441,-1.76,0.14
0.93442,-1.78,0.1
0.93443,-1.78,0.14
0.93444,-1.76,0.12
0.93445,-1.76,0.12
0.93446,-1.78,0.14
0.93447,-1.76,0.12
0.93448,-1.78,0.14
0.93449,-1.76,0.14
0.9345,-1.74,0.12
0.93451,-1.76,0.12
0.93452,-1.78,0.08
0.93453,-1.78,0.08
0.93454,-1.8,0.08
0.93455,-1.8,0.1
0.93456,-1.76,0.08
0.93457,-1.8,0.12
0.93458,-1.78,0.1
0.93459,-1.78,0.1
0.9346,-1.76,0.12
0.93461,-1.76,0.12
0.93462,-1.74,0.12
0.93463,-1.78,0.1
0.93464,-1.78,0.1
0.93465,-1.78,0.12
0.93466,-1.76,0.14
0.93467,-1.74,0.16
0.93468,-1.74,0.14
0.93469,-1.74,0.12
0.9347,-1.76,0.14
0.93471,-1.76,0.12
0.93472,-1.78,0.1
0.93473,-1.76,0.08
0.93474,-1.78,0.12
0.93475,-1.76,0.12
0.93476,-1.8,0.1
0.93477,-1.8,0.1
0.93478,-1.78,0.1
0.93479,-1.76,0.1
0.9348,-1.8,0.1
0.93481,-1.76,0.1
0.93482,-1.76,0.08
0.93483,-1.78,0.08
0.93484,-1.78,0.08
0.93485,-1.76,0.08
0.93486,-1.78,0.12
0.93487,-1.78,0.12
0.93488,-1.74,0.12
0.93489,-1.76,0.14
0.9349,-1.74,0.12
0.93491,-1.76,0.12
0.93492,-1.76,0.12
0.93493,-1.76,0.12
0.93494,-1.76,0.14
0.93495,-1.78,0.1
0.93496,-1.76,0.1
0.93497,-1.78,0.12
0.93498,-1.76,0.12
0.93499,-1.76,0.12
0.935,-1.78,0.1
0.93501,-1.8,0.12
0.93502,-1.76,0.14
0.93503,-1.74,0.14
0.93504,-1.74,0.12
0.93505,-1.74,0.12
0.93506,-1.76,0.12
0.93507,-1.76,0.08
0.93508,-1.78,0.08
0.93509,-1.72,0.12
0.9351,-1.76,0.1
0.93511,-1.78,0.14
0.93512,-1.78,0.12
0.93513,-1.76,0.08
0.93514,-1.8,0.1
0.93515,-1.76,0.12
0.93516,-1.78,0.12
0.93517,-1.78,0.08
0.93518,-1.74,0.1
0.93519,-1.76,0.1
0.9352,-1.76,0.12
0.93521,-1.72,0.08
0.93522,-1.74,0.1
0.93523,-1.72,0.14
0.93524,-1.74,0.12
0.93525,-1.76,0.12
0.93526,-1.76,0.12
0.93527,-1.74,0.1
0.93528,-1.74,0.12
0.93529,-1.76,0.1
0.9353,-1.76,0.12
0.93531,-1.76,0.12
0.93532,-1.72,0.1
0.93533,-1.72,0.08
0.93534,-1.74,0.1
0.93535,-1.74,0.1
0.93536,-1.76,0.12
0.93537,-1.76,0.1
0.93538,-1.76,0.12
0.93539,-1.76,0.08
0.9354,-1.76,0.1
0.93541,-1.74,0.12
0.93542,-1.76,0.1
0.93543,-1.78,0.1
0.93544,-1.76,0.08
0.93545,-1.74,0.08
0.93546,-1.72,0.1
0.93547,-1.74,0.1
0.93548,-1.72,0.12
0.93549,-1.72,0.12
0.9355,-1.72,0.1
0.93551,-1.76,0.12
0.93552,-1.72,0.12
0.93553,-1.74,0.1
0.93554,-1.74,0.12
0.93555,-1.72,0.12
0.93556,-1.7,0.12
0.93557,-1.74,0.1
0.93558,-1.68,0.12
0.93559,-1.72,0.12
0.9356,-1.74,0.16
0.93561,-1.72,0.12
0.93562,-1.72,0.14
0.93563,-1.74,0.12
0.93564,-1.74,0.1
0.93565,-1.74,0.12
0.93566,-1.74,0.12
0.93567,-1.74,0.12
0.93568,-1.74,0.12
0.93569,-1.72,0.12
0.9357,-1.76,0.12
0.93571,-1.74,0.14
0.93572,-1.76,0.12
0.93573,-1.72,0.12
0.93574,-1.74,0.12
0.93575,-1.72,0.1
0.93576,-1.72,0.1
0.93577,-1.7,0.12
0.93578,-1.72,0.1
0.93579,-1.76,0.1
0.9358,-1.74,0.1
0.93581,-1.74,0.1
0.93582,-1.72,0.12
0.93583,-1.76,0.12
0.93584,-1.7,0.1
0.93585,-1.72,0.1
0.93586,-1.72,0.12
0.93587,-1.74,0.12
0.93588,-1.74,0.14
0.93589,-1.76,0.14
0.9359,-1.74,0.14
0.93591,-1.72,0.14
0.93592,-1.72,0.12
0.93593,-1.74,0.14
0.93594,-1.76,0.14
0.93595,-1.72,0.1
0.93596,-1.74,0.12
0.93597,-1.72,0.12
0.93598,-1.72,0.12
0.93599,-1.74,0.1
0.936,-1.76,0.1
0.93601,-1.74,0.16
0.93602,-1.76,0.12
0.93603,-1.76,0.1
0.93604,-1.76,0.1
0.93605,-1.76,0.12
0.93606,-1.76,0.12
0.93607,-1.74,0.1
0.93608,-1.76,0.12
0.93609,-1.74,0.14
0.9361,-1.76,0.1
0.93611,-1.76,0.1
0.93612,-1.76,0.1
0.93613,-1.76,0.12
0.93614,-1.76,0.1
0.93615,-1.78,0.1
0.93616,-1.78,0.08
0.93617,-1.76,0.12
0.93618,-1.76,0.12
0.93619,-1.76,0.1
0.9362,-1.74,0.12
0.93621,-1.74,0.12
0.93622,-1.76,0.12
0.93623,-1.76,0.12
0.93624,-1.78,0.12
0.93625,-1.76,0.1
0.93626,-1.74,0.1
0.93627,-1.72,0.1
0.93628,-1.78,0.12
0.93629,-1.74,0.12
0.9363,-1.74,0.12
0.93631,-1.74,0.12
0.93632,-1.72,0.12
0.93633,-1.74,0.14
0.93634,-1.76,0.12
0.93635,-1.74,0.1
0.93636,-1.74,0.1
0.93637,-1.74,0.12
0.93638,-1.74,0.12
0.93639,-1.74,0.1
0.9364,-1.76,0.14
0.93641,-1.76,0.14
0.93642,-1.72,0.14
0.93643,-1.74,0.12
0.93644,-1.74,0.14
0.93645,-1.74,0.14
0.93646,-1.74,0.12
0.93647,-1.76,0.12
0.93648,-1.78,0.12
0.93649,-1.78,0.14
0.9365,-1.78,0.14
0.93651,-1.78,0.12
0.93652,-1.78,0.12
0.93653,-1.74,0.12
0.93654,-1.76,0.14
0.93655,-1.76,0.16
0.93656,-1.72,0.14
0.93657,-1.76,0.14
0.93658,-1.78,0.14
0.93659,-1.76,0.12
0.9366,-1.8,0.12
0.93661,-1.76,0.14
0.93662,-1.74,0.12
0.93663,-1.74,0.12
0.93664,-1.74,0.1
0.93665,-1.74,0.12
0.93666,-1.74,0.12
0.93667,-1.74,0.1
0.93668,-1.76,0.1
0.93669,-1.78,0.1
0.9367,-1.74,0.1
0.93671,-1.76,0.1
0.93672,-1.76,0.12
0.93673,-1.78,0.12
0.93674,-1.74,0.12
0.93675,-1.76,0.12
0.93676,-1.76,0.12
0.93677,-1.78,0.08
0.93678,-1.76,0.12
0.93679,-1.76,0.12
0.9368,-1.76,0.14
0.93681,-1.76,0.14
0.93682,-1.76,0.12
0.93683,-1.76,0.12
0.93684,-1.78,0.14
0.93685,-1.76,0.1
0.93686,-1.78,0.14
0.93687,-1.74,0.14
0.93688,-1.78,0.12
0.93689,-1.78,0.12
0.9369,-1.8,0.12
0.93691,-1.78,0.12
0.93692,-1.8,0.12
0.93693,-1.76,0.14
0.93694,-1.76,0.14
0.93695,-1.76,0.12
0.93696,-1.78,0.1
0.93697,-1.78,0.1
0.93698,-1.74,0.1
0.93699,-1.78,0.12
0.937,-1.76,0.12
0.93701,-1.8,0.1
0.93702,-1.78,0.12
0.93703,-1.78,0.1
0.93704,-1.78,0.08
0.93705,-1.76,0.08
0.93706,-1.76,0.1
0.93707,-1.74,0.12
0.93708,-1.74,0.08
0.93709,-1.76,0.1
0.9371,-1.76,0.12
0.93711,-1.74,0.1
0.93712,-1.74,0.1
0.93713,-1.74,0.12
0.93714,-1.78,0.1
0.93715,-1.74,0.06
0.93716,-1.78,0.1
0.93717,-1.74,0.1
0.93718,-1.76,0.12
0.93719,-1.76,0.1
0.9372,-1.78,0.12
0.93721,-1.74,0.12
0.93722,-1.78,0.1
0.93723,-1.76,0.12
0.93724,-1.76,0.1
0.93725,-1.76,0.1
0.93726,-1.78,0.06
0.93727,-1.78,0.08
0.93728,-1.74,0.1
0.93729,-1.72,0.06
0.9373,-1.74,0.06
0.93731,-1.72,0.1
0.93732,-1.72,0.1
0.93733,-1.76,0.1
0.93734,-1.74,0.08
0.93735,-1.76,0.08
0.93736,-1.74,0.08
0.93737,-1.76,0.1
0.93738,-1.74,0.08
0.93739,-1.72,0.08
0.9374,-1.72,0.04
0.93741,-1.74,0.04
0.93742,-1.74,0.06
0.93743,-1.72,0.08
0.93744,-1.74,0.08
0.93745,-1.76,0.04
0.93746,-1.76,0.08
0.93747,-1.72,0.1
0.93748,-1.74,0.08
0.93749,-1.72,0.08
0.9375,-1.74,0.08
0.93751,-1.74,0.08
0.93752,-1.78,0.04
0.93753,-1.74,0.06
0.93754,-1.72,0.08
0.93755,-1.74,0.08
0.93756,-1.74,0.08
0.93757,-1.74,0.06
0.93758,-1.72,0.08
0.93759,-1.74,0.08
0.9376,-1.7,0.06
0.93761,-1.74,0.06
0.93762,-1.72,0.06
0.93763,-1.72,0.06
0.93764,-1.72,0.08
0.93765,-1.76,0.06
0.93766,-1.74,0.06
0.93767,-1.72,0.06
0.93768,-1.7,0.06
0.93769,-1.68,0.08
0.9377,-1.68,0.08
0.93771,-1.68,0.08
0.93772,-1.68,0.08
0.93773,-1.7,0.08
0.93774,-1.7,0.1
0.93775,-1.72,0.06
0.93776,-1.72,0.06
0.93777,-1.7,0.08
0.93778,-1.74,0.08
0.93779,-1.68,0.08
0.9378,-1.68,0.08
0.93781,-1.68,0.08
0.93782,-1.74,0.06
0.93783,-1.68,0.06
0.93784,-1.7,0.06
0.93785,-1.7,0.04
0.93786,-1.68,0.04
0.93787,-1.7,0.1
0.93788,-1.68,0.08
0.93789,-1.66,0.06
0.9379,-1.66,0.06
0.93791,-1.66,0.06
0.93792,-1.66,0.08
0.93793,-1.68,0.08
0.93794,-1.66,0.08
0.93795,-1.68,0.08
0.93796,-1.68,0.06
0.93797,-1.68,0.06
0.93798,-1.68,0.08
0.93799,-1.68,0.08
0.938,-1.64,0.1
0.93801,-1.66,0.1
0.93802,-1.66,0.12
0.93803,-1.68,0.12
0.93804,-1.64,0.06
0.93805,-1.64,0.06
0.93806,-1.64,0.08
0.93807,-1.64,0.1
0.93808,-1.66,0.08
0.93809,-1.64,0.08
0.9381,-1.66,0.1
0.93811,-1.64,0.06
0.93812,-1.64,0.06
0.93813,-1.64,0.06
0.93814,-1.68,0.06
0.93815,-1.66,0.08
0.93816,-1.66,0.08
0.93817,-1.62,0.1
0.93818,-1.62,0.08
0.93819,-1.62,0.08
0.9382,-1.64,0.08
0.93821,-1.6,0.06
0.93822,-1.6,0.06
0.93823,-1.6,0.08
0.93824,-1.62,0.06
0.93825,-1.64,0.06
0.93826,-1.62,0.1
0.93827,-1.64,0.08
0.93828,-1.6,0.08
0.93829,-1.6,0.08
0.9383,-1.6,0.1
0.93831,-1.62,0.1
0.93832,-1.6,0.12
0.93833,-1.58,0.1
0.93834,-1.6,0.1
0.93835,-1.6,0.1
0.93836,-1.62,0.1
0.93837,-1.6,0.08
0.93838,-1.62,0.1
0.93839,-1.62,0.12
0.9384,-1.62,0.1
0.93841,-1.58,0.08
0.93842,-1.58,0.12
0.93843,-1.58,0.12
0.93844,-1.6,0.14
0.93845,-1.6,0.14
0.93846,-1.6,0.12
0.93847,-1.6,0.12
0.93848,-1.6,0.08
0.93849,-1.6,0.12
0.9385,-1.58,0.1
0.93851,-1.6,0.12
0.93852,-1.6,0.1
0.93853,-1.62,0.12
0.93854,-1.6,0.14
0.93855,-1.58,0.14
0.93856,-1.56,0.14
0.93857,-1.58,0.12
0.93858,-1.56,0.14
0.93859,-1.58,0.1
0.9386,-1.56,0.14
0.93861,-1.56,0.1
0.93862,-1.58,0.12
0.93863,-1.6,0.12
0.93864,-1.58,0.14
0.93865,-1.56,0.16
0.93866,-1.58,0.12
0.93867,-1.56,0.12
0.93868,-1.56,0.18
0.93869,-1.54,0.14
0.9387,-1.6,0.12
0.93871,-1.58,0.14
0.93872,-1.58,0.12
0.93873,-1.54,0.14
0.93874,-1.56,0.14
0.93875,-1.56,0.16
0.93876,-1.56,0.14
0.93877,-1.58,0.18
0.93878,-1.56,0.18
0.93879,-1.58,0.18
0.9388,-1.56,0.14
0.93881,-1.58,0.14
0.93882,-1.58,0.16
0.93883,-1.54,0.18
0.93884,-1.56,0.16
0.93885,-1.58,0.16
0.93886,-1.58,0.16
0.93887,-1.6,0.16
0.93888,-1.56,0.16
0.93889,-1.58,0.16
0.9389,-1.58,0.16
0.93891,-1.58,0.16
0.93892,-1.58,0.16
0.93893,-1.6,0.16
0.93894,-1.56,0.18
0.93895,-1.58,0.16
0.93896,-1.58,0.18
0.93897,-1.58,0.16
0.93898,-1.58,0.14
0.93899,-1.58,0.18
0.939,-1.6,0.18
0.93901,-1.58,0.18
0.93902,-1.58,0.18
0.93903,-1.58,0.18
0.93904,-1.6,0.2
0.93905,-1.58,0.2
0.93906,-1.56,0.18
0.93907,-1.58,0.18
0.93908,-1.58,0.16
0.93909,-1.54,0.16
0.9391,-1.56,0.2
0.93911,-1.58,0.2
0.93912,-1.56,0.2
0.93913,-1.58,0.18
0.93914,-1.58,0.18
0.93915,-1.6,0.2
0.93916,-1.56,0.22
0.93917,-1.58,0.18
0.93918,-1.56,0.2
0.93919,-1.6,0.18
0.9392,-1.56,0.2
0.93921,-1.56,0.2
0.93922,-1.58,0.2
0.93923,-1.62,0.2
0.93924,-1.64,0.2
0.93925,-1.62,0.22
0.93926,-1.6,0.2
0.93927,-1.56,0.2
0.93928,-1.6,0.2
0.93929,-1.56,0.22
0.9393,-1.62,0.2
0.93931,-1.62,0.2
0.93932,-1.62,0.18
0.93933,-1.6,0.22
0.93934,-1.64,0.2
0.93935,-1.64,0.22
0.93936,-1.64,0.2
0.93937,-1.62,0.2
0.93938,-1.62,0.2
0.93939,-1.62,0.2
0.9394,-1.62,0.2
0.93941,-1.66,0.22
0.93942,-1.64,0.2
0.93943,-1.64,0.18
0.93944,-1.62,0.18
0.93945,-1.66,0.22
0.93946,-1.64,0.26
0.93947,-1.64,0.24
0.93948,-1.64,0.22
0.93949,-1.62,0.2
0.9395,-1.64,0.2
0.93951,-1.64,0.18
0.93952,-1.64,0.18
0.93953,-1.62,0.2
0.93954,-1.64,0.2
0.93955,-1.66,0.18
0.93956,-1.64,0.2
0.93957,-1.66,0.22
0.93958,-1.68,0.24
0.93959,-1.66,0.22
0.9396,-1.68,0.22
0.93961,-1.68,0.2
0.93962,-1.66,0.18
0.93963,-1.66,0.18
0.93964,-1.66,0.2
0.93965,-1.7,0.18
0.93966,-1.7,0.2
0.93967,-1.68,0.2
0.93968,-1.68,0.18
0.93969,-1.7,0.18
0.9397,-1.7,0.16
0.93971,-1.7,0.18
0.93972,-1.68,0.18
0.93973,-1.7,0.2
0.93974,-1.68,0.22
0.93975,-1.72,0.2
0.93976,-1.7,0.22
0.93977,-1.7,0.18
0.93978,-1.72,0.18
0.93979,-1.74,0.16
0.9398,-1.72,0.18
0.93981,-1.72,0.2
0.93982,-1.7,0.18
0.93983,-1.72,0.16
0.93984,-1.72,0.16
0.93985,-1.72,0.18
0.93986,-1.72,0.22
0.93987,-1.7,0.2
0.93988,-1.74,0.16
0.93989,-1.72,0.18
0.9399,-1.76,0.16
0.93991,-1.76,0.12
0.93992,-1.72,0.14
0.93993,-1.7,0.18
0.93994,-1.7,0.16
0.93995,-1.76,0.2
0.93996,-1.74,0.2
0.93997,-1.72,0.14
0.93998,-1.72,0.12
0.93999,-1.74,0.14
0.94,-1.76,0.14
0.94001,-1.76,0.16
0.94002,-1.72,0.14
0.94003,-1.76,0.16
0.94004,-1.74,0.18
0.94005,-1.74,0.14
0.94006,-1.74,0.12
0.94007,-1.76,0.14
0.94008,-1.74,0.12
0.94009,-1.76,0.14
0.9401,-1.78,0.14
0.94011,-1.8,0.12
0.94012,-1.76,0.14
0.94013,-1.78,0.12
0.94014,-1.76,0.12
0.94015,-1.74,0.12
0.94016,-1.76,0.12
0.94017,-1.76,0.08
0.94018,-1.78,0.1
0.94019,-1.78,0.1
0.9402,-1.76,0.12
0.94021,-1.8,0.14
0.94022,-1.8,0.12
0.94023,-1.78,0.12
0.94024,-1.78,0.12
0.94025,-1.78,0.1
0.94026,-1.8,0.12
0.94027,-1.8,0.12
0.94028,-1.8,0.08
0.94029,-1.82,0.06
0.9403,-1.78,0.06
0.94031,-1.78,0.08
0.94032,-1.76,0.08
0.94033,-1.82,0.06
0.94034,-1.78,0.1
0.94035,-1.82,0.08
0.94036,-1.78,0.08
0.94037,-1.8,0.06
0.94038,-1.78,0.04
0.94039,-1.84,0.04
0.9404,-1.82,0.06
0.94041,-1.8,0.04
0.94042,-1.8,0.04
0.94043,-1.78,0.02
0.94044,-1.78,0.04
0.94045,-1.78,0.04
0.94046,-1.8,0.04
0.94047,-1.8,0.02
0.94048,-1.86,0
0.94049,-1.84,0.04
0.9405,-1.84,0.04
0.94051,-1.82,0.02
0.94052,-1.84,0.06
0.94053,-1.82,0.06
0.94054,-1.82,0.04
0.94055,-1.8,0.02
0.94056,-1.8,0.02
0.94057,-1.8,0.02
0.94058,-1.82,0.04
0.94059,-1.8,0.02
0.9406,-1.84,0
0.94061,-1.84,0
0.94062,-1.84,0
0.94063,-1.86,0
0.94064,-1.82,0.06
0.94065,-1.84,0.02
0.94066,-1.84,-0.02
0.94067,-1.82,0
0.94068,-1.8,0
0.94069,-1.84,-0.04
0.9407,-1.82,-0.02
0.94071,-1.82,0.02
0.94072,-1.82,-0.02
0.94073,-1.82,-0.04
0.94074,-1.82,-0.06
0.94075,-1.84,-0.04
0.94076,-1.82,-0.02
0.94077,-1.76,0
0.94078,-1.8,-0.04
0.94079,-1.84,-0.02
0.9408,-1.86,-0.04
0.94081,-1.84,-0.02
0.94082,-1.82,-0.06
0.94083,-1.82,-0.06
0.94084,-1.8,-0.04
0.94085,-1.84,-0.04
0.94086,-1.82,0
0.94087,-1.82,0
0.94088,-1.8,-0.06
0.94089,-1.82,-0.08
0.9409,-1.82,-0.08
0.94091,-1.84,-0.08
0.94092,-1.8,-0.08
0.94093,-1.82,-0.06
0.94094,-1.78,-0.08
0.94095,-1.82,-0.06
0.94096,-1.8,-0.1
0.94097,-1.82,-0.06
0.94098,-1.8,-0.06
0.94099,-1.82,-0.04
0.941,-1.82,-0.06
0.94101,-1.8,-0.08
0.94102,-1.82,-0.06
0.94103,-1.82,-0.1
0.94104,-1.8,-0.1
0.94105,-1.8,-0.08
0.94106,-1.82,-0.1
0.94107,-1.8,-0.08
0.94108,-1.8,-0.08
0.94109,-1.8,-0.12
0.9411,-1.84,-0.1
0.94111,-1.78,-0.08
0.94112,-1.78,-0.08
0.94113,-1.78,-0.08
0.94114,-1.8,-0.06
0.94115,-1.8,-0.08
0.94116,-1.78,-0.1
0.94117,-1.78,-0.08
0.94118,-1.78,-0.08
0.94119,-1.76,-0.08
0.9412,-1.74,-0.06
0.94121,-1.78,-0.08
0.94122,-1.78,-0.1
0.94123,-1.78,-0.08
0.94124,-1.76,-0.08
0.94125,-1.76,-0.08
0.94126,-1.76,-0.1
0.94127,-1.8,-0.1
0.94128,-1.76,-0.08
0.94129,-1.76,-0.08
0.9413,-1.74,-0.1
0.94131,-1.76,-0.1
0.94132,-1.76,-0.08
0.94133,-1.78,-0.08
0.94134,-1.76,-0.08
0.94135,-1.72,-0.06
0.94136,-1.74,-0.08
0.94137,-1.76,-0.06
0.94138,-1.76,-0.08
0.94139,-1.76,-0.08
0.9414,-1.74,-0.1
0.94141,-1.74,-0.08
0.94142,-1.76,-0.08
0.94143,-1.76,-0.1
0.94144,-1.76,-0.12
0.94145,-1.78,-0.1
0.94146,-1.76,-0.06
0.94147,-1.76,-0.1
0.94148,-1.74,-0.1
0.94149,-1.76,-0.1
0.9415,-1.72,-0.08
0.94151,-1.74,-0.1
0.94152,-1.74,-0.1
0.94153,-1.72,-0.08
0.94154,-1.72,-0.08
0.94155,-1.76,-0.08
0.94156,-1.74,-0.12
0.94157,-1.76,-0.1
0.94158,-1.74,-0.1
0.94159,-1.76,-0.1
0.9416,-1.74,-0.08
0.94161,-1.72,-0.1
0.94162,-1.74,-0.08
0.94163,-1.78,-0.08
0.94164,-1.74,-0.08
0.94165,-1.72,-0.04
0.94166,-1.72,-0.06
0.94167,-1.7,-0.06
0.94168,-1.72,-0.08
0.94169,-1.7,-0.04
0.9417,-1.76,-0.06
0.94171,-1.76,-0.06
0.94172,-1.74,-0.06
0.94173,-1.72,-0.06
0.94174,-1.74,-0.08
0.94175,-1.72,-0.06
0.94176,-1.72,-0.06
0.94177,-1.72,-0.06
0.94178,-1.72,-0.06
0.94179,-1.7,-0.06
0.9418,-1.68,-0.06
0.94181,-1.74,-0.04
0.94182,-1.72,-0.04
0.94183,-1.72,-0.06
0.94184,-1.7,-0.06
0.94185,-1.7,-0.06
0.94186,-1.68,-0.04
0.94187,-1.68,-0.04
0.94188,-1.7,-0.04
0.94189,-1.72,-0.04
0.9419,-1.72,-0.06
0.94191,-1.74,-0.08
0.94192,-1.72,-0.04
0.94193,-1.72,-0.04
0.94194,-1.7,-0.04
0.94195,-1.7,-0.06
0.94196,-1.72,-0.02
0.94197,-1.7,0
0.94198,-1.7,-0.02
0.94199,-1.68,-0.04
0.942,-1.72,-0.04
0.94201,-1.7,-0.04
0.94202,-1.72,-0.04
0.94203,-1.7,-0.04
0.94204,-1.74,-0.02
0.94205,-1.72,-0.02
0.94206,-1.7,-0.02
0.94207,-1.68,-0.04
0.94208,-1.68,0
0.94209,-1.72,-0.04
0.9421,-1.7,0.02
0.94211,-1.7,0.02
0.94212,-1.7,0.02
0.94213,-1.72,0.02
0.94214,-1.7,0.02
0.94215,-1.74,0.04
0.94216,-1.72,0.02
0.94217,-1.72,0
0.94218,-1.68,0.02
0.94219,-1.68,0
0.9422,-1.72,0.02
0.94221,-1.68,0.04
0.94222,-1.68,0.04
0.94223,-1.7,0
0.94224,-1.7,0
0.94225,-1.7,0.02
0.94226,-1.68,0.04
0.94227,-1.68,0.04
0.94228,-1.72,0
0.94229,-1.7,0.04
0.9423,-1.72,0.06
0.94231,-1.7,0.04
0.94232,-1.7,0.02
0.94233,-1.72,0.06
0.94234,-1.74,0.02
0.94235,-1.72,0.04
0.94236,-1.7,0.08
0.94237,-1.68,0.08
0.94238,-1.68,0.04
0.94239,-1.68,0.06
0.9424,-1.68,0.02
0.94241,-1.7,0.04
0.94242,-1.72,0.06
0.94243,-1.72,0.06
0.94244,-1.7,0.06
0.94245,-1.72,0.04
0.94246,-1.7,0.06
0.94247,-1.72,0.02
0.94248,-1.72,0.04
0.94249,-1.72,0.06
0.9425,-1.7,0.06
0.94251,-1.72,0.06
0.94252,-1.72,0.08
0.94253,-1.74,0.06
0.94254,-1.72,0.08
0.94255,-1.7,0.08
0.94256,-1.72,0.08
0.94257,-1.7,0.06
0.94258,-1.7,0.04
0.94259,-1.72,0.08
0.9426,-1.7,0.06
0.94261,-1.7,0.08
0.94262,-1.74,0.08
0.94263,-1.72,0.1
0.94264,-1.7,0.08
0.94265,-1.7,0.08
0.94266,-1.72,0.08
0.94267,-1.74,0.12
0.94268,-1.72,0.06
0.94269,-1.72,0.1
0.9427,-1.72,0.1
0.94271,-1.74,0.1
0.94272,-1.74,0.1
0.94273,-1.74,0.08
0.94274,-1.74,0.1
0.94275,-1.76,0.1
0.94276,-1.72,0.1
0.94277,-1.74,0.1
0.94278,-1.74,0.08
0.94279,-1.72,0.06
0.9428,-1.74,0.1
0.94281,-1.74,0.1
0.94282,-1.76,0.08
0.94283,-1.76,0.1
0.94284,-1.74,0.14
0.94285,-1.74,0.1
0.94286,-1.78,0.12
0.94287,-1.76,0.12
0.94288,-1.72,0.1
0.94289,-1.72,0.1
0.9429,-1.74,0.1
0.94291,-1.72,0.1
0.94292,-1.72,0.1
0.94293,-1.7,0.08
0.94294,-1.76,0.1
0.94295,-1.76,0.1
0.94296,-1.74,0.1
0.94297,-1.74,0.1
0.94298,-1.72,0.08
0.94299,-1.76,0.1
0.943,-1.76,0.08
0.94301,-1.76,0.1
0.94302,-1.72,0.12
0.94303,-1.76,0.14
0.94304,-1.74,0.12
0.94305,-1.74,0.1
0.94306,-1.74,0.12
0.94307,-1.8,0.08
0.94308,-1.78,0.08
0.94309,-1.78,0.1
0.9431,-1.76,0.1
0.94311,-1.76,0.06
0.94312,-1.76,0.12
0.94313,-1.76,0.16
0.94314,-1.76,0.14
0.94315,-1.74,0.12
0.94316,-1.74,0.1
0.94317,-1.74,0.12
0.94318,-1.76,0.12
0.94319,-1.76,0.1
0.9432,-1.8,0.1
0.94321,-1.76,0.12
0.94322,-1.76,0.12
0.94323,-1.78,0.12
0.94324,-1.78,0.1
0.94325,-1.76,0.12
0.94326,-1.78,0.08
0.94327,-1.76,0.08
0.94328,-1.74,0.1
0.94329,-1.78,0.1
0.9433,-1.76,0.06
0.94331,-1.78,0.1
0.94332,-1.78,0.12
0.94333,-1.8,0.1
0.94334,-1.76,0.12
0.94335,-1.8,0.12
0.94336,-1.78,0.12
0.94337,-1.8,0.12
0.94338,-1.78,0.12
0.94339,-1.8,0.08
0.9434,-1.8,0.1
0.94341,-1.8,0.1
0.94342,-1.8,0.12
0.94343,-1.78,0.12
0.94344,-1.76,0.1
0.94345,-1.78,0.1
0.94346,-1.78,0.14
0.94347,-1.78,0.12
0.94348,-1.82,0.08
0.94349,-1.78,0.08
0.9435,-1.76,0.08
0.94351,-1.76,0.08
0.94352,-1.8,0.08
0.94353,-1.76,0.08
0.94354,-1.76,0.1
0.94355,-1.78,0.1
0.94356,-1.8,0.12
0.94357,-1.8,0.1
0.94358,-1.78,0.08
0.94359,-1.74,0.1
0.9436,-1.78,0.1
0.94361,-1.76,0.08
0.94362,-1.78,0.1
0.94363,-1.8,0.1
0.94364,-1.76,0.1
0.94365,-1.78,0.1
0.94366,-1.76,0.08
0.94367,-1.76,0.08
0.94368,-1.78,0.1
0.94369,-1.8,0.08
0.9437,-1.76,0.08
0.94371,-1.78,0.08
0.94372,-1.78,0.08
0.94373,-1.78,0.08
0.94374,-1.76,0.08
0.94375,-1.76,0.1
0.94376,-1.78,0.08
0.94377,-1.76,0.08
0.94378,-1.76,0.1
0.94379,-1.78,0.08
0.9438,-1.78,0.08
0.94381,-1.76,0.08
0.94382,-1.8,0.1
0.94383,-1.8,0.1
0.94384,-1.78,0.1
0.94385,-1.76,0.08
0.94386,-1.78,0.08
0.94387,-1.8,0.08
0.94388,-1.8,0.1
0.94389,-1.8,0.08
0.9439,-1.8,0.06
0.94391,-1.78,0.08
0.94392,-1.74,0.12
0.94393,-1.74,0.1
0.94394,-1.76,0.06
0.94395,-1.76,0.06
0.94396,-1.74,0.1
0.94397,-1.78,0.08
0.94398,-1.76,0.04
0.94399,-1.8,0.08
0.944,-1.78,0.08
0.94401,-1.78,0.1
0.94402,-1.76,0.1
0.94403,-1.76,0.1
0.94404,-1.74,0.1
0.94405,-1.76,0.08
0.94406,-1.78,0.06
0.94407,-1.78,0.08
0.94408,-1.78,0.08
0.94409,-1.76,0.06
0.9441,-1.78,0.08
0.94411,-1.76,0.08
0.94412,-1.8,0.08
0.94413,-1.74,0.1
0.94414,-1.76,0.08
0.94415,-1.8,0.06
0.94416,-1.78,0.06
0.94417,-1.78,0.08
0.94418,-1.78,0.1
0.94419,-1.74,0.06
0.9442,-1.74,0.06
0.94421,-1.76,0.08
0.94422,-1.72,0.08
0.94423,-1.76,0.06
0.94424,-1.76,0.08
0.94425,-1.78,0.08
0.94426,-1.78,0.06
0.94427,-1.78,0.06
0.94428,-1.76,0.08
0.94429,-1.74,0.1
0.9443,-1.7,0.1
0.94431,-1.74,0.06
0.94432,-1.74,0.08
0.94433,-1.76,0.08
0.94434,-1.76,0.08
0.94435,-1.74,0.06
0.94436,-1.74,0.08
0.94437,-1.76,0.08
0.94438,-1.72,0.08
0.94439,-1.72,0.06
0.9444,-1.76,0.04
0.94441,-1.76,0.08
0.94442,-1.72,0.08
0.94443,-1.74,0.06
0.94444,-1.74,0.04
0.94445,-1.76,0.06
0.94446,-1.78,0.06
0.94447,-1.76,0.08
0.94448,-1.76,0.06
0.94449,-1.74,0.08
0.9445,-1.76,0.04
0.94451,-1.76,0.04
0.94452,-1.74,0.1
0.94453,-1.76,0.08
0.94454,-1.78,0.06
0.94455,-1.78,0.06
0.94456,-1.74,0.08
0.94457,-1.76,0.06
0.94458,-1.76,0.06
0.94459,-1.76,0.08
0.9446,-1.76,0.1
0.94461,-1.74,0.1
0.94462,-1.74,0.06
0.94463,-1.76,0.08
0.94464,-1.74,0.08
0.94465,-1.76,0.08
0.94466,-1.74,0.06
0.94467,-1.72,0.08
0.94468,-1.76,0.08
0.94469,-1.74,0.08
0.9447,-1.74,0.08
0.94471,-1.74,0.08
0.94472,-1.76,0.08
0.94473,-1.74,0.08
0.94474,-1.74,0.08
0.94475,-1.76,0.1
0.94476,-1.76,0.1
0.94477,-1.74,0.06
0.94478,-1.72,0.06
0.94479,-1.72,0.06
0.9448,-1.76,0.08
0.94481,-1.74,0.08
0.94482,-1.72,0.08
0.94483,-1.72,0.1
0.94484,-1.74,0.08
0.94485,-1.76,0.08
0.94486,-1.76,0.1
0.94487,-1.78,0.08
0.94488,-1.76,0.1
0.94489,-1.76,0.12
0.9449,-1.72,0.12
0.94491,-1.76,0.1
0.94492,-1.74,0.08
0.94493,-1.72,0.08
0.94494,-1.74,0.1
0.94495,-1.72,0.1
0.94496,-1.74,0.08
0.94497,-1.76,0.1
0.94498,-1.76,0.12
0.94499,-1.74,0.1
0.945,-1.76,0.08
0.94501,-1.74,0.1
0.94502,-1.74,0.08
0.94503,-1.76,0.1
0.94504,-1.76,0.1
0.94505,-1.76,0.1
0.94506,-1.74,0.08
0.94507,-1.78,0.1
0.94508,-1.78,0.08
0.94509,-1.78,0.1
0.9451,-1.76,0.08
0.94511,-1.76,0.08
0.94512,-1.74,0.12
0.94513,-1.76,0.12
0.94514,-1.76,0.08
0.94515,-1.78,0.1
0.94516,-1.74,0.08
0.94517,-1.76,0.08
0.94518,-1.72,0.06
0.94519,-1.74,0.08
0.9452,-1.72,0.08
0.94521,-1.74,0.12
0.94522,-1.76,0.12
0.94523,-1.74,0.08
0.94524,-1.76,0.1
0.94525,-1.76,0.08
0.94526,-1.76,0.08
0.94527,-1.74,0.1
0.94528,-1.76,0.1
0.94529,-1.74,0.12
0.9453,-1.74,0.1
0.94531,-1.74,0.1
0.94532,-1.74,0.08
0.94533,-1.76,0.1
0.94534,-1.74,0.12
0.94535,-1.74,0.12
0.94536,-1.74,0.1
0.94537,-1.74,0.1
0.94538,-1.74,0.08
0.94539,-1.72,0.08
0.9454,-1.74,0.1
0.94541,-1.76,0.08
0.94542,-1.76,0.1
0.94543,-1.76,0.06
0.94544,-1.76,0.08
0.94545,-1.78,0.1
0.94546,-1.74,0.08
0.94547,-1.76,0.08
0.94548,-1.74,0.1
0.94549,-1.74,0.06
0.9455,-1.74,0.1
0.94551,-1.76,0.1
0.94552,-1.76,0.1
0.94553,-1.78,0.08
0.94554,-1.78,0.12
0.94555,-1.78,0.12
0.94556,-1.76,0.08
0.94557,-1.76,0.12
0.94558,-1.78,0.12
0.94559,-1.74,0.1
0.9456,-1.76,0.1
0.94561,-1.76,0.08
0.94562,-1.76,0.1
0.94563,-1.72,0.1
0.94564,-1.74,0.1
0.94565,-1.72,0.14
0.94566,-1.72,0.12
0.94567,-1.74,0.1
0.94568,-1.76,0.1
0.94569,-1.76,0.1
0.9457,-1.78,0.12
0.94571,-1.78,0.08
0.94572,-1.74,0.08
0.94573,-1.78,0.1
0.94574,-1.76,0.08
0.94575,-1.76,0.1
0.94576,-1.74,0.08
0.94577,-1.76,0.1
0.94578,-1.76,0.1
0.94579,-1.8,0.1
0.9458,-1.76,0.1
0.94581,-1.78,0.1
0.94582,-1.78,0.1
0.94583,-1.76,0.08
0.94584,-1.76,0.12
0.94585,-1.76,0.08
0.94586,-1.78,0.1
0.94587,-1.78,0.12
0.94588,-1.76,0.1
0.94589,-1.74,0.1
0.9459,-1.76,0.12
0.94591,-1.76,0.12
0.94592,-1.78,0.14
0.94593,-1.76,0.12
0.94594,-1.76,0.08
0.94595,-1.74,0.08
0.94596,-1.78,0.12
0.94597,-1.76,0.1
0.94598,-1.78,0.1
0.94599,-1.76,0.1
0.946,-1.74,0.1
0.94601,-1.72,0.08
0.94602,-1.72,0.08
0.94603,-1.74,0.12
0.94604,-1.74,0.12
0.94605,-1.76,0.12
0.94606,-1.76,0.1
0.94607,-1.76,0.1
0.94608,-1.78,0.1
0.94609,-1.76,0.1
0.9461,-1.74,0.1
0.94611,-1.74,0.1
0.94612,-1.74,0.1
0.94613,-1.74,0.12
0.94614,-1.74,0.1
0.94615,-1.76,0.1
0.94616,-1.76,0.1
0.94617,-1.76,0.1
0.94618,-1.76,0.12
0.94619,-1.76,0.12
0.9462,-1.76,0.12
0.94621,-1.76,0.1
0.94622,-1.78,0.1
0.94623,-1.74,0.1
0.94624,-1.76,0.08
0.94625,-1.78,0.08
0.94626,-1.78,0.1
0.94627,-1.76,0.12
0.94628,-1.78,0.12
0.94629,-1.76,0.1
0.9463,-1.76,0.1
0.94631,-1.78,0.1
0.94632,-1.74,0.08
0.94633,-1.76,0.08
0.94634,-1.74,0.08
0.94635,-1.78,0.08
0.94636,-1.76,0.12
0.94637,-1.76,0.1
0.94638,-1.76,0.08
0.94639,-1.76,0.1
0.9464,-1.78,0.12
0.94641,-1.76,0.1
0.94642,-1.74,0.1
0.94643,-1.76,0.12
0.94644,-1.76,0.1
0.94645,-1.78,0.1
0.94646,-1.78,0.1
0.94647,-1.78,0.08
0.94648,-1.78,0.08
0.94649,-1.76,0.08
0.9465,-1.78,0.08
0.94651,-1.76,0.1
0.94652,-1.8,0.08
0.94653,-1.74,0.1
0.94654,-1.78,0.06
0.94655,-1.74,0.08
0.94656,-1.8,0.1
0.94657,-1.78,0.12
0.94658,-1.78,0.1
0.94659,-1.8,0.1
0.9466,-1.78,0.12
0.94661,-1.76,0.1
0.94662,-1.76,0.1
0.94663,-1.74,0.1
0.94664,-1.74,0.12
0.94665,-1.76,0.1
0.94666,-1.74,0.1
0.94667,-1.76,0.1
0.94668,-1.74,0.12
0.94669,-1.74,0.08
0.9467,-1.74,0.08
0.94671,-1.76,0.08
0.94672,-1.78,0.06
0.94673,-1.76,0.08
0.94674,-1.74,0.08
0.94675,-1.74,0.1
0.94676,-1.74,0.12
0.94677,-1.74,0.12
0.94678,-1.76,0.08
0.94679,-1.72,0.1
0.9468,-1.74,0.08
0.94681,-1.76,0.1
0.94682,-1.74,0.1
0.94683,-1.74,0.1
0.94684,-1.76,0.1
0.94685,-1.74,0.1
0.94686,-1.76,0.1
0.94687,-1.76,0.12
0.94688,-1.8,0.12
0.94689,-1.76,0.1
0.9469,-1.74,0.08
0.94691,-1.76,0.06
0.94692,-1.78,0.06
0.94693,-1.78,0.08
0.94694,-1.74,0.1
0.94695,-1.76,0.1
0.94696,-1.72,0.12
0.94697,-1.78,0.1
0.94698,-1.76,0.1
0.94699,-1.76,0.1
0.947,-1.74,0.1
0.94701,-1.74,0.08
0.94702,-1.74,0.1
0.94703,-1.78,0.08
0.94704,-1.74,0.1
0.94705,-1.76,0.12
0.94706,-1.74,0.1
0.94707,-1.76,0.1
0.94708,-1.76,0.1
0.94709,-1.76,0.14
0.9471,-1.76,0.12
0.94711,-1.74,0.08
0.94712,-1.78,0.12
0.94713,-1.76,0.12
0.94714,-1.76,0.08
0.94715,-1.74,0.08
0.94716,-1.76,0.06
0.94717,-1.74,0.08
0.94718,-1.76,0.1
0.94719,-1.74,0.08
0.9472,-1.78,0.12
0.94721,-1.78,0.12
0.94722,-1.76,0.12
0.94723,-1.78,0.12
0.94724,-1.72,0.1
0.94725,-1.76,0.08
0.94726,-1.74,0.08
0.94727,-1.72,0.08
0.94728,-1.72,0.06
0.94729,-1.76,0.1
0.9473,-1.74,0.12
0.94731,-1.72,0.12
0.94732,-1.72,0.12
0.94733,-1.74,0.08
0.94734,-1.74,0.08
0.94735,-1.76,0.1
0.94736,-1.74,0.1
0.94737,-1.76,0.08
0.94738,-1.78,0.08
0.94739,-1.76,0.08
0.9474,-1.78,0.1
0.94741,-1.78,0.08
0.94742,-1.74,0.08
0.94743,-1.76,0.08
0.94744,-1.74,0.1
0.94745,-1.74,0.1
0.94746,-1.76,0.1
0.94747,-1.76,0.08
0.94748,-1.78,0.08
0.94749,-1.78,0.08
0.9475,-1.76,0.08
0.94751,-1.78,0.12
0.94752,-1.74,0.1
0.94753,-1.74,0.1
0.94754,-1.74,0.1
0.94755,-1.74,0.08
0.94756,-1.74,0.1
0.94757,-1.78,0.1
0.94758,-1.76,0.12
0.94759,-1.78,0.12
0.9476,-1.78,0.1
0.94761,-1.76,0.1
0.94762,-1.72,0.1
0.94763,-1.76,0.1
0.94764,-1.74,0.12
0.94765,-1.74,0.12
0.94766,-1.76,0.08
0.94767,-1.74,0.06
0.94768,-1.76,0.08
0.94769,-1.74,0.1
0.9477,-1.74,0.12
0.94771,-1.74,0.1
0.94772,-1.76,0.08
0.94773,-1.76,0.1
0.94774,-1.78,0.08
0.94775,-1.76,0.12
0.94776,-1.76,0.08
0.94777,-1.76,0.1
0.94778,-1.76,0.12
0.94779,-1.76,0.08
0.9478,-1.76,0.1
0.94781,-1.78,0.1
0.94782,-1.8,0.1
0.94783,-1.78,0.12
0.94784,-1.76,0.12
0.94785,-1.74,0.12
0.94786,-1.74,0.12
0.94787,-1.76,0.12
0.94788,-1.74,0.12
0.94789,-1.72,0.1
0.9479,-1.74,0.12
0.94791,-1.76,0.12
0.94792,-1.76,0.1
0.94793,-1.78,0.12
0.94794,-1.76,0.1
0.94795,-1.8,0.1
0.94796,-1.78,0.14
0.94797,-1.76,0.1
0.94798,-1.76,0.1
0.94799,-1.76,0.1
0.948,-1.78,0.1
0.94801,-1.74,0.08
0.94802,-1.74,0.08
0.94803,-1.74,0.1
0.94804,-1.76,0.12
0.94805,-1.74,0.1
0.94806,-1.78,0.1
0.94807,-1.78,0.14
0.94808,-1.78,0.1
0.94809,-1.8,0.1
0.9481,-1.78,0.12
0.94811,-1.76,0.12
0.94812,-1.78,0.08
0.94813,-1.78,0.12
0.94814,-1.76,0.1
0.94815,-1.76,0.1
0.94816,-1.74,0.12
0.94817,-1.78,0.08
0.94818,-1.78,0.08
0.94819,-1.78,0.08
0.9482,-1.76,0.08
0.94821,-1.8,0.12
0.94822,-1.78,0.12
0.94823,-1.74,0.12
0.94824,-1.76,0.12
0.94825,-1.74,0.12
0.94826,-1.74,0.12
0.94827,-1.78,0.1
0.94828,-1.74,0.12
0.94829,-1.74,0.1
0.9483,-1.8,0.1
0.94831,-1.8,0.14
0.94832,-1.78,0.12
0.94833,-1.76,0.12
0.94834,-1.74,0.1
0.94835,-1.74,0.12
0.94836,-1.74,0.1
0.94837,-1.78,0.1
0.94838,-1.76,0.1
0.94839,-1.74,0.12
0.9484,-1.76,0.12
0.94841,-1.78,0.12
0.94842,-1.76,0.12
0.94843,-1.78,0.1
0.94844,-1.76,0.1
0.94845,-1.76,0.12
0.94846,-1.74,0.14
0.94847,-1.74,0.14
0.94848,-1.74,0.12
0.94849,-1.82,0.1
0.9485,-1.76,0.12
0.94851,-1.78,0.1
0.94852,-1.8,0.12
0.94853,-1.8,0.12
0.94854,-1.78,0.12
0.94855,-1.78,0.1
0.94856,-1.8,0.12
0.94857,-1.76,0.12
0.94858,-1.76,0.12
0.94859,-1.72,0.12
0.9486,-1.76,0.12
0.94861,-1.76,0.08
0.94862,-1.76,0.12
0.94863,-1.78,0.1
0.94864,-1.8,0.1
0.94865,-1.74,0.1
0.94866,-1.78,0.08
0.94867,-1.76,0.08
0.94868,-1.76,0.08
0.94869,-1.76,0.12
0.9487,-1.74,0.12
0.94871,-1.76,0.08
0.94872,-1.78,0.1
0.94873,-1.78,0.1
0.94874,-1.76,0.12
0.94875,-1.74,0.14
0.94876,-1.72,0.1
0.94877,-1.74,0.06
0.94878,-1.74,0.08
0.94879,-1.76,0.08
0.9488,-1.74,0.12
0.94881,-1.78,0.08
0.94882,-1.78,0.12
0.94883,-1.78,0.14
0.94884,-1.76,0.1
0.94885,-1.76,0.1
0.94886,-1.74,0.1
0.94887,-1.74,0.12
0.94888,-1.72,0.12
0.94889,-1.74,0.12
0.9489,-1.76,0.16
0.94891,-1.76,0.16
0.94892,-1.76,0.14
0.94893,-1.76,0.1
0.94894,-1.76,0.1
0.94895,-1.74,0.14
0.94896,-1.74,0.1
0.94897,-1.74,0.1
0.94898,-1.76,0.1
0.94899,-1.76,0.12
0.949,-1.74,0.12
0.94901,-1.76,0.1
0.94902,-1.76,0.12
0.94903,-1.76,0.1
0.94904,-1.78,0.1
0.94905,-1.78,0.12
0.94906,-1.72,0.12
0.94907,-1.76,0.1
0.94908,-1.74,0.12
0.94909,-1.74,0.08
0.9491,-1.74,0.12
0.94911,-1.78,0.08
0.94912,-1.76,0.08
0.94913,-1.74,0.08
0.94914,-1.76,0.12
0.94915,-1.78,0.14
0.94916,-1.76,0.16
0.94917,-1.74,0.1
0.94918,-1.76,0.12
0.94919,-1.74,0.1
0.9492,-1.76,0.08
0.94921,-1.72,0.1
0.94922,-1.76,0.12
0.94923,-1.74,0.1
0.94924,-1.8,0.12
0.94925,-1.76,0.14
0.94926,-1.76,0.12
0.94927,-1.74,0.08
0.94928,-1.76,0.1
0.94929,-1.76,0.08
0.9493,-1.76,0.1
0.94931,-1.76,0.12
0.94932,-1.76,0.16
0.94933,-1.78,0.16
0.94934,-1.76,0.14
0.94935,-1.76,0.12
0.94936,-1.74,0.14
0.94937,-1.74,0.1
0.94938,-1.74,0.08
0.94939,-1.74,0.12
0.9494,-1.72,0.14
0.94941,-1.76,0.14
0.94942,-1.74,0.14
0.94943,-1.74,0.1
0.94944,-1.72,0.1
0.94945,-1.72,0.12
0.94946,-1.74,0.14
0.94947,-1.76,0.14
0.94948,-1.74,0.12
0.94949,-1.74,0.1
0.9495,-1.76,0.1
0.94951,-1.74,0.14
0.94952,-1.74,0.14
0.94953,-1.74,0.14
0.94954,-1.74,0.14
0.94955,-1.78,0.12
0.94956,-1.76,0.08
0.94957,-1.74,0.1
0.94958,-1.74,0.16
0.94959,-1.74,0.16
0.9496,-1.76,0.12
0.94961,-1.78,0.1
0.94962,-1.76,0.14
0.94963,-1.74,0.12
0.94964,-1.76,0.1
0.94965,-1.76,0.12
0.94966,-1.74,0.14
0.94967,-1.74,0.12
0.94968,-1.76,0.16
0.94969,-1.76,0.14
0.9497,-1.74,0.14
0.94971,-1.74,0.12
0.94972,-1.78,0.14
0.94973,-1.78,0.14
0.94974,-1.76,0.12
0.94975,-1.74,0.12
0.94976,-1.74,0.12
0.94977,-1.72,0.12
0.94978,-1.74,0.14
0.94979,-1.76,0.12
0.9498,-1.74,0.12
0.94981,-1.74,0.12
0.94982,-1.78,0.1
0.94983,-1.74,0.12
0.94984,-1.76,0.1
0.94985,-1.74,0.1
0.94986,-1.76,0.12
0.94987,-1.76,0.12
0.94988,-1.74,0.1
0.94989,-1.72,0.1
0.9499,-1.74,0.12
0.94991,-1.72,0.1
0.94992,-1.74,0.1
0.94993,-1.74,0.14
0.94994,-1.74,0.1
0.94995,-1.76,0.12
0.94996,-1.72,0.12
0.94997,-1.72,0.12
0.94998,-1.76,0.14
0.94999,-1.74,0.12
0.95,-1.72,0.08
0.95001,-1.76,0.1
0.95002,-1.74,0.1
0.95003,-1.76,0.1
0.95004,-1.74,0.12
0.95005,-1.78,0.12
0.95006,-1.74,0.12
0.95007,-1.76,0.14
0.95008,-1.78,0.1
0.95009,-1.76,0.1
0.9501,-1.78,0.12
0.95011,-1.76,0.14
0.95012,-1.78,0.14
0.95013,-1.78,0.16
0.95014,-1.76,0.14
0.95015,-1.74,0.12
0.95016,-1.76,0.14
0.95017,-1.76,0.12
0.95018,-1.76,0.14
0.95019,-1.76,0.14
0.9502,-1.78,0.14
0.95021,-1.76,0.16
0.95022,-1.76,0.14
0.95023,-1.76,0.12
0.95024,-1.78,0.1
0.95025,-1.8,0.1
0.95026,-1.74,0.12
0.95027,-1.72,0.14
0.95028,-1.74,0.12
0.95029,-1.8,0.1
0.9503,-1.78,0.1
0.95031,-1.78,0.08
0.95032,-1.78,0.1
0.95033,-1.76,0.08
0.95034,-1.76,0.1
0.95035,-1.76,0.12
0.95036,-1.74,0.16
0.95037,-1.74,0.12
0.95038,-1.74,0.1
0.95039,-1.72,0.1
0.9504,-1.76,0.12
0.95041,-1.76,0.1
0.95042,-1.76,0.14
0.95043,-1.74,0.12
0.95044,-1.76,0.12
0.95045,-1.76,0.14
0.95046,-1.78,0.12
0.95047,-1.74,0.12
0.95048,-1.76,0.12
0.95049,-1.74,0.14
0.9505,-1.78,0.14
0.95051,-1.78,0.14
0.95052,-1.74,0.14
0.95053,-1.78,0.12
0.95054,-1.76,0.1
0.95055,-1.78,0.12
0.95056,-1.76,0.14
0.95057,-1.74,0.12
0.95058,-1.72,0.1
0.95059,-1.74,0.1
0.9506,-1.76,0.12
0.95061,-1.78,0.14
0.95062,-1.76,0.12
0.95063,-1.76,0.08
0.95064,-1.74,0.1
0.95065,-1.74,0.08
0.95066,-1.76,0.1
0.95067,-1.78,0.12
0.95068,-1.78,0.12
0.95069,-1.74,0.1
0.9507,-1.74,0.14
0.95071,-1.78,0.14
0.95072,-1.8,0.14
0.95073,-1.76,0.12
0.95074,-1.78,0.1
0.95075,-1.76,0.14
0.95076,-1.76,0.16
0.95077,-1.74,0.14
0.95078,-1.76,0.14
0.95079,-1.78,0.14
0.9508,-1.78,0.12
0.95081,-1.78,0.08
0.95082,-1.78,0.08
0.95083,-1.78,0.12
0.95084,-1.78,0.14
0.95085,-1.82,0.14
0.95086,-1.8,0.14
0.95087,-1.78,0.12
0.95088,-1.74,0.12
0.95089,-1.76,0.1
0.9509,-1.76,0.12
0.95091,-1.78,0.08
0.95092,-1.76,0.12
0.95093,-1.76,0.12
0.95094,-1.78,0.14
0.95095,-1.78,0.14
0.95096,-1.78,0.14
0.95097,-1.78,0.14
0.95098,-1.8,0.14
0.95099,-1.76,0.12
0.951,-1.8,0.14
0.95101,-1.76,0.14
0.95102,-1.76,0.12
0.95103,-1.78,0.14
0.95104,-1.8,0.12
0.95105,-1.76,0.1
0.95106,-1.78,0.1
0.95107,-1.76,0.12
0.95108,-1.74,0.1
0.95109,-1.74,0.1
0.9511,-1.74,0.12
0.95111,-1.76,0.12
0.95112,-1.78,0.1
0.95113,-1.8,0.12
0.95114,-1.78,0.12
0.95115,-1.78,0.1
0.95116,-1.76,0.12
0.95117,-1.78,0.12
0.95118,-1.76,0.14
0.95119,-1.78,0.12
0.9512,-1.8,0.1
0.95121,-1.76,0.14
0.95122,-1.74,0.1
0.95123,-1.76,0.12
0.95124,-1.74,0.14
0.95125,-1.74,0.08
0.95126,-1.78,0.1
0.95127,-1.76,0.12
0.95128,-1.78,0.1
0.95129,-1.76,0.12
0.9513,-1.76,0.1
0.95131,-1.72,0.14
0.95132,-1.74,0.16
0.95133,-1.72,0.14
0.95134,-1.76,0.12
0.95135,-1.8,0.12
0.95136,-1.78,0.1
0.95137,-1.78,0.12
0.95138,-1.78,0.1
0.95139,-1.76,0.1
0.9514,-1.78,0.14
0.95141,-1.78,0.14
0.95142,-1.78,0.12
0.95143,-1.8,0.1
0.95144,-1.74,0.12
0.95145,-1.78,0.12
0.95146,-1.76,0.12
0.95147,-1.74,0.12
0.95148,-1.74,0.1
0.95149,-1.78,0.12
0.9515,-1.76,0.16
0.95151,-1.76,0.12
0.95152,-1.74,0.12
0.95153,-1.78,0.1
0.95154,-1.76,0.12
0.95155,-1.78,0.12
0.95156,-1.8,0.12
0.95157,-1.78,0.1
0.95158,-1.8,0.12
0.95159,-1.78,0.12
0.9516,-1.76,0.12
0.95161,-1.78,0.12
0.95162,-1.78,0.1
0.95163,-1.76,0.12
0.95164,-1.78,0.12
0.95165,-1.76,0.12
0.95166,-1.76,0.12
0.95167,-1.74,0.12
0.95168,-1.74,0.1
0.95169,-1.74,0.12
0.9517,-1.74,0.12
0.95171,-1.76,0.08
0.95172,-1.76,0.1
0.95173,-1.78,0.12
0.95174,-1.78,0.12
0.95175,-1.78,0.1
0.95176,-1.74,0.1
0.95177,-1.76,0.1
0.95178,-1.72,0.16
0.95179,-1.76,0.14
0.9518,-1.76,0.14
0.95181,-1.76,0.12
0.95182,-1.76,0.1
0.95183,-1.78,0.14
0.95184,-1.78,0.16
0.95185,-1.76,0.12
0.95186,-1.78,0.1
0.95187,-1.78,0.08
0.95188,-1.76,0.08
0.95189,-1.76,0.12
0.9519,-1.76,0.14
0.95191,-1.76,0.14
0.95192,-1.78,0.12
0.95193,-1.76,0.1
0.95194,-1.78,0.1
0.95195,-1.76,0.1
0.95196,-1.74,0.1
0.95197,-1.74,0.1
0.95198,-1.76,0.1
0.95199,-1.74,0.1
0.952,-1.74,0.1
0.95201,-1.76,0.12
0.95202,-1.76,0.12
0.95203,-1.72,0.1
0.95204,-1.74,0.1
0.95205,-1.78,0.14
0.95206,-1.76,0.16
0.95207,-1.76,0.14
0.95208,-1.74,0.14
0.95209,-1.8,0.1
0.9521,-1.78,0.14
0.95211,-1.78,0.1
0.95212,-1.78,0.12
0.95213,-1.78,0.1
0.95214,-1.76,0.1
0.95215,-1.76,0.08
0.95216,-1.74,0.1
0.95217,-1.74,0.1
0.95218,-1.74,0.14
0.95219,-1.74,0.12
0.9522,-1.76,0.1
0.95221,-1.74,0.1
0.95222,-1.76,0.1
0.95223,-1.76,0.12
0.95224,-1.78,0.12
0.95225,-1.74,0.12
0.95226,-1.76,0.1
0.95227,-1.76,0.08
0.95228,-1.74,0.1
0.95229,-1.72,0.12
0.9523,-1.74,0.1
0.95231,-1.74,0.08
0.95232,-1.76,0.12
0.95233,-1.76,0.12
0.95234,-1.74,0.14
0.95235,-1.76,0.12
0.95236,-1.76,0.12
0.95237,-1.74,0.14
0.95238,-1.74,0.1
0.95239,-1.78,0.1
0.9524,-1.74,0.12
0.95241,-1.76,0.12
0.95242,-1.74,0.12
0.95243,-1.76,0.1
0.95244,-1.78,0.12
0.95245,-1.76,0.1
0.95246,-1.76,0.1
0.95247,-1.76,0.12
0.95248,-1.76,0.12
0.95249,-1.72,0.12
