-0.0152,-4.72,0.6
-0.01516,-4.72,0.6
-0.01512,-4.72,0.6
-0.01508,-4.72,0.6
-0.01504,-4.72,0.6
-0.015,-4.72,0.6
-0.01496,-4.72,0.6
-0.01492,-4.72,0.6
-0.01488,-4.72,0.6
-0.01484,-4.72,0.6
-0.0148,-4.72,0.6
-0.01476,-4.64,0.6
-0.01472,-4.72,0.6
-0.01468,-4.72,0.6
-0.01464,-4.72,0.6
-0.0146,-4.72,0.56
-0.01456,-4.72,0.6
-0.01452,-4.72,0.6
-0.01448,-4.72,0.6
-0.01444,-4.64,0.56
-0.0144,-4.72,0.6
-0.01436,-4.72,0.6
-0.01432,-4.72,0.56
-0.01428,-4.72,0.64
-0.01424,-4.72,0.6
-0.0142,-4.64,0.64
-0.01416,-4.72,0.6
-0.01412,-4.64,0.6
-0.01408,-4.64,0.6
-0.01404,-4.64,0.6
-0.014,-4.72,0.6
-0.01396,-4.72,0.64
-0.01392,-4.72,0.6
-0.01388,-4.72,0.56
-0.01384,-4.72,0.6
-0.0138,-4.72,0.6
-0.01376,-4.72,0.6
-0.01372,-4.64,0.6
-0.01368,-4.72,0.6
-0.01364,-4.72,0.6
-0.0136,-4.72,0.6
-0.01356,-4.64,0.6
-0.01352,-4.72,0.6
-0.01348,-4.64,0.6
-0.01344,-4.72,0.6
-0.0134,-4.72,0.6
-0.01336,-4.72,0.6
-0.01332,-4.72,0.56
-0.01328,-4.72,0.6
-0.01324,-4.72,0.6
-0.0132,-4.64,0.56
-0.01316,-4.72,0.6
-0.01312,-4.72,0.6
-0.01308,-4.72,0.6
-0.01304,-4.72,0.6
-0.013,-4.72,0.6
-0.01296,-4.72,0.6
-0.01292,-4.72,0.6
-0.01288,-4.64,0.6
-0.01284,-4.72,0.6
-0.0128,-4.72,0.6
-0.01276,-4.72,0.6
-0.01272,-4.72,0.6
-0.01268,-4.72,0.6
-0.01264,-4.72,0.6
-0.0126,-4.64,0.64
-0.01256,-4.72,0.6
-0.01252,-4.64,0.6
-0.01248,-4.72,0.6
-0.01244,-4.72,0.6
-0.0124,-4.72,0.6
-0.01236,-4.64,0.6
-0.01232,-4.64,0.6
-0.01228,-4.72,0.6
-0.01224,-4.72,0.6
-0.0122,-4.72,0.6
-0.01216,-4.72,0.6
-0.01212,-4.72,0.6
-0.01208,-4.72,0.6
-0.01204,-4.64,0.6
-0.012,-4.72,0.6
-0.01196,-4.64,0.6
-0.01192,-4.72,0.6
-0.01188,-4.72,0.6
-0.01184,-4.72,0.6
-0.0118,-4.72,0.6
-0.01176,-4.72,0.6
-0.01172,-4.64,0.6
-0.01168,-4.64,0.6
-0.01164,-4.72,0.6
-0.0116,-4.72,0.6
-0.01156,-4.72,0.6
-0.01152,-4.72,0.6
-0.01148,-4.72,0.56
-0.01144,-4.72,0.6
-0.0114,-4.64,0.6
-0.01136,-4.72,0.6
-0.01132,-4.72,0.6
-0.01128,-4.64,0.6
-0.01124,-4.72,0.6
-0.0112,-4.72,0.6
-0.01116,-4.72,0.6
-0.01112,-4.72,0.6
-0.01108,-4.72,0.6
-0.01104,-4.72,0.6
-0.011,-4.72,0.6
-0.01096,-4.72,0.56
-0.01092,-4.72,0.6
-0.01088,-4.72,0.6
-0.01084,-4.64,0.6
-0.0108,-4.64,0.6
-0.01076,-4.72,0.6
-0.01072,-4.72,0.64
-0.01068,-4.72,0.6
-0.01064,-4.72,0.6
-0.0106,-4.72,0.6
-0.01056,-4.72,0.6
-0.01052,-4.72,0.6
-0.01048,-4.72,0.6
-0.01044,-4.72,0.6
-0.0104,-4.72,0.6
-0.01036,-4.72,0.6
-0.01032,-4.72,0.6
-0.01028,-4.64,0.6
-0.01024,-4.72,0.6
-0.0102,-4.64,0.6
-0.01016,-4.72,0.6
-0.01012,-4.72,0.6
-0.01008,-4.72,0.6
-0.01004,-4.64,0.6
-0.01,-4.72,0.6
-0.00996,-4.72,0.6
-0.00992,-4.72,0.6
-0.00988,-4.72,0.6
-0.00984,-4.72,0.6
-0.0098,-4.72,0.6
-0.00976,-4.72,0.6
-0.00972,-4.72,0.6
-0.00968,-4.72,0.6
-0.00964,-4.72,0.6
-0.0096,-4.72,0.6
-0.00956,-4.72,0.6
-0.00952,-4.72,0.6
-0.00948,-4.72,0.6
-0.00944,-4.72,0.6
-0.0094,-4.72,0.6
-0.00936,-4.72,0.6
-0.00932,-4.64,0.6
-0.00928,-4.64,0.6
-0.00924,-4.72,0.64
-0.0092,-4.72,0.6
-0.00916,-4.72,0.6
-0.00912,-4.72,0.6
-0.00908,-4.72,0.6
-0.00904,-4.72,0.6
-0.009,-4.72,0.6
-0.00896,-4.72,0.6
-0.00892,-4.72,0.6
-0.00888,-4.72,0.6
-0.00884,-4.72,0.6
-0.0088,-4.72,0.6
-0.00876,-4.72,0.6
-0.00872,-4.64,0.6
-0.00868,-4.64,0.6
-0.00864,-4.72,0.56
-0.0086,-4.72,0.6
-0.00856,-4.72,0.6
-0.00852,-4.72,0.6
-0.00848,-4.72,0.6
-0.00844,-4.72,0.6
-0.0084,-4.72,0.64
-0.00836,-4.64,0.6
-0.00832,-4.72,0.6
-0.00828,-4.72,0.6
-0.00824,-4.72,0.6
-0.0082,-4.72,0.6
-0.00816,-4.72,0.6
-0.00812,-4.64,0.6
-0.00808,-4.72,0.56
-0.00804,-4.64,0.6
-0.008,-4.72,0.6
-0.00796,-4.72,0.56
-0.00792,-4.72,0.6
-0.00788,-4.72,0.56
-0.00784,-4.64,0.6
-0.0078,-4.72,0.6
-0.00776,-4.64,0.6
-0.00772,-4.72,0.6
-0.00768,-4.72,0.6
-0.00764,-4.72,0.6
-0.0076,-4.72,0.6
-0.00756,-4.72,0.6
-0.00752,-4.72,0.6
-0.00748,-4.72,0.6
-0.00744,-4.72,0.6
-0.0074,-4.72,0.6
-0.00736,-4.72,0.6
-0.00732,-4.72,0.6
-0.00728,-4.72,0.56
-0.00724,-4.64,0.6
-0.0072,-4.64,0.64
-0.00716,-4.72,0.56
-0.00712,-4.72,0.6
-0.00708,-4.72,0.6
-0.00704,-4.72,0.64
-0.007,-4.72,0.6
-0.00696,-4.64,0.6
-0.00692,-4.72,0.64
-0.00688,-4.72,0.6
-0.00684,-4.72,0.64
-0.0068,-4.72,0.6
-0.00676,-4.72,0.6
-0.00672,-4.64,0.6
-0.00668,-4.72,0.6
-0.00664,-4.72,0.6
-0.0066,-4.64,0.6
-0.00656,-4.72,0.6
-0.00652,-4.72,0.6
-0.00648,-4.72,0.6
-0.00644,-4.72,0.6
-0.0064,-4.72,0.6
-0.00636,-4.72,0.6
-0.00632,-4.64,0.6
-0.00628,-4.64,0.6
-0.00624,-4.72,0.6
-0.0062,-4.72,0.6
-0.00616,-4.72,0.6
-0.00612,-4.72,0.6
-0.00608,-4.64,0.6
-0.00604,-4.64,0.6
-0.006,-4.64,0.64
-0.00596,-4.72,0.6
-0.00592,-4.72,0.6
-0.00588,-4.72,0.6
-0.00584,-4.72,0.6
-0.0058,-4.72,0.6
-0.00576,-4.64,0.6
-0.00572,-4.72,0.6
-0.00568,-4.64,0.6
-0.00564,-4.64,0.6
-0.0056,-4.72,0.6
-0.00556,-4.72,0.6
-0.00552,-4.72,0.6
-0.00548,-4.72,0.6
-0.00544,-4.64,0.6
-0.0054,-4.64,0.6
-0.00536,-4.64,0.64
-0.00532,-4.72,0.6
-0.00528,-4.72,0.6
-0.00524,-4.72,0.6
-0.0052,-4.72,0.6
-0.00516,-4.72,0.6
-0.00512,-4.72,0.6
-0.00508,-4.64,0.6
-0.00504,-4.72,0.6
-0.005,-4.72,0.6
-0.00496,-4.72,0.6
-0.00492,-4.72,0.6
-0.00488,-4.72,0.6
-0.00484,-4.72,0.6
-0.0048,-4.72,0.6
-0.00476,-4.72,0.6
-0.00472,-4.72,0.6
-0.00468,-4.72,0.6
-0.00464,-4.72,0.6
-0.0046,-4.72,0.6
-0.00456,-4.72,0.6
-0.00452,-4.72,0.6
-0.00448,-4.72,0.6
-0.00444,-4.72,0.6
-0.0044,-4.72,0.6
-0.00436,-4.72,0.6
-0.00432,-4.72,0.6
-0.00428,-4.64,0.6
-0.00424,-4.72,0.6
-0.0042,-4.72,0.64
-0.00416,-4.72,0.6
-0.00412,-4.72,0.6
-0.00408,-4.72,0.6
-0.00404,-4.72,0.6
-0.004,-4.72,0.64
-0.00396,-4.72,0.6
-0.00392,-4.64,0.6
-0.00388,-4.72,0.6
-0.00384,-4.72,0.6
-0.0038,-4.64,0.6
-0.00376,-4.72,0.6
-0.00372,-4.72,0.6
-0.00368,-4.72,0.6
-0.00364,-4.64,0.6
-0.0036,-4.72,0.6
-0.00356,-4.72,0.6
-0.00352,-4.72,0.6
-0.00348,-4.72,0.6
-0.00344,-4.72,0.6
-0.0034,-4.72,0.6
-0.00336,-4.64,0.6
-0.00332,-4.72,0.6
-0.00328,-4.64,0.6
-0.00324,-4.72,0.64
-0.0032,-4.72,0.6
-0.00316,-4.72,0.6
-0.00312,-4.72,0.6
-0.00308,-4.64,0.6
-0.00304,-4.64,0.6
-0.003,-4.72,0.64
-0.00296,-4.72,0.6
-0.00292,-4.72,0.6
-0.00288,-4.72,0.6
-0.00284,-4.72,0.6
-0.0028,-4.72,0.56
-0.00276,-4.72,0.6
-0.00272,-4.72,0.6
-0.00268,-4.72,0.6
-0.00264,-4.72,0.6
-0.0026,-4.72,0.6
-0.00256,-4.64,0.6
-0.00252,-4.72,0.6
-0.00248,-4.64,0.6
-0.00244,-4.72,0.6
-0.0024,-4.64,0.6
-0.00236,-4.64,0.6
-0.00232,-4.72,0.6
-0.00228,-4.72,0.6
-0.00224,-4.72,0.6
-0.0022,-4.72,0.6
-0.00216,-4.72,0.6
-0.00212,-4.72,0.6
-0.00208,-4.72,0.6
-0.00204,-4.64,0.6
-0.002,-4.72,0.6
-0.00196,-4.72,0.6
-0.00192,-4.72,0.6
-0.00188,-4.64,0.6
-0.00184,-4.72,0.56
-0.0018,-4.72,0.6
-0.00176,-4.72,0.6
-0.00172,-4.72,0.6
-0.00168,-4.72,0.6
-0.00164,-4.72,0.6
-0.0016,-4.72,0.6
-0.00156,-4.72,0.6
-0.00152,-4.72,0.6
-0.00148,-4.72,0.6
-0.00144,-4.64,0.6
-0.0014,-4.72,0.6
-0.00136,-4.72,0.6
-0.00132,-4.72,0.6
-0.00128,-4.72,0.6
-0.00124,-4.64,0.6
-0.0012,-4.64,0.6
-0.00116,-4.72,0.6
-0.00112,-4.72,0.6
-0.00108,-4.72,0.6
-0.00104,-4.72,0.6
-0.001,-4.64,0.6
-0.00096,-4.72,0.6
-0.00092,-4.72,0.6
-0.00088,-4.72,0.6
-0.00084,-4.64,0.6
-0.0008,-4.72,0.6
-0.00076,-4.72,0.6
-0.00072,-4.72,0.6
-0.00068,-4.72,0.6
-0.00064,-4.72,0.6
-0.0006,-4.72,0.64
-0.00056,-4.72,0.56
-0.00052,-4.72,0.6
-0.00048,-4.72,0.6
-0.00044,-4.72,0.6
-0.0004,-4.64,0.6
-0.00036,-4.72,0.6
-0.00032,-4.64,0.6
-0.00028,-4.72,0.64
-0.00024,-4.72,0.6
-0.0002,-4.72,0.6
-0.00016,-4.72,0.6
-0.00012,-4.72,0.6
-8e-005,-4.64,0.6
-4e-005,-5.28,-0.64
1.7347e-018,-7.28,2.68
4e-005,-7.28,5
8e-005,-0.64,-4.76
0.00012,5.68,-4.88
0.00016,5.68,-5.08
0.0002,5.68,-5.08
0.00024,5.68,-5.08
0.00028,5.68,-5.08
0.00032,5.68,-5.08
0.00036,5.68,-5.08
0.0004,5.68,-5
0.00044,5.68,-4.68
0.00048,5.68,-4.32
0.00052,5.68,-3.92
0.00056,5.68,-3.6
0.0006,5.68,-3.28
0.00064,5.68,-2.92
0.00068,5.68,-2.56
0.00072,5.68,-2.24
0.00076,5.68,-1.92
0.0008,5.68,-1.6
0.00084,5.68,-1.32
0.00088,5.68,-1
0.00092,5.68,-0.72
0.00096,5.76,-0.48
0.001,5.44,-0.28
0.00104,5.04,-0.04
0.00108,4.64,0.2
0.00112,4.16,0.36
0.00116,3.76,0.52
0.0012,3.28,0.72
0.00124,2.88,0.88
0.00128,2.4,1
0.00132,2,1.12
0.00136,1.6,1.2
0.0014,1.2,1.28
0.00144,0.8,1.4
0.00148,0.4,1.44
0.00152,0,1.52
0.00156,-0.4,1.52
0.0016,-0.72,1.56
0.00164,-1.04,1.6
0.00168,-1.36,1.56
0.00172,-1.68,1.56
0.00176,-2,1.56
0.0018,-2.24,1.52
0.00184,-2.56,1.52
0.00188,-2.8,1.48
0.00192,-3.04,1.44
0.00196,-3.28,1.4
0.002,-3.44,1.32
0.00204,-3.68,1.28
0.00208,-3.84,1.24
0.00212,-4,1.2
0.00216,-4.16,1.16
0.0022,-4.24,1.08
0.00224,-4.4,1.04
0.00228,-4.48,1
0.00232,-4.56,0.96
0.00236,-4.64,0.92
0.0024,-4.72,0.84
0.00244,-4.8,0.8
0.00248,-4.88,0.76
0.00252,-4.88,0.72
0.00256,-4.88,0.68
0.0026,-4.88,0.64
0.00264,-4.88,0.64
0.00268,-4.96,0.6
0.00272,-4.96,0.6
0.00276,-4.96,0.56
0.0028,-4.96,0.56
0.00284,-4.96,0.56
0.00288,-4.96,0.56
0.00292,-4.88,0.56
0.00296,-4.88,0.52
0.003,-4.88,0.52
0.00304,-4.8,0.52
0.00308,-4.8,0.52
0.00312,-4.8,0.52
0.00316,-4.8,0.52
0.0032,-4.8,0.56
0.00324,-4.72,0.56
0.00328,-4.72,0.6
0.00332,-4.72,0.56
0.00336,-4.72,0.6
0.0034,-4.72,0.6
0.00344,-4.72,0.6
0.00348,-4.72,0.64
0.00352,-4.64,0.64
0.00356,-4.64,0.64
0.0036,-4.64,0.64
0.00364,-4.64,0.68
0.00368,-4.64,0.68
0.00372,-4.64,0.68
0.00376,-4.64,0.68
0.0038,-4.64,0.68
0.00384,-4.64,0.68
0.00388,-4.64,0.72
0.00392,-4.64,0.72
0.00396,-4.72,0.72
0.004,-4.72,0.72
0.00404,-4.72,0.72
0.00408,-4.72,0.68
0.00412,-4.64,0.68
0.00416,-4.72,0.68
0.0042,-4.72,0.68
0.00424,-4.72,0.72
0.00428,-4.72,0.68
0.00432,-4.72,0.68
0.00436,-4.72,0.68
0.0044,-4.72,0.64
0.00444,-4.72,0.68
0.00448,-4.72,0.64
0.00452,-4.72,0.68
0.00456,-4.8,0.64
0.0046,-4.8,0.68
0.00464,-4.8,0.64
0.00468,-4.8,0.68
0.00472,-4.8,0.64
0.00476,-4.8,0.64
0.0048,-4.8,0.64
0.00484,-4.8,0.68
0.00488,-4.8,0.68
0.00492,-4.8,0.64
0.00496,-4.8,0.64
0.005,-4.8,0.64
0.00504,-4.72,0.68
0.00508,-4.8,0.68
0.00512,-4.72,0.68
0.00516,-4.72,0.68
0.0052,-4.8,0.72
0.00524,-4.8,0.68
0.00528,-4.8,0.68
0.00532,-4.72,0.72
0.00536,-4.72,0.72
0.0054,-4.72,0.72
0.00544,-4.72,0.72
0.00548,-4.72,0.76
0.00552,-4.72,0.76
0.00556,-4.72,0.76
0.0056,-4.72,0.76
0.00564,-4.72,0.76
0.00568,-4.72,0.76
0.00572,-4.72,0.8
0.00576,-4.72,0.8
0.0058,-4.72,0.8
0.00584,-4.8,0.8
0.00588,-4.8,0.76
0.00592,-4.72,0.8
0.00596,-4.8,0.8
0.006,-2.56,3.32
0.00604,5.68,5
0.00608,5.68,5
0.00612,5.76,5
0.00616,-4.4,2.4
0.0062,-4.32,1
0.00624,-5.28,-0.8
0.00628,-5.28,-1.2
0.00632,-5.28,-1.36
0.00636,-5.12,-1.4
0.0064,-5.04,-1.36
0.00644,-4.96,-1.4
0.00648,-4.88,-1.4
0.00652,-4.8,-1.4
0.00656,-4.64,-1.4
0.0066,-4.56,-1.32
0.00664,-4.48,-1.24
0.00668,-4.4,-1.24
0.00672,-4.32,-1.12
0.00676,-4.24,-1.04
0.0068,-4.16,-0.96
0.00684,-4,-0.88
0.00688,-4,-0.76
0.00692,-3.92,-0.68
0.00696,-3.92,-0.6
0.007,-3.84,-0.48
0.00704,-3.84,-0.4
0.00708,-3.76,-0.28
0.00712,-3.76,-0.16
0.00716,-3.68,-0.04
0.0072,-3.68,0.04
0.00724,-3.68,0.16
0.00728,-3.68,0.24
0.00732,-3.68,0.36
0.00736,-3.68,0.44
0.0074,-3.76,0.52
0.00744,-3.76,0.6
0.00748,-3.76,0.64
0.00752,-3.84,0.72
0.00756,-3.84,0.8
0.0076,-3.92,0.88
0.00764,-3.92,0.92
0.00768,-3.92,0.96
0.00772,-4,1
0.00776,-4,1.04
0.0078,-4,1.08
0.00784,-4.08,1.12
0.00788,-4.16,1.12
0.00792,-4.16,1.16
0.00796,-4.24,1.16
0.008,-4.24,1.16
0.00804,-4.32,1.16
0.00808,-4.32,1.16
0.00812,-4.4,1.16
0.00816,-4.4,1.16
0.0082,-4.48,1.12
0.00824,-4.48,1.12
0.00828,-4.48,1.12
0.00832,-4.56,1.08
0.00836,-4.56,1.08
0.0084,-4.56,1.08
0.00844,-4.56,1.04
0.00848,-4.64,1.04
0.00852,-4.64,1
0.00856,-4.64,1
0.0086,-4.64,0.96
0.00864,-4.64,0.96
0.00868,-4.64,0.96
0.00872,-4.64,0.92
0.00876,-4.72,0.88
0.0088,-4.72,0.92
0.00884,-4.72,0.88
0.00888,-4.64,0.88
0.00892,-4.64,0.88
0.00896,-4.64,0.88
0.009,-4.64,0.88
0.00904,-4.64,0.84
0.00908,-4.72,0.84
0.00912,-4.72,0.8
0.00916,-4.64,0.8
0.0092,-4.64,0.8
0.00924,-4.64,0.8
0.00928,-4.64,0.84
0.00932,-4.64,0.8
0.00936,-4.64,0.76
0.0094,-4.64,0.76
0.00944,-4.72,0.76
0.00948,-4.64,0.76
0.00952,-4.64,0.72
0.00956,-4.64,0.72
0.0096,-4.64,0.68
0.00964,-4.64,0.68
0.00968,-4.64,0.64
0.00972,-4.64,0.6
0.00976,-4.64,0.56
0.0098,-4.64,0.52
0.00984,-4.64,0.44
0.00988,-4.64,0.4
0.00992,-4.56,0.32
0.00996,-4.56,0.28
0.01,-4.56,0.2
0.01004,-4.56,0.12
0.01008,-4.48,0
0.01012,-4.48,-0.04
0.01016,-4.4,-0.16
0.0102,-4.4,-0.24
0.01024,-4.32,-0.36
0.01028,-4.24,-0.48
0.01032,-4.24,-0.6
0.01036,-4.16,-0.72
0.0104,-4.08,-0.8
0.01044,-4,-0.96
0.01048,-3.92,-1.08
0.01052,-3.84,-1.2
0.01056,-3.68,-1.32
0.0106,-3.6,-1.44
0.01064,-3.52,-1.6
0.01068,-3.36,-1.72
0.01072,-3.28,-1.84
0.01076,-3.12,-1.96
0.0108,-2.96,-2.08
0.01084,-2.88,-2.2
0.01088,-2.72,-2.32
0.01092,-2.56,-2.44
0.01096,-2.4,-2.52
0.011,-2.24,-2.64
0.01104,-2.08,-2.72
0.01108,-1.92,-2.84
0.01112,-1.68,-2.92
0.01116,-1.52,-3
0.0112,-1.36,-3.12
0.01124,-1.2,-3.12
0.01128,-1.04,-3.2
0.01132,-0.88,-3.24
0.01136,-0.72,-3.28
0.0114,-0.56,-3.32
0.01144,-0.4,-3.32
0.01148,-0.24,-3.36
0.01152,-0.08,-3.36
0.01156,0.08,-3.36
0.0116,0.24,-3.36
0.01164,0.4,-3.32
0.01168,0.48,-3.28
0.01172,0.64,-3.24
0.01176,0.72,-3.2
0.0118,0.88,-3.16
0.01184,0.96,-3.08
0.01188,1.04,-3
0.01192,1.12,-2.92
0.01196,1.2,-2.84
0.012,1.28,-2.76
0.01204,1.36,-2.64
0.01208,1.36,-2.52
0.01212,1.44,-2.4
0.01216,1.44,-2.32
0.0122,1.44,-2.2
0.01224,1.44,-2.08
0.01228,1.44,-1.96
0.01232,1.44,-1.8
0.01236,1.36,-1.68
0.0124,1.28,-1.52
0.01244,1.28,-1.44
0.01248,1.2,-1.28
0.01252,1.2,-1.16
0.01256,1.12,-1.04
0.0126,0.96,-0.92
0.01264,0.88,-0.76
0.01268,0.8,-0.64
0.01272,0.64,-0.52
0.01276,0.48,-0.4
0.0128,0.4,-0.28
0.01284,0.24,-0.16
0.01288,0.08,-0.08
0.01292,-0.08,0.04
0.01296,-0.24,0.16
0.013,-0.4,0.24
0.01304,-0.48,0.32
0.01308,-0.64,0.4
0.01312,-0.8,0.48
0.01316,-0.96,0.56
0.0132,-1.12,0.64
0.01324,-1.36,0.68
0.01328,-1.52,0.72
0.01332,-1.68,0.8
0.01336,-1.84,0.84
0.0134,-2,0.88
0.01344,-2.16,0.92
0.01348,-2.32,0.92
0.01352,-2.48,0.96
0.01356,-2.64,1
0.0136,-2.8,1
0.01364,-2.88,1
0.01368,-3.04,1
0.01372,-3.2,1.04
0.01376,-3.28,1.04
0.0138,-3.44,1.04
0.01384,-3.52,1.04
0.01388,-3.68,1.04
0.01392,-3.76,1
0.01396,-3.84,1
0.014,-3.92,0.96
0.01404,-4,1
0.01408,-4.08,0.96
0.01412,-4.16,0.92
0.01416,-4.24,0.92
0.0142,-4.32,0.92
0.01424,-4.4,0.88
0.01428,-4.4,0.84
0.01432,-4.48,0.84
0.01436,-4.48,0.84
0.0144,-4.56,0.8
0.01444,-4.56,0.8
0.01448,-4.64,0.76
0.01452,-4.72,0.76
0.01456,-4.64,0.72
0.0146,-4.72,0.72
0.01464,-4.72,0.68
0.01468,-4.72,0.72
0.01472,-4.8,0.68
0.01476,-4.72,0.64
0.0148,-4.72,0.64
0.01484,-4.72,0.64
0.01488,-4.8,0.64
0.01492,-4.72,0.64
0.01496,-4.72,0.64
0.015,-4.72,0.64
0.01504,-4.72,0.64
0.01508,-4.72,0.6
0.01512,-4.72,0.6
0.01516,-4.72,0.64
0.0152,-4.72,0.6
0.01524,-4.72,0.64
0.01528,-4.72,0.6
0.01532,-4.72,0.6
0.01536,-4.72,0.6
0.0154,-4.72,0.6
0.01544,-4.72,0.64
0.01548,-4.72,0.64
0.01552,-4.72,0.64
0.01556,-4.64,0.64
0.0156,-4.72,0.64
0.01564,-4.72,0.64
0.01568,-4.72,0.64
0.01572,-4.64,0.64
0.01576,-4.64,0.64
0.0158,-4.64,0.64
0.01584,-4.64,0.68
0.01588,-4.64,0.68
0.01592,-4.64,0.64
0.01596,-4.64,0.68
0.016,-4.64,0.68
0.01604,-4.64,0.68
0.01608,-4.64,0.64
0.01612,-4.64,0.68
0.01616,-4.64,0.68
0.0162,-4.64,0.68
0.01624,-4.64,0.68
0.01628,-4.72,0.68
0.01632,-4.64,0.68
0.01636,-4.64,0.68
0.0164,-4.72,0.68
0.01644,-4.64,0.68
0.01648,-4.64,0.68
0.01652,-4.72,0.68
0.01656,-4.72,0.68
0.0166,-4.72,0.64
0.01664,-4.64,0.64
0.01668,-4.72,0.68
0.01672,-4.64,0.68
0.01676,-4.72,0.68
0.0168,-4.72,0.68
0.01684,-4.72,0.68
0.01688,-4.72,0.68
0.01692,-4.72,0.68
0.01696,-4.72,0.68
0.017,-4.72,0.68
0.01704,-4.72,0.68
0.01708,-4.72,0.64
0.01712,-4.72,0.68
0.01716,-4.72,0.68
0.0172,-4.72,0.68
0.01724,-4.72,0.68
0.01728,-4.72,0.68
0.01732,-4.72,0.68
0.01736,-4.72,0.68
0.0174,-4.72,0.68
0.01744,-4.72,0.68
0.01748,-4.72,0.68
0.01752,-4.72,0.68
0.01756,-4.72,0.68
0.0176,-4.72,0.68
0.01764,-4.72,0.72
0.01768,-4.72,0.72
0.01772,-4.72,0.68
0.01776,-4.72,0.72
0.0178,-4.72,0.68
0.01784,-4.72,0.72
0.01788,-4.72,0.68
0.01792,-4.72,0.72
0.01796,-4.72,0.72
0.018,-4.72,0.68
0.01804,-4.64,2.44
0.01808,5.68,5
0.01812,5.68,5
0.01816,5.68,5
0.0182,-2.16,2.88
0.01824,-3.6,2.48
0.01828,-5.04,0.12
0.01832,-5.12,-0.32
0.01836,-5.12,-0.52
0.0184,-5.04,-0.56
0.01844,-5.04,-0.56
0.01848,-4.96,-0.6
0.01852,-4.88,-0.6
0.01856,-4.88,-0.64
0.0186,-4.8,-0.68
0.01864,-4.72,-0.64
0.01868,-4.64,-0.6
0.01872,-4.64,-0.56
0.01876,-4.56,-0.56
0.0188,-4.48,-0.48
0.01884,-4.48,-0.44
0.01888,-4.4,-0.36
0.01892,-4.4,-0.32
0.01896,-4.32,-0.28
0.019,-4.32,-0.2
0.01904,-4.32,-0.12
0.01908,-4.24,-0.08
0.01912,-4.24,0
0.01916,-4.24,0.04
0.0192,-4.16,0.16
0.01924,-4.16,0.2
0.01928,-4.16,0.24
0.01932,-4.16,0.32
0.01936,-4.16,0.4
0.0194,-4.16,0.44
0.01944,-4.16,0.48
0.01948,-4.16,0.56
0.01952,-4.24,0.6
0.01956,-4.24,0.64
0.0196,-4.24,0.72
0.01964,-4.24,0.72
0.01968,-4.24,0.76
0.01972,-4.24,0.8
0.01976,-4.24,0.84
0.0198,-4.24,0.88
0.01984,-4.32,0.88
0.01988,-4.32,0.92
0.01992,-4.4,0.96
0.01996,-4.4,0.96
0.02,-4.4,0.96
0.02004,-4.4,0.96
0.02008,-4.48,1
0.02012,-4.48,0.96
0.02016,-4.48,1
0.0202,-4.48,0.96
0.02024,-4.56,0.96
0.02028,-4.56,0.96
0.02032,-4.56,0.96
0.02036,-4.56,0.96
0.0204,-4.56,0.96
0.02044,-4.64,0.96
0.02048,-4.64,0.92
0.02052,-4.64,0.92
0.02056,-4.64,0.92
0.0206,-4.64,0.92
0.02064,-4.64,0.88
0.02068,-4.64,0.88
0.02072,-4.64,0.88
0.02076,-4.64,0.88
0.0208,-4.72,0.88
0.02084,-4.72,0.84
0.02088,-4.64,0.84
0.02092,-4.64,0.84
0.02096,-4.64,0.84
0.021,-4.64,0.84
0.02104,-4.64,0.8
0.02108,-4.64,0.8
0.02112,-4.72,0.8
0.02116,-4.64,0.8
0.0212,-4.64,0.8
0.02124,-4.64,0.8
0.02128,-4.64,0.76
0.02132,-4.64,0.8
0.02136,-4.64,0.76
0.0214,-4.72,0.76
0.02144,-4.64,0.8
0.02148,-4.64,0.76
0.02152,-4.64,0.72
0.02156,-4.64,0.72
0.0216,-4.64,0.76
0.02164,-4.72,0.72
0.02168,-4.72,0.72
0.02172,-4.72,0.68
0.02176,-4.72,0.68
0.0218,-4.64,0.64
0.02184,-4.64,0.64
0.02188,-4.64,0.6
0.02192,-4.64,0.6
0.02196,-4.72,0.56
0.022,-4.64,0.52
0.02204,-4.72,0.48
0.02208,-4.64,0.48
0.02212,-4.64,0.4
0.02216,-4.64,0.4
0.0222,-4.64,0.32
0.02224,-4.64,0.28
0.02228,-4.56,0.24
0.02232,-4.64,0.16
0.02236,-4.56,0.12
0.0224,-4.56,0.04
0.02244,-4.48,0
0.02248,-4.48,-0.04
0.02252,-4.48,-0.12
0.02256,-4.4,-0.2
0.0226,-4.4,-0.24
0.02264,-4.32,-0.32
0.02268,-4.32,-0.36
0.02272,-4.24,-0.44
0.02276,-4.16,-0.48
0.0228,-4.16,-0.56
0.02284,-4.08,-0.64
0.02288,-4,-0.68
0.02292,-3.92,-0.72
0.02296,-3.84,-0.8
0.023,-3.76,-0.88
0.02304,-3.68,-0.92
0.02308,-3.68,-0.96
0.02312,-3.6,-1
0.02316,-3.52,-1.04
0.0232,-3.44,-1.12
0.02324,-3.36,-1.16
0.02328,-3.28,-1.16
0.02332,-3.2,-1.2
0.02336,-3.12,-1.24
0.0234,-3.04,-1.24
0.02344,-2.96,-1.24
0.02348,-2.88,-1.24
0.02352,-2.8,-1.28
0.02356,-2.72,-1.28
0.0236,-2.64,-1.24
0.02364,-2.56,-1.24
0.02368,-2.56,-1.24
0.02372,-2.48,-1.2
0.02376,-2.4,-1.2
0.0238,-2.4,-1.16
0.02384,-2.32,-1.12
0.02388,-2.24,-1.08
0.02392,-2.16,-1.04
0.02396,-2.16,-1
0.024,-2.16,-0.96
0.02404,-2.08,-0.92
0.02408,-2.08,-0.88
0.02412,-2.08,-0.84
0.02416,-2,-0.76
0.0242,-2,-0.68
0.02424,-2,-0.6
0.02428,-2,-0.56
0.02432,-2,-0.48
0.02436,-2,-0.44
0.0244,-2.08,-0.36
0.02444,-2.08,-0.28
0.02448,-2.08,-0.2
0.02452,-2.16,-0.16
0.02456,-2.16,-0.08
0.0246,-2.16,0
0.02464,-2.24,0.04
0.02468,-2.32,0.08
0.02472,-2.4,0.16
0.02476,-2.4,0.24
0.0248,-2.48,0.28
0.02484,-2.56,0.36
0.02488,-2.56,0.4
0.02492,-2.64,0.44
0.02496,-2.72,0.52
0.025,-2.88,0.52
0.02504,-2.88,0.6
0.02508,-2.96,0.64
0.02512,-3.04,0.68
0.02516,-3.12,0.72
0.0252,-3.2,0.76
0.02524,-3.28,0.76
0.02528,-3.36,0.8
0.02532,-3.44,0.8
0.02536,-3.52,0.84
0.0254,-3.52,0.84
0.02544,-3.6,0.84
0.02548,-3.68,0.88
0.02552,-3.84,0.88
0.02556,-3.84,0.88
0.0256,-3.92,0.88
0.02564,-4,0.88
0.02568,-4,0.92
0.02572,-4.08,0.88
0.02576,-4.16,0.88
0.0258,-4.16,0.88
0.02584,-4.24,0.88
0.02588,-4.32,0.84
0.02592,-4.32,0.84
0.02596,-4.4,0.84
0.026,-4.4,0.84
0.02604,-4.48,0.84
0.02608,-4.48,0.84
0.02612,-4.56,0.8
0.02616,-4.56,0.8
0.0262,-4.56,0.76
0.02624,-4.64,0.76
0.02628,-4.64,0.72
0.02632,-4.64,0.76
0.02636,-4.64,0.72
0.0264,-4.64,0.72
0.02644,-4.72,0.68
0.02648,-4.72,0.72
0.02652,-4.72,0.68
0.02656,-4.72,0.68
0.0266,-4.72,0.68
0.02664,-4.72,0.68
0.02668,-4.72,0.68
0.02672,-4.72,0.68
0.02676,-4.72,0.64
0.0268,-4.72,0.64
0.02684,-4.72,0.64
0.02688,-4.72,0.64
0.02692,-4.72,0.64
0.02696,-4.72,0.64
0.027,-4.72,0.64
0.02704,-4.72,0.64
0.02708,-4.72,0.64
0.02712,-4.72,0.64
0.02716,-4.72,0.64
0.0272,-4.72,0.6
0.02724,-4.72,0.64
0.02728,-4.72,0.64
0.02732,-4.72,0.64
0.02736,-4.72,0.64
0.0274,-4.72,0.64
0.02744,-4.72,0.64
0.02748,-4.72,0.64
0.02752,-4.72,0.6
0.02756,-4.72,0.64
0.0276,-4.72,0.64
0.02764,-4.72,0.64
0.02768,-4.72,0.6
0.02772,-4.72,0.6
0.02776,-4.72,0.6
0.0278,-4.72,0.64
0.02784,-4.72,0.6
0.02788,-4.72,0.6
0.02792,-4.72,0.6
0.02796,-4.72,0.6
0.028,-4.72,0.64
0.02804,-4.72,0.56
0.02808,-4.72,0.56
0.02812,-4.72,0.56
0.02816,-4.72,0.56
0.0282,-4.72,0.56
0.02824,-4.72,0.56
0.02828,-4.72,0.52
0.02832,-4.72,0.52
0.02836,-4.64,0.56
0.0284,-4.64,0.52
0.02844,-4.64,0.56
0.02848,-4.64,0.56
0.02852,-4.64,0.56
0.02856,-4.64,0.56
0.0286,-4.64,0.56
0.02864,-4.64,0.56
0.02868,-4.56,0.52
0.02872,-4.56,0.52
0.02876,-4.56,0.56
0.0288,-4.56,0.56
0.02884,-4.56,0.56
0.02888,-4.56,0.56
0.02892,-4.56,0.6
0.02896,-4.48,0.6
0.029,-4.48,0.6
0.02904,-4.48,0.6
0.02908,-4.48,0.6
0.02912,-4.48,0.64
0.02916,-4.48,0.68
0.0292,-4.48,0.68
0.02924,-4.4,0.68
0.02928,-4.4,0.72
0.02932,-4.4,0.76
0.02936,-4.4,0.76
0.0294,-4.4,0.72
0.02944,-4.4,0.8
0.02948,-4.4,0.8
0.02952,-4.4,0.8
0.02956,-4.4,0.84
0.0296,-4.4,0.88
0.02964,-4.4,0.88
0.02968,-4.4,0.88
0.02972,-4.4,0.92
0.02976,-4.4,0.92
0.0298,-4.4,0.92
0.02984,-4.4,0.96
0.02988,-4.4,0.96
0.02992,-4.4,1
0.02996,-4.4,1
0.03,-4.48,1
0.03004,-4.48,1
0.03008,-5.04,1.96
0.03012,3.2,5
0.03016,5.68,5
0.0302,5.68,5
0.03024,-1.12,3.04
0.03028,-3.52,2.44
0.03032,-5.04,-0.12
0.03036,-5.2,-0.68
0.0304,-5.2,-0.92
0.03044,-5.12,-1.04
0.03048,-5.04,-0.96
0.03052,-4.96,-1.04
0.03056,-4.88,-1.04
0.0306,-4.8,-1.08
0.03064,-4.8,-1.08
0.03068,-4.64,-1
0.03072,-4.64,-1
0.03076,-4.56,-0.92
0.0308,-4.48,-0.88
0.03084,-4.4,-0.84
0.03088,-4.32,-0.76
0.03092,-4.24,-0.68
0.03096,-4.24,-0.64
0.031,-4.16,-0.56
0.03104,-4.08,-0.48
0.03108,-4.08,-0.4
0.03112,-4,-0.32
0.03116,-4,-0.2
0.0312,-4,-0.12
0.03124,-4,-0.08
0.03128,-3.92,0.04
0.03132,-4,0.12
0.03136,-3.92,0.16
0.0314,-3.92,0.28
0.03144,-3.92,0.36
0.03148,-3.92,0.44
0.03152,-3.92,0.52
0.03156,-4,0.56
0.0316,-4,0.64
0.03164,-4,0.72
0.03168,-4,0.76
0.03172,-4,0.8
0.03176,-4.08,0.84
0.0318,-4.08,0.88
0.03184,-4.16,0.96
0.03188,-4.16,0.96
0.03192,-4.16,1
0.03196,-4.16,1.04
0.032,-4.24,1.04
0.03204,-4.24,1.08
0.03208,-4.32,1.08
0.03212,-4.4,1.12
0.03216,-4.4,1.12
0.0322,-4.4,1.12
0.03224,-4.48,1.12
0.03228,-4.48,1.12
0.03232,-4.48,1.12
0.03236,-4.48,1.08
0.0324,-4.56,1.08
0.03244,-4.56,1.08
0.03248,-4.56,1.08
0.03252,-4.64,1.04
0.03256,-4.64,1.04
0.0326,-4.64,1
0.03264,-4.64,1.04
0.03268,-4.64,1
0.03272,-4.64,1
0.03276,-4.64,0.96
0.0328,-4.72,0.96
0.03284,-4.72,0.88
0.03288,-4.64,0.92
0.03292,-4.64,0.88
0.03296,-4.72,0.84
0.033,-4.72,0.88
0.03304,-4.72,0.84
0.03308,-4.72,0.8
0.03312,-4.72,0.8
0.03316,-4.72,0.8
0.0332,-4.64,0.8
0.03324,-4.64,0.8
0.03328,-4.64,0.8
0.03332,-4.64,0.8
0.03336,-4.64,0.76
0.0334,-4.64,0.8
0.03344,-4.64,0.76
0.03348,-4.64,0.8
0.03352,-4.64,0.76
0.03356,-4.64,0.72
0.0336,-4.64,0.72
0.03364,-4.64,0.72
0.03368,-4.64,0.72
0.03372,-4.64,0.72
0.03376,-4.64,0.72
0.0338,-4.64,0.72
0.03384,-4.56,0.72
0.03388,-4.64,0.72
0.03392,-4.64,0.72
0.03396,-4.64,0.68
0.034,-4.64,0.64
0.03404,-4.64,0.64
0.03408,-4.64,0.68
0.03412,-4.64,0.64
0.03416,-4.64,0.64
0.0342,-4.64,0.64
0.03424,-4.64,0.6
0.03428,-4.64,0.6
0.03432,-4.64,0.56
0.03436,-4.56,0.56
0.0344,-4.64,0.56
0.03444,-4.56,0.48
0.03448,-4.64,0.52
0.03452,-4.64,0.48
0.03456,-4.56,0.48
0.0346,-4.56,0.44
0.03464,-4.56,0.4
0.03468,-4.56,0.36
0.03472,-4.48,0.36
0.03476,-4.48,0.32
0.0348,-4.48,0.32
0.03484,-4.48,0.28
0.03488,-4.48,0.24
0.03492,-4.4,0.24
0.03496,-4.4,0.2
0.035,-4.32,0.16
0.03504,-4.32,0.16
0.03508,-4.32,0.12
0.03512,-4.24,0.08
0.03516,-4.24,0.08
0.0352,-4.24,0.04
0.03524,-4.16,0.04
0.03528,-4.16,0
0.03532,-4.08,0
0.03536,-4.08,-0.04
0.0354,-4.08,-0.04
0.03544,-4.08,0
0.03548,-4,-0.04
0.03552,-4,-0.04
0.03556,-3.92,-0.04
0.0356,-3.92,-0.08
0.03564,-3.84,-0.04
0.03568,-3.84,-0.08
0.03572,-3.84,-0.04
0.03576,-3.76,-0.04
0.0358,-3.76,-0.04
0.03584,-3.68,-0.04
0.03588,-3.68,0
0.03592,-3.68,0
0.03596,-3.6,0.04
0.036,-3.68,0.04
0.03604,-3.6,0.08
0.03608,-3.6,0.08
0.03612,-3.6,0.12
0.03616,-3.6,0.12
0.0362,-3.6,0.16
0.03624,-3.6,0.16
0.03628,-3.52,0.2
0.03632,-3.6,0.24
0.03636,-3.6,0.24
0.0364,-3.6,0.28
0.03644,-3.6,0.28
0.03648,-3.6,0.32
0.03652,-3.6,0.36
0.03656,-3.6,0.36
0.0366,-3.68,0.4
0.03664,-3.6,0.4
0.03668,-3.68,0.44
0.03672,-3.68,0.48
0.03676,-3.68,0.48
0.0368,-3.76,0.52
0.03684,-3.76,0.56
0.03688,-3.76,0.56
0.03692,-3.84,0.56
0.03696,-3.84,0.6
0.037,-3.84,0.6
0.03704,-3.84,0.64
0.03708,-3.92,0.68
0.03712,-3.92,0.68
0.03716,-4,0.68
0.0372,-4,0.72
0.03724,-4.08,0.68
0.03728,-4.08,0.72
0.03732,-4.16,0.72
0.03736,-4.16,0.72
0.0374,-4.16,0.72
0.03744,-4.16,0.76
0.03748,-4.24,0.76
0.03752,-4.24,0.76
0.03756,-4.32,0.76
0.0376,-4.32,0.76
0.03764,-4.32,0.76
0.03768,-4.4,0.76
0.03772,-4.4,0.76
0.03776,-4.4,0.76
0.0378,-4.4,0.76
0.03784,-4.48,0.76
0.03788,-4.48,0.76
0.03792,-4.48,0.76
0.03796,-4.48,0.76
0.038,-4.56,0.76
0.03804,-4.56,0.72
0.03808,-4.56,0.72
0.03812,-4.56,0.72
0.03816,-4.56,0.72
0.0382,-4.56,0.72
0.03824,-4.56,0.72
0.03828,-4.64,0.68
0.03832,-4.64,0.68
0.03836,-4.64,0.72
0.0384,-4.64,0.68
0.03844,-4.64,0.68
0.03848,-4.64,0.68
0.03852,-4.72,0.68
0.03856,-4.64,0.68
0.0386,-4.64,0.68
0.03864,-4.72,0.72
0.03868,-4.64,0.64
0.03872,-4.72,0.68
0.03876,-4.72,0.64
0.0388,-4.72,0.68
0.03884,-4.72,0.64
0.03888,-4.72,0.64
0.03892,-4.64,0.64
0.03896,-4.72,0.68
0.039,-4.72,0.64
0.03904,-4.72,0.68
0.03908,-4.64,0.64
0.03912,-4.64,0.68
0.03916,-4.72,0.64
0.0392,-4.64,0.64
0.03924,-4.72,0.64
0.03928,-4.64,0.68
0.03932,-4.72,0.68
0.03936,-4.72,0.68
0.0394,-4.72,0.64
0.03944,-4.72,0.64
0.03948,-4.72,0.68
0.03952,-4.72,0.68
0.03956,-4.72,0.68
0.0396,-4.72,0.64
0.03964,-4.72,0.64
0.03968,-4.72,0.64
0.03972,-4.72,0.64
0.03976,-4.72,0.64
0.0398,-4.72,0.64
0.03984,-4.72,0.64
0.03988,-4.72,0.6
0.03992,-4.72,0.64
0.03996,-4.72,0.6
0.04,-4.72,0.6
0.04004,-4.72,0.6
0.04008,-4.72,0.6
0.04012,-4.64,0.6
0.04016,-4.72,0.6
0.0402,-4.72,0.6
0.04024,-4.72,0.6
0.04028,-4.64,0.6
0.04032,-4.64,0.6
0.04036,-4.64,0.56
0.0404,-4.64,0.56
0.04044,-4.64,0.56
0.04048,-4.64,0.56
0.04052,-4.64,0.56
0.04056,-4.64,0.56
0.0406,-4.64,0.56
0.04064,-4.64,0.56
0.04068,-4.64,0.56
0.04072,-4.56,0.6
0.04076,-4.64,0.6
0.0408,-4.56,0.6
0.04084,-4.56,0.6
0.04088,-4.56,0.6
0.04092,-4.56,0.6
0.04096,-4.56,0.6
0.041,-4.56,0.64
0.04104,-4.48,0.64
0.04108,-4.48,0.64
0.04112,-4.48,0.64
0.04116,-4.48,0.68
0.0412,-4.48,0.68
0.04124,-4.48,0.68
0.04128,-4.48,0.72
0.04132,-4.4,0.72
0.04136,-4.48,0.72
0.0414,-4.48,0.72
0.04144,-4.48,0.76
0.04148,-4.4,0.76
0.04152,-4.4,0.76
0.04156,-4.4,0.8
0.0416,-4.4,0.8
0.04164,-4.4,0.84
0.04168,-4.48,0.84
0.04172,-4.48,0.88
0.04176,-4.4,0.84
0.0418,-4.48,0.88
0.04184,-4.48,0.92
0.04188,-4.4,0.92
0.04192,-4.48,0.92
0.04196,-4.48,0.92
0.042,-4.48,0.92
0.04204,-4.48,0.92
0.04208,-4.48,0.96
0.04212,-4.48,0.96
0.04216,1.44,5
0.0422,5.68,5
0.04224,5.68,5
0.04228,1.12,3.76
0.04232,-3.84,2.32
0.04236,-4.88,0.2
0.0424,-5.12,-0.6
0.04244,-5.12,-0.92
0.04248,-5.12,-1
0.04252,-5.04,-0.96
0.04256,-4.96,-1
0.0426,-4.88,-1
0.04264,-4.88,-1.04
0.04268,-4.8,-1.04
0.04272,-4.64,-1.04
0.04276,-4.64,-0.96
0.0428,-4.56,-0.92
0.04284,-4.48,-0.88
0.04288,-4.4,-0.84
0.04292,-4.32,-0.8
0.04296,-4.32,-0.72
0.043,-4.24,-0.64
0.04304,-4.16,-0.52
0.04308,-4.08,-0.48
0.04312,-4.08,-0.4
0.04316,-4.08,-0.32
0.0432,-4,-0.24
0.04324,-4,-0.16
0.04328,-4,-0.04
0.04332,-4,0
0.04336,-3.92,0.12
0.0434,-3.92,0.2
0.04344,-3.92,0.28
0.04348,-3.92,0.36
0.04352,-4,0.44
0.04356,-4,0.48
0.0436,-4,0.56
0.04364,-4,0.6
0.04368,-4,0.68
0.04372,-4,0.76
0.04376,-4.08,0.8
0.0438,-4.08,0.84
0.04384,-4.08,0.88
0.04388,-4.16,0.92
0.04392,-4.08,0.96
0.04396,-4.16,1
0.044,-4.16,1
0.04404,-4.24,1.04
0.04408,-4.24,1.04
0.04412,-4.32,1.08
0.04416,-4.32,1.08
0.0442,-4.4,1.08
0.04424,-4.4,1.08
0.04428,-4.4,1.12
0.04432,-4.48,1.08
0.04436,-4.48,1.12
0.0444,-4.48,1.08
0.04444,-4.56,1.12
0.04448,-4.56,1.04
0.04452,-4.56,1.04
0.04456,-4.56,1
0.0446,-4.56,1
0.04464,-4.64,1
0.04468,-4.64,1
0.04472,-4.64,1
0.04476,-4.64,0.96
0.0448,-4.64,0.96
0.04484,-4.64,0.92
0.04488,-4.64,0.92
0.04492,-4.64,0.88
0.04496,-4.64,0.88
0.045,-4.64,0.84
0.04504,-4.72,0.84
0.04508,-4.64,0.84
0.04512,-4.64,0.84
0.04516,-4.64,0.8
0.0452,-4.64,0.8
0.04524,-4.64,0.8
0.04528,-4.64,0.8
0.04532,-4.64,0.76
0.04536,-4.64,0.76
0.0454,-4.64,0.76
0.04544,-4.64,0.76
0.04548,-4.64,0.76
0.04552,-4.64,0.76
0.04556,-4.64,0.76
0.0456,-4.64,0.76
0.04564,-4.64,0.72
0.04568,-4.64,0.72
0.04572,-4.64,0.72
0.04576,-4.64,0.72
0.0458,-4.56,0.72
0.04584,-4.64,0.72
0.04588,-4.64,0.72
0.04592,-4.64,0.72
0.04596,-4.64,0.72
0.046,-4.64,0.76
0.04604,-4.64,0.72
0.04608,-4.64,0.72
0.04612,-4.56,0.76
0.04616,-4.64,0.72
0.0462,-4.64,0.72
0.04624,-4.64,0.72
0.04628,-4.64,0.68
0.04632,-4.64,0.68
0.04636,-4.64,0.68
0.0464,-4.64,0.68
0.04644,-4.64,0.68
0.04648,-4.64,0.64
0.04652,-4.64,0.64
0.04656,-4.64,0.64
0.0466,-4.64,0.64
0.04664,-4.64,0.6
0.04668,-4.64,0.6
0.04672,-4.64,0.6
0.04676,-4.64,0.56
0.0468,-4.56,0.6
0.04684,-4.56,0.52
0.04688,-4.56,0.52
0.04692,-4.56,0.52
0.04696,-4.56,0.48
0.047,-4.56,0.48
0.04704,-4.56,0.48
0.04708,-4.56,0.44
0.04712,-4.56,0.44
0.04716,-4.56,0.4
0.0472,-4.48,0.44
0.04724,-4.48,0.4
0.04728,-4.48,0.4
0.04732,-4.48,0.4
0.04736,-4.4,0.4
0.0474,-4.4,0.36
0.04744,-4.4,0.36
0.04748,-4.4,0.32
0.04752,-4.4,0.32
0.04756,-4.4,0.36
0.0476,-4.32,0.36
0.04764,-4.32,0.36
0.04768,-4.32,0.36
0.04772,-4.24,0.32
0.04776,-4.24,0.32
0.0478,-4.24,0.32
0.04784,-4.24,0.32
0.04788,-4.24,0.36
0.04792,-4.24,0.36
0.04796,-4.24,0.36
0.048,-4.16,0.36
0.04804,-4.16,0.36
0.04808,-4.16,0.4
0.04812,-4.16,0.4
0.04816,-4.16,0.4
0.0482,-4.16,0.4
0.04824,-4.16,0.44
0.04828,-4.16,0.44
0.04832,-4.16,0.48
0.04836,-4.16,0.48
0.0484,-4.16,0.48
0.04844,-4.16,0.48
0.04848,-4.16,0.52
0.04852,-4.16,0.52
0.04856,-4.16,0.56
0.0486,-4.16,0.56
0.04864,-4.16,0.56
0.04868,-4.24,0.56
0.04872,-4.16,0.6
0.04876,-4.24,0.64
0.0488,-4.16,0.6
0.04884,-4.24,0.64
0.04888,-4.24,0.64
0.04892,-4.24,0.64
0.04896,-4.32,0.64
0.049,-4.32,0.68
0.04904,-4.32,0.68
0.04908,-4.32,0.68
0.04912,-4.32,0.68
0.04916,-4.32,0.72
0.0492,-4.4,0.72
0.04924,-4.4,0.72
0.04928,-4.4,0.72
0.04932,-4.48,0.72
0.04936,-4.4,0.72
0.0494,-4.48,0.72
0.04944,-4.48,0.76
0.04948,-4.48,0.76
0.04952,-4.48,0.72
0.04956,-4.48,0.72
0.0496,-4.56,0.76
0.04964,-4.56,0.72
0.04968,-4.56,0.72
0.04972,-4.56,0.72
0.04976,-4.56,0.72
0.0498,-4.56,0.72
0.04984,-4.56,0.72
0.04988,-4.64,0.68
0.04992,-4.64,0.68
0.04996,-4.64,0.72
0.05,-4.64,0.72
0.05004,-4.64,0.72
0.05008,-4.64,0.72
0.05012,-4.64,0.68
0.05016,-4.64,0.68
0.0502,-4.64,0.68
0.05024,-4.64,0.68
0.05028,-4.64,0.68
0.05032,-4.64,0.68
0.05036,-4.64,0.68
0.0504,-4.64,0.68
0.05044,-4.64,0.68
0.05048,-4.64,0.68
0.05052,-4.64,0.68
0.05056,-4.72,0.68
0.0506,-4.64,0.68
0.05064,-4.64,0.68
0.05068,-4.72,0.64
0.05072,-4.72,0.64
0.05076,-4.72,0.68
0.0508,-4.64,0.68
0.05084,-4.72,0.68
0.05088,-4.64,0.68
0.05092,-4.64,0.64
0.05096,-4.72,0.64
0.051,-4.72,0.68
0.05104,-4.72,0.64
0.05108,-4.64,0.68
0.05112,-4.72,0.64
0.05116,-4.72,0.64
0.0512,-4.64,0.64
0.05124,-4.64,0.68
0.05128,-4.72,0.68
0.05132,-4.72,0.64
0.05136,-4.72,0.64
0.0514,-4.72,0.68
0.05144,-4.72,0.64
0.05148,-4.72,0.64
0.05152,-4.72,0.64
0.05156,-4.72,0.64
0.0516,-4.72,0.64
0.05164,-4.72,0.64
0.05168,-4.72,0.64
0.05172,-4.72,0.6
0.05176,-4.72,0.64
0.0518,-4.72,0.6
0.05184,-4.72,0.6
0.05188,-4.72,0.64
0.05192,-4.72,0.64
0.05196,-4.72,0.6
0.052,-4.72,0.6
0.05204,-4.72,0.6
0.05208,-4.72,0.6
0.05212,-4.72,0.6
0.05216,-4.72,0.6
0.0522,-4.72,0.6
0.05224,-4.72,0.56
0.05228,-4.72,0.56
0.05232,-4.72,0.56
0.05236,-4.64,0.6
0.0524,-4.64,0.56
0.05244,-4.64,0.56
0.05248,-4.64,0.56
0.05252,-4.64,0.6
0.05256,-4.64,0.56
0.0526,-4.64,0.56
0.05264,-4.64,0.56
0.05268,-4.64,0.6
0.05272,-4.56,0.56
0.05276,-4.56,0.56
0.0528,-4.56,0.56
0.05284,-4.56,0.56
0.05288,-4.56,0.56
0.05292,-4.56,0.6
0.05296,-4.56,0.6
0.053,-4.48,0.64
0.05304,-4.48,0.64
0.05308,-4.48,0.64
0.05312,-4.48,0.64
0.05316,-4.48,0.64
0.0532,-4.48,0.64
0.05324,-4.48,0.68
0.05328,-4.48,0.68
0.05332,-4.4,0.72
0.05336,-4.4,0.72
0.0534,-4.4,0.72
0.05344,-4.4,0.76
0.05348,-4.4,0.76
0.05352,-4.4,0.8
0.05356,-4.4,0.8
0.0536,-4.4,0.8
0.05364,-4.4,0.8
0.05368,-4.4,0.88
0.05372,-4.4,0.84
0.05376,-4.4,0.88
0.0538,-4.4,0.88
0.05384,-4.4,0.88
0.05388,-4.4,0.92
0.05392,-4.4,0.96
0.05396,-4.4,0.96
0.054,-4.4,0.96
0.05404,-4.48,0.96
0.05408,-4.4,1
0.05412,-4.48,1
0.05416,-4.48,1
0.0542,-0.08,3.92
0.05424,5.68,5
0.05428,5.68,5
0.05432,3.52,4.88
0.05436,-4.48,2
0.0544,-4.56,0.68
0.05444,-5.12,-0.52
0.05448,-5.2,-0.84
0.05452,-5.12,-1
0.05456,-5.04,-1
0.0546,-5.04,-1
0.05464,-4.96,-1.04
0.05468,-4.88,-1.08
0.05472,-4.72,-1.04
0.05476,-4.72,-1.04
0.0548,-4.64,-1
0.05484,-4.56,-0.96
0.05488,-4.48,-0.92
0.05492,-4.4,-0.88
0.05496,-4.4,-0.8
0.055,-4.32,-0.76
0.05504,-4.24,-0.68
0.05508,-4.16,-0.6
0.05512,-4.16,-0.48
0.05516,-4.08,-0.44
0.0552,-4.08,-0.36
0.05524,-4,-0.28
0.05528,-4,-0.2
0.05532,-4,-0.08
0.05536,-3.92,0
0.0554,-3.92,0.08
0.05544,-3.92,0.16
0.05548,-3.92,0.28
0.05552,-3.92,0.32
0.05556,-3.92,0.4
0.0556,-3.92,0.48
0.05564,-3.92,0.56
0.05568,-4,0.6
0.05572,-4,0.68
0.05576,-4,0.72
0.0558,-4.08,0.76
0.05584,-4.08,0.84
0.05588,-4.08,0.88
0.05592,-4.08,0.88
0.05596,-4.08,0.96
0.056,-4.16,1
0.05604,-4.24,1.04
0.05608,-4.24,1.04
0.05612,-4.24,1.08
0.05616,-4.32,1.08
0.0562,-4.32,1.12
0.05624,-4.32,1.12
0.05628,-4.4,1.12
0.05632,-4.4,1.12
0.05636,-4.48,1.12
0.0564,-4.48,1.12
0.05644,-4.48,1.12
0.05648,-4.56,1.08
0.05652,-4.56,1.08
0.05656,-4.56,1.08
0.0566,-4.56,1.04
0.05664,-4.56,1.08
0.05668,-4.64,1
0.05672,-4.64,1
0.05676,-4.64,1
0.0568,-4.64,0.96
0.05684,-4.64,0.96
0.05688,-4.64,0.92
0.05692,-4.64,0.96
0.05696,-4.72,0.88
0.057,-4.64,0.88
0.05704,-4.72,0.84
0.05708,-4.72,0.84
0.05712,-4.64,0.84
0.05716,-4.64,0.84
0.0572,-4.64,0.8
0.05724,-4.64,0.8
0.05728,-4.64,0.8
0.05732,-4.64,0.76
0.05736,-4.64,0.76
0.0574,-4.64,0.8
0.05744,-4.64,0.76
0.05748,-4.64,0.76
0.05752,-4.64,0.72
0.05756,-4.64,0.76
0.0576,-4.64,0.72
0.05764,-4.64,0.72
0.05768,-4.64,0.72
0.05772,-4.56,0.72
0.05776,-4.56,0.72
0.0578,-4.56,0.72
0.05784,-4.56,0.72
0.05788,-4.56,0.72
0.05792,-4.56,0.72
0.05796,-4.64,0.76
0.058,-4.64,0.72
0.05804,-4.56,0.76
0.05808,-4.56,0.76
0.05812,-4.56,0.72
0.05816,-4.64,0.76
0.0582,-4.64,0.76
0.05824,-4.64,0.72
0.05828,-4.64,0.72
0.05832,-4.64,0.76
0.05836,-4.64,0.72
0.0584,-4.56,0.72
0.05844,-4.64,0.76
0.05848,-4.64,0.72
0.05852,-4.64,0.68
0.05856,-4.64,0.72
0.0586,-4.64,0.72
0.05864,-4.64,0.72
0.05868,-4.64,0.68
0.05872,-4.64,0.68
0.05876,-4.64,0.72
0.0588,-4.64,0.68
0.05884,-4.64,0.68
0.05888,-4.64,0.68
0.05892,-4.64,0.68
0.05896,-4.64,0.64
0.059,-4.64,0.68
0.05904,-4.64,0.64
0.05908,-4.64,0.64
0.05912,-4.64,0.64
0.05916,-4.64,0.6
0.0592,-4.64,0.56
0.05924,-4.56,0.6
0.05928,-4.64,0.6
0.05932,-4.64,0.56
0.05936,-4.56,0.6
0.0594,-4.56,0.6
0.05944,-4.64,0.56
0.05948,-4.56,0.52
0.05952,-4.56,0.56
0.05956,-4.56,0.56
0.0596,-4.48,0.52
0.05964,-4.48,0.56
0.05968,-4.48,0.56
0.05972,-4.56,0.52
0.05976,-4.56,0.52
0.0598,-4.48,0.52
0.05984,-4.48,0.56
0.05988,-4.48,0.56
0.05992,-4.48,0.52
0.05996,-4.48,0.56
0.06,-4.48,0.56
0.06004,-4.4,0.56
0.06008,-4.48,0.56
0.06012,-4.48,0.6
0.06016,-4.48,0.56
0.0602,-4.4,0.6
0.06024,-4.4,0.6
0.06028,-4.4,0.56
0.06032,-4.4,0.6
0.06036,-4.4,0.56
0.0604,-4.48,0.6
0.06044,-4.4,0.6
0.06048,-4.4,0.64
0.06052,-4.4,0.64
0.06056,-4.4,0.6
0.0606,-4.4,0.64
0.06064,-4.48,0.64
0.06068,-4.48,0.64
0.06072,-4.4,0.64
0.06076,-4.48,0.64
0.0608,-4.48,0.64
0.06084,-4.48,0.68
0.06088,-4.48,0.68
0.06092,-4.48,0.68
0.06096,-4.48,0.68
0.061,-4.48,0.68
0.06104,-4.48,0.72
0.06108,-4.48,0.72
0.06112,-4.56,0.72
0.06116,-4.48,0.68
0.0612,-4.56,0.72
0.06124,-4.56,0.72
0.06128,-4.56,0.72
0.06132,-4.56,0.72
0.06136,-4.56,0.68
0.0614,-4.56,0.72
0.06144,-4.56,0.72
0.06148,-4.56,0.68
0.06152,-4.64,0.72
0.06156,-4.64,0.72
0.0616,-4.64,0.68
0.06164,-4.64,0.68
0.06168,-4.64,0.68
0.06172,-4.64,0.68
0.06176,-4.64,0.68
0.0618,-4.64,0.72
0.06184,-4.64,0.68
0.06188,-4.64,0.68
0.06192,-4.64,0.68
0.06196,-4.64,0.68
0.062,-4.64,0.68
0.06204,-4.64,0.64
0.06208,-4.64,0.68
0.06212,-4.64,0.68
0.06216,-4.72,0.68
0.0622,-4.64,0.68
0.06224,-4.64,0.64
0.06228,-4.64,0.68
0.06232,-4.64,0.68
0.06236,-4.64,0.68
0.0624,-4.72,0.68
0.06244,-4.72,0.68
0.06248,-4.72,0.64
0.06252,-4.64,0.68
0.06256,-4.64,0.64
0.0626,-4.72,0.68
0.06264,-4.64,0.68
0.06268,-4.72,0.68
0.06272,-4.72,0.68
0.06276,-4.72,0.68
0.0628,-4.64,0.64
0.06284,-4.64,0.68
0.06288,-4.64,0.64
0.06292,-4.64,0.68
0.06296,-4.64,0.68
0.063,-4.72,0.68
0.06304,-4.72,0.68
0.06308,-4.64,0.68
0.06312,-4.72,0.64
0.06316,-4.64,0.68
0.0632,-4.72,0.68
0.06324,-4.64,0.68
0.06328,-4.72,0.68
0.06332,-4.72,0.68
0.06336,-4.72,0.64
0.0634,-4.72,0.68
0.06344,-4.72,0.68
0.06348,-4.72,0.68
0.06352,-4.72,0.68
0.06356,-4.72,0.64
0.0636,-4.72,0.64
0.06364,-4.72,0.64
0.06368,-4.72,0.64
0.06372,-4.72,0.64
0.06376,-4.72,0.64
0.0638,-4.72,0.64
0.06384,-4.72,0.64
0.06388,-4.72,0.64
0.06392,-4.72,0.6
0.06396,-4.72,0.6
0.064,-4.72,0.6
0.06404,-4.72,0.6
0.06408,-4.72,0.6
0.06412,-4.72,0.6
0.06416,-4.72,0.6
0.0642,-4.72,0.6
0.06424,-4.72,0.6
0.06428,-4.72,0.6
0.06432,-4.72,0.6
0.06436,-4.64,0.6
0.0644,-4.64,0.56
0.06444,-4.64,0.56
0.06448,-4.64,0.56
0.06452,-4.64,0.56
0.06456,-4.64,0.56
0.0646,-4.64,0.56
0.06464,-4.64,0.56
0.06468,-4.56,0.56
0.06472,-4.64,0.56
0.06476,-4.56,0.56
0.0648,-4.64,0.56
0.06484,-4.56,0.56
0.06488,-4.56,0.56
0.06492,-4.56,0.6
0.06496,-4.48,0.6
0.065,-4.48,0.6
0.06504,-4.48,0.6
0.06508,-4.48,0.6
0.06512,-4.56,0.6
0.06516,-4.48,0.64
0.0652,-4.48,0.64
0.06524,-4.48,0.68
0.06528,-4.48,0.68
0.06532,-4.4,0.72
0.06536,-4.4,0.68
0.0654,-4.4,0.68
0.06544,-4.4,0.76
0.06548,-4.4,0.76
0.06552,-4.4,0.76
0.06556,-4.4,0.8
0.0656,-4.4,0.8
0.06564,-4.4,0.84
0.06568,-4.4,0.84
0.06572,-4.4,0.84
0.06576,-4.4,0.88
0.0658,-4.4,0.88
0.06584,-4.4,0.88
0.06588,-4.4,0.88
0.06592,-4.4,0.92
0.06596,-4.4,0.92
0.066,-4.4,0.96
0.06604,-4.4,0.96
0.06608,-4.4,1
0.06612,-4.4,1
0.06616,-4.4,1
0.0662,-4.48,1.04
0.06624,-2.32,3.44
0.06628,5.68,5
0.06632,5.68,5
0.06636,5.76,5
0.0664,-4.16,2.68
0.06644,-4.16,1.36
0.06648,-5.12,-0.48
0.06652,-5.12,-0.8
0.06656,-5.12,-1
0.0666,-5.04,-1.04
0.06664,-4.96,-1
0.06668,-4.96,-1.04
0.06672,-4.88,-1.04
0.06676,-4.8,-1.04
0.0668,-4.64,-1.04
0.06684,-4.64,-1
0.06688,-4.56,-0.96
0.06692,-4.56,-0.92
0.06696,-4.4,-0.88
0.067,-4.32,-0.84
0.06704,-4.32,-0.76
0.06708,-4.24,-0.68
0.06712,-4.16,-0.6
0.06716,-4.16,-0.52
0.0672,-4.08,-0.44
0.06724,-4.08,-0.36
0.06728,-4.08,-0.32
0.06732,-4,-0.2
0.06736,-4,-0.08
0.0674,-4,0
0.06744,-3.92,0.08
0.06748,-3.92,0.16
0.06752,-3.92,0.24
0.06756,-3.92,0.32
0.0676,-3.92,0.4
0.06764,-3.92,0.44
0.06768,-4,0.52
0.06772,-4,0.6
0.06776,-4,0.64
0.0678,-4,0.72
0.06784,-4,0.76
0.06788,-4.08,0.8
0.06792,-4.08,0.84
0.06796,-4.08,0.92
0.068,-4.08,0.96
0.06804,-4.16,1
0.06808,-4.16,1
0.06812,-4.24,1.04
0.06816,-4.24,1.04
0.0682,-4.32,1.08
0.06824,-4.32,1.12
0.06828,-4.32,1.08
0.06832,-4.4,1.12
0.06836,-4.4,1.12
0.0684,-4.4,1.12
0.06844,-4.48,1.08
0.06848,-4.48,1.12
0.06852,-4.48,1.08
0.06856,-4.48,1.12
0.0686,-4.56,1.04
0.06864,-4.56,1.08
0.06868,-4.56,1.04
0.06872,-4.64,1.04
0.06876,-4.64,1
0.0688,-4.64,1
0.06884,-4.64,1
0.06888,-4.64,0.96
0.06892,-4.64,0.96
0.06896,-4.64,0.92
0.069,-4.64,0.92
0.06904,-4.72,0.88
0.06908,-4.64,0.88
0.06912,-4.64,0.88
0.06916,-4.64,0.84
0.0692,-4.64,0.84
0.06924,-4.64,0.8
0.06928,-4.64,0.8
0.06932,-4.72,0.8
0.06936,-4.64,0.76
0.0694,-4.64,0.8
0.06944,-4.64,0.76
0.06948,-4.64,0.76
0.06952,-4.64,0.76
0.06956,-4.64,0.72
0.0696,-4.64,0.72
0.06964,-4.64,0.76
0.06968,-4.64,0.72
0.06972,-4.64,0.72
0.06976,-4.64,0.76
0.0698,-4.64,0.72
0.06984,-4.56,0.76
0.06988,-4.56,0.72
0.06992,-4.64,0.76
0.06996,-4.64,0.72
0.07,-4.64,0.76
0.07004,-4.56,0.76
0.07008,-4.56,0.76
0.07012,-4.56,0.76
0.07016,-4.64,0.72
0.0702,-4.56,0.76
0.07024,-4.64,0.72
0.07028,-4.56,0.76
0.07032,-4.56,0.76
0.07036,-4.64,0.76
0.0704,-4.56,0.76
0.07044,-4.64,0.76
0.07048,-4.64,0.76
0.07052,-4.64,0.76
0.07056,-4.64,0.76
0.0706,-4.64,0.76
0.07064,-4.64,0.76
0.07068,-4.64,0.76
0.07072,-4.64,0.76
0.07076,-4.64,0.72
0.0708,-4.64,0.76
0.07084,-4.64,0.72
0.07088,-4.64,0.72
0.07092,-4.64,0.72
0.07096,-4.64,0.72
0.071,-4.64,0.68
0.07104,-4.64,0.72
0.07108,-4.64,0.68
0.07112,-4.64,0.68
0.07116,-4.72,0.68
0.0712,-4.64,0.68
0.07124,-4.64,0.64
0.07128,-4.64,0.64
0.07132,-4.64,0.68
0.07136,-4.64,0.64
0.0714,-4.64,0.68
0.07144,-4.64,0.64
0.07148,-4.64,0.64
0.07152,-4.64,0.64
0.07156,-4.64,0.6
0.0716,-4.64,0.6
0.07164,-4.56,0.64
0.07168,-4.56,0.6
0.07172,-4.56,0.6
0.07176,-4.64,0.64
0.0718,-4.56,0.6
0.07184,-4.56,0.6
0.07188,-4.56,0.64
0.07192,-4.56,0.6
0.07196,-4.56,0.64
0.072,-4.56,0.6
0.07204,-4.56,0.64
0.07208,-4.56,0.64
0.07212,-4.48,0.6
0.07216,-4.56,0.64
0.0722,-4.56,0.64
0.07224,-4.56,0.64
0.07228,-4.56,0.64
0.07232,-4.56,0.64
0.07236,-4.56,0.64
0.0724,-4.56,0.64
0.07244,-4.48,0.68
0.07248,-4.56,0.68
0.07252,-4.56,0.64
0.07256,-4.56,0.64
0.0726,-4.56,0.68
0.07264,-4.56,0.68
0.07268,-4.56,0.64
0.07272,-4.56,0.68
0.07276,-4.56,0.72
0.0728,-4.56,0.68
0.07284,-4.56,0.72
0.07288,-4.56,0.72
0.07292,-4.56,0.68
0.07296,-4.56,0.72
0.073,-4.56,0.72
0.07304,-4.56,0.72
0.07308,-4.56,0.72
0.07312,-4.64,0.72
0.07316,-4.64,0.72
0.0732,-4.64,0.72
0.07324,-4.64,0.72
0.07328,-4.64,0.72
0.07332,-4.56,0.72
0.07336,-4.64,0.68
0.0734,-4.64,0.68
0.07344,-4.64,0.72
0.07348,-4.64,0.72
0.07352,-4.72,0.68
0.07356,-4.64,0.72
0.0736,-4.64,0.68
0.07364,-4.64,0.72
0.07368,-4.64,0.68
0.07372,-4.64,0.72
0.07376,-4.64,0.68
0.0738,-4.64,0.68
0.07384,-4.64,0.72
0.07388,-4.72,0.68
0.07392,-4.64,0.68
0.07396,-4.64,0.68
0.074,-4.64,0.68
0.07404,-4.72,0.64
0.07408,-4.72,0.68
0.07412,-4.72,0.68
0.07416,-4.72,0.68
0.0742,-4.64,0.68
0.07424,-4.64,0.68
0.07428,-4.64,0.68
0.07432,-4.72,0.68
0.07436,-4.64,0.68
0.0744,-4.72,0.68
0.07444,-4.64,0.64
0.07448,-4.64,0.68
0.07452,-4.64,0.64
0.07456,-4.64,0.68
0.0746,-4.64,0.64
0.07464,-4.64,0.68
0.07468,-4.64,0.68
0.07472,-4.72,0.64
0.07476,-4.72,0.68
0.0748,-4.64,0.64
0.07484,-4.72,0.68
0.07488,-4.64,0.68
0.07492,-4.64,0.68
0.07496,-4.64,0.64
0.075,-4.72,0.64
0.07504,-4.64,0.68
0.07508,-4.64,0.68
0.07512,-4.72,0.68
0.07516,-4.72,0.68
0.0752,-4.72,0.64
0.07524,-4.72,0.68
0.07528,-4.72,0.68
0.07532,-4.72,0.64
0.07536,-4.72,0.68
0.0754,-4.72,0.64
0.07544,-4.64,0.64
0.07548,-4.72,0.68
0.07552,-4.72,0.68
0.07556,-4.72,0.68
0.0756,-4.72,0.64
0.07564,-4.72,0.64
0.07568,-4.72,0.64
0.07572,-4.72,0.64
0.07576,-4.72,0.64
0.0758,-4.72,0.6
0.07584,-4.72,0.6
0.07588,-4.72,0.64
0.07592,-4.72,0.64
0.07596,-4.72,0.6
0.076,-4.72,0.64
0.07604,-4.72,0.64
0.07608,-4.72,0.6
0.07612,-4.72,0.6
0.07616,-4.72,0.6
0.0762,-4.72,0.56
0.07624,-4.72,0.6
0.07628,-4.72,0.6
0.07632,-4.72,0.56
0.07636,-4.72,0.56
0.0764,-4.72,0.56
0.07644,-4.72,0.6
0.07648,-4.64,0.56
0.07652,-4.64,0.6
0.07656,-4.72,0.56
0.0766,-4.64,0.56
0.07664,-4.64,0.56
0.07668,-4.64,0.56
0.07672,-4.64,0.56
0.07676,-4.64,0.56
0.0768,-4.64,0.56
0.07684,-4.64,0.56
0.07688,-4.56,0.56
0.07692,-4.56,0.6
0.07696,-4.56,0.56
0.077,-4.48,0.6
0.07704,-4.56,0.6
0.07708,-4.56,0.6
0.07712,-4.48,0.6
0.07716,-4.48,0.64
0.0772,-4.48,0.64
0.07724,-4.48,0.64
0.07728,-4.48,0.64
0.07732,-4.48,0.68
0.07736,-4.4,0.68
0.0774,-4.4,0.68
0.07744,-4.4,0.68
0.07748,-4.4,0.72
0.07752,-4.4,0.76
0.07756,-4.4,0.76
0.0776,-4.4,0.76
0.07764,-4.4,0.8
0.07768,-4.4,0.8
0.07772,-4.4,0.84
0.07776,-4.4,0.84
0.0778,-4.4,0.88
0.07784,-4.4,0.88
0.07788,-4.4,0.92
0.07792,-4.4,0.92
0.07796,-4.4,0.92
0.078,-4.4,0.96
0.07804,-4.4,0.92
0.07808,-4.4,0.96
0.07812,-4.4,0.96
0.07816,-4.4,1
0.0782,-4.4,1
0.07824,-4.48,1
0.07828,-4.48,1
0.07832,-4.48,1
0.07836,-4.48,1.04
0.0784,-4.48,1.04
0.07844,-4.48,1.08
0.07848,-4.48,1.04
0.07852,-4.56,1.04
0.07856,-4.56,1.04
0.0786,-4.56,1.08
0.07864,-4.56,1.04
0.07868,-4.56,1.04
0.07872,-4.56,1.04
0.07876,-4.64,1.04
0.0788,-4.64,1.04
0.07884,-4.64,1.04
0.07888,-4.64,1
0.07892,-4.72,1
0.07896,-4.64,1
0.079,-4.64,1
0.07904,-4.72,0.96
0.07908,-4.72,0.96
0.07912,-4.72,0.96
0.07916,-4.72,0.96
0.0792,-4.72,0.92
0.07924,-4.72,0.92
0.07928,-4.72,0.92
0.07932,-4.72,0.92
0.07936,-4.72,0.88
0.0794,-4.8,0.88
0.07944,-4.8,0.84
0.07948,-4.8,0.84
0.07952,-4.8,0.8
0.07956,-4.8,0.8
0.0796,-4.72,0.8
0.07964,-4.8,0.76
0.07968,-4.8,0.76
0.07972,-4.8,0.76
0.07976,-4.8,0.72
0.0798,-4.8,0.72
0.07984,-4.8,0.72
0.07988,-4.8,0.72
0.07992,-4.8,0.72
0.07996,-4.72,0.68
0.08,-4.72,0.68
0.08004,-4.72,0.68
0.08008,-4.8,0.64
0.08012,-4.72,0.68
0.08016,-4.72,0.64
0.0802,-4.72,0.64
0.08024,-4.72,0.64
0.08028,-4.72,0.64
0.08032,-4.72,0.64
0.08036,-4.72,0.64
0.0804,-4.72,0.6
0.08044,-4.72,0.64
0.08048,-4.72,0.6
0.08052,-4.72,0.6
0.08056,-4.72,0.6
0.0806,-4.72,0.64
0.08064,-4.72,0.6
0.08068,-4.72,0.6
0.08072,-4.72,0.6
0.08076,-4.72,0.6
0.0808,-4.64,0.6
0.08084,-4.64,0.64
0.08088,-4.64,0.64
0.08092,-4.72,0.6
0.08096,-4.72,0.64
0.081,-4.72,0.64
0.08104,-4.72,0.64
0.08108,-4.64,0.64
0.08112,-4.64,0.64
0.08116,-4.72,0.64
0.0812,-4.64,0.64
0.08124,-4.72,0.64
0.08128,-4.64,0.64
0.08132,-4.72,0.64
0.08136,-4.72,0.64
0.0814,-4.64,0.64
0.08144,-4.72,0.64
0.08148,-4.64,0.64
0.08152,-4.64,0.64
0.08156,-4.72,0.64
0.0816,-4.72,0.64
0.08164,-4.64,0.64
0.08168,-4.72,0.64
0.08172,-4.64,0.64
0.08176,-4.72,0.64
0.0818,-4.64,0.64
0.08184,-4.72,0.6
0.08188,-4.72,0.64
0.08192,-4.72,0.6
0.08196,-4.72,0.64
0.082,-4.64,0.64
0.08204,-4.64,0.64
0.08208,-4.64,0.64
0.08212,-4.72,0.68
0.08216,-4.72,0.64
0.0822,-4.72,0.64
0.08224,-4.72,0.64
0.08228,-4.64,0.64
0.08232,-4.72,0.64
0.08236,-4.72,0.64
0.0824,-4.64,0.64
0.08244,-4.72,0.64
0.08248,-4.72,0.64
0.08252,-4.72,0.64
0.08256,-4.64,0.64
0.0826,-4.64,0.64
0.08264,-4.64,0.64
0.08268,-4.64,0.6
0.08272,-4.72,0.68
0.08276,-4.72,0.6
0.0828,-4.64,0.64
0.08284,-4.72,0.64
0.08288,-4.64,0.64
0.08292,-4.64,0.6
0.08296,-4.64,0.64
0.083,-4.64,0.64
0.08304,-4.72,0.64
0.08308,-4.64,0.64
0.08312,-4.64,0.64
0.08316,-4.64,0.6
0.0832,-4.64,0.64
0.08324,-4.64,0.64
0.08328,-4.72,0.64
0.08332,-4.64,0.64
0.08336,-4.72,0.6
0.0834,-4.64,0.64
0.08344,-4.72,0.64
0.08348,-4.64,0.64
0.08352,-4.64,0.64
0.08356,-4.72,0.64
0.0836,-4.64,0.64
0.08364,-4.72,0.64
0.08368,-4.72,0.64
0.08372,-4.72,0.64
0.08376,-4.64,0.64
0.0838,-4.64,0.64
0.08384,-4.64,0.64
0.08388,-4.64,0.64
0.08392,-4.72,0.64
0.08396,-4.64,0.64
0.084,-4.72,0.64
0.08404,-4.72,0.64
0.08408,-4.72,0.64
0.08412,-4.64,0.64
0.08416,-4.72,0.64
0.0842,-4.72,0.64
0.08424,-4.72,0.64
0.08428,-4.72,0.64
0.08432,-4.72,0.64
0.08436,-4.64,0.64
0.0844,-4.64,0.64
0.08444,-4.64,0.64
0.08448,-4.64,0.64
0.08452,-4.64,0.64
0.08456,-4.72,0.64
0.0846,-4.72,0.6
0.08464,-4.72,0.6
0.08468,-4.64,0.64
0.08472,-4.64,0.64
0.08476,-4.64,0.68
