-0.0032,-2.88,0.12
-0.00319,-2.88,0.12
-0.00318,-2.88,0.12
-0.00317,-2.88,0.08
-0.00316,-2.88,0.08
-0.00315,-2.88,0.08
-0.00314,-2.88,0.08
-0.00313,-2.8,0.2
-0.00312,-2.8,0.16
-0.00311,-2.88,0.12
-0.0031,-2.8,0.12
-0.00309,-2.88,0.08
-0.00308,-2.96,0.16
-0.00307,-2.88,0.08
-0.00306,-2.88,0.08
-0.00305,-2.88,0.08
-0.00304,-2.88,0.08
-0.00303,-2.88,0.08
-0.00302,-2.96,0.2
-0.00301,-2.96,0.16
-0.003,-2.88,0.12
-0.00299,-2.88,0.16
-0.00298,-2.88,0.08
-0.00297,-2.88,0.08
-0.00296,-2.88,-0.04
-0.00295,-2.88,0
-0.00294,-2.88,0
-0.00293,-2.88,0.08
-0.00292,-2.88,0.08
-0.00291,-2.88,0.04
-0.0029,-2.88,0.08
-0.00289,-2.88,0.16
-0.00288,-2.96,0.08
-0.00287,-2.96,0.16
-0.00286,-2.96,0.08
-0.00285,-2.88,0
-0.00284,-2.8,0.04
-0.00283,-2.88,0.08
-0.00282,-2.88,0.12
-0.00281,-2.88,0.12
-0.0028,-2.96,0.08
-0.00279,-2.88,0.12
-0.00278,-2.96,0.12
-0.00277,-2.96,0.12
-0.00276,-2.88,0.12
-0.00275,-2.88,0.08
-0.00274,-2.96,0.12
-0.00273,-2.88,0.12
-0.00272,-2.96,0.16
-0.00271,-2.96,0.16
-0.0027,-2.88,0.2
-0.00269,-2.88,0.12
-0.00268,-2.88,0
-0.00267,-2.88,0.04
-0.00266,-2.88,0.12
-0.00265,-2.88,0.2
-0.00264,-2.8,0.2
-0.00263,-2.88,0.08
-0.00262,-2.88,0.04
-0.00261,-2.88,0.12
-0.0026,-2.88,0.12
-0.00259,-2.96,0.04
-0.00258,-2.88,0.12
-0.00257,-2.88,0.04
-0.00256,-2.88,0.08
-0.00255,-2.88,0.12
-0.00254,-2.88,0.12
-0.00253,-2.88,0.08
-0.00252,-2.88,0.08
-0.00251,-2.88,0.08
-0.0025,-2.88,0.08
-0.00249,-2.96,0.12
-0.00248,-2.88,0.16
-0.00247,-2.88,0.08
-0.00246,-2.88,0.12
-0.00245,-2.88,0.12
-0.00244,-2.96,0.08
-0.00243,-2.96,0.04
-0.00242,-2.88,0.12
-0.00241,-2.88,0.16
-0.0024,-2.88,0.2
-0.00239,-2.88,0.08
-0.00238,-2.88,0.08
-0.00237,-2.96,0.08
-0.00236,-2.88,0.04
-0.00235,-2.96,0.04
-0.00234,-2.88,0.12
-0.00233,-2.96,0.12
-0.00232,-2.88,0
-0.00231,-2.88,0.04
-0.0023,-2.88,0.08
-0.00229,-2.88,0.16
-0.00228,-2.88,0.16
-0.00227,-2.8,0.2
-0.00226,-2.88,0.16
-0.00225,-2.88,0.08
-0.00224,-2.88,0.08
-0.00223,-2.96,0.16
-0.00222,-2.88,0.16
-0.00221,-2.8,0.16
-0.0022,-2.88,0.12
-0.00219,-2.88,0.08
-0.00218,-2.8,0.12
-0.00217,-2.96,0.08
-0.00216,-2.88,0.12
-0.00215,-2.96,0.12
-0.00214,-2.88,0.08
-0.00213,-2.96,0.08
-0.00212,-2.88,0.12
-0.00211,-2.96,0.12
-0.0021,-2.88,0.08
-0.00209,-2.88,0.08
-0.00208,-2.88,0.08
-0.00207,-2.96,0.12
-0.00206,-2.96,0.12
-0.00205,-2.88,0.12
-0.00204,-2.8,0.12
-0.00203,-2.88,0.12
-0.00202,-2.88,0.08
-0.00201,-2.8,0
-0.002,-2.88,0.04
-0.00199,-2.88,0.12
-0.00198,-2.88,0.12
-0.00197,-2.88,0.08
-0.00196,-2.88,0.04
-0.00195,-2.96,0.04
-0.00194,-2.96,0.04
-0.00193,-2.96,0.08
-0.00192,-2.96,0.08
-0.00191,-2.88,0.16
-0.0019,-2.88,0.12
-0.00189,-2.88,0.08
-0.00188,-2.8,0.04
-0.00187,-2.8,0.04
-0.00186,-2.88,0.16
-0.00185,-2.88,0.2
-0.00184,-2.88,0.16
-0.00183,-2.88,0.08
-0.00182,-2.88,0.04
-0.00181,-2.88,0.04
-0.0018,-2.88,0.12
-0.00179,-2.88,0.16
-0.00178,-2.88,0.16
-0.00177,-2.88,0.08
-0.00176,-2.88,0
-0.00175,-2.88,0.08
-0.00174,-2.88,0.16
-0.00173,-2.96,0.16
-0.00172,-2.96,0.08
-0.00171,-2.88,0.12
-0.0017,-2.88,0.12
-0.00169,-2.88,0.12
-0.00168,-2.88,0.08
-0.00167,-2.88,0.08
-0.00166,-2.8,0.08
-0.00165,-2.8,0.12
-0.00164,-2.8,0.08
-0.00163,-2.8,0.04
-0.00162,-2.8,0.12
-0.00161,-2.88,0.12
-0.0016,-2.88,0.08
-0.00159,-2.88,0.12
-0.00158,-2.88,0.04
-0.00157,-2.88,0.04
-0.00156,-2.88,0.04
-0.00155,-2.88,0.08
-0.00154,-2.88,0.08
-0.00153,-2.96,0.04
-0.00152,-2.88,0.08
-0.00151,-2.88,0.08
-0.0015,-2.96,0.12
-0.00149,-3.04,0.04
-0.00148,-2.88,0.08
-0.00147,-2.96,0.08
-0.00146,-2.96,0.12
-0.00145,-2.88,0.12
-0.00144,-2.88,0.16
-0.00143,-2.96,0.08
-0.00142,-2.88,0.08
-0.00141,-2.88,0.08
-0.0014,-2.88,0.08
-0.00139,-2.96,0.08
-0.00138,-2.88,0.04
-0.00137,-2.88,0.08
-0.00136,-2.88,0.12
-0.00135,-2.88,0.16
-0.00134,-2.88,0.08
-0.00133,-2.96,0.12
-0.00132,-2.88,0.12
-0.00131,-2.96,0.12
-0.0013,-2.88,0.08
-0.00129,-2.96,0.12
-0.00128,-2.88,0.12
-0.00127,-2.96,0.12
-0.00126,-2.88,0.08
-0.00125,-2.96,0.12
-0.00124,-2.88,0.16
-0.00123,-2.88,0.16
-0.00122,-2.88,0.16
-0.00121,-2.88,0.08
-0.0012,-2.88,0.04
-0.00119,-2.88,0.08
-0.00118,-2.88,0.08
-0.00117,-2.8,0.08
-0.00116,-2.88,0.04
-0.00115,-2.88,0
-0.00114,-2.88,0.08
-0.00113,-2.88,0.16
-0.00112,-2.88,0.16
-0.00111,-2.88,0.16
-0.0011,-2.88,0.04
-0.00109,-2.88,0.04
-0.00108,-2.88,0.08
-0.00107,-2.96,0.12
-0.00106,-2.88,0.08
-0.00105,-2.88,0.2
-0.00104,-2.96,0.08
-0.00103,-2.88,0.08
-0.00102,-2.88,0.08
-0.00101,-2.8,0.08
-0.001,-2.96,0.08
-0.00099,-2.88,0.04
-0.00098,-2.88,0.04
-0.00097,-2.88,0.08
-0.00096,-2.88,0.12
-0.00095,-2.88,0.04
-0.00094,-2.8,0
-0.00093,-2.88,0.08
-0.00092,-2.88,0.12
-0.00091,-2.88,0.08
-0.0009,-2.88,0.04
-0.00089,-2.96,0.04
-0.00088,-2.88,0.04
-0.00087,-2.96,0.08
-0.00086,-2.88,0.04
-0.00085,-2.88,0.16
-0.00084,-2.88,0.16
-0.00083,-2.8,0.16
-0.00082,-2.88,0.08
-0.00081,-2.88,0.04
-0.0008,-2.8,0.08
-0.00079,-2.8,0.08
-0.00078,-2.88,0.08
-0.00077,-2.88,0.04
-0.00076,-2.88,0.04
-0.00075,-2.96,0.12
-0.00074,-2.88,0.08
-0.00073,-2.8,0.04
-0.00072,-2.88,0.04
-0.00071,-2.88,0.12
-0.0007,-2.8,0.04
-0.00069,-2.96,0.04
-0.00068,-2.96,0.08
-0.00067,-2.88,0.16
-0.00066,-2.8,0.08
-0.00065,-2.96,0
-0.00064,-2.96,0.04
-0.00063,-2.88,0
-0.00062,-2.88,-0.04
-0.00061,-2.96,0.04
-0.0006,-2.96,0.08
-0.00059,-2.88,0
-0.00058,-2.96,0
-0.00057,-2.96,0
-0.00056,-2.88,0.04
-0.00055,-2.88,0
-0.00054,-2.96,0.04
-0.00053,-2.88,0.08
-0.00052,-2.88,0.08
-0.00051,-2.88,0.08
-0.0005,-2.88,0
-0.00049,-2.88,0.04
-0.00048,-2.88,0
-0.00047,-2.96,0.04
-0.00046,-2.96,0.12
-0.00045,-2.8,0.08
-0.00044,-2.88,0.04
-0.00043,-2.96,0.04
-0.00042,-2.88,0.08
-0.00041,-2.88,0.08
-0.0004,-2.8,0.04
-0.00039,-2.88,0
-0.00038,-2.8,0.08
-0.00037,-2.88,0.04
-0.00036,-2.88,0.08
-0.00035,-2.88,0.04
-0.00034,-2.88,0.04
-0.00033,-2.88,0.04
-0.00032,-2.88,0.04
-0.00031,-2.8,0.04
-0.0003,-2.8,0
-0.00029,-2.88,0.04
-0.00028,-2.88,0.12
-0.00027,-2.8,0.08
-0.00026,-2.88,0.08
-0.00025,-2.96,0.12
-0.00024,-2.88,0.08
-0.00023,-2.8,-0.04
-0.00022,-2.88,-0.08
-0.00021,-2.88,0.04
-0.0002,-2.88,0.08
-0.00019,-2.8,0.04
-0.00018,-2.88,0.04
-0.00017,-2.96,0.12
-0.00016,-2.88,0.12
-0.00015,-2.8,0.16
-0.00014,-2.88,0.08
-0.00013,-2.88,0.04
-0.00012,-2.88,0
-0.00011,-2.88,0.04
-0.0001,-2.88,0.08
-9e-005,-2.88,0.04
-8e-005,-2.88,0.04
-7e-005,-2.88,0.08
-6e-005,-2.88,0.04
-5e-005,-2.88,0.08
-4e-005,-2.8,0.12
-3e-005,-2.8,0.08
-2e-005,-2.72,0.08
-1e-005,-2.8,0.08
0,-7.28,-5.4
1e-005,-7.28,4.76
2e-005,-7.28,4.76
3e-005,-7.2,4.76
4e-005,-7.2,4.76
5e-005,-7.2,4.76
6e-005,-7.2,4.76
7e-005,-7.28,4.76
8e-005,-7.2,4.76
9e-005,-7.28,4.76
0.0001,-7.2,4.76
0.00011,-7.2,4.76
0.00012,-7.2,4.76
0.00013,-7.2,4.76
0.00014,-7.2,-2.48
0.00015,-7.28,-1.84
0.00016,-3.68,0.04
0.00017,-2.48,0.84
0.00018,-2.24,0.72
0.00019,-2.4,0.16
0.0002,-2.48,-0.32
0.00021,-2.56,-0.52
0.00022,-2.48,-0.52
0.00023,-2.48,-0.52
0.00024,-2.32,-0.48
0.00025,-2.24,-0.48
0.00026,-2.24,-0.52
0.00027,-2.16,-0.56
0.00028,-2.08,-0.48
0.00029,-2.08,-0.48
0.0003,-2,-0.44
0.00031,-2.08,-0.4
0.00032,-2,-0.4
0.00033,-2,-0.44
0.00034,-1.84,-0.4
0.00035,-1.92,-0.4
0.00036,-1.84,-0.44
0.00037,-1.84,-0.44
0.00038,-1.84,-0.36
0.00039,-1.76,-0.4
0.0004,-1.76,-0.44
0.00041,-1.76,-0.36
0.00042,-1.92,-0.28
0.00043,-1.84,-0.24
0.00044,-1.76,-0.32
0.00045,-1.76,-0.28
0.00046,-1.76,-0.2
0.00047,-1.68,-0.24
0.00048,-1.6,-0.32
0.00049,-1.68,-0.2
0.0005,-1.76,-0.04
0.00051,-1.76,0
0.00052,-1.68,0
0.00053,-1.76,0.04
0.00054,-2.08,-0.32
0.00055,-7.28,-5.4
0.00056,-7.28,4.76
0.00057,-7.28,4.76
0.00058,-7.2,4.76
0.00059,-7.2,4.76
0.0006,-7.2,4.76
0.00061,-7.2,4.76
0.00062,-7.2,4.76
0.00063,-7.2,4.76
0.00064,-7.28,2.36
0.00065,-7.2,2.88
0.00066,-7.28,4.76
0.00067,-7.28,4.76
0.00068,-7.28,4.76
0.00069,-7.28,4.76
0.0007,-7.28,4.68
0.00071,-7.28,4.56
0.00072,-7.2,4.44
0.00073,-7.28,4.44
0.00074,-7.28,4.44
0.00075,-7.28,4.56
0.00076,-7.28,4.52
0.00077,-7.28,4.6
0.00078,-7.28,4.56
0.00079,-7.2,4.52
0.0008,-7.28,4.48
0.00081,-7.2,4.52
0.00082,-7.2,4.52
0.00083,-7.28,4.6
0.00084,-7.2,4.68
0.00085,-7.28,4.64
0.00086,-7.28,4.64
0.00087,-7.2,4.6
0.00088,-7.12,4.64
0.00089,-7.2,4.64
0.0009,-7.12,4.64
0.00091,-7.2,4.72
0.00092,-7.2,4.68
0.00093,-7.12,4.64
0.00094,-7.12,4.64
0.00095,-7.12,4.64
0.00096,-7.12,4.72
0.00097,-6.96,4.72
0.00098,-7.04,4.72
0.00099,-6.88,4.76
0.001,-6.88,4.76
0.00101,-6.96,4.72
0.00102,-6.96,4.76
0.00103,-6.8,4.76
0.00104,-6.72,4.76
0.00105,-6.72,4.76
0.00106,-6.64,4.76
0.00107,-6.64,4.72
0.00108,-6.72,4.76
0.00109,-6.56,4.72
0.0011,-6.64,4.72
0.00111,-6.64,4.76
0.00112,-6.56,4.76
0.00113,-6.56,4.72
0.00114,-6.48,4.76
0.00115,-6.48,4.72
0.00116,-6.48,4.68
0.00117,-6.56,4.72
0.00118,-6.4,4.72
0.00119,-6.48,4.68
0.0012,-6.4,4.72
0.00121,-6.32,4.72
0.00122,-6.32,4.64
0.00123,-6.24,4.6
0.00124,-6.24,4.68
0.00125,-6.24,4.64
0.00126,-6.16,4.68
0.00127,-6.16,4.64
0.00128,-6.16,4.64
0.00129,-6.08,4.52
0.0013,-6.16,4.52
0.00131,-6.08,4.52
0.00132,-6.08,4.52
0.00133,-6.08,4.48
0.00134,-6,4.56
0.00135,-6.08,4.56
0.00136,-6,4.56
0.00137,-5.92,4.52
0.00138,-6,4.52
0.00139,-5.84,4.52
0.0014,-5.92,4.52
0.00141,-5.84,4.48
0.00142,-5.84,4.36
0.00143,-5.76,4.32
0.00144,-5.76,4.28
0.00145,-5.76,4.36
0.00146,-5.68,4.24
0.00147,-5.68,4.2
0.00148,-5.6,4.2
0.00149,-5.68,4.2
0.0015,-5.6,4.16
0.00151,-5.68,4.12
0.00152,-5.52,4.16
0.00153,-5.6,4.12
0.00154,-5.44,4.08
0.00155,-5.52,4.04
0.00156,-5.44,4.08
0.00157,-5.36,4.12
0.00158,-5.52,4.04
0.00159,-5.44,3.92
0.0016,-5.36,3.92
0.00161,-5.36,3.92
0.00162,-5.36,3.92
0.00163,-5.28,3.92
0.00164,-5.28,3.8
0.00165,-5.36,3.76
0.00166,-5.28,3.76
0.00167,-5.12,3.64
0.00168,-5.2,3.6
0.00169,-5.2,3.6
0.0017,-5.2,3.72
0.00171,-5.2,3.64
0.00172,-5.04,3.56
0.00173,-5.12,3.44
0.00174,-5.04,3.4
0.00175,-4.96,3.4
0.00176,-4.96,3.36
0.00177,-4.96,3.32
0.00178,-4.88,3.28
0.00179,-4.96,3.24
0.0018,-4.88,3.28
0.00181,-4.88,3.16
0.00182,-4.8,3.24
0.00183,-4.88,3.24
0.00184,-4.88,3.16
0.00185,-4.8,3.08
0.00186,-4.8,3.12
0.00187,-4.72,3
0.00188,-4.72,3
0.00189,-4.72,3.04
0.0019,-4.72,2.92
0.00191,-4.64,2.88
0.00192,-4.64,2.8
0.00193,-4.64,2.84
0.00194,-4.56,2.76
0.00195,-4.56,2.76
0.00196,-4.64,2.72
0.00197,-4.56,2.64
0.00198,-4.56,2.64
0.00199,-4.48,2.52
0.002,-4.56,2.56
0.00201,-4.48,2.56
0.00202,-4.4,2.52
0.00203,-4.32,2.4
0.00204,-4.4,2.44
0.00205,-4.4,2.4
0.00206,-4.4,2.32
0.00207,-4.48,2.28
0.00208,-4.4,2.24
0.00209,-4.32,2.24
0.0021,-4.24,2.2
0.00211,-4.24,2.16
0.00212,-4.16,2.12
0.00213,-4.16,2.04
0.00214,-4.24,2.08
0.00215,-4.24,2.04
0.00216,-4.16,1.96
0.00217,-4.16,1.88
0.00218,-4.08,1.84
0.00219,-4.16,1.84
0.0022,-4.08,1.88
0.00221,-4.08,1.76
0.00222,-4,1.76
0.00223,-4,1.68
0.00224,-4.08,1.6
0.00225,-4.08,1.64
0.00226,-4,1.64
0.00227,-4,1.6
0.00228,-3.92,1.52
0.00229,-3.92,1.48
0.0023,-3.92,1.48
0.00231,-3.92,1.48
0.00232,-3.92,1.36
0.00233,-3.84,1.4
0.00234,-3.84,1.36
0.00235,-3.84,1.32
0.00236,-3.68,1.36
0.00237,-3.84,1.28
0.00238,-3.76,1.2
0.00239,-3.84,1.2
0.0024,-3.76,1.24
0.00241,-3.84,1.24
0.00242,-3.68,1.2
0.00243,-3.76,1.16
0.00244,-3.76,1.04
0.00245,-3.76,1
0.00246,-3.68,1
0.00247,-3.68,1
0.00248,-3.68,1
0.00249,-3.6,0.96
0.0025,-3.68,0.92
0.00251,-3.68,0.92
0.00252,-3.6,0.88
0.00253,-3.6,0.84
0.00254,-3.52,0.76
0.00255,-3.52,0.72
0.00256,-3.52,0.76
0.00257,-3.6,0.72
0.00258,-3.6,0.68
0.00259,-3.52,0.72
0.0026,-3.52,0.68
0.00261,-3.52,0.72
0.00262,-3.44,0.6
0.00263,-3.52,0.52
0.00264,-3.52,0.52
0.00265,-3.52,0.56
0.00266,-3.52,0.56
0.00267,-3.44,0.52
0.00268,-3.44,0.44
0.00269,-3.44,0.44
0.0027,-3.36,0.48
0.00271,-3.36,0.44
0.00272,-3.36,0.44
0.00273,-3.36,0.44
0.00274,-3.44,0.4
0.00275,-3.44,0.32
0.00276,-3.36,0.36
0.00277,-3.36,0.28
0.00278,-3.36,0.2
0.00279,-3.36,0.24
0.0028,-3.28,0.2
0.00281,-3.2,0.24
0.00282,-3.28,0.24
0.00283,-3.2,0.2
0.00284,-3.28,0.2
0.00285,-3.28,0.2
0.00286,-3.28,0.16
0.00287,-3.28,0.16
0.00288,-3.28,0.12
0.00289,-3.28,0.12
0.0029,-3.2,0.08
0.00291,-3.2,0.08
0.00292,-3.2,0.08
0.00293,-3.2,0
0.00294,-3.2,0.04
0.00295,-3.2,0.08
0.00296,-3.12,0.04
0.00297,-3.2,0.04
0.00298,-3.2,0.04
0.00299,-3.12,0.04
0.003,-3.2,0.04
0.00301,-3.12,-0.04
0.00302,-3.04,-0.04
0.00303,-3.04,0.04
0.00304,-3.12,0.04
0.00305,-3.12,0
0.00306,-3.12,0.04
0.00307,-3.12,-0.04
0.00308,-3.12,-0.08
0.00309,-3.04,0
0.0031,-3.12,0.04
0.00311,-3.04,0.04
0.00312,-3.04,-0.08
0.00313,-3.04,-0.12
0.00314,-2.96,-0.16
0.00315,-3.04,-0.12
0.00316,-3.04,-0.08
0.00317,-2.88,-0.04
0.00318,-2.96,-0.08
0.00319,-3.04,-0.04
0.0032,-3.04,-0.12
0.00321,-2.96,-0.16
0.00322,-2.88,0
0.00323,-2.96,-0.08
0.00324,-3.04,-0.12
0.00325,-2.96,-0.12
0.00326,-2.96,-0.12
0.00327,-3.12,-0.08
0.00328,-3.12,-0.12
0.00329,-3.04,-0.16
0.0033,-2.96,-0.12
0.00331,-2.96,-0.12
0.00332,-2.96,-0.04
0.00333,-2.96,-0.04
0.00334,-2.88,-0.08
0.00335,-2.96,-0.08
0.00336,-2.96,-0.04
0.00337,-2.96,-0.12
0.00338,-2.96,-0.16
0.00339,-2.88,-0.12
0.0034,-2.88,-0.08
0.00341,-2.88,-0.16
0.00342,-2.88,-0.12
0.00343,-2.88,-0.04
0.00344,-2.88,0
0.00345,-2.88,-0.08
0.00346,-2.88,-0.16
0.00347,-2.88,-0.16
0.00348,-2.88,-0.16
0.00349,-2.88,-0.12
0.0035,-2.88,-0.12
0.00351,-2.88,-0.04
0.00352,-2.96,-0.12
0.00353,-2.88,-0.16
0.00354,-2.88,-0.16
0.00355,-2.8,-0.12
0.00356,-2.88,-0.04
0.00357,-2.88,-0.08
0.00358,-2.88,-0.16
0.00359,-2.96,-0.16
0.0036,-2.88,-0.08
0.00361,-2.88,-0.04
0.00362,-2.88,-0.04
0.00363,-2.8,-0.16
0.00364,-2.8,-0.08
0.00365,-2.8,-0.04
0.00366,-2.8,-0.04
0.00367,-2.8,-0.04
0.00368,-2.88,0
0.00369,-2.88,0.08
0.0037,-2.8,0
0.00371,-2.88,-0.04
0.00372,-2.88,-0.08
0.00373,-2.88,0
0.00374,-2.88,0.08
0.00375,-2.88,0.08
0.00376,-2.88,0.04
0.00377,-2.8,0.08
0.00378,-2.8,0.04
0.00379,-2.72,-0.04
0.0038,-2.72,0.04
0.00381,-2.8,0.08
0.00382,-2.88,0.08
0.00383,-2.88,0
0.00384,-2.88,0.04
0.00385,-2.88,0.04
0.00386,-2.8,0.04
0.00387,-2.88,0.12
0.00388,-2.88,0.12
0.00389,-2.88,0.16
0.0039,-2.88,0.12
0.00391,-2.88,0.08
0.00392,-2.88,0.04
0.00393,-2.88,0.16
0.00394,-2.88,0.16
0.00395,-2.8,0.16
0.00396,-2.72,0.16
0.00397,-2.8,0.04
0.00398,-2.8,0.08
0.00399,-2.8,0.08
0.004,-2.88,0.08
0.00401,-2.88,0.12
0.00402,-2.8,0.08
0.00403,-2.88,0.08
0.00404,-2.8,0.16
0.00405,-2.8,0.12
0.00406,-2.88,0.08
0.00407,-2.8,0.12
0.00408,-2.88,0.08
0.00409,-2.88,0.16
0.0041,-2.8,0.16
0.00411,-2.88,0.16
0.00412,-2.88,0.2
0.00413,-2.8,0.16
0.00414,-2.88,0.16
0.00415,-2.88,0.12
0.00416,-2.88,0.16
0.00417,-2.88,0.24
0.00418,-2.8,0.2
0.00419,-2.88,0.2
0.0042,-2.8,0.12
0.00421,-2.88,0.16
0.00422,-2.88,0.2
0.00423,-2.88,0.12
0.00424,-2.88,0.12
0.00425,-2.96,0.16
0.00426,-2.88,0.12
0.00427,-2.88,0.12
0.00428,-2.88,0.16
0.00429,-2.8,0.16
0.0043,-2.88,0.2
0.00431,-2.8,0.2
0.00432,-2.88,0.2
0.00433,-2.96,0.2
0.00434,-2.88,0.2
0.00435,-2.8,0.2
0.00436,-2.88,0.12
0.00437,-2.88,0.16
0.00438,-2.8,0.2
0.00439,-2.88,0.16
0.0044,-2.88,0.16
0.00441,-2.8,0.12
0.00442,-2.88,0.12
0.00443,-2.88,0.12
0.00444,-2.88,0.2
0.00445,-2.88,0.24
0.00446,-2.96,0.28
0.00447,-2.96,0.16
0.00448,-2.88,0.2
0.00449,-2.88,0.16
0.0045,-2.88,0.16
0.00451,-2.88,0.2
0.00452,-2.88,0.16
0.00453,-2.88,0.2
0.00454,-2.88,0.24
0.00455,-2.96,0.28
0.00456,-2.96,0.24
0.00457,-2.88,0.24
0.00458,-2.88,0.24
0.00459,-2.88,0.24
0.0046,-2.88,0.16
0.00461,-2.88,0.16
0.00462,-2.96,0.16
0.00463,-2.88,0.2
0.00464,-2.88,0.2
0.00465,-2.88,0.16
0.00466,-2.88,0.12
0.00467,-2.96,0.16
0.00468,-2.96,0.16
0.00469,-2.96,0.2
0.0047,-2.96,0.24
0.00471,-2.96,0.2
0.00472,-2.96,0.2
0.00473,-2.88,0.2
0.00474,-2.96,0.2
0.00475,-2.96,0.24
0.00476,-2.88,0.2
0.00477,-2.96,0.2
0.00478,-2.96,0.2
0.00479,-2.96,0.2
0.0048,-2.96,0.2
0.00481,-2.96,0.24
0.00482,-2.96,0.32
0.00483,-2.96,0.2
0.00484,-2.96,0.2
0.00485,-2.96,0.16
0.00486,-2.96,0.24
0.00487,-2.88,0.16
0.00488,-2.88,0.16
0.00489,-2.88,0.2
0.0049,-2.96,0.16
0.00491,-2.96,0.24
0.00492,-2.96,0.2
0.00493,-2.96,0.2
0.00494,-2.96,0.16
0.00495,-2.96,0.16
0.00496,-2.96,0.2
0.00497,-2.96,0.2
0.00498,-2.96,0.16
0.00499,-2.88,0.16
0.005,-2.96,0.16
0.00501,-2.96,0.12
0.00502,-2.96,0.2
0.00503,-2.96,0.12
0.00504,-2.88,0.16
0.00505,-2.88,0.16
0.00506,-2.88,0.08
0.00507,-3.04,0.12
0.00508,-2.96,0.08
0.00509,-3.04,0.04
0.0051,-2.96,0.04
0.00511,-2.96,0.12
0.00512,-2.96,0.08
0.00513,-2.96,0.12
0.00514,-2.96,0.2
0.00515,-2.96,0.24
0.00516,-2.96,0.16
0.00517,-3.04,0.2
0.00518,-2.96,0.16
0.00519,-3.04,0.2
0.0052,-3.04,0.16
0.00521,-2.96,0.08
0.00522,-3.04,0.04
0.00523,-3.04,0.12
0.00524,-3.12,0.12
0.00525,-3.04,0.16
0.00526,-2.96,0.08
0.00527,-2.96,0
0.00528,-2.96,0.04
0.00529,-2.96,0.08
0.0053,-3.04,0
0.00531,-2.96,0.04
0.00532,-2.96,0.04
0.00533,-2.88,0.04
0.00534,-2.96,0.08
0.00535,-3.04,0.2
0.00536,-2.96,0.16
0.00537,-2.96,0.16
0.00538,-2.96,0.12
0.00539,-2.88,0.08
0.0054,-2.96,0.12
0.00541,-2.96,0.08
0.00542,-3.04,0.12
0.00543,-2.96,0.12
0.00544,-2.96,0.08
0.00545,-2.88,0.04
0.00546,-2.88,0.08
0.00547,-2.96,0.12
0.00548,-2.96,0.12
0.00549,-2.96,0.08
0.0055,-2.88,0.08
0.00551,-2.96,0.16
0.00552,-2.96,0.04
0.00553,-2.96,0.04
0.00554,-3.04,0.08
0.00555,-2.96,0.12
0.00556,-3.04,0.16
0.00557,-2.88,0.04
0.00558,-2.96,0.08
0.00559,-2.96,0.12
0.0056,-3.04,0.08
0.00561,-3.04,0.08
0.00562,-3.04,0.12
0.00563,-2.96,0.2
0.00564,-2.96,0.16
0.00565,-2.88,0.08
0.00566,-2.88,0.08
0.00567,-2.96,0.04
0.00568,-2.96,0.08
0.00569,-2.96,0.12
0.0057,-2.96,0.24
0.00571,-2.96,0.16
0.00572,-2.96,0.08
0.00573,-2.88,0.04
0.00574,-2.88,0.04
0.00575,-2.96,0.16
0.00576,-2.96,0.16
0.00577,-2.96,0.08
0.00578,-2.88,0.08
0.00579,-2.88,0.12
0.0058,-2.96,0.08
0.00581,-2.88,0.08
0.00582,-2.88,0.08
0.00583,-2.88,0.08
0.00584,-2.96,0.08
0.00585,-2.96,0.12
0.00586,-2.96,0.12
0.00587,-2.96,0.08
0.00588,-2.96,0.08
0.00589,-2.96,0.16
0.0059,-2.96,0.2
0.00591,-2.88,0.12
0.00592,-2.8,0.08
0.00593,-2.96,0.12
0.00594,-2.88,0.08
0.00595,-2.88,0.08
0.00596,-2.88,0.16
0.00597,-2.88,0.12
0.00598,-2.88,0.04
0.00599,-2.88,0.04
0.006,-2.88,0.08
0.00601,-2.8,0.12
0.00602,-2.88,0.16
0.00603,-2.88,0.04
0.00604,-2.88,0.04
0.00605,-2.88,0.08
0.00606,-2.88,0.08
0.00607,-2.88,0.12
0.00608,-2.96,0.2
0.00609,-2.88,0.16
0.0061,-2.88,0.08
0.00611,-2.72,0.04
0.00612,-2.88,0.04
0.00613,-2.8,0.12
0.00614,-2.88,0.08
0.00615,-2.88,0.2
0.00616,-2.96,0.2
0.00617,-2.88,0.16
0.00618,-2.96,0.16
0.00619,-2.88,0.16
0.0062,-2.88,0.12
0.00621,-2.8,0.08
0.00622,-2.8,0.08
0.00623,-2.8,0.12
0.00624,-2.8,0.08
0.00625,-2.88,0.04
0.00626,-2.88,0.16
0.00627,-2.8,0.16
0.00628,-2.88,0.16
0.00629,-2.88,0.24
0.0063,-2.88,0.16
0.00631,-2.88,0.12
0.00632,-2.88,0.08
0.00633,-2.88,0.12
0.00634,-2.88,0.12
0.00635,-2.88,0.2
0.00636,-2.88,0.2
0.00637,-2.8,0.2
0.00638,-2.88,0.24
0.00639,-2.8,0.24
0.0064,-2.88,0.2
0.00641,-2.8,0.16
0.00642,-2.88,0.12
0.00643,-2.8,0.2
0.00644,-2.8,0.16
0.00645,-2.88,0.08
0.00646,-2.88,0.08
0.00647,-2.96,0.16
0.00648,-2.88,0.16
0.00649,-2.72,0.2
0.0065,-2.8,0.12
0.00651,-2.88,0.16
0.00652,-2.8,0.08
0.00653,-2.8,0.16
0.00654,-2.8,0.2
0.00655,-2.8,0.16
0.00656,-2.8,0.12
0.00657,-7.28,-5.4
0.00658,-7.28,4.76
0.00659,-7.28,4.76
0.0066,-7.2,4.76
0.00661,-7.28,4.76
0.00662,-7.2,4.76
0.00663,-7.2,4.76
0.00664,-7.2,4.76
0.00665,-7.28,4.76
0.00666,-7.2,4.76
0.00667,-7.2,4.76
0.00668,-7.2,4.76
0.00669,-7.2,4.76
0.0067,-7.2,4.76
0.00671,-7.2,-0.64
0.00672,-7.2,-1.12
0.00673,-5.84,0.84
0.00674,-4.08,1.8
0.00675,-3.68,1.72
0.00676,-3.92,1.24
0.00677,-4.08,0.8
0.00678,-4.24,0.56
0.00679,-4.16,0.48
0.0068,-4.08,0.44
0.00681,-4.08,0.44
0.00682,-3.92,0.44
0.00683,-3.84,0.4
0.00684,-3.84,0.4
0.00685,-3.76,0.32
0.00686,-3.68,0.24
0.00687,-3.68,0.36
0.00688,-3.6,0.32
0.00689,-3.6,0.24
0.0069,-3.6,0.28
0.00691,-3.52,0.24
0.00692,-3.52,0.28
0.00693,-3.52,0.24
0.00694,-3.44,0.32
0.00695,-3.44,0.36
0.00696,-3.36,0.28
0.00697,-3.36,0.2
0.00698,-3.36,0.28
0.00699,-3.36,0.44
0.007,-3.36,0.36
0.00701,-3.28,0.4
0.00702,-3.28,0.36
0.00703,-3.28,0.4
0.00704,-3.28,0.32
0.00705,-3.28,0.32
0.00706,-3.2,0.32
0.00707,-3.2,0.32
0.00708,-3.28,0.32
0.00709,-3.2,0.32
0.0071,-3.28,0.2
0.00711,-3.2,0.24
0.00712,-3.28,0.32
0.00713,-3.28,0.28
0.00714,-3.2,0.28
0.00715,-3.2,0.32
0.00716,-3.2,0.32
0.00717,-3.2,0.28
0.00718,-3.2,0.28
0.00719,-3.2,0.28
0.0072,-3.12,0.32
0.00721,-3.12,0.32
0.00722,-3.12,0.44
0.00723,-3.12,0.44
0.00724,-3.2,0.4
0.00725,-3.12,0.32
0.00726,-3.12,0.24
0.00727,-3.2,0.2
0.00728,-3.04,0.24
0.00729,-3.12,0.24
0.0073,-3.2,0.24
0.00731,-3.12,0.28
0.00732,-3.2,0.28
0.00733,-3.2,0.32
0.00734,-3.12,0.28
0.00735,-3.12,0.32
0.00736,-3.12,0.36
0.00737,-3.2,0.32
0.00738,-3.2,0.24
0.00739,-3.2,0.28
0.0074,-3.12,0.32
0.00741,-3.2,0.32
0.00742,-3.2,0.24
0.00743,-3.12,0.24
0.00744,-3.12,0.32
0.00745,-3.12,0.24
0.00746,-3.04,0.24
0.00747,-3.12,0.32
0.00748,-3.12,0.32
0.00749,-3.12,0.32
0.0075,-3.12,0.24
0.00751,-3.12,0.24
0.00752,-2.96,0.32
0.00753,-3.12,0.24
0.00754,-3.12,0.4
0.00755,-3.12,0.32
0.00756,-3.12,0.32
0.00757,-3.12,0.24
0.00758,-3.04,0.36
0.00759,-3.12,0.32
0.0076,-3.12,0.24
0.00761,-3.12,0.32
0.00762,-3.04,0.28
0.00763,-3.12,0.24
0.00764,-3.12,0.36
0.00765,-3.12,0.48
0.00766,-3.12,0.36
0.00767,-3.12,0.44
0.00768,-3.12,0.36
0.00769,-3.04,0.36
0.0077,-2.96,0.32
0.00771,-3.04,0.32
0.00772,-3.04,0.28
0.00773,-3.04,0.4
0.00774,-3.12,0.32
0.00775,-3.12,0.28
0.00776,-3.12,0.28
0.00777,-3.12,0.36
0.00778,-3.12,0.4
0.00779,-3.2,0.36
0.0078,-3.04,0.32
0.00781,-3.12,0.36
0.00782,-3.04,0.36
0.00783,-3.04,0.32
0.00784,-3.04,0.32
0.00785,-3.12,0.36
0.00786,-3.04,0.4
0.00787,-3.12,0.36
0.00788,-3.04,0.36
0.00789,-3.12,0.32
0.0079,-3.12,0.32
0.00791,-3.04,0.24
0.00792,-3.04,0.28
0.00793,-3.12,0.28
0.00794,-3.12,0.24
0.00795,-3.12,0.28
0.00796,-3.12,0.32
0.00797,-3.12,0.2
0.00798,-3.12,0.24
0.00799,-3.12,0.2
0.008,-3.12,0.24
0.00801,-3.12,0.28
0.00802,-3.2,0.28
0.00803,-3.12,0.36
0.00804,-3.04,0.32
0.00805,-3.12,0.24
0.00806,-3.12,0.28
0.00807,-3.12,0.32
0.00808,-3.12,0.32
0.00809,-3.2,0.32
0.0081,-3.2,0.32
0.00811,-3.2,0.32
0.00812,-3.2,0.36
0.00813,-3.2,0.28
0.00814,-3.12,0.24
0.00815,-3.12,0.16
0.00816,-3.12,0.16
0.00817,-3.2,0.2
0.00818,-3.2,0.28
0.00819,-3.2,0.2
0.0082,-3.2,0.16
0.00821,-3.04,0.24
0.00822,-3.12,0.24
0.00823,-3.2,0.32
0.00824,-3.12,0.32
0.00825,-3.12,0.24
0.00826,-3.12,0.24
0.00827,-3.12,0.24
0.00828,-3.2,0.2
0.00829,-3.12,0.16
0.0083,-3.12,0.16
0.00831,-3.12,0.28
0.00832,-3.04,0.28
0.00833,-3.04,0.24
0.00834,-3.12,0.2
0.00835,-3.12,0.24
0.00836,-2.96,0.2
0.00837,-3.04,0.24
0.00838,-3.12,0.28
0.00839,-3.12,0.2
0.0084,-3.12,0.24
0.00841,-3.04,0.2
0.00842,-3.12,0.2
0.00843,-3.12,0.24
0.00844,-3.12,0.2
0.00845,-3.04,0.2
0.00846,-3.04,0.2
0.00847,-2.96,0.16
0.00848,-3.04,0.16
0.00849,-3.04,0.24
0.0085,-3.04,0.24
0.00851,-3.04,0.16
0.00852,-3.12,0.24
0.00853,-3.04,0.24
0.00854,-3.04,0.2
0.00855,-3.12,0.2
0.00856,-3.12,0.24
0.00857,-3.04,0.24
0.00858,-3.04,0.2
0.00859,-3.04,0.16
0.0086,-3.04,0.2
0.00861,-3.04,0.24
0.00862,-3.04,0.16
0.00863,-3.2,0.2
0.00864,-3.04,0.24
0.00865,-2.96,0.24
0.00866,-2.96,0.12
0.00867,-3.04,0.12
0.00868,-2.96,0.16
0.00869,-2.96,0.2
0.0087,-2.96,0.2
0.00871,-3.12,0.16
0.00872,-2.96,0.16
0.00873,-2.88,0.16
0.00874,-2.96,0.12
0.00875,-3.04,0.2
0.00876,-2.96,0.24
0.00877,-3.04,0.16
0.00878,-2.96,0.12
0.00879,-3.04,0.04
0.0088,-2.96,0.12
0.00881,-3.04,0.04
0.00882,-2.96,0.04
0.00883,-2.96,0.16
0.00884,-3.04,0.2
0.00885,-3.04,0.16
0.00886,-3.12,0.16
0.00887,-2.96,0.2
0.00888,-3.04,0.16
0.00889,-2.96,0.04
0.0089,-3.04,0.04
0.00891,-3.04,0.12
0.00892,-3.04,0.2
0.00893,-3.04,0.12
0.00894,-3.04,0.16
0.00895,-3.04,0.08
0.00896,-2.96,0.16
0.00897,-2.96,0.16
0.00898,-2.96,0.16
0.00899,-3.04,0.12
0.009,-2.96,0.2
0.00901,-2.96,0.16
0.00902,-2.96,0.2
0.00903,-2.96,0.2
0.00904,-2.88,0.12
0.00905,-3.04,0.08
0.00906,-2.96,0.16
0.00907,-2.96,0.12
0.00908,-3.04,0.16
0.00909,-2.96,0.16
0.0091,-2.96,0.12
0.00911,-2.96,0.16
0.00912,-3.04,0.12
0.00913,-2.96,0.04
0.00914,-2.96,0.04
0.00915,-2.96,0.08
0.00916,-3.04,0.04
0.00917,-2.96,0.08
0.00918,-2.96,0.12
0.00919,-2.88,0.12
0.0092,-2.96,0.12
0.00921,-3.04,0.12
0.00922,-3.04,0.16
0.00923,-3.04,0.08
0.00924,-2.96,0.12
0.00925,-2.96,0.12
0.00926,-2.96,0.08
0.00927,-2.96,0.08
0.00928,-2.96,0.08
0.00929,-2.96,0.08
0.0093,-2.88,0.08
0.00931,-2.96,0.04
0.00932,-2.96,0
0.00933,-3.04,0.08
0.00934,-3.04,0.08
0.00935,-2.96,0.16
0.00936,-2.96,0.04
0.00937,-2.96,0.04
0.00938,-2.96,0.08
0.00939,-2.96,0.08
0.0094,-2.96,0.12
0.00941,-2.96,0.08
0.00942,-3.04,0
0.00943,-3.04,0.08
0.00944,-3.04,0.08
0.00945,-2.96,0.12
0.00946,-2.96,0.12
0.00947,-2.96,0.12
0.00948,-2.96,0.08
0.00949,-3.04,0.04
0.0095,-3.04,0.04
0.00951,-3.12,0.08
0.00952,-3.04,0.08
0.00953,-3.04,0
0.00954,-3.04,0.08
0.00955,-3.04,0.04
0.00956,-3.04,0
0.00957,-3.04,-0.04
0.00958,-2.96,0
0.00959,-3.12,0
0.0096,-2.96,0.04
0.00961,-2.96,0.04
0.00962,-2.96,0.08
0.00963,-2.96,0.08
0.00964,-2.88,0
0.00965,-2.96,-0.04
0.00966,-2.96,0.04
0.00967,-3.04,-0.04
0.00968,-2.96,0.04
0.00969,-2.96,-0.04
0.0097,-3.04,0
0.00971,-2.96,0
0.00972,-2.96,-0.04
0.00973,-2.96,-0.04
0.00974,-2.96,-0.04
0.00975,-2.96,-0.08
0.00976,-3.04,-0.08
0.00977,-2.96,0
0.00978,-2.96,0.12
0.00979,-2.96,0.04
0.0098,-3.04,0.04
0.00981,-3.04,0.04
0.00982,-2.96,0.04
0.00983,-2.88,0
0.00984,-2.96,0
0.00985,-2.96,-0.04
0.00986,-3.04,0.08
0.00987,-2.96,0.08
0.00988,-3.04,0.08
0.00989,-2.96,0.04
0.0099,-2.96,0
0.00991,-2.96,0.04
0.00992,-2.96,0.04
0.00993,-2.96,0
0.00994,-2.96,0.04
0.00995,-2.96,0
0.00996,-2.96,0
0.00997,-2.96,0.08
0.00998,-3.04,-0.04
0.00999,-2.96,-0.12
0.01,-3.04,-0.04
0.01001,-2.96,-0.04
0.01002,-2.96,-0.08
0.01003,-2.96,0
0.01004,-2.96,0
0.01005,-2.96,0
0.01006,-2.96,0.04
0.01007,-2.88,0.04
0.01008,-2.96,0
0.01009,-2.96,0.04
0.0101,-2.96,0
0.01011,-2.88,-0.04
0.01012,-2.88,-0.04
0.01013,-2.96,0.04
0.01014,-2.96,0
0.01015,-2.88,0
0.01016,-2.96,-0.04
0.01017,-2.96,-0.08
0.01018,-2.8,0
0.01019,-2.88,0
0.0102,-2.88,0
0.01021,-2.88,-0.04
0.01022,-2.88,-0.08
0.01023,-2.88,-0.04
0.01024,-2.88,-0.04
0.01025,-2.88,-0.04
0.01026,-2.88,0.04
0.01027,-2.96,0.08
0.01028,-2.88,0.04
0.01029,-2.88,0.08
0.0103,-2.88,0.08
0.01031,-2.88,0.08
0.01032,-2.88,0.08
0.01033,-2.88,0.04
0.01034,-2.8,-0.04
0.01035,-2.88,-0.04
0.01036,-2.88,0
0.01037,-2.8,0.04
0.01038,-2.72,0.04
0.01039,-2.8,0.04
0.0104,-2.8,0.08
0.01041,-2.72,0.04
0.01042,-2.88,0.08
0.01043,-2.8,-0.04
0.01044,-2.8,0
0.01045,-2.72,-0.08
0.01046,-2.72,-0.04
0.01047,-2.72,-0.04
0.01048,-2.8,-0.12
0.01049,-2.8,0
0.0105,-2.72,0.04
0.01051,-2.64,-0.04
0.01052,-2.64,0
0.01053,-2.72,-0.12
0.01054,-2.64,0.04
0.01055,-2.72,0.04
0.01056,-2.64,0
0.01057,-2.64,0
0.01058,-2.72,-0.04
0.01059,-2.72,-0.08
0.0106,-2.64,-0.08
0.01061,-2.64,-0.04
0.01062,-2.64,-0.04
0.01063,-2.56,0.04
0.01064,-2.64,0
0.01065,-2.64,0.04
0.01066,-2.64,0
0.01067,-2.64,0.08
0.01068,-2.56,0.04
0.01069,-2.48,0.04
0.0107,-2.48,0.04
0.01071,-2.48,0.08
0.01072,-2.56,0.12
0.01073,-2.48,0.04
0.01074,-2.56,0.04
0.01075,-2.48,-0.04
0.01076,-2.48,0.04
0.01077,-2.48,0.04
0.01078,-2.4,0
0.01079,-2.4,-0.04
0.0108,-2.48,-0.04
0.01081,-2.48,-0.04
0.01082,-2.4,-0.04
0.01083,-2.4,-0.04
0.01084,-2.48,-0.04
0.01085,-2.4,0.08
0.01086,-2.48,0.12
0.01087,-2.4,0.04
0.01088,-2.4,0.04
0.01089,-2.24,0.04
0.0109,-2.24,0
0.01091,-2.32,0.08
0.01092,-2.32,0.12
0.01093,-2.24,0.04
0.01094,-2.4,-0.04
0.01095,-2.32,0
0.01096,-2.24,0.12
0.01097,-2.16,0.08
0.01098,-2.16,0.04
0.01099,-2.24,0
0.011,-2.32,0.08
0.01101,-2.16,0.04
0.01102,-2.16,0.08
0.01103,-2.08,0.04
0.01104,-2.08,0.04
0.01105,-2.08,0.08
0.01106,-2.16,0
0.01107,-2.16,0
0.01108,-2.16,-0.04
0.01109,-2.16,0
0.0111,-2,0
0.01111,-2,-0.04
0.01112,-2,0
0.01113,-2,-0.04
0.01114,-2,0
0.01115,-1.92,0
0.01116,-1.92,-0.04
0.01117,-1.84,0
0.01118,-1.92,-0.04
0.01119,-1.92,-0.04
0.0112,-2,-0.04
0.01121,-1.92,-0.04
0.01122,-1.92,-0.04
0.01123,-1.84,-0.08
0.01124,-1.84,-0.08
0.01125,-1.92,-0.08
0.01126,-1.92,-0.08
0.01127,-1.84,0.04
0.01128,-1.76,-0.04
0.01129,-1.84,-0.12
0.0113,-1.76,-0.12
0.01131,-1.68,-0.08
0.01132,-1.68,-0.08
0.01133,-1.68,-0.08
0.01134,-1.6,-0.08
0.01135,-1.6,-0.08
0.01136,-1.68,-0.08
0.01137,-1.76,-0.04
0.01138,-1.68,-0.04
0.01139,-1.68,-0.08
0.0114,-1.6,-0.04
0.01141,-1.6,-0.12
0.01142,-1.52,-0.12
0.01143,-1.52,-0.2
0.01144,-1.52,-0.16
0.01145,-1.52,-0.16
0.01146,-1.6,-0.16
0.01147,-1.52,-0.16
0.01148,-1.52,-0.12
0.01149,-1.52,-0.08
0.0115,-1.52,-0.16
0.01151,-1.52,-0.24
0.01152,-1.52,-0.24
0.01153,-1.36,-0.2
0.01154,-1.44,-0.2
0.01155,-1.36,-0.24
0.01156,-1.44,-0.24
0.01157,-1.36,-0.16
0.01158,-1.44,-0.2
0.01159,-1.36,-0.16
0.0116,-1.36,-0.24
0.01161,-1.36,-0.24
0.01162,-1.36,-0.2
0.01163,-1.28,-0.28
0.01164,-1.28,-0.32
0.01165,-1.28,-0.2
0.01166,-1.2,-0.24
0.01167,-1.28,-0.24
0.01168,-1.28,-0.24
0.01169,-1.28,-0.24
0.0117,-1.2,-0.2
0.01171,-1.2,-0.28
0.01172,-1.12,-0.32
0.01173,-1.2,-0.24
0.01174,-1.12,-0.2
0.01175,-1.12,-0.36
0.01176,-1.2,-0.32
0.01177,-1.2,-0.32
0.01178,-1.12,-0.32
0.01179,-1.04,-0.28
0.0118,-1.12,-0.32
0.01181,-1.04,-0.4
0.01182,-1.12,-0.32
0.01183,-1.04,-0.36
0.01184,-1.12,-0.48
0.01185,-1.04,-0.36
0.01186,-1.12,-0.36
0.01187,-1.04,-0.36
0.01188,-0.96,-0.44
0.01189,-1.04,-0.44
0.0119,-1.04,-0.48
0.01191,-1.04,-0.44
0.01192,-1.04,-0.4
0.01193,-0.88,-0.36
0.01194,-0.96,-0.44
0.01195,-0.88,-0.44
0.01196,-0.88,-0.48
0.01197,-0.96,-0.48
0.01198,-0.88,-0.52
0.01199,-1.04,-0.52
0.012,-0.96,-0.44
0.01201,-0.96,-0.44
0.01202,-0.96,-0.52
0.01203,-0.88,-0.56
0.01204,-0.88,-0.56
0.01205,-0.88,-0.56
0.01206,-0.88,-0.48
0.01207,-0.88,-0.6
0.01208,-0.88,-0.6
0.01209,-1.04,-0.64
0.0121,-0.96,-0.68
0.01211,-0.88,-0.6
0.01212,-0.88,-0.56
0.01213,-0.88,-0.6
0.01214,-0.88,-0.6
0.01215,-0.88,-0.6
0.01216,-0.88,-0.76
0.01217,-0.88,-0.72
0.01218,-0.88,-0.68
0.01219,-0.88,-0.72
0.0122,-0.88,-0.68
0.01221,-0.88,-0.68
0.01222,-0.88,-0.6
0.01223,-0.8,-0.64
0.01224,-0.8,-0.64
0.01225,-0.88,-0.64
0.01226,-0.88,-0.68
0.01227,-0.88,-0.72
0.01228,-0.88,-0.76
0.01229,-0.88,-0.76
0.0123,-0.88,-0.76
0.01231,-0.88,-0.76
0.01232,-0.88,-0.8
0.01233,-0.96,-0.8
0.01234,-0.88,-0.8
0.01235,-0.88,-0.84
0.01236,-0.88,-0.8
0.01237,-0.96,-0.84
0.01238,-0.88,-0.76
0.01239,-0.88,-0.76
0.0124,-0.88,-0.76
0.01241,-0.88,-0.8
0.01242,-0.96,-0.8
0.01243,-0.88,-0.84
0.01244,-0.96,-0.84
0.01245,-0.96,-0.84
0.01246,-0.96,-0.92
0.01247,-1.04,-0.88
0.01248,-0.96,-0.88
0.01249,-0.96,-0.84
0.0125,-0.88,-0.84
0.01251,-0.88,-0.88
0.01252,-0.96,-0.92
0.01253,-0.96,-0.88
0.01254,-1.04,-0.92
0.01255,-0.96,-0.92
0.01256,-0.96,-0.96
0.01257,-1.04,-0.96
0.01258,-1.04,-0.92
0.01259,-1.04,-0.96
0.0126,-1.04,-0.96
0.01261,-1.04,-1
0.01262,-1.04,-1
0.01263,-1.04,-1
0.01264,-1.04,-0.96
0.01265,-1.04,-0.92
0.01266,-1.04,-0.92
0.01267,-1.12,-0.96
0.01268,-1.12,-1
0.01269,-1.12,-1.08
0.0127,-1.12,-1
0.01271,-1.12,-1
0.01272,-1.12,-1.04
0.01273,-1.12,-1
0.01274,-1.12,-1.04
0.01275,-1.12,-1.04
0.01276,-1.2,-1
0.01277,-1.12,-1.04
0.01278,-1.28,-1
0.01279,-1.28,-1.04
0.0128,-1.28,-1.12
0.01281,-1.36,-1.12
0.01282,-1.28,-1.04
0.01283,-1.36,-1
0.01284,-1.28,-1
0.01285,-1.28,-1.08
0.01286,-1.28,-1.08
0.01287,-1.28,-1.04
0.01288,-1.28,-1
0.01289,-1.36,-1.04
0.0129,-1.36,-1.08
0.01291,-1.44,-1.12
0.01292,-1.36,-1.12
0.01293,-1.44,-1.08
0.01294,-1.52,-1.04
0.01295,-1.44,-1.04
0.01296,-1.36,-0.92
0.01297,-1.36,-1
0.01298,-1.52,-1.08
0.01299,-1.52,-1.16
0.013,-1.52,-1.12
0.01301,-1.52,-1.08
0.01302,-1.52,-1.12
0.01303,-1.6,-1.08
0.01304,-1.52,-1.08
0.01305,-1.6,-1.08
0.01306,-1.68,-1.08
0.01307,-1.6,-1.08
0.01308,-1.52,-1.08
0.01309,-1.52,-1.04
0.0131,-1.6,-1.08
0.01311,-1.6,-1.04
0.01312,-1.6,-1.04
0.01313,-1.68,-1
0.01314,-1.76,-1
0.01315,-1.76,-1
0.01316,-1.76,-1.12
0.01317,-1.76,-1.08
0.01318,-1.76,-1.08
0.01319,-1.84,-1.04
0.0132,-1.84,-1.04
0.01321,-1.84,-1.08
0.01322,-1.84,-1
0.01323,-1.84,-1.04
0.01324,-1.92,-1.08
0.01325,-1.92,-1
0.01326,-1.92,-1.04
0.01327,-1.92,-1
0.01328,-1.92,-1
0.01329,-2,-0.92
0.0133,-1.92,-0.96
0.01331,-2,-1
0.01332,-2,-1.08
0.01333,-2,-1.08
0.01334,-2,-1
0.01335,-2,-0.92
0.01336,-2.08,-1
0.01337,-2.08,-1.04
0.01338,-2.16,-1
0.01339,-2.16,-1
0.0134,-2.08,-1.04
0.01341,-2,-1.04
0.01342,-2.08,-0.92
0.01343,-2.16,-0.96
0.01344,-2.16,-1
0.01345,-2.16,-1
0.01346,-2.16,-1
0.01347,-2.16,-0.96
0.01348,-2.16,-0.96
0.01349,-2.16,-0.92
0.0135,-2.16,-0.96
0.01351,-2.16,-1.04
0.01352,-2.24,-0.92
0.01353,-2.24,-0.92
0.01354,-2.24,-0.92
0.01355,-2.24,-1
0.01356,-2.32,-0.92
0.01357,-2.4,-0.84
0.01358,-2.4,-0.8
0.01359,-2.48,-0.88
0.0136,-2.4,-0.84
0.01361,-2.4,-0.8
0.01362,-2.4,-0.84
0.01363,-2.4,-0.84
0.01364,-2.4,-0.84
0.01365,-2.32,-0.84
0.01366,-2.4,-0.8
0.01367,-2.4,-0.88
0.01368,-2.48,-0.84
0.01369,-2.48,-0.8
0.0137,-2.4,-0.84
0.01371,-2.48,-0.8
0.01372,-2.48,-0.8
0.01373,-2.56,-0.76
0.01374,-2.48,-0.72
0.01375,-2.4,-0.76
0.01376,-2.48,-0.8
0.01377,-2.48,-0.8
0.01378,-2.48,-0.8
0.01379,-2.56,-0.72
0.0138,-2.56,-0.76
0.01381,-2.64,-0.76
0.01382,-2.56,-0.72
0.01383,-2.64,-0.72
0.01384,-2.64,-0.76
0.01385,-2.64,-0.76
0.01386,-2.64,-0.76
0.01387,-2.64,-0.72
0.01388,-2.64,-0.56
0.01389,-2.64,-0.6
0.0139,-2.64,-0.64
0.01391,-2.64,-0.64
0.01392,-2.64,-0.72
0.01393,-2.64,-0.68
0.01394,-2.64,-0.6
0.01395,-2.64,-0.56
0.01396,-2.72,-0.64
0.01397,-2.72,-0.6
0.01398,-2.72,-0.56
0.01399,-2.72,-0.6
0.014,-2.72,-0.64
0.01401,-2.8,-0.6
0.01402,-2.8,-0.56
0.01403,-2.72,-0.6
0.01404,-2.8,-0.56
0.01405,-2.72,-0.56
0.01406,-2.72,-0.52
0.01407,-2.8,-0.52
0.01408,-2.72,-0.48
0.01409,-2.72,-0.56
0.0141,-2.72,-0.6
0.01411,-2.8,-0.56
0.01412,-2.72,-0.56
0.01413,-2.88,-0.44
0.01414,-2.88,-0.48
0.01415,-2.88,-0.48
0.01416,-2.88,-0.44
0.01417,-2.72,-0.44
0.01418,-2.88,-0.44
0.01419,-2.8,-0.44
0.0142,-2.88,-0.48
0.01421,-2.88,-0.4
0.01422,-2.72,-0.32
0.01423,-2.8,-0.4
0.01424,-2.88,-0.36
0.01425,-2.88,-0.36
0.01426,-2.88,-0.44
0.01427,-2.88,-0.4
0.01428,-2.88,-0.4
0.01429,-2.88,-0.36
0.0143,-2.88,-0.4
0.01431,-2.96,-0.36
0.01432,-2.88,-0.4
0.01433,-2.88,-0.4
0.01434,-2.88,-0.32
0.01435,-2.88,-0.4
0.01436,-2.88,-0.36
0.01437,-2.88,-0.32
0.01438,-2.96,-0.32
0.01439,-2.88,-0.32
0.0144,-2.96,-0.32
0.01441,-2.88,-0.24
0.01442,-2.88,-0.28
0.01443,-2.96,-0.28
0.01444,-2.96,-0.16
0.01445,-2.88,-0.2
0.01446,-2.96,-0.24
0.01447,-2.96,-0.28
0.01448,-2.88,-0.24
0.01449,-2.96,-0.2
0.0145,-2.88,-0.24
0.01451,-2.96,-0.16
0.01452,-2.88,-0.16
0.01453,-2.88,-0.16
0.01454,-2.96,-0.2
0.01455,-2.96,-0.16
0.01456,-2.96,-0.24
0.01457,-2.96,-0.2
0.01458,-2.96,-0.16
0.01459,-2.88,-0.16
0.0146,-2.96,-0.16
0.01461,-2.96,-0.16
0.01462,-2.96,-0.16
0.01463,-2.96,-0.12
0.01464,-2.96,-0.16
0.01465,-2.96,-0.16
0.01466,-2.96,-0.12
0.01467,-2.96,-0.16
0.01468,-3.04,-0.08
0.01469,-3.04,-0.12
0.0147,-2.96,-0.04
0.01471,-2.96,-0.08
0.01472,-2.96,-0.16
0.01473,-2.96,-0.16
0.01474,-2.96,-0.12
0.01475,-2.96,-0.16
0.01476,-2.96,-0.12
0.01477,-2.96,-0.12
0.01478,-2.96,-0.12
0.01479,-2.96,-0.12
0.0148,-2.96,-0.12
0.01481,-2.96,-0.12
0.01482,-2.96,-0.08
0.01483,-2.96,-0.08
0.01484,-2.96,-0.04
0.01485,-2.96,-0.08
0.01486,-2.88,-0.08
0.01487,-2.88,-0.04
0.01488,-2.88,0
0.01489,-2.96,0
0.0149,-2.96,0.04
0.01491,-2.96,-0.04
0.01492,-2.88,-0.04
0.01493,-2.96,-0.04
0.01494,-2.96,-0.08
0.01495,-3.04,-0.08
0.01496,-2.96,-0.04
0.01497,-3.04,-0.04
0.01498,-2.96,-0.04
0.01499,-3.04,0.04
0.015,-2.96,0.04
0.01501,-3.04,0
0.01502,-3.04,0
0.01503,-2.96,0.04
0.01504,-2.88,0
0.01505,-2.88,-0.04
0.01506,-2.96,-0.04
0.01507,-2.96,0.04
0.01508,-2.96,0
0.01509,-2.96,0.04
0.0151,-3.04,0.04
0.01511,-3.04,-0.04
0.01512,-2.96,0.04
0.01513,-2.88,0.04
0.01514,-2.96,0.04
0.01515,-2.88,0.04
0.01516,-2.88,0
0.01517,-2.88,0.04
0.01518,-2.88,0.12
0.01519,-2.88,0.12
0.0152,-2.96,0.08
0.01521,-2.88,0.08
0.01522,-2.88,0.08
0.01523,-2.88,0.04
0.01524,-2.96,0.04
0.01525,-2.96,0.12
0.01526,-2.88,0.08
0.01527,-2.96,0
0.01528,-2.96,0
0.01529,-2.96,0.08
0.0153,-2.96,0.08
0.01531,-2.96,0.08
0.01532,-2.96,0.12
0.01533,-2.88,0.08
0.01534,-2.96,0.04
0.01535,-2.88,0.04
0.01536,-2.88,0.04
0.01537,-2.8,0.04
0.01538,-2.88,0.04
0.01539,-2.88,0.12
0.0154,-2.88,0.08
0.01541,-2.88,0.08
0.01542,-2.88,0.12
0.01543,-2.88,0.04
0.01544,-2.88,0.08
0.01545,-2.88,0.12
0.01546,-2.96,0.04
0.01547,-2.96,0.08
0.01548,-2.88,0
0.01549,-2.88,0
0.0155,-2.88,0.04
0.01551,-2.88,0
0.01552,-2.96,0.04
0.01553,-2.96,0.12
0.01554,-2.88,0.08
0.01555,-2.96,0
0.01556,-2.88,0.04
0.01557,-2.88,0.2
0.01558,-2.8,0.16
0.01559,-2.88,0.08
0.0156,-2.88,0.04
0.01561,-2.88,0
0.01562,-2.88,0.04
0.01563,-2.88,0.08
0.01564,-2.88,0.08
0.01565,-2.96,0.08
0.01566,-2.88,0.08
0.01567,-2.96,0.08
0.01568,-2.88,0.04
0.01569,-2.88,-0.04
0.0157,-2.96,0.04
0.01571,-2.88,0.12
0.01572,-2.88,0.12
0.01573,-2.88,0.08
0.01574,-2.88,0.16
0.01575,-2.88,0.16
0.01576,-2.88,0.12
0.01577,-2.88,0.04
0.01578,-2.96,0.08
0.01579,-2.88,0.08
0.0158,-2.88,-0.04
0.01581,-2.88,-0.04
0.01582,-2.96,0.08
0.01583,-2.88,0.16
0.01584,-2.96,0.12
0.01585,-2.88,0.2
0.01586,-2.88,0.16
0.01587,-2.88,0.12
0.01588,-2.96,0.04
0.01589,-2.8,0.08
0.0159,-2.88,0.08
0.01591,-2.88,0.08
0.01592,-2.96,0.12
0.01593,-2.96,0.12
0.01594,-2.88,0.08
0.01595,-2.88,0.04
0.01596,-2.88,0.12
0.01597,-2.88,0.08
0.01598,-2.88,0
0.01599,-2.88,0.04
0.016,-2.88,0.08
0.01601,-2.8,0.12
0.01602,-2.88,0.04
0.01603,-2.88,0.08
0.01604,-2.96,0.04
0.01605,-2.88,0.04
0.01606,-2.88,-0.04
0.01607,-2.8,0.08
0.01608,-2.88,0.12
0.01609,-2.88,0.12
0.0161,-2.88,0.12
0.01611,-2.88,0.08
0.01612,-2.88,0.04
0.01613,-2.88,0.04
0.01614,-2.88,0.12
0.01615,-2.88,0.08
0.01616,-2.8,0.04
0.01617,-2.88,0.08
0.01618,-2.88,0.04
0.01619,-2.88,0.04
0.0162,-2.88,0.08
0.01621,-2.96,0.16
0.01622,-2.88,0.08
0.01623,-2.88,0.08
0.01624,-2.88,0.16
0.01625,-2.88,0.08
0.01626,-2.88,0.08
0.01627,-2.88,0.04
0.01628,-2.96,0.04
0.01629,-2.88,0.04
0.0163,-2.88,0.08
0.01631,-2.88,0.08
0.01632,-2.96,0.04
0.01633,-2.96,0.08
0.01634,-2.96,0.04
0.01635,-2.8,0.04
0.01636,-2.88,-0.04
0.01637,-2.88,0
0.01638,-2.88,0.12
0.01639,-2.88,0.12
0.0164,-2.88,0.08
0.01641,-2.88,0.08
0.01642,-2.96,0.04
0.01643,-2.88,0.08
0.01644,-2.96,-0.04
0.01645,-2.96,-0.04
0.01646,-2.96,0
0.01647,-2.88,-0.04
0.01648,-2.88,0
0.01649,-2.88,0.08
0.0165,-2.8,0.04
0.01651,-2.96,0
0.01652,-2.96,0.04
0.01653,-2.88,0.04
0.01654,-2.88,0.08
0.01655,-2.96,0.04
0.01656,-2.96,0.04
0.01657,-2.96,0.08
0.01658,-2.96,0.04
0.01659,-2.88,0.12
0.0166,-2.88,0.12
0.01661,-2.88,0.08
0.01662,-2.88,0.16
0.01663,-2.88,0.16
0.01664,-2.88,0
0.01665,-2.8,0
0.01666,-2.8,-0.04
0.01667,-2.8,0.08
0.01668,-2.88,0.16
0.01669,-2.88,0.12
0.0167,-2.96,0.04
0.01671,-2.8,0
0.01672,-2.8,0
0.01673,-2.88,0.04
0.01674,-2.88,0.08
0.01675,-2.88,0.08
0.01676,-2.96,0.08
0.01677,-2.96,0
0.01678,-2.96,0
0.01679,-2.96,0.04
0.0168,-2.88,0
0.01681,-2.88,0
0.01682,-2.88,0.08
0.01683,-2.96,0.04
0.01684,-2.88,0.04
0.01685,-2.96,0.04
0.01686,-2.96,0
0.01687,-2.88,0.04
0.01688,-2.88,0
0.01689,-2.88,0.08
0.0169,-2.88,0.12
0.01691,-2.88,0.04
0.01692,-2.88,0.04
0.01693,-2.88,0.08
0.01694,-2.96,0.08
0.01695,-2.88,0.12
0.01696,-2.96,0.08
0.01697,-2.88,0.12
0.01698,-2.96,0.04
0.01699,-2.88,0.08
0.017,-2.88,0.04
0.01701,-2.88,0.08
0.01702,-2.88,0.04
0.01703,-2.88,0.08
0.01704,-2.88,0.12
0.01705,-2.88,0.12
0.01706,-2.96,0.08
0.01707,-2.88,0.04
0.01708,-2.88,0.08
0.01709,-2.88,0.16
0.0171,-2.88,0.12
0.01711,-2.88,0.12
0.01712,-2.96,0
0.01713,-2.96,0.08
0.01714,-2.88,0.04
0.01715,-2.8,0.08
0.01716,-2.96,0.04
0.01717,-2.96,0.08
0.01718,-2.96,0.08
0.01719,-2.88,0.04
0.0172,-2.88,0.08
0.01721,-2.88,0.04
0.01722,-2.96,-0.04
0.01723,-2.96,0
0.01724,-2.88,0.08
0.01725,-2.96,0.04
0.01726,-2.96,-0.04
0.01727,-2.96,0.04
0.01728,-2.88,-0.04
0.01729,-2.88,0.08
0.0173,-2.88,0.12
0.01731,-2.96,0.04
0.01732,-3.04,0.08
0.01733,-2.96,0.12
0.01734,-2.96,0.16
0.01735,-2.96,0.08
0.01736,-2.8,0.08
0.01737,-2.88,0.12
0.01738,-2.88,0.04
0.01739,-2.96,0.04
0.0174,-2.96,0.08
0.01741,-2.96,0.04
0.01742,-2.8,0.08
0.01743,-2.88,0.08
0.01744,-2.8,0.08
0.01745,-2.88,0.04
0.01746,-2.88,0.08
0.01747,-2.88,0
0.01748,-2.88,0.04
0.01749,-2.88,0.04
0.0175,-2.8,0.04
0.01751,-2.88,0.12
0.01752,-2.88,0.08
0.01753,-2.88,0.12
0.01754,-2.88,-0.04
0.01755,-2.88,0.04
0.01756,-2.88,0.08
0.01757,-2.88,0.08
0.01758,-2.88,0.08
0.01759,-2.88,0.12
0.0176,-2.88,0.04
0.01761,-2.96,0.08
0.01762,-2.88,0.04
0.01763,-2.96,0.08
0.01764,-2.88,0.08
0.01765,-2.96,0.08
0.01766,-2.88,0.04
0.01767,-2.88,0
0.01768,-2.88,0.08
0.01769,-2.96,0.08
0.0177,-2.96,0.04
0.01771,-2.88,0.04
0.01772,-2.88,0.08
0.01773,-2.96,0.04
0.01774,-2.88,0.12
0.01775,-2.88,0.04
0.01776,-2.88,0.08
0.01777,-2.88,0.08
0.01778,-2.88,0.08
0.01779,-2.88,0.08
0.0178,-2.88,-0.04
0.01781,-2.88,0.04
0.01782,-2.88,0.04
0.01783,-2.8,0.12
0.01784,-2.8,0.08
0.01785,-2.8,0.12
0.01786,-2.88,0.08
0.01787,-2.88,0.04
0.01788,-2.88,0
0.01789,-2.88,0.08
0.0179,-2.96,0.12
0.01791,-2.96,0.08
0.01792,-2.96,0.04
0.01793,-2.88,0.08
0.01794,-2.88,0.08
0.01795,-2.88,0.04
0.01796,-2.8,0
0.01797,-2.88,0.04
0.01798,-2.96,0.04
0.01799,-2.88,-0.04
0.018,-2.88,0
0.01801,-2.8,-0.04
0.01802,-2.88,0.04
0.01803,-2.88,0.08
0.01804,-2.88,0
0.01805,-2.88,-0.04
0.01806,-2.88,0
0.01807,-2.8,0.04
0.01808,-2.88,0.04
0.01809,-2.88,0
0.0181,-2.88,0.04
0.01811,-2.88,-0.04
0.01812,-2.88,0.04
0.01813,-2.96,-0.08
0.01814,-2.88,0.04
0.01815,-2.88,0.04
0.01816,-2.88,0.08
0.01817,-2.88,0.08
0.01818,-2.88,0.04
0.01819,-2.96,0.04
0.0182,-2.96,0
0.01821,-2.88,0.08
0.01822,-2.88,0
0.01823,-2.88,0.04
0.01824,-2.88,0
0.01825,-2.96,0
0.01826,-2.96,0
0.01827,-2.88,0.04
0.01828,-2.88,0.08
0.01829,-2.88,0.08
0.0183,-2.88,0
0.01831,-2.88,-0.04
0.01832,-2.8,0.04
0.01833,-2.88,0.08
0.01834,-2.88,0
0.01835,-2.88,-0.04
0.01836,-2.88,0.04
0.01837,-2.88,0.08
0.01838,-2.88,0.08
0.01839,-2.88,0.08
0.0184,-2.96,0.08
0.01841,-2.88,0.04
0.01842,-2.88,0.04
0.01843,-2.8,0.08
0.01844,-2.88,0.08
0.01845,-2.88,0.08
0.01846,-2.96,0.08
0.01847,-2.96,0.16
0.01848,-2.96,0.08
0.01849,-2.88,0.08
0.0185,-2.88,0.04
0.01851,-2.88,0.04
0.01852,-2.88,0.04
0.01853,-2.88,0.04
0.01854,-2.88,0.04
0.01855,-2.88,0.12
0.01856,-2.88,0.04
0.01857,-2.88,-0.04
0.01858,-2.88,-0.04
0.01859,-2.88,0
0.0186,-2.88,0.08
0.01861,-2.96,0.04
0.01862,-2.88,0.04
0.01863,-2.88,0.08
0.01864,-2.88,0.12
0.01865,-2.96,0.04
0.01866,-2.96,0.08
0.01867,-2.96,0.04
0.01868,-2.88,0.08
0.01869,-2.88,0.04
0.0187,-2.96,0.04
0.01871,-2.88,0.08
0.01872,-2.88,0.08
0.01873,-2.88,0.12
0.01874,-2.88,0.08
0.01875,-2.88,0.08
0.01876,-2.88,0.12
0.01877,-2.8,0.08
0.01878,-2.96,0.08
0.01879,-2.88,0.08
0.0188,-2.88,0.04
0.01881,-2.88,0.04
0.01882,-2.8,0.08
0.01883,-2.8,0.12
0.01884,-2.88,0.08
0.01885,-2.88,0.04
0.01886,-2.88,0.08
0.01887,-2.88,0.08
0.01888,-2.96,0
0.01889,-2.88,0
0.0189,-2.88,0.12
0.01891,-2.88,0.16
0.01892,-2.88,0.12
0.01893,-2.88,0.08
0.01894,-2.88,0.04
0.01895,-2.96,0.04
0.01896,-2.88,0
0.01897,-2.88,0.04
0.01898,-2.88,0.04
0.01899,-2.88,0.12
0.019,-2.96,0.2
0.01901,-2.88,0.16
0.01902,-2.8,0.08
0.01903,-2.8,0.04
0.01904,-2.96,0.08
0.01905,-2.96,0.12
0.01906,-2.88,0.12
0.01907,-2.88,0.08
0.01908,-2.88,0.08
0.01909,-2.88,0.04
0.0191,-2.88,0.12
0.01911,-2.96,0.12
0.01912,-2.96,0
0.01913,-2.88,0
0.01914,-2.88,0.08
0.01915,-2.88,0.08
0.01916,-2.88,0.12
0.01917,-2.8,0.12
0.01918,-2.88,0.08
0.01919,-2.88,0.08
0.0192,-2.88,0.16
0.01921,-2.88,0.16
0.01922,-2.8,0.12
0.01923,-2.88,0.12
0.01924,-2.88,0.08
0.01925,-2.88,0.08
0.01926,-2.88,0.08
0.01927,-2.8,0.08
0.01928,-2.88,0.04
0.01929,-2.8,0.08
0.0193,-2.8,0.08
0.01931,-2.88,0.04
0.01932,-2.96,0.04
0.01933,-2.88,0.08
0.01934,-2.88,0.12
0.01935,-2.88,0.08
0.01936,-2.8,0.12
0.01937,-2.88,0.08
0.01938,-2.88,0.04
0.01939,-2.96,0.04
0.0194,-2.88,0.12
0.01941,-2.88,0.08
0.01942,-2.88,0.04
0.01943,-2.96,0.08
0.01944,-2.96,0.08
0.01945,-2.88,0.08
0.01946,-2.88,0.04
0.01947,-2.96,0.08
0.01948,-2.96,0.16
0.01949,-2.88,0.08
0.0195,-2.88,0.08
0.01951,-2.88,0.12
0.01952,-2.88,0.12
0.01953,-2.88,0.08
0.01954,-2.88,0.16
0.01955,-2.96,0.08
0.01956,-2.96,0.12
0.01957,-2.88,0.12
0.01958,-2.8,0.08
0.01959,-2.8,0.12
0.0196,-2.8,0.12
0.01961,-2.88,0.12
0.01962,-2.88,0.04
0.01963,-2.8,0.04
0.01964,-2.88,0.08
0.01965,-2.88,0.04
0.01966,-2.96,0.16
0.01967,-2.88,0.08
0.01968,-2.96,0.08
0.01969,-2.88,0.04
0.0197,-2.88,0.04
0.01971,-2.88,0.04
0.01972,-2.88,0.08
0.01973,-2.96,0.08
0.01974,-2.88,0.08
0.01975,-2.88,0.08
0.01976,-2.8,0.08
0.01977,-2.88,0.04
0.01978,-2.96,0.04
0.01979,-2.96,0.08
0.0198,-2.88,0.08
0.01981,-2.96,0
0.01982,-2.88,0.08
0.01983,-2.88,0.08
0.01984,-2.88,0.04
0.01985,-2.88,0.08
0.01986,-2.88,0.08
0.01987,-2.96,0.08
0.01988,-2.88,0.08
0.01989,-2.88,0.08
0.0199,-2.8,0.12
0.01991,-2.88,0.04
0.01992,-2.88,0
0.01993,-2.96,0.16
0.01994,-2.96,0.12
0.01995,-2.88,0.12
0.01996,-2.88,0.12
0.01997,-2.88,0.08
0.01998,-2.88,0.04
0.01999,-2.96,0.12
0.02,-2.88,0.16
0.02001,-2.88,0.08
0.02002,-2.88,0.08
0.02003,-2.88,0.04
0.02004,-2.88,0.04
0.02005,-2.88,0
0.02006,-2.88,-0.04
0.02007,-2.88,0
0.02008,-2.88,0
0.02009,-2.88,0.08
0.0201,-2.88,0.12
0.02011,-2.96,0.16
0.02012,-2.96,0.2
0.02013,-2.88,0.16
0.02014,-2.88,0.08
0.02015,-2.96,0.04
0.02016,-2.88,0.04
0.02017,-2.96,0.04
0.02018,-2.88,0.04
0.02019,-2.96,0.08
0.0202,-2.88,0.12
0.02021,-2.88,0.08
0.02022,-2.96,0.08
0.02023,-2.88,0.04
0.02024,-2.96,0.04
0.02025,-2.88,0.04
0.02026,-2.96,0.04
0.02027,-2.96,0.08
0.02028,-2.96,0.12
0.02029,-2.88,0.08
0.0203,-2.88,0
0.02031,-2.8,0.04
0.02032,-2.88,0
0.02033,-2.88,0.16
0.02034,-2.96,0.08
0.02035,-2.88,0.12
0.02036,-2.96,0.12
0.02037,-2.88,0.04
0.02038,-2.88,0.04
0.02039,-2.88,0
0.0204,-2.88,0.08
0.02041,-2.88,0.08
0.02042,-2.88,0
0.02043,-2.88,0.04
0.02044,-2.96,0.12
0.02045,-2.96,0.04
0.02046,-2.88,0.08
0.02047,-2.88,0.12
0.02048,-2.88,0.16
0.02049,-2.96,0.08
0.0205,-2.96,0.04
0.02051,-2.96,0.12
0.02052,-2.96,0.16
0.02053,-2.88,0.12
0.02054,-2.96,0.08
0.02055,-2.88,0.08
0.02056,-2.88,0.12
0.02057,-2.88,0.08
0.02058,-2.88,0.04
0.02059,-2.88,0.04
0.0206,-2.88,0.08
0.02061,-2.88,0.12
0.02062,-2.88,0.12
0.02063,-2.8,0.08
0.02064,-2.88,0.12
0.02065,-2.96,0.08
0.02066,-2.88,0.12
0.02067,-2.88,0.12
0.02068,-2.96,0.12
0.02069,-2.96,0.2
0.0207,-2.88,0.16
0.02071,-2.88,0.16
0.02072,-2.88,0.12
0.02073,-2.96,0.04
0.02074,-2.88,0.12
0.02075,-2.96,0.08
0.02076,-2.96,0.12
0.02077,-2.88,0.16
0.02078,-2.88,0.12
0.02079,-2.96,0.04
0.0208,-2.96,0.08
0.02081,-2.96,0.08
0.02082,-2.88,0.16
0.02083,-2.96,0.12
0.02084,-2.88,0.16
0.02085,-2.88,0.12
0.02086,-2.88,0.08
0.02087,-2.88,0.12
0.02088,-2.96,0.04
0.02089,-2.88,0.04
0.0209,-2.88,0.12
0.02091,-2.8,0.04
0.02092,-2.88,0.04
0.02093,-2.88,0.04
0.02094,-2.88,0.04
0.02095,-2.88,0.08
0.02096,-2.88,0.08
0.02097,-2.96,0.16
0.02098,-2.88,0.12
0.02099,-2.96,0.04
0.021,-2.88,0.16
0.02101,-2.88,0.08
0.02102,-2.96,0.16
0.02103,-2.88,0.12
0.02104,-2.88,0.08
0.02105,-2.96,0.08
0.02106,-2.96,0.04
0.02107,-2.96,-0.04
0.02108,-2.96,0.08
0.02109,-2.96,0.04
0.0211,-2.96,0.04
0.02111,-2.88,0.04
0.02112,-2.96,0.16
0.02113,-2.96,0.16
0.02114,-2.96,0.04
0.02115,-2.88,0
0.02116,-2.88,0.04
0.02117,-2.88,0.08
0.02118,-2.96,0.08
0.02119,-2.88,0.08
0.0212,-2.88,0.08
0.02121,-2.96,0.08
0.02122,-2.88,0.16
0.02123,-2.88,0.08
0.02124,-2.88,0.04
0.02125,-2.88,0
0.02126,-2.96,0.04
0.02127,-2.96,0.08
0.02128,-2.96,0.08
0.02129,-2.96,0.04
0.0213,-2.96,0.08
0.02131,-2.96,0
0.02132,-2.88,0.04
0.02133,-2.88,0.04
0.02134,-2.88,0.04
0.02135,-2.96,0.12
0.02136,-2.88,0.08
0.02137,-2.96,0.12
0.02138,-2.88,0.16
0.02139,-2.96,0.04
0.0214,-2.96,0.08
0.02141,-2.96,0.12
0.02142,-2.96,0.04
0.02143,-2.96,0.04
0.02144,-2.96,0.04
0.02145,-2.96,0.04
0.02146,-3.04,0.04
0.02147,-2.88,0.08
0.02148,-2.88,0.12
0.02149,-2.96,0.04
0.0215,-2.88,0.04
0.02151,-2.88,0.04
0.02152,-2.88,0.08
0.02153,-2.96,0.04
0.02154,-2.96,0.04
0.02155,-2.88,0.08
0.02156,-2.88,0.04
0.02157,-2.96,0.04
0.02158,-2.88,0.08
0.02159,-2.88,0.08
0.0216,-2.88,0.04
0.02161,-2.96,0.08
0.02162,-2.96,0.08
0.02163,-2.96,0.12
0.02164,-2.88,0.12
0.02165,-2.96,0.04
0.02166,-2.96,0
0.02167,-2.96,0
0.02168,-2.88,-0.04
0.02169,-2.96,0.12
0.0217,-2.88,0.08
0.02171,-2.88,0.08
0.02172,-2.88,0.08
0.02173,-2.88,0.08
0.02174,-2.88,0.12
0.02175,-2.8,0.12
0.02176,-2.88,0.08
0.02177,-2.8,0.12
0.02178,-2.8,0.08
0.02179,-2.8,0.08
