-0.0016,-2.84,0.12
-0.00158,-2.84,0.06
-0.00156,-2.8,0.06
-0.00154,-2.96,0.08
-0.00152,-2.88,0.1
-0.0015,-2.88,0.06
-0.00148,-2.92,0.04
-0.00146,-2.92,0.06
-0.00144,-2.8,0.12
-0.00142,-2.88,0.12
-0.0014,-2.88,0.08
-0.00138,-2.8,0.06
-0.00136,-2.88,0.14
-0.00134,-2.92,0.12
-0.00132,-2.92,0.12
-0.0013,-2.96,0.08
-0.00128,-2.8,0.12
-0.00126,-2.88,0.12
-0.00124,-2.84,0.1
-0.00122,-2.84,-0.02
-0.0012,-2.88,0.1
-0.00118,-2.92,0.04
-0.00116,-2.84,0.14
-0.00114,-2.92,0.18
-0.00112,-2.88,0.14
-0.0011,-2.88,0.12
-0.00108,-2.88,0.2
-0.00106,-2.92,0.08
-0.00104,-2.92,0.16
-0.00102,-2.8,0.04
-0.001,-2.92,0.08
-0.00098,-2.92,0.14
-0.00096,-2.84,0.02
-0.00094,-2.88,0.1
-0.00092,-2.84,0.02
-0.0009,-2.84,0.2
-0.00088,-2.84,0.16
-0.00086,-2.84,0.06
-0.00084,-2.84,0.1
-0.00082,-2.8,0.18
-0.0008,-2.84,0.08
-0.00078,-2.92,0.06
-0.00076,-2.88,0
-0.00074,-2.96,0.12
-0.00072,-2.92,0.08
-0.0007,-2.92,0.06
-0.00068,-2.84,0.2
-0.00066,-2.84,0.1
-0.00064,-2.88,0.04
-0.00062,-2.92,0.06
-0.0006,-2.84,0.08
-0.00058,-2.96,0.08
-0.00056,-2.88,0.06
-0.00054,-2.84,-0.04
-0.00052,-2.84,0.08
-0.0005,-2.88,0.12
-0.00048,-2.88,0.16
-0.00046,-2.92,0.1
-0.00044,-2.84,0.02
-0.00042,-2.88,0.18
-0.0004,-2.92,0.16
-0.00038,-2.96,0.02
-0.00036,-3,0.1
-0.00034,-2.88,0.12
-0.00032,-2.88,0.14
-0.0003,-2.84,0.16
-0.00028,-2.84,0.08
-0.00026,-2.84,0.06
-0.00024,-2.92,0.06
-0.00022,-2.84,0.14
-0.0002,-2.84,0.14
-0.00018,-2.84,0.14
-0.00016,-2.84,0.12
-0.00014,-2.92,0.08
-0.00012,-2.92,0.08
-0.0001,-2.88,0.1
-8e-005,-2.92,0.1
-6e-005,-2.92,0.04
-4e-005,-2.8,0.14
-2e-005,-2.84,0.2
0,-7.24,-0.18
2e-005,-7.2,2.7
4e-005,-7.24,2.7
6e-005,-7.2,2.7
8e-005,-7.2,2.7
0.0001,-7.2,2.7
0.00012,-7.2,2.7
0.00014,-7.24,-2.38
0.00016,-2.88,0.56
0.00018,-2.24,0.44
0.0002,-2.48,-0.3
0.00022,-2.44,-0.42
0.00024,-2.24,-0.38
0.00026,-2.08,-0.44
0.00028,-1.96,-0.44
0.0003,-1.88,-0.4
0.00032,-1.88,-0.38
0.00034,-1.76,-0.32
0.00036,-1.68,-0.24
0.00038,-1.76,-0.26
0.0004,-1.76,-0.18
0.00042,-1.76,-0.18
0.00044,-1.68,-0.08
0.00046,-1.72,-0.04
0.00048,-1.64,-0.02
0.0005,-1.64,0
0.00052,-1.64,0.02
0.00054,-1.6,0.12
0.00056,-1.64,0.2
0.00058,-1.64,0.16
0.0006,-1.6,0.3
0.00062,-1.64,0.34
0.00064,-1.56,0.34
0.00066,-1.72,0.38
0.00068,-1.72,0.44
0.0007,-1.76,0.46
0.00072,-1.72,0.52
0.00074,-1.72,0.54
0.00076,-1.76,0.56
0.00078,-1.76,0.62
0.0008,-1.8,0.62
0.00082,-1.76,0.68
0.00084,-1.8,0.76
0.00086,-1.88,0.78
0.00088,-1.84,0.76
0.0009,-1.92,0.84
0.00092,-1.84,0.92
0.00094,-1.92,0.96
0.00096,-1.92,0.9
0.00098,-1.96,0.92
0.001,-2,0.9
0.00102,-2.04,1
0.00104,-2.04,1
0.00106,-2.04,0.98
0.00108,-2.08,1.06
0.0011,-2.16,1.1
0.00112,-2.16,1.1
0.00114,-2.12,1.06
0.00116,-2.16,1.14
0.00118,-2.2,1.2
0.0012,-2.2,1.2
0.00122,-2.24,1.24
0.00124,-2.28,1.12
0.00126,-2.32,1.24
0.00128,-2.4,1.24
0.0013,-2.48,1.28
0.00132,-2.44,1.24
0.00134,-2.36,1.24
0.00136,-2.4,1.24
0.00138,-2.52,1.26
0.0014,-2.56,1.24
0.00142,-2.52,1.28
0.00144,-2.6,1.26
0.00146,-2.56,1.36
0.00148,-2.52,1.26
0.0015,-2.56,1.32
0.00152,-2.64,1.24
0.00154,-2.68,1.34
0.00156,-2.68,1.3
0.00158,-2.72,1.28
0.0016,-2.72,1.22
0.00162,-2.76,1.28
0.00164,-2.84,1.24
0.00166,-2.88,1.22
0.00168,-2.8,1.26
0.0017,-2.92,1.24
0.00172,-2.88,1.24
0.00174,-2.84,1.26
0.00176,-2.92,1.18
0.00178,-2.92,1.08
0.0018,-2.96,1.18
0.00182,-2.92,1.14
0.00184,-2.96,1.1
0.00186,-2.96,1.06
0.00188,-2.96,1.16
0.0019,-3.04,1.08
0.00192,-3.04,1.08
0.00194,-3.08,1.08
0.00196,-3.04,1.04
0.00198,-3.04,1
0.002,-3.12,1.02
0.00202,-3.12,0.94
0.00204,-3.08,0.92
0.00206,-3.04,0.88
0.00208,-3.08,0.94
0.0021,-3.16,0.94
0.00212,-3.08,0.88
0.00214,-3.08,0.88
0.00216,-3.16,0.82
0.00218,-3.12,0.76
0.0022,-3.16,0.78
0.00222,-3.08,0.82
0.00224,-3.2,0.76
0.00226,-3.08,0.68
0.00228,-3.12,0.76
0.0023,-3.16,0.7
0.00232,-3.08,0.6
0.00234,-3.08,0.62
0.00236,-3.08,0.66
0.00238,-3.16,0.58
0.0024,-3.16,0.58
0.00242,-3.12,0.58
0.00244,-3.12,0.52
0.00246,-3.04,0.58
0.00248,-3.04,0.46
0.0025,-3.08,0.5
0.00252,-3.04,0.58
0.00254,-3.12,0.52
0.00256,-3.16,0.5
0.00258,-3.08,0.44
0.0026,-3.08,0.4
0.00262,-3.04,0.38
0.00264,-3.08,0.36
0.00266,-3.12,0.38
0.00268,-3.08,0.36
0.0027,-3.08,0.32
0.00272,-3.04,0.34
0.00274,-3.08,0.32
0.00276,-3.04,0.24
0.00278,-3.04,0.32
0.0028,-3.04,0.36
0.00282,-3.12,0.32
0.00284,-3.04,0.24
0.00286,-3.04,0.26
0.00288,-3.04,0.22
0.0029,-2.96,0.2
0.00292,-2.96,0.24
0.00294,-3.04,0.24
0.00296,-3.04,0.22
0.00298,-2.92,0.18
0.003,-2.92,0.22
0.00302,-3,0.24
0.00304,-2.92,0.24
0.00306,-2.92,0.22
0.00308,-2.96,0.18
0.0031,-2.84,0.16
0.00312,-2.92,0.16
0.00314,-2.92,0.16
0.00316,-2.8,0.24
0.00318,-2.96,0.2
0.0032,-2.88,0.14
0.00322,-2.92,0.18
0.00324,-2.84,0.16
0.00326,-2.92,0.12
0.00328,-2.88,0.2
0.0033,-2.92,0.14
0.00332,-2.88,0.14
0.00334,-2.84,0.22
0.00336,-2.8,0.14
0.00338,-2.88,0.18
0.0034,-2.8,0.16
0.00342,-2.84,0.14
0.00344,-2.8,0.22
0.00346,-2.84,0.18
0.00348,-2.8,0.14
0.0035,-2.84,0.12
0.00352,-2.8,0.08
0.00354,-2.8,0.16
0.00356,-2.88,0.08
0.00358,-2.92,0.18
0.0036,-2.84,0.16
0.00362,-2.84,0.28
0.00364,-2.88,0.14
0.00366,-2.88,0.2
0.00368,-2.8,0.22
0.0037,-2.8,0.2
0.00372,-2.84,0.2
0.00374,-2.8,0.2
0.00376,-2.8,0.22
0.00378,-2.84,0.18
0.0038,-2.8,0.14
0.00382,-2.8,0.2
0.00384,-2.88,0.2
0.00386,-2.88,0.1
0.00388,-2.84,0.18
0.0039,-2.76,0.26
0.00392,-2.8,0.22
0.00394,-2.84,0.2
0.00396,-2.88,0.26
0.00398,-2.88,0.2
0.004,-2.8,0.22
0.00402,-2.84,0.14
0.00404,-2.84,0.2
0.00406,-2.92,0.22
0.00408,-2.88,0.24
0.0041,-2.84,0.32
0.00412,-2.84,0.22
0.00414,-2.8,0.22
0.00416,-2.84,0.24
0.00418,-2.84,0.22
0.0042,-2.84,0.22
0.00422,-2.84,0.2
0.00424,-2.84,0.3
0.00426,-2.8,0.28
0.00428,-2.84,0.32
0.0043,-2.88,0.2
0.00432,-2.84,0.3
0.00434,-2.84,0.34
0.00436,-2.8,0.14
0.00438,-2.92,0.26
0.0044,-2.88,0.32
0.00442,-2.92,0.16
0.00444,-2.92,0.24
0.00446,-2.88,0.24
0.00448,-2.84,0.24
0.0045,-2.92,0.18
0.00452,-2.92,0.24
0.00454,-2.88,0.2
0.00456,-2.92,0.2
0.00458,-2.88,0.28
0.0046,-2.88,0.26
0.00462,-2.92,0.24
0.00464,-2.96,0.22
0.00466,-2.88,0.24
0.00468,-2.92,0.24
0.0047,-2.88,0.1
0.00472,-2.84,0.2
0.00474,-2.92,0.18
0.00476,-2.96,0.22
0.00478,-2.84,0.14
0.0048,-2.92,0.12
0.00482,-2.96,0.16
0.00484,-3,0.2
0.00486,-2.84,0.22
0.00488,-2.84,0.12
0.0049,-2.92,0.16
0.00492,-2.96,0.2
0.00494,-2.92,0.12
0.00496,-3,0.14
0.00498,-3,0.16
0.005,-2.96,0.16
0.00502,-2.92,0.12
0.00504,-2.96,0.12
0.00506,-2.92,0.16
0.00508,-2.84,0.08
0.0051,-2.92,0.14
0.00512,-2.84,0.16
0.00514,-2.96,0.12
0.00516,-2.96,0.08
0.00518,-2.92,0.04
0.0052,-2.96,0.12
0.00522,-3,0.08
0.00524,-2.96,0.18
0.00526,-2.92,0.02
0.00528,-2.96,0.08
0.0053,-2.96,0.14
0.00532,-2.92,0.1
0.00534,-2.84,0.1
0.00536,-2.8,0.04
0.00538,-2.8,0.08
0.0054,-2.84,0.14
0.00542,-2.88,0.02
0.00544,-2.88,0.1
0.00546,-2.92,0
0.00548,-2.96,0
0.0055,-3,0.12
0.00552,-2.92,0.1
0.00554,-2.92,0.1
0.00556,-2.88,0.08
0.00558,-2.96,0.02
0.0056,-2.92,0.08
0.00562,-2.84,0.12
0.00564,-2.88,0.04
0.00566,-2.96,0.08
0.00568,-2.92,0.06
0.0057,-2.96,0.04
0.00572,-2.84,0.08
0.00574,-2.76,0.2
0.00576,-2.84,0.2
0.00578,-2.76,0.12
0.0058,-2.92,0.12
0.00582,-2.92,0.04
0.00584,-2.88,0.1
0.00586,-2.96,0.08
0.00588,-2.88,0
0.0059,-2.8,-0.02
0.00592,-2.88,0.06
0.00594,-2.96,0.16
0.00596,-2.84,0.06
0.00598,-2.92,0.06
0.006,-2.92,0.16
0.00602,-2.84,0.14
0.00604,-2.96,0.08
0.00606,-2.84,0.12
0.00608,-2.92,0.04
0.0061,-2.88,0.04
0.00612,-2.84,0.14
0.00614,-2.72,0.12
0.00616,-2.84,-0.02
0.00618,-2.92,0.02
0.0062,-2.84,0.14
0.00622,-2.8,0.14
0.00624,-2.84,0.04
0.00626,-2.84,0.12
0.00628,-2.92,0.04
0.0063,-2.92,0.04
0.00632,-2.88,0.02
0.00634,-2.84,0.12
0.00636,-2.8,0.14
0.00638,-2.84,0.16
0.0064,-2.8,0.1
0.00642,-2.88,0.08
0.00644,-2.88,0.12
0.00646,-2.84,0.16
0.00648,-2.84,0.16
0.0065,-2.88,0.16
0.00652,-2.96,0.12
0.00654,-2.84,0.08
0.00656,-2.84,0.16
0.00658,-2.84,0.1
0.0066,-2.92,0.08
0.00662,-2.76,0.1
0.00664,-2.84,0.1
0.00666,-2.84,0.06
0.00668,-2.88,0.12
0.0067,-2.84,0.14
0.00672,-2.84,0.08
0.00674,-2.88,0.08
0.00676,-2.76,0.14
0.00678,-2.8,0.2
0.0068,-2.88,0.06
0.00682,-2.84,0.14
0.00684,-2.88,0.14
0.00686,-2.84,0.14
0.00688,-2.8,0.08
0.0069,-2.92,0.02
0.00692,-2.84,0.1
0.00694,-2.8,0.08
0.00696,-2.88,0.12
0.00698,-2.84,0.04
0.007,-2.92,0.18
0.00702,-2.88,0.1
0.00704,-2.84,0.16
0.00706,-2.76,0.06
0.00708,-2.88,0.06
0.0071,-2.92,0.12
0.00712,-2.84,0.16
0.00714,-2.8,0.14
0.00716,-2.84,0.08
0.00718,-2.92,0.14
0.0072,-2.84,0.22
0.00722,-2.84,0.08
0.00724,-2.8,0.14
0.00726,-2.88,0.08
0.00728,-2.84,0.12
0.0073,-2.88,0.1
0.00732,-2.92,0.04
0.00734,-2.92,0.06
0.00736,-2.92,0.08
0.00738,-2.84,0.14
0.0074,-2.92,0.1
0.00742,-2.96,0.14
0.00744,-2.88,0.16
0.00746,-2.8,0.1
0.00748,-2.92,0.14
0.0075,-2.88,0.14
0.00752,-2.84,0.12
0.00754,-2.8,0.16
0.00756,-2.88,0.08
0.00758,-2.88,0.1
0.0076,-2.92,0.1
0.00762,-2.84,0.08
0.00764,-2.84,0.1
0.00766,-2.8,0.1
0.00768,-2.96,0.14
0.0077,-2.84,0.1
0.00772,-2.92,0.08
0.00774,-2.88,0.22
0.00776,-2.92,0.08
0.00778,-2.88,0.04
0.0078,-2.88,0.1
0.00782,-2.84,0.08
0.00784,-2.76,0.08
0.00786,-2.92,0.08
0.00788,-2.84,0.14
0.0079,-2.92,0.02
0.00792,-2.88,0.04
0.00794,-2.88,0.16
0.00796,-2.84,0.12
0.00798,-2.92,0.1
0.008,-3,0.2
0.00802,-2.84,0.06
0.00804,-2.96,0.12
0.00806,-2.84,0.16
0.00808,-2.88,0.1
0.0081,-2.84,0.14
0.00812,-2.92,0.06
0.00814,-2.76,0.06
0.00816,-2.84,0.12
0.00818,-2.8,0.14
0.0082,-2.84,0.08
0.00822,-2.8,0.18
0.00824,-2.84,0.1
0.00826,-2.8,0.06
0.00828,-2.76,0.16
0.0083,-2.8,0.12
0.00832,-2.88,0.2
0.00834,-2.92,0.08
0.00836,-2.84,0.14
0.00838,-2.84,0.22
0.0084,-2.8,0.04
0.00842,-2.84,0.08
0.00844,-2.92,0.22
0.00846,-2.84,0.14
0.00848,-2.76,0.1
0.0085,-2.88,0.14
0.00852,-2.88,0.14
0.00854,-2.84,0.12
0.00856,-2.92,0.12
0.00858,-2.84,0.12
0.0086,-2.92,0.12
0.00862,-2.88,0.06
0.00864,-2.84,0.1
0.00866,-2.84,0.06
0.00868,-2.88,0.04
0.0087,-2.84,0.14
0.00872,-2.88,0.1
0.00874,-2.84,0.1
0.00876,-2.84,0.14
0.00878,-2.92,0.1
0.0088,-2.92,0.12
0.00882,-2.88,0.08
0.00884,-2.84,0.06
0.00886,-2.88,0.18
0.00888,-2.88,0.2
0.0089,-2.88,0.16
0.00892,-2.88,0.14
0.00894,-2.92,0.02
0.00896,-2.84,0.08
0.00898,-2.92,0.12
0.009,-2.88,0.16
0.00902,-2.84,0.06
0.00904,-2.88,0.14
0.00906,-2.92,0.1
0.00908,-2.84,0.14
0.0091,-2.84,0.12
0.00912,-2.84,0.24
0.00914,-2.92,0.14
0.00916,-2.96,0.16
0.00918,-2.92,0.12
0.0092,-2.88,0.16
0.00922,-2.96,0.1
0.00924,-2.8,0.1
0.00926,-2.88,0.14
0.00928,-2.92,0.12
0.0093,-2.92,0.06
0.00932,-2.84,0.06
0.00934,-2.84,0.1
0.00936,-2.92,0.16
0.00938,-2.92,0.16
0.0094,-2.88,0.14
0.00942,-2.88,0.12
0.00944,-2.92,0.16
0.00946,-2.88,0.2
0.00948,-2.88,0
0.0095,-2.88,0.1
0.00952,-2.96,0.06
0.00954,-2.92,0.1
0.00956,-2.88,0.1
0.00958,-2.84,0.2
0.0096,-2.88,0.16
0.00962,-2.92,0.16
0.00964,-2.84,0.1
0.00966,-2.84,0.16
0.00968,-2.88,0.14
0.0097,-2.96,0.1
0.00972,-2.88,0.1
0.00974,-2.96,0.1
0.00976,-2.92,0.1
0.00978,-2.92,0.12
0.0098,-2.92,0.08
0.00982,-2.96,0.08
0.00984,-2.84,0.06
0.00986,-2.88,0.08
0.00988,-3,0.08
0.0099,-2.88,0.1
0.00992,-2.92,0.08
0.00994,-2.92,0.1
0.00996,-2.88,0.1
0.00998,-2.92,0.12
0.01,-2.84,0.14
0.01002,-2.84,0.08
0.01004,-2.92,0.06
0.01006,-2.92,0.12
0.01008,-2.84,0.1
0.0101,-2.8,0.12
0.01012,-2.88,0.12
0.01014,-2.92,0.12
0.01016,-2.84,0.08
0.01018,-2.88,0.06
0.0102,-2.88,0.16
0.01022,-2.88,0.06
0.01024,-2.88,0.08
0.01026,-2.96,0.1
0.01028,-2.84,0.02
0.0103,-2.88,0.1
0.01032,-2.92,0.08
0.01034,-2.88,0.14
0.01036,-2.92,0.06
0.01038,-2.84,0.12
0.0104,-2.96,0.16
0.01042,-2.92,0.16
0.01044,-2.92,0.1
0.01046,-2.88,0.14
0.01048,-2.92,0.1
0.0105,-2.84,0.06
0.01052,-2.88,0.06
0.01054,-2.8,0.1
0.01056,-2.76,0.08
0.01058,-2.8,0.1
0.0106,-2.88,0.16
0.01062,-2.88,0.16
0.01064,-2.92,0.2
0.01066,-2.84,0.12
0.01068,-2.88,0.08
0.0107,-2.84,0.1
0.01072,-2.84,0.06
0.01074,-2.84,0.1
0.01076,-2.84,0.1
0.01078,-2.88,0.1
0.0108,-2.84,0.1
0.01082,-2.88,0.12
0.01084,-2.92,0.18
0.01086,-2.92,0.08
0.01088,-2.92,0.12
0.0109,-2.8,0.12
0.01092,-2.92,0.08
0.01094,-2.84,0.14
0.01096,-2.84,0.1
0.01098,-2.84,0.2
0.011,-2.92,0.16
0.01102,-2.96,0.14
0.01104,-2.92,0.06
0.01106,-2.84,0.2
0.01108,-2.92,0.1
0.0111,-2.92,0.1
0.01112,-2.88,0.16
0.01114,-2.88,0.14
0.01116,-2.8,0.12
0.01118,-2.84,0.14
0.0112,-2.84,0.18
0.01122,-2.88,0.1
0.01124,-2.84,0.08
0.01126,-2.92,0.12
0.01128,-2.84,0.1
0.0113,-2.8,0.12
0.01132,-2.84,0.06
0.01134,-2.88,0.14
0.01136,-2.84,0.06
0.01138,-2.92,0.1
0.0114,-2.92,0.12
0.01142,-2.92,0.18
0.01144,-2.84,0.18
0.01146,-2.84,0.14
0.01148,-2.84,0.06
0.0115,-2.88,0.08
0.01152,-2.92,0.08
0.01154,-2.84,0.14
0.01156,-2.92,0.04
0.01158,-2.88,0
0.0116,-2.92,0.06
0.01162,-2.96,0.04
0.01164,-2.96,0.06
0.01166,-2.96,0.14
0.01168,-2.92,0.22
0.0117,-2.96,0.14
0.01172,-2.84,0.14
0.01174,-2.84,0.1
0.01176,-2.84,0.18
0.01178,-2.92,0.16
0.0118,-2.92,0.14
0.01182,-2.76,0.16
0.01184,-2.8,0.14
0.01186,-2.92,0.06
0.01188,-2.88,0.08
0.0119,-2.88,0.1
0.01192,-2.88,0.12
0.01194,-2.92,0.16
0.01196,-2.88,0.14
0.01198,-2.88,0.14
0.012,-2.84,0.16
0.01202,-2.84,0.1
0.01204,-2.88,0.1
0.01206,-2.8,0.04
0.01208,-2.84,0.12
0.0121,-2.84,0.08
0.01212,-2.88,0.14
0.01214,-2.92,0.12
0.01216,-2.96,0.14
0.01218,-2.92,0.06
0.0122,-2.92,0.22
0.01222,-2.8,0.16
0.01224,-2.84,0.14
0.01226,-2.76,0.14
0.01228,-2.92,0.06
0.0123,-2.84,0.1
0.01232,-2.88,0.14
0.01234,-2.92,0.14
0.01236,-2.92,0.2
0.01238,-2.8,0.18
0.0124,-2.92,0.16
0.01242,-2.92,0.06
0.01244,-2.88,0.02
0.01246,-2.88,0.06
0.01248,-2.92,0.04
0.0125,-2.96,0.1
0.01252,-2.84,0.1
0.01254,-2.92,0.24
0.01256,-2.88,0.2
0.01258,-2.88,0.12
0.0126,-2.84,0.16
0.01262,-2.88,0.22
0.01264,-2.88,0.14
0.01266,-2.88,0.2
0.01268,-2.96,0
0.0127,-2.84,0.06
0.01272,-2.88,0.2
0.01274,-2.84,0.14
0.01276,-2.84,0.18
0.01278,-2.84,0.14
0.0128,-2.88,0.1
0.01282,-2.88,0.1
0.01284,-2.84,0.06
0.01286,-2.96,0.14
0.01288,-2.92,0.1
0.0129,-2.88,0.1
0.01292,-2.84,-0.04
0.01294,-2.92,0.1
0.01296,-2.84,0.14
0.01298,-2.84,0.12
0.013,-2.96,0.08
0.01302,-2.92,0.1
0.01304,-2.84,0.12
0.01306,-2.8,0.06
0.01308,-2.84,0.18
0.0131,-2.92,0.12
0.01312,-2.96,0.12
0.01314,-2.84,0.12
0.01316,-2.96,0.06
0.01318,-2.92,0.06
0.0132,-2.96,0.12
0.01322,-2.84,0.06
0.01324,-2.88,0.18
0.01326,-2.92,0.06
0.01328,-2.92,0.1
0.0133,-2.84,0.02
0.01332,-2.88,0.14
0.01334,-2.84,0.16
0.01336,-2.84,0.16
0.01338,-2.96,0.12
0.0134,-3.04,0.12
0.01342,-3.04,0.08
0.01344,-2.92,0.12
0.01346,-2.96,0.16
0.01348,-3,0.1
0.0135,-2.84,0.06
0.01352,-2.88,0.04
0.01354,-2.92,0.08
0.01356,-2.84,0.1
0.01358,-2.8,0.16
0.0136,-2.8,0.1
0.01362,-2.84,0.06
0.01364,-2.92,0.14
0.01366,-2.92,0.16
0.01368,-2.88,0.16
0.0137,-2.84,0.16
0.01372,-2.8,0.22
0.01374,-2.88,0.14
0.01376,-2.88,0.14
0.01378,-2.88,0.06
0.0138,-2.92,0.04
0.01382,-2.84,0.14
0.01384,-2.8,0.1
0.01386,-2.8,0.08
0.01388,-2.92,0.14
0.0139,-2.76,0.1
0.01392,-2.84,0.08
0.01394,-2.84,0.1
0.01396,-2.92,0.16
0.01398,-2.92,0.14
0.014,-2.88,0.1
0.01402,-2.8,0.14
0.01404,-2.84,0.08
0.01406,-2.92,0.06
0.01408,-2.84,0.1
0.0141,-2.88,0.14
0.01412,-2.84,0.22
0.01414,-2.92,0.18
0.01416,-2.84,0.1
0.01418,-2.84,0.08
0.0142,-3,0.08
0.01422,-2.92,0.1
0.01424,-2.84,0.06
0.01426,-2.92,0.1
0.01428,-2.88,0.14
0.0143,-2.92,0.12
0.01432,-2.84,0.06
0.01434,-2.88,0.08
0.01436,-2.84,0.12
0.01438,-2.92,0.14
0.0144,-2.8,0.12
0.01442,-2.88,0.16
0.01444,-2.92,0.08
0.01446,-2.92,0.08
0.01448,-2.84,0.12
0.0145,-2.88,0.14
0.01452,-2.84,0.16
0.01454,-2.88,0.1
0.01456,-2.92,0.14
0.01458,-2.92,0.08
0.0146,-2.88,0.06
0.01462,-2.88,0.1
0.01464,-2.92,0.06
0.01466,-2.92,0.14
0.01468,-2.92,0.04
0.0147,-2.92,0
0.01472,-2.84,0.14
0.01474,-2.92,0.16
0.01476,-2.88,0.14
0.01478,-2.88,0.04
0.0148,-2.92,0.02
0.01482,-2.84,0.12
0.01484,-2.84,0.12
0.01486,-2.84,0.16
0.01488,-2.92,0.1
0.0149,-2.92,0.1
0.01492,-2.92,0.08
0.01494,-2.88,0.12
0.01496,-2.96,0.06
0.01498,-2.84,0.2
0.015,-2.84,0.06
0.01502,-2.84,0.02
0.01504,-2.88,0.12
0.01506,-2.96,0.18
0.01508,-2.88,0.16
0.0151,-2.84,0.1
0.01512,-2.96,0.04
0.01514,-2.96,0.1
0.01516,-2.84,0.12
0.01518,-2.84,0.14
0.0152,-2.8,0.06
0.01522,-2.8,0.08
0.01524,-2.92,0.1
0.01526,-2.84,0.12
0.01528,-2.88,0.1
0.0153,-2.88,0.1
0.01532,-2.84,0.12
0.01534,-2.84,0.04
0.01536,-2.84,0.08
0.01538,-2.88,0.06
0.0154,-2.84,0.04
0.01542,-2.88,0.2
0.01544,-2.84,0.14
0.01546,-2.88,0.14
0.01548,-2.84,0.08
0.0155,-2.92,0.06
0.01552,-2.8,0.02
0.01554,-2.96,0.04
0.01556,-2.88,0.04
0.01558,-2.92,0.06
0.0156,-2.8,0.12
0.01562,-2.88,0.14
0.01564,-2.96,0.02
0.01566,-2.92,0.18
0.01568,-2.92,0.08
0.0157,-2.88,0.14
0.01572,-2.92,0.12
0.01574,-3,0.18
0.01576,-2.88,0.1
0.01578,-2.88,0.14
0.0158,-2.92,0.04
0.01582,-2.92,0.08
0.01584,-2.92,0.04
0.01586,-2.84,0.08
0.01588,-2.84,0.16
0.0159,-2.96,0.1
0.01592,-2.92,0.08
0.01594,-2.84,0.14
0.01596,-2.92,0.1
0.01598,-3,0.04
0.016,-2.96,0.1
0.01602,-2.8,0.08
0.01604,-2.84,0.12
0.01606,-2.96,0.1
0.01608,-2.92,0.1
0.0161,-2.84,0.14
0.01612,-2.88,0.1
0.01614,-2.92,0.1
0.01616,-2.88,0.1
0.01618,-2.8,0.16
0.0162,-2.92,0.1
0.01622,-2.88,0.06
0.01624,-2.88,0.12
0.01626,-2.8,0.14
0.01628,-2.88,0.12
0.0163,-2.84,0.12
0.01632,-2.92,0.1
0.01634,-2.88,0.18
0.01636,-2.84,0.14
0.01638,-2.84,0.14
0.0164,-2.84,0.16
0.01642,-2.92,0.16
0.01644,-2.84,0.1
0.01646,-2.88,0.02
0.01648,-2.84,0.14
0.0165,-2.92,0.18
0.01652,-2.84,0.2
0.01654,-2.92,0.2
0.01656,-2.84,0.2
0.01658,-2.88,0.14
0.0166,-2.88,0.1
0.01662,-2.84,0.04
0.01664,-2.8,0.1
0.01666,-2.92,0.12
0.01668,-2.92,0.1
0.0167,-2.88,0.18
0.01672,-2.84,0.14
0.01674,-2.84,0.12
0.01676,-2.8,0.12
0.01678,-2.76,0.06
0.0168,-2.88,-0.02
0.01682,-2.88,0.1
0.01684,-2.88,0.06
0.01686,-2.96,0.06
0.01688,-2.88,0.12
0.0169,-2.84,0.16
0.01692,-2.8,0.06
0.01694,-2.88,0.06
0.01696,-2.88,0.1
0.01698,-2.88,0.22
0.017,-2.8,0.16
0.01702,-2.92,0.2
0.01704,-2.88,0.1
0.01706,-2.84,0.1
0.01708,-2.92,0.08
0.0171,-2.88,0.16
0.01712,-2.84,0.14
0.01714,-2.92,0.16
0.01716,-2.84,0.2
0.01718,-2.84,0.12
0.0172,-2.92,0.1
0.01722,-2.84,0.16
0.01724,-2.88,0.14
0.01726,-2.96,0.22
0.01728,-2.92,0.1
0.0173,-2.92,0.1
0.01732,-2.8,0.14
0.01734,-2.88,0.14
0.01736,-2.96,0.1
0.01738,-2.84,0.22
0.0174,-2.88,0.18
0.01742,-2.88,0.08
0.01744,-2.92,0.1
0.01746,-2.92,0.12
0.01748,-2.84,0.14
0.0175,-2.84,0.14
0.01752,-2.88,0.2
0.01754,-2.84,0.2
0.01756,-2.84,0.12
0.01758,-2.84,0.1
0.0176,-2.96,0.12
0.01762,-2.88,0.18
0.01764,-2.88,0.14
0.01766,-2.96,0.1
0.01768,-2.92,0.08
0.0177,-2.8,0.1
0.01772,-2.88,0.08
0.01774,-2.92,0.14
0.01776,-2.84,0.14
0.01778,-2.8,0.06
0.0178,-2.84,0.06
0.01782,-2.84,0.12
0.01784,-2.8,0.18
0.01786,-2.92,0.14
0.01788,-2.88,0.12
0.0179,-2.84,0.12
0.01792,-2.84,0.14
0.01794,-2.92,0.12
0.01796,-2.88,0.14
0.01798,-2.92,0.18
0.018,-2.88,0.1
0.01802,-2.88,0.06
0.01804,-2.88,0.1
0.01806,-2.84,0.14
0.01808,-2.76,0.14
0.0181,-2.84,0.12
0.01812,-2.84,0.12
0.01814,-2.92,0.22
0.01816,-2.8,0.14
0.01818,-2.88,0.18
0.0182,-2.84,0.14
0.01822,-2.92,0.1
0.01824,-2.92,0.06
0.01826,-2.92,0.08
0.01828,-2.96,0.08
0.0183,-2.88,0.1
0.01832,-2.84,0.16
0.01834,-2.92,0.1
0.01836,-2.88,0.12
0.01838,-2.84,0.18
0.0184,-2.88,0.1
0.01842,-2.88,0.04
0.01844,-2.92,0.12
0.01846,-2.92,0.16
0.01848,-2.92,0.08
0.0185,-2.84,0.18
0.01852,-2.88,0.1
0.01854,-2.88,0.16
0.01856,-2.88,0.12
0.01858,-2.96,0.14
0.0186,-2.88,0.1
0.01862,-2.88,0.16
0.01864,-2.92,0.18
0.01866,-2.84,0.12
0.01868,-2.84,0.18
0.0187,-2.92,0.1
0.01872,-2.92,0.1
0.01874,-2.88,0.14
0.01876,-2.84,0.12
0.01878,-2.88,0.16
0.0188,-2.96,0.08
0.01882,-2.92,0.1
0.01884,-2.84,0.1
0.01886,-2.96,0.08
0.01888,-2.88,0.06
0.0189,-2.92,0.14
0.01892,-2.88,0.14
0.01894,-2.92,0.12
0.01896,-2.88,0.1
0.01898,-2.76,0.12
0.019,-2.76,0.24
0.01902,-2.92,0.16
0.01904,-2.92,0.16
0.01906,-2.92,0.06
0.01908,-2.92,0.1
0.0191,-2.88,0.18
0.01912,-2.92,0.18
0.01914,-2.84,0.04
0.01916,-2.84,0.1
0.01918,-2.92,0.14
0.0192,-2.96,0.08
0.01922,-2.96,0.22
0.01924,-2.96,0.12
0.01926,-2.96,0.12
0.01928,-2.76,0.1
0.0193,-2.88,0.16
0.01932,-2.8,0.2
0.01934,-2.8,0.14
0.01936,-2.84,0.14
0.01938,-2.84,0.16
0.0194,-2.84,0.2
0.01942,-2.84,0.1
0.01944,-2.76,0.14
0.01946,-2.84,0.18
0.01948,-2.88,0.16
0.0195,-2.84,0.18
0.01952,-2.88,0.14
0.01954,-2.92,0.2
0.01956,-2.84,0.24
0.01958,-2.88,0.2
0.0196,-2.84,0.18
0.01962,-2.84,0.12
0.01964,-2.92,0.1
0.01966,-2.88,0.12
0.01968,-2.96,0.22
0.0197,-2.92,0.14
0.01972,-2.92,0.12
0.01974,-2.96,0.14
0.01976,-2.92,0.16
0.01978,-2.92,0.12
0.0198,-2.8,0.06
0.01982,-2.8,0.1
0.01984,-2.84,0.16
0.01986,-3,0.08
0.01988,-2.92,0.08
0.0199,-2.88,0.12
0.01992,-2.88,0.18
0.01994,-2.92,0.16
0.01996,-2.84,0.1
0.01998,-2.88,0.1
0.02,-2.88,0.06
0.02002,-2.88,0.1
0.02004,-7.24,-2.38
0.02006,-7.24,2.7
0.02008,-7.2,2.7
0.0201,-7.24,2.7
0.02012,-7.2,2.7
0.02014,-7.24,-2.38
0.02016,-1.36,-0.26
0.02018,-0.76,-0.4
0.0202,-1.12,-1.16
0.02022,-1.04,-1.3
0.02024,-0.92,-1.34
0.02026,-0.84,-1.28
0.02028,-0.8,-1.3
0.0203,-0.84,-1.32
0.02032,-0.76,-1.4
0.02034,-0.8,-1.34
0.02036,-0.8,-1.34
0.02038,-0.72,-1.38
0.0204,-0.72,-1.34
0.02042,-0.72,-1.24
0.02044,-0.72,-1.3
0.02046,-0.76,-1.24
0.02048,-0.68,-1.22
0.0205,-0.8,-1.2
0.02052,-0.92,-1.16
0.02054,-0.84,-1.18
0.02056,-0.84,-1.14
0.02058,-0.8,-1.24
0.0206,-0.84,-1.16
0.02062,-0.88,-1.12
0.02064,-1,-1.08
0.02066,-0.96,-1.12
0.02068,-0.96,-1.08
0.0207,-1.04,-0.98
0.02072,-1.12,-0.96
0.02074,-1.08,-0.98
0.02076,-1.12,-0.94
0.02078,-1.12,-0.94
0.0208,-1.2,-0.9
0.02082,-1.2,-0.92
0.02084,-1.2,-0.84
0.02086,-1.28,-0.82
0.02088,-1.28,-0.76
0.0209,-1.28,-0.78
0.02092,-1.32,-0.78
0.02094,-1.44,-0.72
0.02096,-1.48,-0.72
0.02098,-1.4,-0.72
0.021,-1.44,-0.62
0.02102,-1.56,-0.68
0.02104,-1.6,-0.58
0.02106,-1.64,-0.58
0.02108,-1.6,-0.52
0.0211,-1.64,-0.5
0.02112,-1.72,-0.5
0.02114,-1.76,-0.44
0.02116,-1.76,-0.44
0.02118,-1.84,-0.4
0.0212,-1.8,-0.46
0.02122,-1.92,-0.42
0.02124,-1.92,-0.38
0.02126,-1.92,-0.34
0.02128,-2.04,-0.3
0.0213,-2.04,-0.3
0.02132,-2.08,-0.36
0.02134,-2.08,-0.34
0.02136,-2.04,-0.24
0.02138,-2.12,-0.2
0.0214,-2.16,-0.12
0.02142,-2.28,-0.12
0.02144,-2.28,-0.2
0.02146,-2.28,-0.16
0.02148,-2.36,-0.12
0.0215,-2.32,-0.06
0.02152,-2.36,-0.06
0.02154,-2.4,-0.12
0.02156,-2.44,-0.08
0.02158,-2.48,0.02
0.0216,-2.52,0.02
0.02162,-2.48,0.04
0.02164,-2.44,-0.02
0.02166,-2.52,0.06
0.02168,-2.52,0.04
0.0217,-2.56,0
0.02172,-2.64,0.06
0.02174,-2.64,0.06
0.02176,-2.6,0.08
0.02178,-2.64,0.04
0.0218,-2.72,-0.02
0.02182,-2.72,0.06
0.02184,-2.68,0.1
0.02186,-2.76,0.16
0.02188,-2.76,0.18
0.0219,-2.72,0.1
0.02192,-2.72,0.08
0.02194,-2.72,0.12
0.02196,-2.8,0.16
0.02198,-2.8,0.24
0.022,-2.84,0.24
0.02202,-2.84,0.16
0.02204,-2.76,0.2
0.02206,-2.84,0.16
0.02208,-2.88,0.14
0.0221,-2.84,0.2
0.02212,-3,0.16
0.02214,-2.92,0.18
0.02216,-2.92,0.2
0.02218,-3,0.16
0.0222,-2.88,0.16
0.02222,-2.84,0.14
0.02224,-2.92,0.24
0.02226,-2.88,0.12
0.02228,-2.84,0.18
0.0223,-2.84,0.16
0.02232,-2.92,0.2
0.02234,-3,0.26
0.02236,-2.96,0.24
0.02238,-3,0.26
0.0224,-2.96,0.2
0.02242,-2.92,0.2
0.02244,-2.96,0.28
0.02246,-2.96,0.24
0.02248,-2.96,0.16
0.0225,-2.84,0.24
0.02252,-2.92,0.2
0.02254,-2.96,0.14
0.02256,-2.96,0.2
0.02258,-2.96,0.16
0.0226,-2.96,0.14
0.02262,-2.88,0.14
0.02264,-2.96,0.16
0.02266,-2.96,0.18
0.02268,-3,0.16
0.0227,-3,0.22
0.02272,-2.96,0.18
0.02274,-3.04,0.1
0.02276,-2.96,0.2
0.02278,-2.84,0.18
0.0228,-2.92,0.12
0.02282,-2.96,0.14
0.02284,-3,0.14
0.02286,-2.92,0.08
0.02288,-2.92,0.1
0.0229,-2.96,0.24
0.02292,-2.92,0.1
0.02294,-2.92,0.2
0.02296,-2.88,0.14
0.02298,-2.88,0.08
0.023,-2.92,0.02
0.02302,-2.88,0.16
0.02304,-2.84,0.22
0.02306,-2.88,0.08
0.02308,-2.96,0.06
0.0231,-2.84,0.04
0.02312,-2.92,0.1
0.02314,-2.84,0.06
0.02316,-2.96,0.08
0.02318,-2.88,0.08
0.0232,-2.88,0.08
0.02322,-2.88,0.02
0.02324,-2.92,0.08
0.02326,-2.84,0.04
0.02328,-2.92,0.16
0.0233,-2.8,0.18
0.02332,-2.84,0.1
0.02334,-2.96,0.06
0.02336,-2.92,0.14
0.02338,-2.96,0.02
0.0234,-2.96,0.12
0.02342,-2.88,0.14
0.02344,-2.88,0.1
0.02346,-2.8,0.12
0.02348,-2.76,0.2
0.0235,-2.84,0.1
0.02352,-2.84,0.16
0.02354,-2.88,0.14
0.02356,-2.84,0.12
0.02358,-2.92,0.1
0.0236,-2.88,0.18
0.02362,-2.8,0.14
0.02364,-2.88,0.12
0.02366,-2.84,0.1
0.02368,-2.88,0.16
0.0237,-2.84,0.16
0.02372,-2.84,0.12
0.02374,-2.84,0.22
0.02376,-2.88,0.16
0.02378,-2.88,0.16
0.0238,-2.84,0.2
0.02382,-2.88,0.1
0.02384,-2.92,0.16
0.02386,-2.84,0.06
0.02388,-2.84,0.2
0.0239,-2.84,0.12
0.02392,-2.76,0.02
0.02394,-2.92,0.18
0.02396,-2.92,0.18
0.02398,-2.84,0.16
0.024,-2.92,0.14
0.02402,-2.88,0.1
0.02404,-2.88,0.14
0.02406,-2.84,0.12
0.02408,-2.84,0.16
0.0241,-2.76,0.04
0.02412,-2.8,0.16
0.02414,-2.84,0.18
0.02416,-2.92,0.06
0.02418,-2.84,0.16
0.0242,-2.92,0.16
0.02422,-2.92,0.06
0.02424,-2.84,0.18
0.02426,-2.8,0.16
0.02428,-2.84,0.12
0.0243,-2.84,0.16
0.02432,-2.88,0.1
0.02434,-2.92,0.18
0.02436,-2.88,0.16
0.02438,-2.84,0.14
0.0244,-2.84,0.1
0.02442,-2.84,0.1
0.02444,-2.84,0.12
0.02446,-2.84,0.14
0.02448,-2.88,0.18
0.0245,-2.84,0.14
0.02452,-2.88,0.24
0.02454,-2.92,0.2
0.02456,-2.92,0.22
0.02458,-2.88,0.22
0.0246,-2.92,0.1
0.02462,-2.92,0.14
0.02464,-2.96,0.16
0.02466,-2.88,0.16
0.02468,-2.8,0.14
0.0247,-2.84,0.1
0.02472,-2.8,0.2
0.02474,-2.92,0.28
0.02476,-2.84,0.22
0.02478,-2.96,0.16
0.0248,-2.84,0.06
0.02482,-2.92,0.12
0.02484,-2.96,0.16
0.02486,-2.96,0.12
0.02488,-2.96,0.08
0.0249,-2.84,0.18
0.02492,-2.84,0.26
0.02494,-2.8,0.16
0.02496,-2.84,0.18
0.02498,-2.76,0.12
0.025,-2.84,0.14
0.02502,-2.8,0.12
0.02504,-2.84,0.1
0.02506,-2.92,0.08
0.02508,-2.88,0.12
0.0251,-2.84,0.1
0.02512,-2.92,0.08
0.02514,-2.92,0.14
0.02516,-2.8,0.1
0.02518,-2.84,0.14
0.0252,-2.88,0.08
0.02522,-2.96,0.06
0.02524,-2.96,0.1
0.02526,-2.88,0.02
0.02528,-2.88,0.12
0.0253,-2.92,0.08
0.02532,-2.84,0.02
0.02534,-2.92,0.02
0.02536,-2.88,0.08
0.02538,-2.96,0.14
0.0254,-2.84,0.08
0.02542,-2.88,0.08
0.02544,-2.84,0.14
0.02546,-2.88,0.08
0.02548,-2.8,0.02
0.0255,-2.76,0.06
0.02552,-2.88,0.16
0.02554,-2.88,0.1
0.02556,-2.92,0.08
0.02558,-2.88,0.04
0.0256,-2.88,0.06
0.02562,-2.96,0.14
0.02564,-2.88,0.06
0.02566,-2.92,0.1
0.02568,-2.88,0.06
0.0257,-2.96,0.02
0.02572,-2.92,0.1
0.02574,-2.92,0.08
0.02576,-2.92,0.08
0.02578,-2.92,0.12
0.0258,-2.92,0.04
0.02582,-2.92,0.06
0.02584,-2.92,0
0.02586,-2.92,0.06
0.02588,-2.96,0.04
0.0259,-2.92,0.16
0.02592,-2.88,0.12
0.02594,-2.84,0.06
0.02596,-2.96,0.02
0.02598,-2.92,0.08
0.026,-2.84,0.16
0.02602,-2.88,0.06
0.02604,-2.92,0.12
0.02606,-5.16,-2.14
0.02608,-7.2,2.7
0.0261,-7.2,2.7
0.02612,-7.2,2.7
0.02614,-7.2,2.7
0.02616,-7.24,2.7
0.02618,-7.2,2.7
0.0262,-7.2,2.66
0.02622,-7.24,-0.88
0.02624,-2.92,1.42
0.02626,-3.04,0.64
0.02628,-3.12,0.14
0.0263,-3.12,-0.06
0.02632,-2.84,0
0.02634,-2.8,-0.08
0.02636,-2.6,-0.02
0.02638,-2.64,0.04
0.0264,-2.6,0.04
0.02642,-2.52,0.08
0.02644,-2.48,0.14
0.02646,-2.48,0.04
0.02648,-2.32,0.06
0.0265,-2.32,0.08
0.02652,-2.24,0.16
0.02654,-2.28,0.18
0.02656,-2.24,0.14
0.02658,-2.28,0.2
0.0266,-2.36,0.24
0.02662,-2.2,0.3
0.02664,-2.28,0.22
0.02666,-2.24,0.32
0.02668,-2.2,0.28
0.0267,-2.24,0.32
0.02672,-2.28,0.38
0.02674,-2.32,0.42
0.02676,-2.32,0.36
0.02678,-2.28,0.46
0.0268,-2.2,0.4
0.02682,-2.28,0.48
0.02684,-2.2,0.48
0.02686,-2.24,0.54
0.02688,-2.28,0.52
0.0269,-2.28,0.56
0.02692,-2.24,0.52
0.02694,-2.32,0.6
0.02696,-2.32,0.58
0.02698,-2.4,0.5
0.027,-2.32,0.6
0.02702,-2.4,0.64
0.02704,-2.28,0.74
0.02706,-2.4,0.66
0.02708,-2.52,0.6
0.0271,-2.52,0.7
0.02712,-2.48,0.74
0.02714,-2.48,0.72
0.02716,-2.44,0.76
0.02718,-2.52,0.74
0.0272,-2.56,0.68
0.02722,-2.56,0.72
0.02724,-2.56,0.76
0.02726,-2.56,0.78
0.02728,-2.64,0.76
0.0273,-2.56,0.74
0.02732,-2.6,0.82
0.02734,-2.6,0.78
0.02736,-2.6,0.78
0.02738,-2.64,0.78
0.0274,-2.68,0.92
0.02742,-2.76,0.8
0.02744,-2.76,0.8
0.02746,-2.64,0.78
0.02748,-2.68,0.84
0.0275,-2.92,0.78
0.02752,-2.8,0.86
0.02754,-2.76,0.78
0.02756,-2.84,0.7
0.02758,-2.76,0.84
0.0276,-2.8,0.86
0.02762,-2.8,0.74
0.02764,-2.84,0.76
0.02766,-2.8,0.76
0.02768,-2.88,0.7
0.0277,-2.84,0.76
0.02772,-2.84,0.74
0.02774,-2.88,0.76
0.02776,-2.92,0.7
0.02778,-2.96,0.8
0.0278,-2.96,0.7
0.02782,-2.96,0.8
0.02784,-3.04,0.72
0.02786,-3,0.64
0.02788,-2.96,0.68
0.0279,-2.96,0.62
0.02792,-3,0.68
0.02794,-3,0.64
0.02796,-2.96,0.68
0.02798,-3.04,0.58
0.028,-3,0.62
0.02802,-3.12,0.64
0.02804,-3,0.62
0.02806,-3.08,0.58
0.02808,-3,0.54
0.0281,-3.16,0.46
0.02812,-3.08,0.52
0.02814,-3.12,0.56
0.02816,-3.08,0.5
0.02818,-3.04,0.44
0.0282,-3.12,0.48
0.02822,-3.12,0.48
0.02824,-3.08,0.48
0.02826,-3.12,0.44
0.02828,-3.12,0.5
0.0283,-3.12,0.46
0.02832,-3.08,0.38
0.02834,-3.08,0.4
0.02836,-3.04,0.38
0.02838,-3.08,0.38
0.0284,-3.08,0.3
0.02842,-3.08,0.46
0.02844,-3.04,0.3
0.02846,-3.08,0.26
0.02848,-3.12,0.28
0.0285,-3.04,0.38
0.02852,-3.08,0.38
0.02854,-3,0.36
0.02856,-3,0.24
0.02858,-3.12,0.34
0.0286,-3,0.24
0.02862,-3.04,0.24
0.02864,-3,0.38
0.02866,-3,0.26
0.02868,-3.04,0.24
0.0287,-2.96,0.24
0.02872,-3.04,0.22
0.02874,-2.96,0.28
0.02876,-3.08,0.2
0.02878,-3.04,0.2
0.0288,-3.04,0.22
0.02882,-3.04,0.08
0.02884,-2.96,0.18
0.02886,-2.92,0.22
0.02888,-2.96,0.12
0.0289,-2.92,0.14
0.02892,-2.92,0.2
0.02894,-2.96,0.1
0.02896,-2.92,0.14
0.02898,-2.96,0.18
0.029,-2.96,0.2
0.02902,-2.92,0.18
0.02904,-2.88,0.12
0.02906,-2.92,0.12
0.02908,-2.92,0.16
0.0291,-2.96,0.18
0.02912,-2.88,0.16
0.02914,-2.92,0.12
0.02916,-2.84,0.18
0.02918,-2.92,0.08
0.0292,-2.88,0.18
0.02922,-2.92,0.08
0.02924,-2.96,0.14
0.02926,-2.84,0.18
0.02928,-2.92,0.16
0.0293,-2.92,0.2
0.02932,-2.92,0.18
0.02934,-2.92,0.18
0.02936,-2.92,0.16
0.02938,-2.92,0.2
0.0294,-2.92,0.16
0.02942,-2.88,0.14
0.02944,-2.84,0.16
0.02946,-2.96,0.2
0.02948,-2.88,0.14
0.0295,-2.84,0.1
0.02952,-2.76,0.06
0.02954,-2.8,0.12
0.02956,-2.84,0.12
0.02958,-2.84,0.02
0.0296,-2.84,0.16
0.02962,-2.76,0.14
0.02964,-2.76,0.2
0.02966,-2.84,0.16
0.02968,-2.84,0.24
0.0297,-2.84,0.2
0.02972,-2.84,0.18
0.02974,-2.84,0.14
0.02976,-2.84,0.2
0.02978,-2.88,0.18
0.0298,-2.76,0.22
0.02982,-2.84,0.2
0.02984,-2.8,0.2
0.02986,-2.72,0.24
0.02988,-2.88,0.22
0.0299,-2.92,0.16
0.02992,-2.84,0.24
0.02994,-2.88,0.18
0.02996,-2.88,0.28
0.02998,-2.96,0.16
0.03,-2.88,0.22
0.03002,-2.96,0.24
0.03004,-2.88,0.3
0.03006,-2.84,0.2
0.03008,-2.8,0.14
0.0301,-2.92,0.28
0.03012,-2.96,0.32
0.03014,-2.92,0.16
0.03016,-2.92,0.18
0.03018,-2.96,0.18
0.0302,-2.96,0.3
0.03022,-2.92,0.28
0.03024,-2.96,0.18
0.03026,-2.96,0.24
0.03028,-2.96,0.24
0.0303,-3,0.26
0.03032,-2.92,0.34
0.03034,-2.96,0.34
0.03036,-2.96,0.3
0.03038,-3,0.28
0.0304,-3,0.26
0.03042,-3,0.32
0.03044,-3.04,0.32
0.03046,-3,0.24
0.03048,-3.04,0.26
0.0305,-3.08,0.28
0.03052,-3.04,0.26
0.03054,-3.04,0.34
0.03056,-3.08,0.3
0.03058,-3.08,0.28
0.0306,-3.16,0.3
0.03062,-3.04,0.3
0.03064,-3.12,0.28
0.03066,-3.16,0.26
0.03068,-3.12,0.36
0.0307,-3.2,0.26
0.03072,-3.24,0.3
0.03074,-3.16,0.26
0.03076,-3.24,0.3
0.03078,-3.24,0.22
0.0308,-3.2,0.36
0.03082,-3.2,0.3
0.03084,-3.36,0.34
0.03086,-3.28,0.38
0.03088,-3.2,0.36
0.0309,-3.24,0.42
0.03092,-3.24,0.32
0.03094,-3.32,0.3
0.03096,-3.32,0.38
0.03098,-3.32,0.32
0.031,-3.28,0.28
0.03102,-3.36,0.28
0.03104,-3.28,0.32
0.03106,-3.36,0.36
0.03108,-3.36,0.24
0.0311,-3.36,0.42
0.03112,-3.44,0.34
0.03114,-3.44,0.36
0.03116,-3.4,0.28
0.03118,-3.44,0.38
0.0312,-3.48,0.38
0.03122,-3.48,0.32
0.03124,-3.52,0.38
0.03126,-3.52,0.36
0.03128,-3.48,0.3
0.0313,-3.48,0.44
0.03132,-3.48,0.44
0.03134,-3.48,0.38
0.03136,-3.48,0.42
0.03138,-3.48,0.48
0.0314,-3.52,0.54
0.03142,-3.48,0.44
0.03144,-3.56,0.38
0.03146,-3.48,0.54
0.03148,-3.52,0.5
0.0315,-3.48,0.48
0.03152,-3.6,0.38
0.03154,-3.64,0.44
0.03156,-3.6,0.46
0.03158,-3.52,0.4
0.0316,-3.56,0.42
0.03162,-3.6,0.46
0.03164,-3.68,0.38
0.03166,-3.56,0.48
0.03168,-3.6,0.42
0.0317,-3.6,0.54
0.03172,-3.6,0.54
0.03174,-3.64,0.5
0.03176,-3.68,0.58
0.03178,-3.8,0.46
0.0318,-3.72,0.6
0.03182,-3.68,0.52
0.03184,-3.68,0.38
0.03186,-3.64,0.52
0.03188,-3.68,0.46
0.0319,-3.6,0.6
0.03192,-3.64,0.56
0.03194,-3.72,0.52
0.03196,-3.64,0.54
0.03198,-3.64,0.58
0.032,-3.64,0.52
0.03202,-3.64,0.58
0.03204,-3.68,0.58
0.03206,-3.72,0.58
0.03208,-3.68,0.7
0.0321,-3.6,0.52
0.03212,-3.64,0.56
0.03214,-3.72,0.54
0.03216,-3.68,0.48
0.03218,-3.64,0.58
0.0322,-3.64,0.58
0.03222,-3.72,0.58
0.03224,-3.68,0.58
0.03226,-3.72,0.62
0.03228,-3.68,0.52
0.0323,-3.64,0.58
0.03232,-3.6,0.56
0.03234,-3.6,0.64
0.03236,-3.64,0.5
0.03238,-3.68,0.56
0.0324,-3.68,0.64
0.03242,-3.6,0.62
0.03244,-3.64,0.52
0.03246,-3.48,0.56
0.03248,-3.64,0.56
0.0325,-3.64,0.6
0.03252,-3.6,0.56
0.03254,-3.52,0.56
0.03256,-3.64,0.56
0.03258,-3.6,0.58
0.0326,-3.56,0.5
0.03262,-3.56,0.52
0.03264,-3.56,0.46
0.03266,-3.48,0.48
0.03268,-3.52,0.52
0.0327,-3.56,0.48
0.03272,-3.48,0.46
0.03274,-3.44,0.42
0.03276,-3.48,0.52
0.03278,-3.48,0.52
0.0328,-3.44,0.5
0.03282,-3.48,0.46
0.03284,-3.52,0.4
0.03286,-3.44,0.42
0.03288,-3.4,0.44
0.0329,-3.44,0.38
0.03292,-3.52,0.46
0.03294,-3.52,0.54
0.03296,-3.4,0.42
0.03298,-3.36,0.36
0.033,-3.28,0.36
0.03302,-3.36,0.44
0.03304,-3.4,0.4
0.03306,-3.4,0.46
0.03308,-3.36,0.4
0.0331,-3.4,0.44
0.03312,-3.28,0.42
0.03314,-3.28,0.42
0.03316,-3.24,0.42
0.03318,-3.2,0.46
0.0332,-3.28,0.44
0.03322,-3.24,0.4
0.03324,-3.28,0.26
0.03326,-3.2,0.22
0.03328,-3.28,0.36
0.0333,-3.24,0.36
0.03332,-3.16,0.34
0.03334,-3.2,0.42
0.03336,-3.16,0.36
0.03338,-3.16,0.32
0.0334,-3.2,0.26
0.03342,-3.12,0.32
0.03344,-3.16,0.3
0.03346,-3.16,0.34
0.03348,-3.08,0.28
0.0335,-3.08,0.24
0.03352,-3.08,0.24
0.03354,-3.16,0.2
0.03356,-3.04,0.28
0.03358,-3.04,0.36
0.0336,-3.16,0.34
0.03362,-3.12,0.26
0.03364,-3.04,0.22
0.03366,-3.04,0.2
0.03368,-3.04,0.22
0.0337,-3.08,0.14
0.03372,-2.96,0.22
0.03374,-3.04,0.36
0.03376,-3.04,0.26
0.03378,-2.96,0.22
0.0338,-2.92,0.2
0.03382,-3.04,0.18
0.03384,-3,0.18
0.03386,-3,0.08
0.03388,-3.04,0.12
0.0339,-2.96,0.16
0.03392,-2.92,0.14
0.03394,-2.92,0.16
0.03396,-2.96,0.16
0.03398,-2.92,0.18
0.034,-2.92,0.2
0.03402,-3,0.18
0.03404,-3,0.24
0.03406,-2.96,0.24
0.03408,-2.92,0.2
0.0341,-2.84,0.14
0.03412,-2.92,0.2
0.03414,-2.92,0.14
0.03416,-2.92,0.2
0.03418,-2.92,0.12
0.0342,-2.92,0.16
0.03422,-2.88,0.16
0.03424,-2.92,0.1
0.03426,-2.88,0.06
0.03428,-2.84,0.12
0.0343,-2.92,0.1
0.03432,-2.92,0.08
0.03434,-2.92,0.2
0.03436,-2.84,0.24
0.03438,-2.84,0.14
0.0344,-2.92,0.18
0.03442,-2.96,0.08
0.03444,-2.88,0.12
0.03446,-2.92,0.08
0.03448,-2.84,0.18
0.0345,-2.88,0.1
0.03452,-2.96,0.02
0.03454,-2.88,0.1
0.03456,-2.88,0.12
0.03458,-2.92,0.08
0.0346,-2.92,0.06
0.03462,-2.8,0.12
0.03464,-2.88,0.2
0.03466,-2.92,0.06
0.03468,-2.88,0.18
0.0347,-2.84,0.16
0.03472,-2.88,0.16
0.03474,-2.84,0.1
0.03476,-2.84,0.14
0.03478,-2.84,0.14
0.0348,-2.84,0.06
0.03482,-2.84,0.1
0.03484,-2.84,0
0.03486,-2.84,0.12
0.03488,-2.88,0.16
0.0349,-2.84,0.12
0.03492,-2.72,0.1
0.03494,-2.84,0.14
0.03496,-2.84,0.08
0.03498,-2.92,0.16
0.035,-2.92,0.14
0.03502,-2.92,0.18
0.03504,-2.88,0.18
0.03506,-2.92,0.08
0.03508,-2.88,0.2
0.0351,-2.96,0.14
0.03512,-2.96,0.22
0.03514,-2.92,0.14
0.03516,-2.84,0.2
0.03518,-2.92,0.22
0.0352,-2.88,0.16
0.03522,-2.88,0.06
0.03524,-2.8,0.12
0.03526,-2.84,0.12
0.03528,-2.84,0.18
0.0353,-2.84,0.2
0.03532,-2.84,0.1
0.03534,-2.84,0.16
0.03536,-2.92,0.14
0.03538,-2.92,0.08
0.0354,-2.84,0.14
0.03542,-2.88,0.14
0.03544,-2.88,0.18
0.03546,-2.92,0.08
0.03548,-2.92,0.1
0.0355,-2.84,0.2
0.03552,-2.92,0.12
0.03554,-2.92,0.12
0.03556,-2.84,0.08
0.03558,-2.92,0.16
0.0356,-2.96,0.14
0.03562,-2.88,0.12
0.03564,-2.96,0.1
0.03566,-2.92,0.08
0.03568,-2.92,0.14
0.0357,-2.92,0.16
0.03572,-2.92,0.16
0.03574,-2.96,0.08
0.03576,-2.84,0.14
0.03578,-2.96,0.14
0.0358,-2.84,0.2
0.03582,-2.84,0.16
0.03584,-2.88,0.16
0.03586,-2.96,0.12
0.03588,-2.92,0.2
0.0359,-2.96,0.18
0.03592,-2.92,0.1
0.03594,-3,0.16
0.03596,-3,0.24
0.03598,-2.88,0.16
0.036,-2.8,0.14
0.03602,-2.84,0.14
0.03604,-2.96,0.12
0.03606,-2.84,0.16
0.03608,-2.92,0.06
0.0361,-2.88,0.18
0.03612,-2.96,0.16
0.03614,-3,0.14
0.03616,-2.92,0.08
0.03618,-2.96,0.14
0.0362,-2.88,0.12
0.03622,-2.88,0.14
0.03624,-2.84,0.2
0.03626,-2.88,0.16
0.03628,-2.96,0.06
0.0363,-3,0.1
0.03632,-2.88,0.16
0.03634,-2.84,0.1
0.03636,-2.84,0.1
0.03638,-2.92,0.2
0.0364,-2.84,0.18
0.03642,-2.92,0.24
0.03644,-2.88,0.2
0.03646,-2.96,0.12
0.03648,-2.96,0.18
0.0365,-2.88,0.14
0.03652,-2.92,0.2
0.03654,-2.92,0.14
0.03656,-2.96,0.12
0.03658,-2.84,0.2
0.0366,-2.88,0.12
0.03662,-2.92,0.14
0.03664,-2.96,0.12
0.03666,-2.96,0.12
0.03668,-2.84,0.14
0.0367,-2.84,0.12
0.03672,-2.92,0.2
0.03674,-2.88,0.1
0.03676,-2.88,0.14
0.03678,-2.8,0.2
0.0368,-2.92,0.16
0.03682,-2.88,0.18
0.03684,-2.92,0.1
0.03686,-2.84,0.12
0.03688,-2.92,0.06
0.0369,-2.92,0.08
0.03692,-2.88,0.1
0.03694,-2.96,0.14
0.03696,-2.84,0.2
0.03698,-2.92,0.22
0.037,-2.96,0.16
0.03702,-2.84,0.14
0.03704,-2.88,0.16
0.03706,-2.92,0.16
0.03708,-2.92,0.14
0.0371,-2.84,0.16
0.03712,-2.96,0.14
0.03714,-2.88,0.18
0.03716,-2.88,0.18
0.03718,-2.92,0.1
0.0372,-2.92,0.12
0.03722,-2.88,0.06
0.03724,-2.84,0.2
0.03726,-2.92,0.14
0.03728,-2.96,0.14
0.0373,-2.92,0.1
0.03732,-2.84,0.14
0.03734,-2.92,0.14
0.03736,-2.8,0.14
0.03738,-2.88,0.16
0.0374,-2.92,0.18
0.03742,-2.92,0.12
0.03744,-2.92,0.22
0.03746,-2.96,0.16
0.03748,-2.92,0.14
0.0375,-2.84,0.14
0.03752,-2.92,0.14
0.03754,-2.92,0.1
0.03756,-2.92,0.1
0.03758,-2.88,0.2
0.0376,-2.96,0.1
0.03762,-2.88,0.12
0.03764,-2.84,0.16
0.03766,-2.88,0.12
0.03768,-2.88,0.1
0.0377,-2.88,0.12
0.03772,-2.88,0.16
0.03774,-2.88,0.14
0.03776,-2.88,0.1
0.03778,-2.88,0.18
0.0378,-2.84,0.14
0.03782,-2.96,0.18
0.03784,-2.92,0.12
0.03786,-2.88,0.18
0.03788,-2.88,0.14
0.0379,-2.88,0.12
0.03792,-2.88,0.12
0.03794,-2.88,0.12
0.03796,-2.84,0.12
0.03798,-2.96,0.18
0.038,-2.84,0.06
0.03802,-2.92,0.06
0.03804,-2.92,0.06
0.03806,-2.92,0.1
0.03808,-2.88,0.06
0.0381,-2.92,0.08
0.03812,-2.92,0.2
0.03814,-2.8,0.08
0.03816,-2.88,0.1
0.03818,-2.84,0.1
0.0382,-2.84,0.18
0.03822,-2.92,0.06
0.03824,-2.96,0.06
0.03826,-2.88,0.08
0.03828,-2.8,0.16
0.0383,-2.8,0.14
0.03832,-2.84,0.2
0.03834,-2.84,0.04
0.03836,-2.8,0.08
0.03838,-2.92,0.16
0.0384,-2.92,0.04
0.03842,-2.84,0.14
0.03844,-2.92,0.08
0.03846,-2.96,0.1
0.03848,-2.96,0.14
0.0385,-2.8,0.02
0.03852,-2.88,0.08
0.03854,-2.88,0.08
0.03856,-2.84,0.18
0.03858,-2.92,0.12
0.0386,-2.88,0.14
0.03862,-2.84,0.12
0.03864,-2.84,0.12
0.03866,-2.96,0.08
0.03868,-2.92,0
0.0387,-2.84,0.04
0.03872,-2.88,0.14
0.03874,-2.88,0.08
0.03876,-2.88,0.08
0.03878,-2.84,0.04
0.0388,-2.92,0.04
0.03882,-2.84,0.04
0.03884,-2.84,0.16
0.03886,-2.92,0.12
0.03888,-2.84,0.1
0.0389,-2.84,0.16
0.03892,-2.88,0.08
0.03894,-2.92,0.14
0.03896,-2.92,0.04
0.03898,-2.84,0.06
0.039,-2.92,0.04
0.03902,-2.88,0.12
0.03904,-2.84,0.16
0.03906,-2.88,0.14
0.03908,-2.8,0.1
0.0391,-2.88,0.06
0.03912,-2.92,0.04
0.03914,-2.88,0.04
0.03916,-2.92,0.04
0.03918,-2.84,0.1
0.0392,-2.92,0.04
0.03922,-2.88,0.08
0.03924,-2.88,0.06
0.03926,-2.92,0.16
0.03928,-2.84,0.12
0.0393,-2.92,0.2
0.03932,-2.84,0.14
0.03934,-2.84,0.06
0.03936,-2.88,-0.04
0.03938,-2.84,0.12
0.0394,-2.84,0.12
0.03942,-2.84,0.04
0.03944,-2.8,0.06
0.03946,-2.84,0.12
0.03948,-2.84,0.1
0.0395,-2.8,0.14
0.03952,-2.76,0.1
0.03954,-2.84,0.1
0.03956,-2.88,0.16
0.03958,-2.84,0.02
0.0396,-2.84,0.04
0.03962,-2.88,0.04
0.03964,-2.92,0.12
0.03966,-2.92,0.08
0.03968,-2.8,0.06
0.0397,-2.84,0.1
0.03972,-2.92,0.12
0.03974,-2.8,0.02
0.03976,-2.84,0.12
0.03978,-2.88,0.1
0.0398,-2.8,0.1
0.03982,-2.84,0.06
0.03984,-2.8,0.1
0.03986,-2.84,0.1
0.03988,-2.88,0.1
0.0399,-2.88,0.22
0.03992,-2.84,0.14
0.03994,-2.8,0.08
0.03996,-2.92,0.04
0.03998,-2.84,0.08
0.04,-2.84,0.14
0.04002,-2.84,0.1
0.04004,-2.84,0.12
0.04006,-2.92,0.1
0.04008,-2.84,0.14
0.0401,-2.84,0.16
0.04012,-2.8,0.14
0.04014,-2.84,0.12
0.04016,-2.84,0.18
0.04018,-2.92,0.08
0.0402,-2.88,0.08
0.04022,-2.88,0.1
0.04024,-2.88,0
0.04026,-2.92,-0.02
0.04028,-2.92,0.1
0.0403,-2.88,0.12
0.04032,-2.84,0.14
0.04034,-2.84,0.08
0.04036,-2.88,0.06
0.04038,-2.84,0.08
0.0404,-2.84,0.1
0.04042,-2.84,0.1
0.04044,-2.84,0.14
0.04046,-2.84,0.14
0.04048,-2.88,0.16
0.0405,-2.84,0.1
0.04052,-2.84,0.06
0.04054,-2.92,0.06
0.04056,-2.96,0.04
0.04058,-2.92,0.06
0.0406,-2.92,0.14
0.04062,-2.88,0.1
0.04064,-2.88,0.22
0.04066,-2.92,0.24
0.04068,-2.84,0.1
0.0407,-2.88,0.1
0.04072,-2.92,0.12
0.04074,-2.92,0.1
0.04076,-2.92,0.14
0.04078,-2.92,0.04
0.0408,-2.84,0.04
0.04082,-2.96,0.1
0.04084,-2.88,0.1
0.04086,-2.88,0.08
0.04088,-2.92,0.16
0.0409,-2.88,0.14
0.04092,-2.84,0.18
0.04094,-2.8,0.1
0.04096,-2.84,0.1
0.04098,-2.92,0.16
0.041,-2.88,0.1
0.04102,-2.84,0.08
0.04104,-2.92,0.2
0.04106,-2.84,0.08
0.04108,-2.84,0.1
0.0411,-2.88,0.1
0.04112,-2.92,0.06
0.04114,-2.92,0.02
0.04116,-2.96,0.18
0.04118,-2.84,0.1
0.0412,-2.92,0.14
0.04122,-2.92,0.14
0.04124,-2.88,0.14
0.04126,-2.92,0.14
0.04128,-2.84,0.1
0.0413,-2.96,0.04
0.04132,-2.84,0.1
0.04134,-2.84,0.14
0.04136,-2.84,0.16
0.04138,-2.92,0.08
0.0414,-2.96,0.2
0.04142,-2.92,0.16
0.04144,-2.88,0.08
0.04146,-2.84,0.12
0.04148,-2.92,0.02
0.0415,-2.88,0.12
0.04152,-2.92,0.1
0.04154,-2.8,0.16
0.04156,-2.76,0.18
0.04158,-2.84,0.18
0.0416,-2.8,0.16
0.04162,-2.84,0.1
0.04164,-2.88,0.08
0.04166,-2.88,0.08
0.04168,-2.88,0.12
0.0417,-2.92,0.1
0.04172,-2.84,0.16
0.04174,-2.96,0.16
0.04176,-2.96,0.08
0.04178,-2.92,0.12
0.0418,-2.84,0.1
0.04182,-2.84,0.12
0.04184,-2.88,0.08
0.04186,-2.88,0.16
0.04188,-2.92,0.14
0.0419,-2.92,0
0.04192,-2.72,0.06
0.04194,-2.92,0.12
0.04196,-2.92,0.12
0.04198,-2.88,0.18
0.042,-2.84,0.08
0.04202,-2.92,0.14
0.04204,-2.92,0.16
0.04206,-2.8,0.18
0.04208,-2.84,0.08
0.0421,-2.84,0.08
0.04212,-2.84,0.14
0.04214,-2.88,0.1
0.04216,-2.84,0.08
0.04218,-2.84,0.1
0.0422,-2.92,0.16
0.04222,-2.92,0.12
0.04224,-3,0.1
0.04226,-2.84,0.08
0.04228,-2.92,0.14
0.0423,-2.96,0.08
0.04232,-2.88,0.14
0.04234,-2.84,0.06
0.04236,-2.88,0.06
0.04238,-2.92,0.12
0.0424,-2.92,0.16
0.04242,-2.92,0.16
0.04244,-2.92,0.06
0.04246,-2.76,0.02
0.04248,-2.84,0.12
0.0425,-2.92,0.16
0.04252,-2.84,0.18
0.04254,-2.92,0.1
0.04256,-2.88,0.06
0.04258,-2.92,0.16
0.0426,-2.88,0.12
0.04262,-2.92,0.14
0.04264,-2.96,0.08
0.04266,-2.96,0.16
0.04268,-2.88,0.14
0.0427,-2.92,0.1
0.04272,-2.96,0.06
0.04274,-2.92,0.14
0.04276,-2.96,0.16
0.04278,-2.92,0.14
0.0428,-2.84,0.08
0.04282,-2.96,0.06
0.04284,-2.96,0.12
0.04286,-2.92,0.14
0.04288,-2.92,0.12
0.0429,-2.96,0.14
0.04292,-2.92,0.1
0.04294,-2.96,0.1
0.04296,-2.92,0.12
0.04298,-2.92,0.16
0.043,-2.88,0.06
0.04302,-2.84,0.1
0.04304,-2.84,0.16
0.04306,-2.88,0.1
0.04308,-2.84,0.1
0.0431,-2.92,0.14
0.04312,-2.96,0.2
0.04314,-2.96,0.12
0.04316,-2.92,0.1
0.04318,-2.92,0.14
0.0432,-2.88,0.02
0.04322,-2.96,0.14
0.04324,-2.92,0.1
0.04326,-2.96,0.12
0.04328,-2.92,0.04
0.0433,-2.88,0.14
0.04332,-2.96,0.1
0.04334,-2.92,0.06
0.04336,-2.96,0.06
0.04338,-2.92,0.06
0.0434,-2.96,0.14
0.04342,-2.84,0.1
0.04344,-2.92,0.12
0.04346,-2.92,0.12
0.04348,-2.84,0.14
0.0435,-2.92,0.04
0.04352,-2.92,0.06
0.04354,-2.84,0.08
0.04356,-2.88,0.1
0.04358,-2.96,0.08
0.0436,-2.88,0.08
0.04362,-2.8,0.14
0.04364,-2.88,0.1
0.04366,-2.84,0.16
0.04368,-2.84,0.14
0.0437,-2.92,0.14
0.04372,-2.88,0
0.04374,-2.88,0.06
0.04376,-2.92,0
0.04378,-2.84,0.08
0.0438,-2.88,0.08
0.04382,-2.84,0.12
0.04384,-2.92,0.04
0.04386,-2.88,0.14
0.04388,-2.88,0.16
0.0439,-2.88,0.08
0.04392,-2.88,0.12
0.04394,-2.88,0.12
0.04396,-2.88,0.16
0.04398,-2.88,0.1
0.044,-2.84,0.14
0.04402,-2.84,0.16
0.04404,-2.88,0.16
0.04406,-2.96,0.06
0.04408,-2.84,0.12
0.0441,-2.88,0.14
0.04412,-2.92,0.08
0.04414,-2.88,0.08
0.04416,-2.84,0.1
0.04418,-2.88,0.16
0.0442,-2.84,0.2
0.04422,-2.84,0.12
0.04424,-2.88,0.16
0.04426,-2.84,0.18
0.04428,-2.8,0.18
0.0443,-2.84,0.04
0.04432,-2.96,0.12
0.04434,-2.88,0.12
0.04436,-2.92,0.14
0.04438,-2.84,0.06
0.0444,-2.84,0.1
0.04442,-2.88,0.18
0.04444,-2.88,0.1
0.04446,-2.88,0.1
0.04448,-2.92,0.16
0.0445,-2.84,0.14
0.04452,-2.84,0.1
0.04454,-2.84,0.16
0.04456,-2.88,0.22
0.04458,-2.8,0.06
0.0446,-2.8,0.2
0.04462,-2.84,0.16
0.04464,-2.84,0.06
0.04466,-2.88,0.16
0.04468,-2.76,0.28
0.0447,-2.96,0.12
0.04472,-2.92,0.12
0.04474,-2.84,0.14
0.04476,-2.92,0.12
0.04478,-2.8,0.16
0.0448,-2.84,0.14
0.04482,-2.84,0.14
0.04484,-2.76,0.2
0.04486,-2.8,0.16
0.04488,-2.84,0.08
0.0449,-2.88,0.16
0.04492,-2.84,0.12
0.04494,-2.8,0.24
0.04496,-2.92,0.2
0.04498,-2.84,0.12
0.045,-2.92,0.1
0.04502,-2.88,0.16
0.04504,-2.84,0.02
0.04506,-2.84,0.12
0.04508,-2.88,0.12
0.0451,-2.8,0.1
0.04512,-2.92,0.16
0.04514,-3,0.16
0.04516,-2.88,0.14
0.04518,-2.88,0.14
0.0452,-2.84,0.16
0.04522,-2.84,0.2
0.04524,-2.96,0.22
0.04526,-2.96,0.2
0.04528,-2.88,0.06
0.0453,-2.92,0.24
0.04532,-2.84,0.04
0.04534,-2.92,0.1
0.04536,-2.92,0.2
0.04538,-2.88,0.04
0.0454,-2.84,0.06
0.04542,-2.92,0.18
0.04544,-2.92,0.2
0.04546,-2.84,0.22
0.04548,-2.8,0.14
0.0455,-2.84,0.06
0.04552,-2.84,0.1
0.04554,-2.88,0.18
0.04556,-2.96,0.1
0.04558,-2.84,0.24
0.0456,-2.88,0.24
0.04562,-2.84,0.12
0.04564,-2.92,0.12
0.04566,-2.76,0.18
0.04568,-2.92,0.2
0.0457,-2.84,0.16
0.04572,-2.84,0.14
0.04574,-2.88,0.18
0.04576,-2.88,0.18
0.04578,-2.88,0.2
0.0458,-2.84,0.12
0.04582,-2.92,0.18
0.04584,-2.92,0.14
0.04586,-2.92,0.16
0.04588,-2.88,0.16
0.0459,-2.92,0.14
0.04592,-2.84,0.06
0.04594,-2.92,0.18
0.04596,-2.92,0.12
0.04598,-2.92,0.14
0.046,-2.84,0.08
0.04602,-2.84,0.12
0.04604,-2.84,0.16
0.04606,-2.88,0.14
0.04608,-2.92,0.16
0.0461,-3,0.18
0.04612,-2.88,0.14
0.04614,-2.88,0.12
0.04616,-2.96,0.18
0.04618,-2.92,0.1
0.0462,-2.92,0.04
0.04622,-2.96,0.1
0.04624,-3.04,0.16
0.04626,-2.96,0.18
0.04628,-2.88,0.1
0.0463,-2.92,0.18
0.04632,-2.84,0.24
0.04634,-2.88,0.1
0.04636,-2.88,0.16
0.04638,-2.88,0.16
0.0464,-2.92,0.08
0.04642,-2.84,0.16
0.04644,-2.96,0.16
0.04646,-2.92,0.14
0.04648,-2.8,0.1
0.0465,-2.92,0.1
0.04652,-2.96,0.18
0.04654,-2.96,0.14
0.04656,-2.96,0.02
0.04658,-2.96,0.24
0.0466,-2.92,0.18
0.04662,-2.92,0.14
0.04664,-2.96,0.16
0.04666,-2.92,0.22
0.04668,-2.88,0.16
0.0467,-2.88,0.16
0.04672,-2.88,0.02
0.04674,-2.88,0.04
0.04676,-2.96,0.08
0.04678,-2.92,0.12
0.0468,-2.92,0.14
0.04682,-2.84,0.14
0.04684,-2.92,0.2
0.04686,-2.88,0.2
0.04688,-2.84,0.14
0.0469,-2.96,0.24
0.04692,-2.88,0.12
0.04694,-2.92,0.08
0.04696,-2.96,0.1
0.04698,-2.76,0.26
0.047,-2.84,0.16
0.04702,-2.84,0.2
0.04704,-2.84,0.14
0.04706,-2.96,0.18
0.04708,-2.92,0.14
0.0471,-2.88,0.1
0.04712,-2.92,0.1
0.04714,-2.92,0.18
0.04716,-2.92,0.14
0.04718,-2.92,0.1
0.0472,-2.88,0.2
0.04722,-2.96,0.2
0.04724,-2.88,0.06
0.04726,-2.84,0.14
0.04728,-2.92,0.06
0.0473,-2.88,0.04
0.04732,-2.92,0.04
0.04734,-2.92,0.06
0.04736,-2.88,0.02
0.04738,-2.96,0.16
0.0474,-2.8,0.12
0.04742,-2.84,0.08
0.04744,-3,0.06
0.04746,-2.84,0.04
0.04748,-2.84,0.1
0.0475,-2.84,0.12
0.04752,-2.96,0.12
0.04754,-2.84,0.12
0.04756,-2.88,0.08
0.04758,-2.84,0.08
0.0476,-2.8,0.12
0.04762,-2.84,0.2
0.04764,-2.88,0.1
0.04766,-2.84,0.08
0.04768,-2.88,0.06
0.0477,-2.92,0.06
0.04772,-2.84,0.12
0.04774,-2.88,0.06
0.04776,-2.96,-0.04
0.04778,-2.92,0.16
0.0478,-2.88,0.14
0.04782,-2.76,0.1
0.04784,-2.92,0.08
0.04786,-2.92,0.02
0.04788,-2.92,0.08
0.0479,-2.84,0.14
0.04792,-2.88,0.1
0.04794,-2.92,0.1
0.04796,-2.84,0.12
0.04798,-2.88,0.14
0.048,-2.88,0.16
0.04802,-2.92,0.12
0.04804,-2.92,0.12
0.04806,-2.8,0.12
0.04808,-2.92,-0.02
0.0481,-2.8,0.08
0.04812,-2.8,0.12
0.04814,-2.76,0.14
0.04816,-2.88,0.1
0.04818,-2.88,0.1
0.0482,-2.84,0.08
0.04822,-2.88,0.1
0.04824,-2.92,0.04
0.04826,-2.88,0.16
0.04828,-2.88,0.1
0.0483,-3,0.02
0.04832,-2.8,0.1
0.04834,-2.8,0.12
0.04836,-2.92,0.14
0.04838,-2.84,0.16
