-0.01,-2.64,0.16
-0.00998,-2.64,0.16
-0.00996,-2.64,0.16
-0.00994,-2.56,0.08
-0.00992,-2.64,0.16
-0.0099,-2.64,0.16
-0.00988,-2.64,0.16
-0.00986,-2.64,0.16
-0.00984,-2.64,0.16
-0.00982,-2.64,0.16
-0.0098,-2.64,0.16
-0.00978,-2.64,0.16
-0.00976,-2.64,0.16
-0.00974,-2.64,0.16
-0.00972,-2.64,0.16
-0.0097,-2.64,0.16
-0.00968,-2.64,0.16
-0.00966,-2.64,0.16
-0.00964,-2.64,0.16
-0.00962,-2.64,0.16
-0.0096,-2.64,0.16
-0.00958,-2.64,0.16
-0.00956,-2.72,0.08
-0.00954,-2.64,0.16
-0.00952,-2.64,0.16
-0.0095,-2.64,0.16
-0.00948,-2.64,0.16
-0.00946,-2.64,0.16
-0.00944,-2.64,0.16
-0.00942,-2.64,0.16
-0.0094,-2.64,0.16
-0.00938,-2.64,0.16
-0.00936,-2.64,0.16
-0.00934,-2.64,0.16
-0.00932,-2.64,0.16
-0.0093,-2.64,0.16
-0.00928,-2.64,0.16
-0.00926,-2.64,0.16
-0.00924,-2.64,0.16
-0.00922,-2.64,0.16
-0.0092,-2.64,0.16
-0.00918,-2.64,0.16
-0.00916,-2.64,0.16
-0.00914,-2.64,0.16
-0.00912,-2.56,0.16
-0.0091,-2.64,0.16
-0.00908,-2.64,0.16
-0.00906,-2.56,0.16
-0.00904,-2.64,0.16
-0.00902,-2.64,0.16
-0.009,-2.64,0.16
-0.00898,-2.64,0.16
-0.00896,-2.64,0.16
-0.00894,-2.64,0.16
-0.00892,-2.64,0.16
-0.0089,-2.64,0.16
-0.00888,-2.64,0.16
-0.00886,-2.64,0.16
-0.00884,-2.64,0.16
-0.00882,-2.64,0.16
-0.0088,-2.56,0.16
-0.00878,-2.56,0.16
-0.00876,-2.64,0.16
-0.00874,-2.64,0.16
-0.00872,-2.56,0.16
-0.0087,-2.64,0.16
-0.00868,-2.64,0.16
-0.00866,-2.64,0.16
-0.00864,-2.64,0.16
-0.00862,-2.64,0.16
-0.0086,-2.64,0.16
-0.00858,-2.64,0.16
-0.00856,-2.64,0.16
-0.00854,-2.64,0.16
-0.00852,-2.64,0.16
-0.0085,-2.64,0.16
-0.00848,-2.64,0.16
-0.00846,-2.64,0.16
-0.00844,-2.64,0.16
-0.00842,-2.64,0.16
-0.0084,-2.64,0.16
-0.00838,-2.56,0.16
-0.00836,-2.64,0.16
-0.00834,-2.64,0.16
-0.00832,-2.64,0.16
-0.0083,-2.64,0.16
-0.00828,-2.64,0.16
-0.00826,-2.64,0.16
-0.00824,-2.64,0.16
-0.00822,-2.64,0.16
-0.0082,-2.64,0.16
-0.00818,-2.56,0.16
-0.00816,-2.64,0.16
-0.00814,-2.56,0.16
-0.00812,-2.64,0.16
-0.0081,-2.64,0.16
-0.00808,-2.64,0.16
-0.00806,-2.64,0.16
-0.00804,-2.64,0.16
-0.00802,-2.64,0.16
-0.008,-2.64,0.16
-0.00798,-2.64,0.16
-0.00796,-2.64,0.16
-0.00794,-2.64,0.16
-0.00792,-2.64,0.16
-0.0079,-2.56,0.16
-0.00788,-2.64,0.16
-0.00786,-2.64,0.16
-0.00784,-2.64,0.16
-0.00782,-2.64,0.16
-0.0078,-2.64,0.16
-0.00778,-2.64,0.16
-0.00776,-2.64,0.16
-0.00774,-2.64,0.16
-0.00772,-2.64,0.16
-0.0077,-2.64,0.16
-0.00768,-2.64,0.16
-0.00766,-2.64,0.16
-0.00764,-2.64,0.16
-0.00762,-2.64,0.16
-0.0076,-2.64,0.16
-0.00758,-2.64,0.16
-0.00756,-2.64,0.16
-0.00754,-2.64,0.16
-0.00752,-2.64,0.16
-0.0075,-2.64,0.16
-0.00748,-2.64,0.16
-0.00746,-2.64,0.16
-0.00744,-2.64,0.16
-0.00742,-2.64,0.16
-0.0074,-2.64,0.16
-0.00738,-2.64,0.16
-0.00736,-2.64,0.16
-0.00734,-2.64,0.16
-0.00732,-2.64,0.16
-0.0073,-2.64,0.16
-0.00728,-2.64,0.16
-0.00726,-2.64,0.16
-0.00724,-2.64,0.16
-0.00722,-2.64,0.16
-0.0072,-2.64,0.16
-0.00718,-2.64,0.16
-0.00716,-2.64,0.08
-0.00714,-2.64,0.16
-0.00712,-2.64,0.08
-0.0071,-2.64,0.16
-0.00708,-2.64,0.16
-0.00706,-2.64,0.16
-0.00704,-2.64,0.16
-0.00702,-2.64,0.16
-0.007,-2.56,0.16
-0.00698,-2.64,0.16
-0.00696,-2.64,0.24
-0.00694,-2.64,0.16
-0.00692,-2.64,0.24
-0.0069,-2.64,0.16
-0.00688,-2.56,0.16
-0.00686,-2.64,0.16
-0.00684,-2.64,0.16
-0.00682,-2.64,0.16
-0.0068,-2.64,0.16
-0.00678,-2.64,0.16
-0.00676,-2.64,0.16
-0.00674,-2.64,0.16
-0.00672,-2.64,0.16
-0.0067,-2.64,0.16
-0.00668,-2.64,0.16
-0.00666,-2.56,0.16
-0.00664,-2.64,0.16
-0.00662,-2.64,0.16
-0.0066,-2.64,0.16
-0.00658,-2.64,0.16
-0.00656,-2.64,0.16
-0.00654,-2.64,0.16
-0.00652,-2.64,0.16
-0.0065,-2.64,0.16
-0.00648,-2.64,0.16
-0.00646,-2.64,0.16
-0.00644,-2.64,0.16
-0.00642,-2.64,0.16
-0.0064,-2.64,0.16
-0.00638,-2.64,0.16
-0.00636,-2.64,0.16
-0.00634,-2.64,0.16
-0.00632,-2.64,0.16
-0.0063,-2.64,0.16
-0.00628,-2.64,0.16
-0.00626,-2.64,0.16
-0.00624,-2.64,0.16
-0.00622,-2.64,0.16
-0.0062,-2.64,0.16
-0.00618,-2.64,0.16
-0.00616,-2.64,0.16
-0.00614,-2.64,0.16
-0.00612,-2.64,0.16
-0.0061,-2.64,0.16
-0.00608,-2.64,0.16
-0.00606,-2.64,0.24
-0.00604,-2.64,0.16
-0.00602,-2.64,0.16
-0.006,-2.64,0.16
-0.00598,-2.64,0.16
-0.00596,-2.64,0.16
-0.00594,-2.72,0.16
-0.00592,-2.64,0.16
-0.0059,-2.64,0.16
-0.00588,-2.64,0.16
-0.00586,-2.64,0.16
-0.00584,-2.64,0.16
-0.00582,-2.64,0.16
-0.0058,-2.64,0.16
-0.00578,-2.64,0.16
-0.00576,-2.64,0.16
-0.00574,-2.64,0.16
-0.00572,-2.64,0.16
-0.0057,-2.64,0.16
-0.00568,-2.64,0.16
-0.00566,-2.64,0.24
-0.00564,-2.72,0.16
-0.00562,-2.64,0.16
-0.0056,-2.64,0.16
-0.00558,-2.64,0.16
-0.00556,-2.64,0.16
-0.00554,-2.64,0.16
-0.00552,-2.64,0.16
-0.0055,-2.64,0.16
-0.00548,-2.64,0.16
-0.00546,-2.64,0.16
-0.00544,-2.64,0.16
-0.00542,-2.64,0.16
-0.0054,-2.64,0.16
-0.00538,-2.64,0.16
-0.00536,-2.64,0.16
-0.00534,-2.72,0.16
-0.00532,-2.64,0.16
-0.0053,-2.64,0.16
-0.00528,-2.72,0.16
-0.00526,-2.64,0.16
-0.00524,-2.64,0.16
-0.00522,-2.64,0.16
-0.0052,-2.64,0.16
-0.00518,-2.64,0.16
-0.00516,-2.64,0.16
-0.00514,-2.64,0.16
-0.00512,-2.64,0.16
-0.0051,-2.64,0.16
-0.00508,-2.64,0.16
-0.00506,-2.64,0.08
-0.00504,-2.72,0.16
-0.00502,-2.64,0.16
-0.005,-2.64,0.16
-0.00498,-2.64,0.16
-0.00496,-2.72,0.08
-0.00494,-2.64,0.16
-0.00492,-2.64,0.16
-0.0049,-2.64,0.16
-0.00488,-2.64,0.16
-0.00486,-2.64,0.16
-0.00484,-2.72,0.16
-0.00482,-2.64,0.16
-0.0048,-2.64,0.16
-0.00478,-2.72,0.16
-0.00476,-2.64,0.16
-0.00474,-2.64,0.16
-0.00472,-2.72,0.16
-0.0047,-2.64,0.24
-0.00468,-2.64,0.16
-0.00466,-2.64,0.16
-0.00464,-2.64,0.16
-0.00462,-2.64,0.16
-0.0046,-2.64,0.16
-0.00458,-2.64,0.16
-0.00456,-2.64,0.16
-0.00454,-2.64,0.16
-0.00452,-2.64,0.16
-0.0045,-2.64,0.16
-0.00448,-2.64,0.16
-0.00446,-2.64,0.16
-0.00444,-2.64,0.16
-0.00442,-2.64,0.16
-0.0044,-2.64,0.16
-0.00438,-2.64,0.16
-0.00436,-2.64,0.16
-0.00434,-2.64,0.16
-0.00432,-2.64,0.16
-0.0043,-2.64,0.16
-0.00428,-2.64,0.16
-0.00426,-2.64,0.16
-0.00424,-2.64,0.16
-0.00422,-2.64,0.16
-0.0042,-2.64,0.16
-0.00418,-2.64,0.16
-0.00416,-2.64,0.16
-0.00414,-2.64,0.16
-0.00412,-2.64,0.16
-0.0041,-2.64,0.16
-0.00408,-2.64,0.16
-0.00406,-2.64,0.16
-0.00404,-2.64,0.16
-0.00402,-2.64,0.16
-0.004,-2.64,0.16
-0.00398,-2.64,0.16
-0.00396,-2.64,0.16
-0.00394,-2.64,0.16
-0.00392,-2.56,0.08
-0.0039,-2.64,0.16
-0.00388,-2.64,0.16
-0.00386,-2.64,0.16
-0.00384,-2.64,0.16
-0.00382,-2.64,0.16
-0.0038,-2.64,0.16
-0.00378,-2.64,0.16
-0.00376,-2.64,0.16
-0.00374,-2.64,0.16
-0.00372,-2.64,0.16
-0.0037,-2.64,0.16
-0.00368,-2.64,0.16
-0.00366,-2.64,0.16
-0.00364,-2.64,0.16
-0.00362,-2.64,0.16
-0.0036,-2.64,0.16
-0.00358,-2.64,0.16
-0.00356,-2.64,0.16
-0.00354,-2.64,0.16
-0.00352,-2.64,0.16
-0.0035,-2.64,0.16
-0.00348,-2.64,0.16
-0.00346,-2.64,0.16
-0.00344,-2.64,0.16
-0.00342,-2.64,0.16
-0.0034,-2.64,0.16
-0.00338,-2.56,0.16
-0.00336,-2.64,0.16
-0.00334,-2.56,0.16
-0.00332,-2.64,0.16
-0.0033,-2.64,0.16
-0.00328,-2.64,0.16
-0.00326,-2.64,0.16
-0.00324,-2.64,0.16
-0.00322,-2.64,0.16
-0.0032,-2.64,0.16
-0.00318,-2.64,0.16
-0.00316,-2.64,0.16
-0.00314,-2.64,0.16
-0.00312,-2.64,0.16
-0.0031,-2.64,0.16
-0.00308,-2.64,0.16
-0.00306,-2.64,0.16
-0.00304,-2.64,0.16
-0.00302,-2.64,0.16
-0.003,-2.64,0.16
-0.00298,-2.64,0.16
-0.00296,-2.72,0.16
-0.00294,-2.64,0.16
-0.00292,-2.64,0.16
-0.0029,-2.64,0.16
-0.00288,-2.64,0.16
-0.00286,-2.64,0.24
-0.00284,-2.64,0.16
-0.00282,-2.64,0.16
-0.0028,-2.64,0.16
-0.00278,-2.64,0.16
-0.00276,-2.64,0.16
-0.00274,-2.64,0.16
-0.00272,-2.64,0.16
-0.0027,-2.64,0.16
-0.00268,-2.64,0.16
-0.00266,-2.64,0.16
-0.00264,-2.64,0.16
-0.00262,-2.72,0.16
-0.0026,-2.64,0.16
-0.00258,-2.64,0.16
-0.00256,-2.64,0.16
-0.00254,-2.64,0.16
-0.00252,-2.64,0.16
-0.0025,-2.64,0.16
-0.00248,-2.64,0.16
-0.00246,-2.64,0.16
-0.00244,-2.64,0.16
-0.00242,-2.64,0.16
-0.0024,-2.64,0.16
-0.00238,-2.64,0.16
-0.00236,-2.64,0.16
-0.00234,-2.64,0.16
-0.00232,-2.64,0.08
-0.0023,-2.64,0.16
-0.00228,-2.64,0.16
-0.00226,-2.64,0.16
-0.00224,-2.64,0.16
-0.00222,-2.64,0.16
-0.0022,-2.64,0.16
-0.00218,-2.56,0.16
-0.00216,-2.64,0.16
-0.00214,-2.56,0.16
-0.00212,-2.64,0.16
-0.0021,-2.64,0.16
-0.00208,-2.64,0.16
-0.00206,-2.64,0.16
-0.00204,-2.64,0.16
-0.00202,-2.64,0.16
-0.002,-2.64,0.16
-0.00198,-2.64,0.16
-0.00196,-2.64,0.16
-0.00194,-2.64,0.16
-0.00192,-2.64,0.16
-0.0019,-2.64,0.16
-0.00188,-2.64,0.16
-0.00186,-2.64,0.16
-0.00184,-2.56,0.16
-0.00182,-2.64,0.16
-0.0018,-2.64,0.16
-0.00178,-2.64,0.16
-0.00176,-2.64,0.16
-0.00174,-2.64,0.16
-0.00172,-2.64,0.16
-0.0017,-2.64,0.16
-0.00168,-2.64,0.16
-0.00166,-2.64,0.16
-0.00164,-2.64,0.16
-0.00162,-2.64,0.16
-0.0016,-2.64,0.16
-0.00158,-2.64,0.16
-0.00156,-2.64,0.16
-0.00154,-2.64,0.16
-0.00152,-2.64,0.16
-0.0015,-2.64,0.16
-0.00148,-2.64,0.16
-0.00146,-2.64,0.16
-0.00144,-2.64,0.16
-0.00142,-2.64,0.16
-0.0014,-2.72,0.16
-0.00138,-2.64,0.16
-0.00136,-2.64,0.16
-0.00134,-2.64,0.16
-0.00132,-2.64,0.16
-0.0013,-2.64,0.16
-0.00128,-2.64,0.16
-0.00126,-2.64,0.16
-0.00124,-2.64,0.16
-0.00122,-2.64,0.16
-0.0012,-2.64,0.16
-0.00118,-2.64,0.16
-0.00116,-2.64,0.16
-0.00114,-2.64,0.24
-0.00112,-2.64,0.16
-0.0011,-2.64,0.16
-0.00108,-2.64,0.16
-0.00106,-2.64,0.16
-0.00104,-2.64,0.16
-0.00102,-2.64,0.16
-0.001,-2.64,0.16
-0.00098,-2.64,0.24
-0.00096,-2.64,0.16
-0.00094,-2.64,0.16
-0.00092,-2.64,0.16
-0.0009,-2.64,0.16
-0.00088,-2.64,0.16
-0.00086,-2.64,0.16
-0.00084,-2.72,0.16
-0.00082,-2.64,0.16
-0.0008,-2.64,0.16
-0.00078,-2.64,0.16
-0.00076,-2.64,0.16
-0.00074,-2.64,0.16
-0.00072,-2.64,0.16
-0.0007,-2.64,0.16
-0.00068,-2.64,0.16
-0.00066,-2.64,0.16
-0.00064,-2.64,0.16
-0.00062,-2.64,0.16
-0.0006,-2.64,0.16
-0.00058,-2.64,0.16
-0.00056,-2.64,0.16
-0.00054,-2.64,0.16
-0.00052,-2.72,0.16
-0.0005,-2.64,0.16
-0.00048,-2.64,0.16
-0.00046,-2.64,0.16
-0.00044,-2.64,0.16
-0.00042,-2.64,0.16
-0.0004,-2.64,0.16
-0.00038,-2.64,0.16
-0.00036,-2.64,0.16
-0.00034,-2.64,0.16
-0.00032,-2.64,0.16
-0.0003,-2.64,0.16
-0.00028,-2.64,0.16
-0.00026,-2.64,0.16
-0.00024,-2.64,0.16
-0.00022,-2.64,0.16
-0.0002,-2.72,0.16
-0.00018,-2.64,0.16
-0.00016,-2.64,0.16
-0.00014,-2.64,0.16
-0.00012,-2.64,0.16
-0.0001,-2.64,0.16
-8e-005,-2.64,0.16
-6e-005,-2.64,0.16
-4e-005,-2.64,0.16
-2e-005,-3.2,-0.64
0,-7.2,3.12
2e-005,-7.2,7.28
4e-005,-7.2,7.28
6e-005,-7.2,7.28
8e-005,-7.12,-1.84
0.0001,0.88,-3.68
0.00012,3.76,-1.92
0.00014,3.6,-2.64
0.00016,3.52,-2.88
0.00018,3.6,-2.8
0.0002,3.76,-2.64
0.00022,3.84,-2.56
0.00024,3.92,-2.4
0.00026,4,-2.24
0.00028,4,-2.08
0.0003,4,-1.92
0.00032,4,-1.76
0.00034,4,-1.68
0.00036,4,-1.52
0.00038,4,-1.36
0.0004,4,-1.28
0.00042,3.92,-1.04
0.00044,3.92,-0.96
0.00046,3.92,-0.8
0.00048,3.84,-0.64
0.0005,3.84,-0.56
0.00052,3.76,-0.4
0.00054,3.68,-0.24
0.00056,3.68,-0.08
0.00058,3.6,0
0.0006,3.52,0.16
0.00062,3.36,0.32
0.00064,3.28,0.4
0.00066,3.2,0.48
0.00068,3.12,0.64
0.0007,2.96,0.8
0.00072,2.88,0.88
0.00074,2.8,0.96
0.00076,2.72,1.04
0.00078,2.56,1.12
0.0008,2.48,1.2
0.00082,2.4,1.28
0.00084,2.24,1.36
0.00086,2.16,1.36
0.00088,2,1.44
0.0009,1.92,1.6
0.00092,1.76,1.6
0.00094,1.68,1.68
0.00096,1.6,1.68
0.00098,1.36,1.76
0.001,1.28,1.76
0.00102,1.2,1.84
0.00104,1.04,1.84
0.00106,0.96,1.92
0.00108,0.8,1.92
0.0011,0.72,1.92
0.00112,0.56,1.92
0.00114,0.4,2
0.00116,0.32,2
0.00118,0.24,2
0.0012,0.08,2
0.00122,-0.08,2
0.00124,-0.16,2
0.00126,-0.24,1.92
0.00128,-0.4,2
0.0013,-0.48,1.92
0.00132,-0.64,1.92
0.00134,-0.72,1.92
0.00136,-0.8,1.92
0.00138,-0.88,1.84
0.0014,-0.96,1.76
0.00142,-1.04,1.76
0.00144,-1.12,1.76
0.00146,-1.2,1.76
0.00148,-1.36,1.68
0.0015,-1.44,1.68
0.00152,-1.52,1.6
0.00154,-1.6,1.6
0.00156,-1.68,1.52
0.00158,-1.68,1.44
0.0016,-1.84,1.44
0.00162,-1.84,1.36
0.00164,-1.92,1.36
0.00166,-2,1.28
0.00168,-2,1.28
0.0017,-2,1.2
0.00172,-2.08,1.2
0.00174,-2.08,1.12
0.00176,-2.16,1.12
0.00178,-2.24,1.04
0.0018,-2.32,0.96
0.00182,-2.32,0.96
0.00184,-2.4,0.88
0.00186,-2.4,0.88
0.00188,-2.48,0.8
0.0019,-2.48,0.8
0.00192,-2.48,0.72
0.00194,-2.48,0.72
0.00196,-2.56,0.64
0.00198,-2.56,0.64
0.002,-2.56,0.64
0.00202,-2.56,0.56
0.00204,-2.56,0.56
0.00206,-2.56,0.48
0.00208,-2.64,0.48
0.0021,-2.64,0.4
0.00212,-2.64,0.4
0.00214,-2.72,0.32
0.00216,-2.72,0.32
0.00218,-2.72,0.24
0.0022,-2.64,0.32
0.00222,-2.64,0.24
0.00224,-2.72,0.24
0.00226,-2.64,0.24
0.00228,-2.64,0.24
0.0023,-2.64,0.16
0.00232,-2.64,0.16
0.00234,-2.64,0.16
0.00236,-2.64,0.16
0.00238,-2.64,0.08
0.0024,-2.64,0.08
0.00242,-2.64,0.08
0.00244,-2.64,0.08
0.00246,-2.64,0.08
0.00248,-2.64,0
0.0025,-2.64,0.08
0.00252,-2.64,0.08
0.00254,-2.64,0
0.00256,-2.64,0.08
0.00258,-2.64,0
0.0026,-2.64,0.08
0.00262,-2.64,0.08
0.00264,-2.56,0.08
0.00266,-2.64,0.08
0.00268,-2.56,0.08
0.0027,-2.64,0.08
0.00272,-2.56,0.08
0.00274,-2.64,0.08
0.00276,-2.56,0.08
0.00278,-2.56,0.08
0.0028,-2.56,0
0.00282,-2.56,0.08
0.00284,-2.56,0.08
0.00286,-2.64,0.08
0.00288,-2.56,0.08
0.0029,-2.56,0.08
0.00292,-2.56,0.08
0.00294,-2.56,0.16
0.00296,-2.56,0.08
0.00298,-2.64,0.08
0.003,-2.64,0.16
0.00302,-0.96,7.28
0.00304,7.12,7.28
0.00306,7.12,7.28
0.00308,7.12,7.28
0.0031,7.04,7.28
0.00312,7.12,7.28
0.00314,7.04,7.28
0.00316,-2.4,4.56
0.00318,-1.76,1.6
0.0032,-1.68,1.2
0.00322,-2.32,0.08
0.00324,-2.48,-0.32
0.00326,-2.4,-0.48
0.00328,-2.4,-0.56
0.0033,-2.4,-0.64
0.00332,-2.4,-0.72
0.00334,-2.4,-0.72
0.00336,-2.32,-0.72
0.00338,-2.32,-0.72
0.0034,-2.32,-0.72
0.00342,-2.24,-0.72
0.00344,-2.16,-0.8
0.00346,-2.08,-0.8
0.00348,-2.08,-0.8
0.0035,-2,-0.72
0.00352,-2,-0.72
0.00354,-2,-0.72
0.00356,-1.92,-0.72
0.00358,-1.92,-0.64
0.0036,-1.92,-0.64
0.00362,-1.92,-0.64
0.00364,-1.84,-0.64
0.00366,-1.84,-0.64
0.00368,-1.84,-0.56
0.0037,-1.76,-0.48
0.00372,-1.76,-0.48
0.00374,-1.68,-0.48
0.00376,-1.68,-0.48
0.00378,-1.76,-0.4
0.0038,-1.68,-0.32
0.00382,-1.68,-0.32
0.00384,-1.68,-0.32
0.00386,-1.68,-0.24
0.00388,-1.68,-0.24
0.0039,-1.68,-0.16
0.00392,-1.68,-0.16
0.00394,-1.76,-0.16
0.00396,-1.76,-0.08
0.00398,-1.76,-0.08
0.004,-1.76,-0.08
0.00402,-1.84,-0.08
0.00404,-1.84,0
0.00406,-1.84,0
0.00408,-1.84,0
0.0041,-1.92,0
0.00412,-1.92,0
0.00414,-1.92,0.08
0.00416,-2,0
0.00418,-2,0
0.0042,-2.08,0
0.00422,-2.08,0.08
0.00424,-2.08,0
0.00426,-2.16,0.08
0.00428,-2.16,0
0.0043,-2.24,0
0.00432,-2.32,0
0.00434,-2.32,0
0.00436,-2.32,-0.08
0.00438,-2.4,-0.08
0.0044,-2.4,-0.08
0.00442,-2.48,-0.16
0.00444,-2.48,-0.16
0.00446,-2.56,-0.24
0.00448,-2.56,-0.24
0.0045,-2.56,-0.32
0.00452,-2.64,-0.32
0.00454,-2.64,-0.4
0.00456,-2.64,-0.48
0.00458,-2.64,-0.48
0.0046,-2.72,-0.56
0.00462,-2.72,-0.64
0.00464,-2.8,-0.64
0.00466,-2.72,-0.72
0.00468,-2.8,-0.8
0.0047,-2.72,-0.88
0.00472,-2.8,-0.96
0.00474,-2.8,-1.04
0.00476,-2.8,-1.12
0.00478,-2.8,-1.12
0.0048,-2.8,-1.2
0.00482,-2.8,-1.28
0.00484,-2.8,-1.36
0.00486,-2.72,-1.36
0.00488,-2.8,-1.52
0.0049,-2.8,-1.52
0.00492,-2.72,-1.68
0.00494,-2.72,-1.68
0.00496,-2.72,-1.84
0.00498,-2.64,-1.84
0.005,-2.56,-1.92
0.00502,-2.56,-2
0.00504,-2.56,-2.08
0.00506,-2.48,-2.16
0.00508,-2.4,-2.24
0.0051,-2.4,-2.32
0.00512,-2.32,-2.32
0.00514,-2.32,-2.48
0.00516,-2.24,-2.56
0.00518,-2.24,-2.56
0.0052,-2.08,-2.56
0.00522,-2.08,-2.64
0.00524,-2,-2.72
0.00526,-1.92,-2.8
0.00528,-1.84,-2.88
0.0053,-1.76,-2.88
0.00532,-1.68,-2.88
0.00534,-1.6,-2.96
0.00536,-1.6,-2.96
0.00538,-1.44,-3.04
0.0054,-1.44,-3.04
0.00542,-1.36,-3.12
0.00544,-1.28,-3.2
0.00546,-1.2,-3.12
0.00548,-1.12,-3.2
0.0055,-0.96,-3.2
0.00552,-0.96,-3.2
0.00554,-0.88,-3.2
0.00556,-0.8,-3.2
0.00558,-0.64,-3.28
0.0056,-0.56,-3.2
0.00562,-0.48,-3.2
0.00564,-0.4,-3.12
0.00566,-0.32,-3.12
0.00568,-0.24,-3.12
0.0057,-0.24,-3.12
0.00572,-0.16,-3.12
0.00574,0,-3.12
0.00576,0,-3.04
0.00578,0.08,-2.96
0.0058,0.16,-2.96
0.00582,0.24,-2.96
0.00584,0.32,-2.88
0.00586,0.4,-2.8
0.00588,0.4,-2.8
0.0059,0.56,-2.72
0.00592,0.64,-2.72
0.00594,0.64,-2.64
0.00596,0.72,-2.56
0.00598,0.8,-2.48
0.006,0.8,-2.48
0.00602,0.88,-2.4
0.00604,0.88,-2.32
0.00606,0.88,-2.24
0.00608,0.96,-2.24
0.0061,1.04,-2.08
0.00612,1.04,-2.08
0.00614,1.12,-1.92
0.00616,1.12,-1.92
0.00618,1.12,-1.76
0.0062,1.2,-1.76
0.00622,1.2,-1.6
0.00624,1.2,-1.6
0.00626,1.2,-1.52
0.00628,1.2,-1.36
0.0063,1.2,-1.36
0.00632,1.2,-1.28
0.00634,1.2,-1.2
0.00636,1.28,-1.12
0.00638,1.2,-1.04
0.0064,1.2,-0.96
0.00642,1.2,-0.88
0.00644,1.2,-0.8
0.00646,1.2,-0.72
0.00648,1.2,-0.64
0.0065,1.12,-0.56
0.00652,1.12,-0.48
0.00654,1.12,-0.4
0.00656,1.04,-0.4
0.00658,1.04,-0.24
0.0066,1.04,-0.24
0.00662,1.04,-0.16
0.00664,0.88,-0.08
0.00666,0.88,0
0.00668,0.88,0
0.0067,0.8,0.08
0.00672,0.72,0.24
0.00674,0.64,0.24
0.00676,0.72,0.32
0.00678,0.64,0.32
0.0068,0.56,0.4
0.00682,0.56,0.48
0.00684,0.48,0.48
0.00686,0.4,0.56
0.00688,0.32,0.64
0.0069,0.24,0.64
0.00692,0.24,0.64
0.00694,0.16,0.72
0.00696,0.08,0.72
0.00698,0,0.8
0.007,0,0.8
0.00702,-0.08,0.88
0.00704,-0.16,0.88
0.00706,-0.16,0.88
0.00708,-0.24,0.96
0.0071,-0.32,0.88
0.00712,-0.4,0.96
0.00714,-0.4,1.04
0.00716,-0.56,1.04
0.00718,-0.56,1.04
0.0072,-0.64,1.04
0.00722,-0.72,1.04
0.00724,-0.72,1.04
0.00726,-0.8,1.04
0.00728,-0.88,1.04
0.0073,-0.96,1.04
0.00732,-0.96,1.04
0.00734,-1.04,1.04
0.00736,-1.12,1.04
0.00738,-1.12,1.04
0.0074,-1.28,1.04
0.00742,-1.2,1.04
0.00744,-1.28,1.04
0.00746,-1.36,1.04
0.00748,-1.36,1.04
0.0075,-1.44,1.04
0.00752,-1.52,1.04
0.00754,-1.6,1.04
0.00756,-1.68,1.04
0.00758,-1.68,0.96
0.0076,-1.68,1.04
0.00762,-1.76,0.96
0.00764,-1.76,0.96
0.00766,-1.76,0.96
0.00768,-1.84,0.96
0.0077,-1.92,0.96
0.00772,-1.92,0.88
0.00774,-2,0.88
0.00776,-2,0.8
0.00778,-2.08,0.8
0.0078,-2.08,0.8
0.00782,-2.16,0.8
0.00784,-2.16,0.8
0.00786,-2.16,0.8
0.00788,-2.24,0.72
0.0079,-2.24,0.72
0.00792,-2.24,0.72
0.00794,-2.32,0.64
0.00796,-2.32,0.64
0.00798,-2.32,0.64
0.008,-2.4,0.64
0.00802,-2.32,0.64
0.00804,-2.4,0.56
0.00806,-2.4,0.56
0.00808,-2.4,0.56
0.0081,-2.48,0.56
0.00812,-2.48,0.48
0.00814,-2.48,0.48
0.00816,-2.56,0.48
0.00818,-2.56,0.48
0.0082,-2.48,0.4
0.00822,-2.56,0.4
0.00824,-2.56,0.4
0.00826,-2.56,0.4
0.00828,-2.56,0.4
0.0083,-2.56,0.4
0.00832,-2.56,0.4
0.00834,-2.56,0.32
0.00836,-2.56,0.32
0.00838,-2.64,0.32
0.0084,-2.64,0.32
0.00842,-2.64,0.32
0.00844,-2.64,0.32
0.00846,-2.64,0.24
0.00848,-2.64,0.24
0.0085,-2.64,0.32
0.00852,-2.64,0.24
0.00854,-2.64,0.24
0.00856,-2.64,0.24
0.00858,-2.56,0.24
0.0086,-2.56,0.24
0.00862,-2.64,0.16
0.00864,-2.64,0.16
0.00866,-2.56,0.16
0.00868,-2.64,0.16
0.0087,-2.64,0.16
0.00872,-2.64,0.16
0.00874,-2.64,0.16
0.00876,-2.64,0.16
0.00878,-2.64,0.16
0.0088,-2.64,0.16
0.00882,-2.64,0.16
0.00884,-2.64,0.16
0.00886,-2.64,0.16
0.00888,-2.56,0.16
0.0089,-2.64,0.16
0.00892,-2.64,0.16
0.00894,-2.64,0.16
0.00896,-2.64,0.16
0.00898,-2.64,0.16
0.009,-2.56,0.16
0.00902,-2.64,0.16
0.00904,-2.64,0.16
0.00906,-5.28,5.28
0.00908,7.12,7.28
0.0091,7.12,7.28
0.00912,7.12,7.28
0.00914,7.12,7.28
0.00916,7.12,7.28
0.00918,7.04,7.28
0.0092,3.12,6.96
0.00922,-2.24,1.92
0.00924,-1.36,2.32
0.00926,-1.92,1.2
0.00928,-2.24,0.56
0.0093,-2.32,0.4
0.00932,-2.4,0.24
0.00934,-2.4,0.08
0.00936,-2.4,0
0.00938,-2.4,0
0.0094,-2.32,-0.08
0.00942,-2.4,0
0.00944,-2.32,0
0.00946,-2.32,0
0.00948,-2.24,0
0.0095,-2.24,0
0.00952,-2.24,-0.08
0.00954,-2.16,-0.08
0.00956,-2.24,-0.08
0.00958,-2.16,-0.08
0.0096,-2.16,-0.08
0.00962,-2.16,-0.08
0.00964,-2.16,-0.08
0.00966,-2.16,0
0.00968,-2.16,-0.08
0.0097,-2.16,-0.08
0.00972,-2.16,0
0.00974,-2.16,0
0.00976,-2.08,0
0.00978,-2.08,0
0.0098,-2.08,0
0.00982,-2.08,0
0.00984,-2.16,0.08
0.00986,-2.08,0.08
0.00988,-2.16,0.08
0.0099,-2.16,0.08
0.00992,-2.16,0.16
0.00994,-2.16,0.16
0.00996,-2.16,0.16
0.00998,-2.24,0.16
0.01,-2.16,0.16
0.01002,-2.24,0.24
0.01004,-2.24,0.16
0.01006,-2.24,0.24
0.01008,-2.24,0.24
0.0101,-2.24,0.16
0.01012,-2.32,0.24
0.01014,-2.32,0.16
0.01016,-2.32,0.24
0.01018,-2.32,0.24
0.0102,-2.4,0.16
0.01022,-2.4,0.24
0.01024,-2.4,0.16
0.01026,-2.4,0.16
0.01028,-2.48,0.16
0.0103,-2.48,0.16
0.01032,-2.48,0.16
0.01034,-2.56,0.08
0.01036,-2.56,0.16
0.01038,-2.56,0.08
0.0104,-2.56,0.08
0.01042,-2.64,0
0.01044,-2.64,0
0.01046,-2.64,0
0.01048,-2.72,-0.08
0.0105,-2.72,-0.08
0.01052,-2.8,-0.08
0.01054,-2.8,-0.16
0.01056,-2.8,-0.16
0.01058,-2.8,-0.24
0.0106,-2.8,-0.24
0.01062,-2.88,-0.32
0.01064,-2.88,-0.32
0.01066,-2.88,-0.4
0.01068,-2.8,-0.4
0.0107,-2.88,-0.48
0.01072,-2.88,-0.56
0.01074,-2.8,-0.64
0.01076,-2.88,-0.64
0.01078,-2.88,-0.64
0.0108,-2.88,-0.72
0.01082,-2.88,-0.72
0.01084,-2.88,-0.8
0.01086,-2.88,-0.88
0.01088,-2.88,-0.96
0.0109,-2.88,-0.96
0.01092,-2.8,-0.96
0.01094,-2.8,-1.04
0.01096,-2.8,-1.12
0.01098,-2.72,-1.2
0.011,-2.72,-1.2
0.01102,-2.72,-1.28
0.01104,-2.64,-1.28
0.01106,-2.64,-1.36
0.01108,-2.56,-1.36
0.0111,-2.64,-1.44
0.01112,-2.64,-1.52
0.01114,-2.56,-1.52
0.01116,-2.56,-1.52
0.01118,-2.48,-1.6
0.0112,-2.4,-1.68
0.01122,-2.4,-1.68
0.01124,-2.32,-1.76
0.01126,-2.24,-1.76
0.01128,-2.24,-1.84
0.0113,-2.24,-1.84
0.01132,-2.16,-1.92
0.01134,-2.08,-1.92
0.01136,-2.08,-1.92
0.01138,-2,-1.92
0.0114,-2,-1.92
0.01142,-1.92,-2
0.01144,-1.84,-2
0.01146,-1.84,-2
0.01148,-1.76,-2
0.0115,-1.68,-2
0.01152,-1.6,-2.08
0.01154,-1.52,-2.08
0.01156,-1.52,-2.08
0.01158,-1.44,-2
0.0116,-1.36,-2.08
0.01162,-1.36,-2.08
0.01164,-1.28,-2.08
0.01166,-1.2,-2
0.01168,-1.12,-2
0.0117,-1.12,-2
0.01172,-1.04,-2
0.01174,-1.04,-2
0.01176,-0.96,-1.92
0.01178,-0.88,-2
0.0118,-0.88,-1.92
0.01182,-0.8,-1.92
0.01184,-0.8,-1.84
0.01186,-0.72,-1.76
0.01188,-0.64,-1.76
0.0119,-0.64,-1.76
0.01192,-0.56,-1.76
0.01194,-0.56,-1.68
0.01196,-0.48,-1.68
0.01198,-0.48,-1.6
0.012,-0.4,-1.6
0.01202,-0.4,-1.52
0.01204,-0.4,-1.44
0.01206,-0.32,-1.44
0.01208,-0.32,-1.36
0.0121,-0.32,-1.36
0.01212,-0.24,-1.28
0.01214,-0.24,-1.28
0.01216,-0.24,-1.2
0.01218,-0.16,-1.12
0.0122,-0.16,-1.12
0.01222,-0.16,-0.96
0.01224,-0.16,-0.96
0.01226,-0.16,-0.96
0.01228,-0.16,-0.88
0.0123,-0.16,-0.8
0.01232,-0.08,-0.72
0.01234,-0.16,-0.72
0.01236,-0.16,-0.64
0.01238,-0.08,-0.56
0.0124,-0.16,-0.56
0.01242,-0.16,-0.48
0.01244,-0.16,-0.4
0.01246,-0.16,-0.32
0.01248,-0.16,-0.32
0.0125,-0.16,-0.24
0.01252,-0.16,-0.16
0.01254,-0.24,-0.16
0.01256,-0.24,-0.08
0.01258,-0.24,0
0.0126,-0.32,0
0.01262,-0.32,0
0.01264,-0.32,0.16
0.01266,-0.4,0.16
0.01268,-0.4,0.24
0.0127,-0.48,0.24
0.01272,-0.48,0.32
0.01274,-0.48,0.32
0.01276,-0.48,0.4
0.01278,-0.56,0.4
0.0128,-0.56,0.4
0.01282,-0.64,0.48
0.01284,-0.72,0.48
0.01286,-0.72,0.56
0.01288,-0.72,0.56
0.0129,-0.88,0.56
0.01292,-0.8,0.64
0.01294,-0.88,0.64
0.01296,-0.96,0.64
0.01298,-1.04,0.72
0.013,-1.04,0.72
0.01302,-1.04,0.72
0.01304,-1.12,0.72
0.01306,-1.12,0.72
0.01308,-1.2,0.8
0.0131,-1.2,0.8
0.01312,-1.28,0.72
0.01314,-1.36,0.8
0.01316,-1.36,0.8
0.01318,-1.44,0.8
0.0132,-1.44,0.8
0.01322,-1.52,0.8
0.01324,-1.6,0.8
0.01326,-1.6,0.8
0.01328,-1.68,0.8
0.0133,-1.68,0.8
0.01332,-1.76,0.8
0.01334,-1.76,0.8
0.01336,-1.84,0.8
0.01338,-1.76,0.72
0.0134,-1.84,0.72
0.01342,-1.84,0.8
0.01344,-1.92,0.72
0.01346,-1.92,0.72
0.01348,-2,0.72
0.0135,-2.08,0.64
0.01352,-2.08,0.64
0.01354,-2.16,0.64
0.01356,-2.16,0.64
0.01358,-2.16,0.64
0.0136,-2.24,0.64
0.01362,-2.24,0.56
0.01364,-2.24,0.56
0.01366,-2.24,0.56
0.01368,-2.24,0.56
0.0137,-2.32,0.56
0.01372,-2.32,0.56
0.01374,-2.32,0.48
0.01376,-2.32,0.48
0.01378,-2.32,0.48
0.0138,-2.4,0.4
0.01382,-2.4,0.4
0.01384,-2.4,0.4
0.01386,-2.48,0.4
0.01388,-2.4,0.4
0.0139,-2.4,0.4
0.01392,-2.4,0.4
0.01394,-2.4,0.32
0.01396,-2.48,0.32
0.01398,-2.48,0.32
0.014,-2.4,0.32
0.01402,-2.4,0.32
0.01404,-2.48,0.32
0.01406,-2.4,0.32
0.01408,-2.4,0.24
0.0141,-2.48,0.16
0.01412,-2.48,0.24
0.01414,-2.48,0.24
0.01416,-2.48,0.16
0.01418,-2.48,0.16
0.0142,-2.48,0.16
0.01422,-2.48,0.16
0.01424,-2.48,0.16
0.01426,-2.4,0.16
0.01428,-2.48,0.16
0.0143,-2.4,0.24
0.01432,-2.4,0.16
0.01434,-2.4,0.16
0.01436,-2.4,0.16
0.01438,-2.4,0.08
0.0144,-2.4,0.16
0.01442,-2.4,0.16
0.01444,-2.4,0.16
0.01446,-2.4,0.16
0.01448,-2.4,0.16
0.0145,-2.4,0.16
0.01452,-2.4,0.16
0.01454,-2.32,0.16
0.01456,-2.32,0.16
0.01458,-2.32,0.16
0.0146,-2.32,0.16
0.01462,-2.32,0.24
0.01464,-2.4,0.24
0.01466,-2.32,0.24
0.01468,-2.32,0.24
0.0147,-2.32,0.24
0.01472,-2.32,0.24
0.01474,-2.32,0.32
0.01476,-2.4,0.32
0.01478,-2.32,0.24
0.0148,-2.32,0.24
0.01482,-2.4,0.32
0.01484,-2.32,0.32
0.01486,-2.32,0.32
0.01488,-2.32,0.32
0.0149,-2.32,0.32
0.01492,-2.32,0.32
0.01494,-2.32,0.32
0.01496,-2.32,0.32
0.01498,-2.4,0.32
0.015,-2.32,0.4
0.01502,-2.4,0.4
0.01504,-2.4,0.4
0.01506,-2.4,0.4
0.01508,-2.4,0.4
0.0151,-2.96,1.28
0.01512,6.4,7.36
0.01514,7.12,7.28
0.01516,7.12,7.28
0.01518,7.12,7.28
0.0152,7.12,7.28
0.01522,7.12,7.28
0.01524,6.56,7.28
0.01526,-2.72,2.48
0.01528,-1.52,2.16
0.0153,-1.84,1.36
0.01532,-2.32,0.48
0.01534,-2.48,0.16
0.01536,-2.48,0
0.01538,-2.48,-0.16
0.0154,-2.48,-0.24
0.01542,-2.48,-0.24
0.01544,-2.4,-0.32
0.01546,-2.4,-0.24
0.01548,-2.4,-0.32
0.0155,-2.32,-0.32
0.01552,-2.32,-0.32
0.01554,-2.32,-0.32
0.01556,-2.32,-0.32
0.01558,-2.24,-0.32
0.0156,-2.16,-0.32
0.01562,-2.24,-0.32
0.01564,-2.24,-0.32
0.01566,-2.16,-0.32
0.01568,-2.24,-0.32
0.0157,-2.08,-0.32
0.01572,-2.08,-0.32
0.01574,-2.08,-0.32
0.01576,-2.08,-0.24
0.01578,-2.08,-0.24
0.0158,-2,-0.24
0.01582,-2,-0.24
0.01584,-2,-0.24
0.01586,-2,-0.16
0.01588,-2,-0.08
0.0159,-1.92,-0.16
0.01592,-2,-0.08
0.01594,-2,-0.08
0.01596,-2,-0.08
0.01598,-2,0
0.016,-2,0
0.01602,-2,0
0.01604,-2,0
0.01606,-2,0.08
0.01608,-2,0.08
0.0161,-2,0.16
0.01612,-2,0.08
0.01614,-2,0.16
0.01616,-2,0.16
0.01618,-2.08,0.24
0.0162,-2.08,0.24
0.01622,-2.08,0.24
0.01624,-2.08,0.24
0.01626,-2.16,0.24
0.01628,-2.16,0.24
0.0163,-2.16,0.24
0.01632,-2.16,0.32
0.01634,-2.16,0.32
0.01636,-2.16,0.32
0.01638,-2.16,0.32
0.0164,-2.24,0.32
0.01642,-2.24,0.32
0.01644,-2.24,0.32
0.01646,-2.24,0.32
0.01648,-2.32,0.24
0.0165,-2.4,0.24
0.01652,-2.4,0.24
0.01654,-2.4,0.24
0.01656,-2.48,0.24
0.01658,-2.48,0.24
0.0166,-2.48,0.24
0.01662,-2.48,0.16
0.01664,-2.48,0.16
0.01666,-2.56,0.16
0.01668,-2.56,0.16
0.0167,-2.56,0.16
0.01672,-2.56,0.08
0.01674,-2.56,0.08
0.01676,-2.64,0.08
0.01678,-2.64,0
0.0168,-2.64,0
0.01682,-2.64,0
0.01684,-2.72,0
0.01686,-2.72,-0.08
0.01688,-2.72,-0.16
0.0169,-2.72,-0.16
0.01692,-2.72,-0.16
0.01694,-2.64,-0.24
0.01696,-2.72,-0.24
0.01698,-2.64,-0.24
0.017,-2.72,-0.32
0.01702,-2.72,-0.32
0.01704,-2.64,-0.32
0.01706,-2.72,-0.4
0.01708,-2.64,-0.4
0.0171,-2.72,-0.48
0.01712,-2.64,-0.48
0.01714,-2.72,-0.48
0.01716,-2.64,-0.56
0.01718,-2.64,-0.64
0.0172,-2.64,-0.64
0.01722,-2.64,-0.64
0.01724,-2.64,-0.72
0.01726,-2.56,-0.72
0.01728,-2.56,-0.72
0.0173,-2.48,-0.8
0.01732,-2.48,-0.8
0.01734,-2.48,-0.8
0.01736,-2.48,-0.88
0.01738,-2.4,-0.88
0.0174,-2.4,-0.88
0.01742,-2.4,-0.96
0.01744,-2.32,-0.96
0.01746,-2.32,-0.96
0.01748,-2.32,-0.96
0.0175,-2.24,-0.96
0.01752,-2.16,-1.04
0.01754,-2.16,-1.04
0.01756,-2.16,-1.04
0.01758,-2.08,-1.04
0.0176,-2,-1.12
0.01762,-2.08,-1.04
0.01764,-2,-1.04
0.01766,-1.92,-1.04
0.01768,-2,-1.04
0.0177,-1.92,-1.04
0.01772,-1.84,-1.12
0.01774,-1.84,-1.04
0.01776,-1.84,-1.04
0.01778,-1.76,-1.12
0.0178,-1.76,-1.12
0.01782,-1.68,-1.04
0.01784,-1.68,-1.04
0.01786,-1.6,-1.04
0.01788,-1.6,-1.04
0.0179,-1.52,-1.04
0.01792,-1.52,-0.96
0.01794,-1.52,-0.96
0.01796,-1.44,-0.88
0.01798,-1.44,-0.96
0.018,-1.44,-0.88
0.01802,-1.36,-0.88
0.01804,-1.44,-0.88
0.01806,-1.36,-0.88
0.01808,-1.36,-0.8
0.0181,-1.28,-0.72
0.01812,-1.28,-0.8
0.01814,-1.2,-0.72
0.01816,-1.2,-0.64
0.01818,-1.28,-0.64
0.0182,-1.2,-0.64
0.01822,-1.2,-0.64
0.01824,-1.12,-0.56
0.01826,-1.12,-0.56
0.01828,-1.12,-0.56
0.0183,-1.12,-0.48
0.01832,-1.2,-0.48
0.01834,-1.12,-0.4
0.01836,-1.2,-0.4
0.01838,-1.12,-0.32
0.0184,-1.12,-0.32
0.01842,-1.12,-0.24
0.01844,-1.12,-0.24
0.01846,-1.04,-0.16
0.01848,-1.04,-0.16
0.0185,-1.12,-0.16
0.01852,-1.12,-0.08
0.01854,-1.12,-0.08
0.01856,-1.12,-0.08
0.01858,-1.12,0
0.0186,-1.12,0
0.01862,-1.2,0.08
0.01864,-1.2,0.08
0.01866,-1.2,0.08
0.01868,-1.2,0.16
0.0187,-1.2,0.16
0.01872,-1.2,0.16
0.01874,-1.28,0.24
0.01876,-1.28,0.32
0.01878,-1.28,0.32
0.0188,-1.28,0.32
0.01882,-1.36,0.32
0.01884,-1.36,0.4
0.01886,-1.36,0.4
0.01888,-1.36,0.4
0.0189,-1.44,0.4
0.01892,-1.44,0.48
0.01894,-1.52,0.4
0.01896,-1.44,0.48
0.01898,-1.52,0.48
0.019,-1.52,0.48
0.01902,-1.6,0.48
0.01904,-1.6,0.56
0.01906,-1.6,0.56
0.01908,-1.68,0.56
0.0191,-1.68,0.56
0.01912,-1.68,0.56
0.01914,-1.68,0.64
0.01916,-1.76,0.56
0.01918,-1.84,0.56
0.0192,-1.84,0.56
0.01922,-1.92,0.64
0.01924,-1.92,0.56
0.01926,-1.92,0.56
0.01928,-1.92,0.56
0.0193,-2,0.56
0.01932,-2,0.56
0.01934,-2,0.56
0.01936,-2,0.56
0.01938,-2,0.64
0.0194,-2.08,0.56
0.01942,-2.08,0.56
0.01944,-2.16,0.56
0.01946,-2.16,0.56
0.01948,-2.16,0.56
0.0195,-2.16,0.48
0.01952,-2.24,0.48
0.01954,-2.24,0.56
0.01956,-2.24,0.48
0.01958,-2.32,0.48
0.0196,-2.32,0.48
0.01962,-2.32,0.48
0.01964,-2.32,0.48
0.01966,-2.32,0.4
0.01968,-2.32,0.4
0.0197,-2.32,0.4
0.01972,-2.4,0.4
0.01974,-2.4,0.4
0.01976,-2.4,0.4
0.01978,-2.4,0.4
0.0198,-2.4,0.4
0.01982,-2.48,0.32
0.01984,-2.4,0.32
0.01986,-2.48,0.4
0.01988,-2.48,0.32
0.0199,-2.48,0.32
0.01992,-2.4,0.32
0.01994,-2.48,0.24
0.01996,-2.48,0.32
0.01998,-2.4,0.24
0.02,-2.48,0.24
0.02002,-2.48,0.24
0.02004,-2.48,0.24
0.02006,-2.48,0.24
0.02008,-2.48,0.24
0.0201,-2.48,0.24
0.02012,-2.48,0.16
0.02014,-2.48,0.24
0.02016,-2.48,0.24
0.02018,-2.48,0.16
0.0202,-2.48,0.16
0.02022,-2.48,0.16
0.02024,-2.48,0.16
0.02026,-2.48,0.16
0.02028,-2.4,0.16
0.0203,-2.48,0.16
0.02032,-2.4,0.16
0.02034,-2.4,0.16
0.02036,-2.48,0.16
0.02038,-2.48,0.16
0.0204,-2.4,0.16
0.02042,-2.4,0.24
0.02044,-2.4,0.16
0.02046,-2.4,0.16
0.02048,-2.4,0.16
0.0205,-2.4,0.16
0.02052,-2.4,0.24
0.02054,-2.4,0.24
0.02056,-2.4,0.24
0.02058,-2.4,0.16
0.0206,-2.32,0.24
0.02062,-2.32,0.24
0.02064,-2.4,0.24
0.02066,-2.4,0.24
0.02068,-2.32,0.24
0.0207,-2.4,0.24
0.02072,-2.4,0.24
0.02074,-2.4,0.32
0.02076,-2.4,0.24
0.02078,-2.4,0.32
0.0208,-2.4,0.32
0.02082,-2.4,0.32
0.02084,-2.4,0.32
0.02086,-2.4,0.32
0.02088,-2.32,0.32
0.0209,-2.32,0.32
0.02092,-2.4,0.4
0.02094,-2.4,0.4
0.02096,-2.4,0.4
0.02098,-2.4,0.4
0.021,-2.4,0.4
0.02102,-2.4,0.4
0.02104,-2.4,0.4
0.02106,-2.4,0.4
0.02108,-2.4,0.4
0.0211,-2.4,0.4
0.02112,-2.4,0.4
0.02114,-2.4,0.4
0.02116,-1.52,7.28
0.02118,7.12,7.28
0.0212,7.12,7.28
0.02122,7.12,7.28
0.02124,7.12,7.28
0.02126,7.12,7.28
0.02128,7.04,7.28
0.0213,-0.64,5.6
0.02132,-2,1.92
0.02134,-1.52,1.92
0.02136,-2.16,0.8
0.02138,-2.4,0.32
0.0214,-2.4,0.16
0.02142,-2.48,0
0.02144,-2.48,-0.16
0.02146,-2.48,-0.16
0.02148,-2.4,-0.24
0.0215,-2.4,-0.24
0.02152,-2.32,-0.24
0.02154,-2.4,-0.24
0.02156,-2.32,-0.24
0.02158,-2.32,-0.24
0.0216,-2.24,-0.24
0.02162,-2.32,-0.32
0.02164,-2.24,-0.24
0.02166,-2.24,-0.32
0.02168,-2.24,-0.32
0.0217,-2.16,-0.24
0.02172,-2.16,-0.24
0.02174,-2.08,-0.24
0.02176,-2.08,-0.24
0.02178,-2.08,-0.24
0.0218,-2.08,-0.24
0.02182,-2,-0.16
0.02184,-2.08,-0.16
0.02186,-2.08,-0.16
0.02188,-2.08,-0.08
0.0219,-2,-0.08
0.02192,-2,-0.08
0.02194,-2,0
0.02196,-2,-0.08
0.02198,-2,0
0.022,-2,0
0.02202,-2,0
0.02204,-2,0.08
0.02206,-2,0.08
0.02208,-2,0.08
0.0221,-2,0.08
0.02212,-2,0.16
0.02214,-1.92,0.16
0.02216,-2,0.16
0.02218,-2,0.24
0.0222,-2,0.16
0.02222,-2,0.24
0.02224,-2,0.24
0.02226,-2.08,0.32
0.02228,-2.08,0.32
0.0223,-2.08,0.32
0.02232,-2.16,0.32
0.02234,-2.08,0.32
0.02236,-2.16,0.32
0.02238,-2.16,0.4
0.0224,-2.16,0.4
0.02242,-2.16,0.32
0.02244,-2.16,0.4
0.02246,-2.24,0.4
0.02248,-2.24,0.4
0.0225,-2.32,0.4
0.02252,-2.32,0.4
0.02254,-2.32,0.4
0.02256,-2.32,0.4
0.02258,-2.4,0.4
0.0226,-2.4,0.4
0.02262,-2.4,0.4
0.02264,-2.4,0.4
0.02266,-2.48,0.4
0.02268,-2.4,0.4
0.0227,-2.48,0.32
0.02272,-2.48,0.4
0.02274,-2.48,0.32
0.02276,-2.56,0.32
0.02278,-2.56,0.32
0.0228,-2.56,0.32
0.02282,-2.56,0.24
0.02284,-2.64,0.24
0.02286,-2.64,0.24
0.02288,-2.64,0.24
0.0229,-2.64,0.16
0.02292,-2.64,0.16
0.02294,-2.64,0.16
0.02296,-2.64,0.08
0.02298,-2.64,0.08
0.023,-2.64,0.08
0.02302,-2.64,0
0.02304,-2.64,0
0.02306,-2.72,0
0.02308,-2.72,0
0.0231,-2.72,-0.08
0.02312,-2.72,-0.08
0.02314,-2.64,-0.08
0.02316,-2.64,-0.16
0.02318,-2.64,-0.16
0.0232,-2.72,-0.24
0.02322,-2.64,-0.24
0.02324,-2.64,-0.24
0.02326,-2.64,-0.32
0.02328,-2.64,-0.32
0.0233,-2.56,-0.32
0.02332,-2.56,-0.32
0.02334,-2.56,-0.4
0.02336,-2.56,-0.4
0.02338,-2.56,-0.4
0.0234,-2.56,-0.4
0.02342,-2.56,-0.48
0.02344,-2.56,-0.48
0.02346,-2.56,-0.48
0.02348,-2.48,-0.56
0.0235,-2.4,-0.56
0.02352,-2.4,-0.56
0.02354,-2.4,-0.56
0.02356,-2.4,-0.56
0.02358,-2.32,-0.56
0.0236,-2.32,-0.56
0.02362,-2.32,-0.56
0.02364,-2.24,-0.64
0.02366,-2.32,-0.64
0.02368,-2.24,-0.64
0.0237,-2.24,-0.64
0.02372,-2.16,-0.64
0.02374,-2.16,-0.64
0.02376,-2.16,-0.64
0.02378,-2.16,-0.64
0.0238,-2.08,-0.64
0.02382,-2.08,-0.64
0.02384,-2.08,-0.64
0.02386,-2,-0.64
0.02388,-2,-0.64
0.0239,-1.92,-0.64
0.02392,-1.92,-0.56
0.02394,-1.92,-0.64
0.02396,-1.92,-0.56
0.02398,-1.92,-0.56
0.024,-1.84,-0.48
0.02402,-1.84,-0.56
0.02404,-1.84,-0.48
0.02406,-1.84,-0.48
0.02408,-1.76,-0.4
0.0241,-1.76,-0.4
0.02412,-1.76,-0.4
0.02414,-1.76,-0.4
0.02416,-1.68,-0.4
0.02418,-1.68,-0.4
0.0242,-1.68,-0.32
0.02422,-1.6,-0.4
0.02424,-1.68,-0.32
0.02426,-1.6,-0.32
0.02428,-1.6,-0.32
0.0243,-1.68,-0.32
0.02432,-1.68,-0.24
0.02434,-1.6,-0.24
0.02436,-1.6,-0.24
0.02438,-1.68,-0.16
0.0244,-1.6,-0.08
0.02442,-1.6,-0.08
0.02444,-1.6,-0.08
0.02446,-1.6,-0.08
0.02448,-1.6,0
0.0245,-1.6,0
0.02452,-1.6,0
0.02454,-1.6,0
0.02456,-1.6,0
0.02458,-1.6,0.08
0.0246,-1.68,0.08
0.02462,-1.68,0.08
0.02464,-1.68,0.16
0.02466,-1.68,0.16
0.02468,-1.68,0.16
0.0247,-1.68,0.16
0.02472,-1.68,0.24
0.02474,-1.76,0.24
0.02476,-1.76,0.24
0.02478,-1.76,0.24
0.0248,-1.76,0.32
0.02482,-1.76,0.24
0.02484,-1.76,0.32
0.02486,-1.84,0.32
0.02488,-1.84,0.4
0.0249,-1.92,0.4
0.02492,-1.92,0.4
0.02494,-1.92,0.4
0.02496,-1.92,0.4
0.02498,-1.92,0.4
0.025,-2,0.4
0.02502,-1.92,0.4
0.02504,-2,0.4
0.02506,-2,0.48
0.02508,-2,0.48
0.0251,-2,0.48
0.02512,-2.08,0.4
0.02514,-2.08,0.48
0.02516,-2.08,0.48
0.02518,-2.08,0.48
0.0252,-2.08,0.48
0.02522,-2.16,0.48
0.02524,-2.24,0.48
0.02526,-2.24,0.48
0.02528,-2.24,0.48
0.0253,-2.24,0.48
0.02532,-2.24,0.48
0.02534,-2.24,0.48
0.02536,-2.24,0.48
0.02538,-2.24,0.4
0.0254,-2.24,0.48
0.02542,-2.32,0.48
0.02544,-2.32,0.48
0.02546,-2.32,0.4
0.02548,-2.32,0.4
0.0255,-2.4,0.4
0.02552,-2.4,0.4
0.02554,-2.4,0.4
0.02556,-2.4,0.4
0.02558,-2.4,0.4
0.0256,-2.48,0.32
0.02562,-2.48,0.4
0.02564,-2.48,0.32
0.02566,-2.48,0.32
0.02568,-2.48,0.32
0.0257,-2.48,0.32
0.02572,-2.48,0.32
0.02574,-2.48,0.32
0.02576,-2.48,0.32
0.02578,-2.48,0.24
0.0258,-2.48,0.32
0.02582,-2.56,0.32
0.02584,-2.48,0.24
0.02586,-2.48,0.24
0.02588,-2.56,0.24
0.0259,-2.56,0.24
0.02592,-2.48,0.24
0.02594,-2.48,0.24
0.02596,-2.48,0.16
0.02598,-2.48,0.16
0.026,-2.48,0.16
0.02602,-2.48,0.16
0.02604,-2.48,0.16
0.02606,-2.48,0.16
0.02608,-2.48,0.16
0.0261,-2.48,0.16
0.02612,-2.48,0.16
0.02614,-2.48,0.16
0.02616,-2.48,0.16
0.02618,-2.48,0.16
0.0262,-2.48,0.16
0.02622,-2.4,0.16
0.02624,-2.48,0.16
0.02626,-2.4,0.16
0.02628,-2.4,0.16
0.0263,-2.48,0.16
0.02632,-2.4,0.16
0.02634,-2.4,0.16
0.02636,-2.4,0.16
0.02638,-2.4,0.16
0.0264,-2.4,0.16
0.02642,-2.4,0.16
0.02644,-2.4,0.16
0.02646,-2.4,0.16
0.02648,-2.32,0.16
0.0265,-2.4,0.16
0.02652,-2.4,0.16
0.02654,-2.32,0.16
0.02656,-2.32,0.24
0.02658,-2.4,0.16
0.0266,-2.32,0.16
0.02662,-2.32,0.24
0.02664,-2.32,0.24
0.02666,-2.32,0.24
0.02668,-2.32,0.24
0.0267,-2.32,0.24
0.02672,-2.32,0.24
0.02674,-2.4,0.32
0.02676,-2.32,0.32
0.02678,-2.32,0.24
0.0268,-2.32,0.32
0.02682,-2.32,0.32
0.02684,-2.32,0.32
0.02686,-2.32,0.32
0.02688,-2.32,0.32
0.0269,-2.32,0.32
0.02692,-2.24,0.32
0.02694,-2.32,0.4
0.02696,-2.32,0.32
0.02698,-2.32,0.4
0.027,-2.32,0.4
0.02702,-2.4,0.4
0.02704,-2.32,0.4
0.02706,-2.32,0.4
0.02708,-2.4,0.4
0.0271,-2.4,0.4
0.02712,-2.4,0.48
0.02714,-2.32,0.4
0.02716,-2.4,0.48
0.02718,-2.4,0.48
0.0272,-4.16,3.2
0.02722,7.12,7.28
0.02724,7.12,7.28
0.02726,7.12,7.28
0.02728,7.12,7.28
0.0273,7.12,7.28
0.02732,7.12,7.28
0.02734,4.56,7.28
0.02736,-2.64,1.76
0.02738,-1.44,2.16
0.0274,-1.92,1.12
0.02742,-2.4,0.4
0.02744,-2.48,0.16
0.02746,-2.48,0
0.02748,-2.48,-0.16
0.0275,-2.48,-0.24
0.02752,-2.48,-0.32
0.02754,-2.4,-0.24
0.02756,-2.4,-0.24
0.02758,-2.4,-0.24
0.0276,-2.4,-0.32
0.02762,-2.4,-0.32
0.02764,-2.32,-0.32
0.02766,-2.32,-0.32
0.02768,-2.32,-0.32
0.0277,-2.24,-0.32
0.02772,-2.24,-0.32
0.02774,-2.24,-0.32
0.02776,-2.16,-0.32
0.02778,-2.16,-0.32
0.0278,-2.16,-0.32
0.02782,-2.16,-0.32
0.02784,-2.08,-0.24
0.02786,-2.08,-0.32
0.02788,-2,-0.24
0.0279,-2.08,-0.24
0.02792,-2,-0.16
0.02794,-2,-0.16
0.02796,-2.08,-0.08
0.02798,-2.08,-0.16
0.028,-2,-0.08
0.02802,-2,-0.08
0.02804,-2,-0.08
0.02806,-2,0
0.02808,-1.92,0
0.0281,-2,0
0.02812,-2,0.08
0.02814,-1.92,0.08
0.02816,-2,0.08
0.02818,-2,0.16
0.0282,-2,0.16
0.02822,-2,0.24
0.02824,-2,0.24
0.02826,-2,0.24
0.02828,-2,0.24
0.0283,-2,0.32
0.02832,-2,0.32
0.02834,-2,0.32
0.02836,-2.08,0.4
0.02838,-2.08,0.32
0.0284,-2.08,0.4
0.02842,-2.08,0.4
0.02844,-2.08,0.4
0.02846,-2.16,0.4
0.02848,-2.16,0.4
0.0285,-2.16,0.48
0.02852,-2.16,0.48
0.02854,-2.24,0.48
0.02856,-2.24,0.48
0.02858,-2.32,0.48
0.0286,-2.32,0.48
0.02862,-2.32,0.48
0.02864,-2.32,0.48
0.02866,-2.32,0.48
0.02868,-2.32,0.48
0.0287,-2.4,0.48
0.02872,-2.4,0.48
0.02874,-2.4,0.56
0.02876,-2.4,0.48
0.02878,-2.48,0.48
0.0288,-2.48,0.48
0.02882,-2.48,0.48
0.02884,-2.48,0.48
0.02886,-2.56,0.48
0.02888,-2.56,0.4
0.0289,-2.56,0.4
0.02892,-2.56,0.4
0.02894,-2.56,0.32
0.02896,-2.56,0.32
0.02898,-2.64,0.32
0.029,-2.64,0.32
0.02902,-2.64,0.32
0.02904,-2.64,0.32
0.02906,-2.64,0.24
0.02908,-2.72,0.24
0.0291,-2.72,0.24
0.02912,-2.72,0.24
0.02914,-2.72,0.16
0.02916,-2.64,0.16
0.02918,-2.72,0.16
0.0292,-2.72,0.16
0.02922,-2.72,0.16
0.02924,-2.64,0.08
0.02926,-2.72,0.08
0.02928,-2.64,0.08
0.0293,-2.64,0.08
0.02932,-2.64,0
0.02934,-2.64,0
0.02936,-2.64,0
0.02938,-2.64,0
0.0294,-2.64,-0.08
0.02942,-2.64,-0.08
0.02944,-2.64,-0.08
0.02946,-2.64,-0.08
0.02948,-2.64,-0.16
0.0295,-2.64,-0.16
0.02952,-2.56,-0.16
0.02954,-2.56,-0.16
0.02956,-2.56,-0.16
0.02958,-2.56,-0.16
0.0296,-2.48,-0.24
0.02962,-2.48,-0.24
0.02964,-2.48,-0.24
0.02966,-2.48,-0.24
0.02968,-2.48,-0.24
0.0297,-2.48,-0.24
0.02972,-2.4,-0.24
0.02974,-2.4,-0.32
0.02976,-2.4,-0.24
0.02978,-2.4,-0.24
0.0298,-2.4,-0.24
0.02982,-2.4,-0.24
0.02984,-2.32,-0.24
0.02986,-2.32,-0.32
0.02988,-2.24,-0.24
0.0299,-2.24,-0.24
0.02992,-2.24,-0.24
0.02994,-2.24,-0.32
0.02996,-2.24,-0.32
0.02998,-2.24,-0.24
0.03,-2.24,-0.24
0.03002,-2.16,-0.24
0.03004,-2.24,-0.24
0.03006,-2.16,-0.24
0.03008,-2.16,-0.24
0.0301,-2.16,-0.16
0.03012,-2.16,-0.24
0.03014,-2.16,-0.16
0.03016,-2.08,-0.16
0.03018,-2.08,-0.16
0.0302,-2.08,-0.16
0.03022,-2,-0.16
0.03024,-2,-0.08
0.03026,-2.08,-0.08
0.03028,-2,-0.08
0.0303,-2.08,-0.08
0.03032,-2,-0.08
0.03034,-2,-0.08
0.03036,-2,0
0.03038,-2,0
0.0304,-2,0
0.03042,-2,0
0.03044,-2,0
0.03046,-2,0
0.03048,-2,0.08
0.0305,-2,0.08
0.03052,-2.08,0.08
0.03054,-2,0.08
0.03056,-2,0.08
0.03058,-2,0.16
0.0306,-2,0.16
0.03062,-2,0.16
0.03064,-2.08,0.16
0.03066,-2,0.16
0.03068,-2,0.24
0.0307,-2.08,0.24
0.03072,-2.08,0.24
0.03074,-2.08,0.24
0.03076,-2,0.24
0.03078,-2.08,0.32
0.0308,-2.08,0.32
0.03082,-2.08,0.32
0.03084,-2.08,0.32
0.03086,-2.08,0.32
0.03088,-2.16,0.32
0.0309,-2.16,0.32
0.03092,-2.24,0.32
0.03094,-2.16,0.32
0.03096,-2.16,0.32
0.03098,-2.24,0.32
0.031,-2.24,0.4
0.03102,-2.24,0.4
0.03104,-2.24,0.4
0.03106,-2.16,0.4
0.03108,-2.24,0.4
0.0311,-2.24,0.4
0.03112,-2.24,0.4
0.03114,-2.32,0.4
0.03116,-2.24,0.4
0.03118,-2.32,0.4
0.0312,-2.32,0.4
0.03122,-2.32,0.32
0.03124,-2.32,0.4
0.03126,-2.32,0.4
0.03128,-2.4,0.32
0.0313,-2.4,0.4
0.03132,-2.4,0.4
0.03134,-2.4,0.4
0.03136,-2.4,0.4
0.03138,-2.4,0.4
0.0314,-2.4,0.4
0.03142,-2.4,0.4
0.03144,-2.48,0.32
0.03146,-2.48,0.4
0.03148,-2.48,0.32
0.0315,-2.48,0.32
0.03152,-2.48,0.32
0.03154,-2.48,0.32
0.03156,-2.48,0.32
0.03158,-2.56,0.32
0.0316,-2.56,0.32
0.03162,-2.48,0.32
0.03164,-2.56,0.32
0.03166,-2.56,0.32
0.03168,-2.56,0.32
0.0317,-2.56,0.24
0.03172,-2.48,0.24
0.03174,-2.56,0.24
0.03176,-2.48,0.24
0.03178,-2.56,0.24
0.0318,-2.56,0.24
0.03182,-2.56,0.24
0.03184,-2.56,0.24
0.03186,-2.56,0.24
0.03188,-2.64,0.16
0.0319,-2.56,0.24
0.03192,-2.48,0.16
0.03194,-2.56,0.16
0.03196,-2.48,0.16
0.03198,-2.48,0.16
0.032,-2.48,0.16
0.03202,-2.56,0.16
0.03204,-2.48,0.08
0.03206,-2.48,0.16
0.03208,-2.48,0.16
0.0321,-2.48,0.16
0.03212,-2.48,0.16
0.03214,-2.48,0.16
0.03216,-2.48,0.16
0.03218,-2.48,0.16
0.0322,-2.48,0.08
0.03222,-2.48,0.08
0.03224,-2.48,0.16
0.03226,-2.48,0.16
0.03228,-2.48,0.08
0.0323,-2.4,0.16
0.03232,-2.4,0.08
0.03234,-2.4,0.16
0.03236,-2.4,0.08
0.03238,-2.48,0.16
0.0324,-2.4,0.16
0.03242,-2.4,0.16
0.03244,-2.4,0.16
0.03246,-2.4,0.16
0.03248,-2.4,0.16
0.0325,-2.4,0.16
0.03252,-2.4,0.16
0.03254,-2.4,0.16
0.03256,-2.4,0.16
0.03258,-2.32,0.16
0.0326,-2.32,0.16
0.03262,-2.32,0.24
0.03264,-2.32,0.24
0.03266,-2.32,0.24
0.03268,-2.4,0.32
0.0327,-2.4,0.24
0.03272,-2.4,0.24
0.03274,-2.4,0.24
0.03276,-2.32,0.24
0.03278,-2.32,0.32
0.0328,-2.4,0.32
0.03282,-2.32,0.32
0.03284,-2.24,0.32
0.03286,-2.32,0.32
0.03288,-2.32,0.32
0.0329,-2.32,0.32
0.03292,-2.32,0.4
0.03294,-2.32,0.4
0.03296,-2.32,0.32
0.03298,-2.32,0.4
0.033,-2.32,0.4
0.03302,-2.4,0.4
0.03304,-2.32,0.48
0.03306,-2.32,0.4
0.03308,-2.4,0.4
0.0331,-2.4,0.4
0.03312,-2.4,0.48
0.03314,-2.32,0.48
0.03316,-2.32,0.48
0.03318,-2.4,0.4
0.0332,-2.4,0.48
0.03322,-2.32,0.48
0.03324,-2.4,0.4
0.03326,-7.2,-1.44
0.03328,-7.2,7.28
0.0333,-7.2,7.28
0.03332,-7.2,7.28
0.03334,-7.2,7.28
0.03336,-7.2,7.28
0.03338,-7.2,7.2
0.0334,-7.2,-0.56
0.03342,-3.68,1.68
0.03344,-2.8,1.84
0.03346,-3.04,1.04
0.03348,-2.96,0.8
0.0335,-2.8,0.88
0.03352,-2.72,0.8
0.03354,-2.64,0.8
0.03356,-2.56,0.8
0.03358,-2.48,0.8
0.0336,-2.48,0.8
0.03362,-2.48,0.88
0.03364,-2.48,0.88
0.03366,-2.4,0.88
0.03368,-2.4,0.96
0.0337,-2.4,0.88
0.03372,-2.32,0.96
0.03374,-2.4,0.96
0.03376,-2.32,0.96
0.03378,-2.32,0.96
0.0338,-2.4,1.04
0.03382,-2.4,1.04
0.03384,-2.4,1.04
0.03386,-2.4,1.04
0.03388,-2.4,1.04
0.0339,-2.48,1.04
0.03392,-2.48,1.12
0.03394,-2.56,1.12
0.03396,-2.48,1.12
0.03398,-2.56,1.04
0.034,-2.56,1.12
0.03402,-2.64,1.04
0.03404,-2.64,1.04
0.03406,-2.64,1.12
0.03408,-2.64,1.12
0.0341,-2.72,1.04
0.03412,-2.72,1.04
0.03414,-2.72,1.12
0.03416,-2.8,1.04
0.03418,-2.8,1.04
0.0342,-2.8,1.04
0.03422,-2.8,1.04
0.03424,-2.88,1.04
0.03426,-2.88,0.96
0.03428,-2.88,0.96
0.0343,-2.96,0.96
0.03432,-2.96,0.96
0.03434,-2.88,0.88
0.03436,-2.96,0.88
0.03438,-2.96,0.88
0.0344,-2.96,0.88
0.03442,-3.04,0.8
0.03444,-3.04,0.8
0.03446,-3.04,0.72
0.03448,-3.04,0.8
0.0345,-3.12,0.72
0.03452,-3.04,0.72
0.03454,-3.04,0.72
0.03456,-3.12,0.64
0.03458,-3.12,0.64
0.0346,-3.12,0.64
0.03462,-3.04,0.64
0.03464,-3.12,0.56
0.03466,-3.12,0.56
0.03468,-3.04,0.56
0.0347,-3.12,0.56
0.03472,-3.12,0.56
0.03474,-3.12,0.56
0.03476,-3.12,0.48
0.03478,-3.12,0.48
0.0348,-3.04,0.4
0.03482,-3.12,0.4
0.03484,-3.04,0.4
0.03486,-3.12,0.4
0.03488,-3.12,0.4
0.0349,-3.12,0.4
0.03492,-3.04,0.32
0.03494,-3.04,0.32
0.03496,-3.04,0.4
0.03498,-3.04,0.32
0.035,-2.96,0.32
0.03502,-2.96,0.32
0.03504,-2.96,0.24
0.03506,-2.96,0.32
0.03508,-2.96,0.32
0.0351,-2.96,0.32
0.03512,-2.96,0.24
0.03514,-2.96,0.24
0.03516,-2.88,0.24
0.03518,-2.88,0.24
0.0352,-2.88,0.24
0.03522,-2.88,0.32
0.03524,-2.88,0.32
0.03526,-2.8,0.24
0.03528,-2.8,0.32
0.0353,-2.8,0.32
0.03532,-2.8,0.32
0.03534,-2.8,0.24
0.03536,-2.8,0.32
0.03538,-2.8,0.32
0.0354,-2.8,0.32
0.03542,-2.8,0.24
0.03544,-2.8,0.32
0.03546,-2.8,0.32
0.03548,-2.72,0.32
0.0355,-2.72,0.32
0.03552,-2.72,0.32
0.03554,-2.72,0.32
0.03556,-2.72,0.32
0.03558,-2.72,0.4
0.0356,-2.72,0.4
0.03562,-2.72,0.4
0.03564,-2.72,0.4
0.03566,-2.72,0.4
0.03568,-2.72,0.4
0.0357,-2.72,0.4
0.03572,-2.72,0.48
0.03574,-2.72,0.48
0.03576,-2.72,0.48
0.03578,-2.72,0.48
0.0358,-2.72,0.48
0.03582,-2.72,0.48
0.03584,-2.8,0.48
0.03586,-2.72,0.48
0.03588,-2.72,0.56
0.0359,-2.72,0.48
0.03592,-2.72,0.56
0.03594,-2.72,0.56
0.03596,-2.72,0.48
0.03598,-2.8,0.56
0.036,-2.8,0.56
0.03602,-2.8,0.56
0.03604,-2.8,0.48
0.03606,-2.8,0.56
0.03608,-2.88,0.48
0.0361,-2.88,0.56
0.03612,-2.8,0.56
0.03614,-2.8,0.48
0.03616,-2.8,0.56
0.03618,-2.8,0.56
0.0362,-2.88,0.48
0.03622,-2.88,0.48
0.03624,-2.88,0.56
0.03626,-2.88,0.56
0.03628,-2.96,0.48
0.0363,-2.96,0.48
0.03632,-2.96,0.48
0.03634,-2.96,0.48
0.03636,-2.96,0.48
0.03638,-2.96,0.48
0.0364,-2.96,0.48
0.03642,-2.96,0.48
0.03644,-2.96,0.48
0.03646,-2.96,0.48
0.03648,-2.96,0.4
0.0365,-2.96,0.4
0.03652,-2.96,0.48
0.03654,-2.96,0.4
0.03656,-2.96,0.4
0.03658,-3.04,0.32
0.0366,-3.04,0.4
0.03662,-2.96,0.32
0.03664,-2.96,0.4
0.03666,-3.04,0.4
0.03668,-3.04,0.4
0.0367,-2.96,0.32
0.03672,-3.04,0.24
0.03674,-2.96,0.32
0.03676,-2.96,0.32
0.03678,-2.96,0.32
0.0368,-2.96,0.24
0.03682,-2.96,0.32
0.03684,-2.96,0.24
0.03686,-2.96,0.24
0.03688,-2.96,0.24
0.0369,-3.04,0.24
0.03692,-2.96,0.24
0.03694,-2.96,0.16
0.03696,-2.96,0.24
0.03698,-2.96,0.16
0.037,-2.88,0.24
0.03702,-2.96,0.24
0.03704,-2.96,0.16
0.03706,-2.88,0.16
0.03708,-2.88,0.16
0.0371,-2.88,0.16
0.03712,-2.8,0.16
0.03714,-2.88,0.16
0.03716,-2.88,0.16
0.03718,-2.88,0.16
0.0372,-2.88,0.16
0.03722,-2.88,0.16
0.03724,-2.88,0.16
0.03726,-2.8,0.16
0.03728,-2.8,0.16
0.0373,-2.8,0.08
0.03732,-2.8,0.16
0.03734,-2.8,0.16
0.03736,-2.8,0.16
0.03738,-2.72,0.08
0.0374,-2.72,0.16
0.03742,-2.72,0.08
0.03744,-2.72,0.16
0.03746,-2.72,0.16
0.03748,-2.72,0.16
0.0375,-2.72,0.08
0.03752,-2.72,0.16
0.03754,-2.72,0.16
0.03756,-2.72,0.16
0.03758,-2.72,0.16
0.0376,-2.72,0.16
0.03762,-2.64,0.16
0.03764,-2.72,0.16
0.03766,-2.72,0.16
0.03768,-2.64,0.16
0.0377,-2.72,0.16
0.03772,-2.64,0.16
0.03774,-2.64,0.24
0.03776,-2.64,0.16
0.03778,-2.64,0.24
0.0378,-2.64,0.24
0.03782,-2.72,0.24
0.03784,-2.64,0.16
0.03786,-2.72,0.24
0.03788,-2.72,0.24
0.0379,-2.64,0.24
0.03792,-2.64,0.24
0.03794,-2.64,0.24
0.03796,-2.64,0.24
0.03798,-2.64,0.32
0.038,-2.64,0.24
0.03802,-2.64,0.32
0.03804,-2.64,0.24
0.03806,-2.64,0.24
0.03808,-2.64,0.24
0.0381,-2.64,0.32
0.03812,-2.72,0.24
0.03814,-2.72,0.32
0.03816,-2.72,0.24
0.03818,-2.64,0.32
0.0382,-2.64,0.24
0.03822,-2.64,0.32
0.03824,-2.64,0.32
0.03826,-2.64,0.32
0.03828,-2.64,0.32
0.0383,-2.72,0.32
0.03832,-2.72,0.32
0.03834,-2.64,0.32
0.03836,-2.72,0.32
0.03838,-2.72,0.32
0.0384,-2.72,0.32
0.03842,-2.8,0.32
0.03844,-2.8,0.24
0.03846,-2.72,0.24
0.03848,-2.8,0.32
0.0385,-2.8,0.24
0.03852,-2.8,0.32
0.03854,-2.72,0.32
0.03856,-2.72,0.32
0.03858,-2.8,0.32
0.0386,-2.8,0.32
0.03862,-2.72,0.32
0.03864,-2.8,0.32
0.03866,-2.8,0.24
0.03868,-2.8,0.32
0.0387,-2.8,0.24
0.03872,-2.8,0.24
0.03874,-2.8,0.32
0.03876,-2.8,0.24
0.03878,-2.88,0.24
0.0388,-2.8,0.24
0.03882,-2.8,0.24
0.03884,-2.8,0.24
0.03886,-2.88,0.24
0.03888,-2.8,0.24
0.0389,-2.88,0.16
0.03892,-2.8,0.24
0.03894,-2.88,0.16
0.03896,-2.88,0.24
0.03898,-2.88,0.16
0.039,-2.88,0.24
0.03902,-2.88,0.16
0.03904,-2.88,0.16
0.03906,-2.88,0.16
0.03908,-2.88,0.16
0.0391,-2.88,0.16
0.03912,-2.88,0.16
0.03914,-2.88,0.16
0.03916,-2.88,0.16
0.03918,-2.8,0.16
0.0392,-2.8,0.16
0.03922,-2.8,0.08
0.03924,-2.8,0.08
0.03926,-2.88,0.16
0.03928,-2.8,0.08
0.0393,-2.88,0.08
0.03932,-2.88,0
0.03934,-2.8,0
0.03936,-2.88,0
0.03938,-2.88,0.08
0.0394,-2.88,0
0.03942,-2.88,0
0.03944,-2.8,-0.08
0.03946,-2.8,0
0.03948,-2.8,0
0.0395,-2.8,0
0.03952,-2.8,0
0.03954,-2.8,0
0.03956,-2.72,0
0.03958,-2.8,0
0.0396,-2.8,-0.08
0.03962,-2.8,-0.08
0.03964,-2.8,-0.08
0.03966,-2.8,0
0.03968,-2.8,0
0.0397,-2.8,-0.08
0.03972,-2.72,0
0.03974,-2.72,0
0.03976,-2.72,-0.08
0.03978,-2.64,-0.08
0.0398,-2.72,-0.08
0.03982,-2.64,0
0.03984,-2.64,-0.08
0.03986,-2.64,-0.08
0.03988,-2.72,0
0.0399,-2.72,-0.08
0.03992,-2.64,-0.08
0.03994,-2.64,-0.08
0.03996,-2.64,-0.08
0.03998,-2.64,-0.08
