0.29508,-2.72,0.32
0.29508,-2.8,0.32
0.29509,-2.96,0.32
0.29509,-2.88,0.32
0.2951,-2.8,0.32
0.2951,-2.8,0.4
0.2951,-2.8,0.4
0.29511,-2.88,0.4
0.29511,-2.8,0.4
0.29512,-2.8,0.32
0.29512,-2.72,0.32
0.29512,-2.8,0.24
0.29513,-2.88,0.32
0.29513,-2.88,0.4
0.29514,-2.88,0.4
0.29514,-2.72,0.4
0.29514,-2.72,0.32
0.29515,-2.88,0.32
0.29515,-2.88,0.4
0.29516,-2.88,0.4
0.29516,-2.72,0.32
0.29516,-2.64,0.24
0.29517,-2.8,0.32
0.29517,-2.8,0.32
0.29518,-2.72,0.4
0.29518,-2.72,0.4
0.29518,-2.64,0.4
0.29519,-2.72,0.32
0.29519,-2.8,0.32
0.2952,-2.88,0.24
0.2952,-2.88,0.24
0.2952,-2.8,0.24
0.29521,-2.8,0.32
0.29521,-2.8,0.32
0.29522,-2.88,0.32
0.29522,-2.8,0.4
0.29522,-2.8,0.32
0.29523,-2.72,0.4
0.29523,-2.8,0.4
0.29524,-2.88,0.32
0.29524,-2.88,0.32
0.29524,-2.8,0.32
0.29525,-2.72,0.32
0.29525,-2.72,0.32
0.29526,-2.8,0.32
0.29526,-2.88,0.32
0.29526,-2.88,0.32
0.29527,-2.72,0.32
0.29527,-2.72,0.32
0.29528,-2.8,0.24
0.29528,-2.88,0.32
0.29528,-2.8,0.32
0.29529,-2.72,0.4
0.29529,-2.64,0.32
0.2953,-2.64,0.32
0.2953,-2.8,0.32
0.2953,-2.72,0.32
0.29531,-2.72,0.4
0.29531,-2.64,0.32
0.29532,-2.72,0.32
0.29532,-2.8,0.32
0.29532,-2.88,0.32
0.29533,-2.8,0.4
0.29533,-2.72,0.32
0.29534,-2.72,0.24
0.29534,-2.88,0.16
0.29534,-2.96,0.24
0.29535,-2.96,0.24
0.29535,-2.88,0.24
0.29536,-2.8,0.32
0.29536,-2.88,0.32
0.29536,-2.88,0.32
0.29537,-2.88,0.32
0.29537,-2.8,0.24
0.29538,-2.72,0.24
0.29538,-2.72,0.24
0.29538,-2.88,0.32
0.29539,-2.88,0.32
0.29539,-2.8,0.32
0.2954,-2.64,0.32
0.2954,-2.64,0.24
0.2954,-2.8,0.32
0.29541,-2.8,0.24
0.29541,-2.88,0.24
0.29542,-2.8,0.32
0.29542,-2.72,0.32
0.29542,-2.8,0.32
0.29543,-2.88,0.24
0.29543,-2.88,0.24
0.29544,-2.72,0.32
0.29544,-2.64,0.24
0.29544,-2.72,0.24
0.29545,-2.8,0.16
0.29545,-2.88,0.24
0.29546,-2.88,0.24
0.29546,-2.72,0.24
0.29546,-2.72,0.24
0.29547,-2.72,0.16
0.29547,-2.88,0.24
0.29548,-2.88,0.24
0.29548,-2.72,0.24
0.29548,-2.64,0.32
0.29549,-2.72,0.24
0.29549,-2.88,0.24
0.2955,-2.88,0.16
0.2955,-2.72,0.16
0.2955,-2.72,0.16
0.29551,-2.72,0.16
0.29551,-2.88,0.16
0.29552,-2.96,0.24
0.29552,-2.88,0.16
0.29552,-2.8,0.16
0.29553,-2.64,0.24
0.29553,-2.72,0.24
0.29554,-2.8,0.24
0.29554,-2.8,0.24
0.29554,-2.72,0.16
0.29555,-2.64,0.24
0.29555,-2.8,0.24
0.29556,-2.88,0.24
0.29556,-2.88,0.32
0.29556,-2.88,0.32
0.29557,-2.72,0.32
0.29557,-2.72,0.32
0.29558,-2.88,0.32
0.29558,-2.96,0.32
0.29558,-2.96,0.24
0.29559,-2.8,0.32
0.29559,-2.72,0.32
0.2956,-2.72,0.32
0.2956,-2.88,0.24
0.2956,-2.88,0.24
0.29561,-2.8,0.16
0.29561,-2.64,0.16
0.29562,-2.72,0.08
0.29562,-2.8,0.16
0.29562,-2.88,0.16
0.29563,-2.8,0.24
0.29563,-2.72,0.24
0.29564,-2.72,0.32
0.29564,-2.8,0.24
0.29564,-2.8,0.32
0.29565,-2.8,0.24
0.29565,-2.72,0.24
0.29566,-2.64,0.32
0.29566,-2.72,0.32
0.29566,-2.8,0.32
0.29567,-2.88,0.32
0.29567,-2.8,0.32
0.29568,-2.72,0.32
0.29568,-2.72,0.24
0.29568,-2.8,0.24
0.29569,-2.8,0.24
0.29569,-2.8,0.24
0.2957,-2.72,0.24
0.2957,-2.72,0.32
0.2957,-2.88,0.32
0.29571,-2.88,0.24
0.29571,-2.88,0.32
0.29572,-2.8,0.32
0.29572,-2.72,0.24
0.29572,-2.8,0.24
0.29573,-2.88,0.24
0.29573,-2.88,0.24
0.29574,-2.88,0.24
0.29574,-2.72,0.24
0.29574,-2.72,0.16
0.29575,-2.8,0.16
0.29575,-2.8,0.24
0.29576,-2.72,0.24
0.29576,-2.72,0.16
0.29576,-2.72,0.16
0.29577,-2.8,0.16
0.29577,-2.88,0.24
0.29578,-2.88,0.32
0.29578,-2.72,0.32
0.29578,-2.72,0.32
0.29579,-2.8,0.32
0.29579,-2.88,0.32
0.2958,-2.88,0.32
0.2958,-2.8,0.32
0.2958,-2.72,0.24
0.29581,-2.72,0.24
0.29581,-2.8,0.32
0.29582,-2.88,0.24
0.29582,-2.88,0.32
0.29582,-2.72,0.24
0.29583,-2.72,0.32
0.29583,-2.8,0.24
0.29584,-2.88,0.24
0.29584,-2.88,0.16
0.29584,-2.72,0.24
0.29585,-2.72,0.24
0.29585,-2.8,0.32
0.29586,-2.88,0.32
0.29586,-2.96,0.32
0.29586,-2.88,0.24
0.29587,-2.8,0.16
0.29587,-2.72,0.32
0.29588,-2.88,0.24
0.29588,-2.88,0.32
0.29588,-2.8,0.32
0.29589,-2.72,0.32
0.29589,-2.64,0.32
0.2959,-2.72,0.32
0.2959,-2.8,0.24
0.2959,-2.8,0.32
0.29591,-2.72,0.32
0.29591,-2.64,0.24
0.29592,-2.64,0.24
0.29592,-2.8,0.24
0.29592,-2.88,0.24
0.29593,-2.8,0.24
0.29593,-2.72,0.24
0.29594,-2.72,0.32
0.29594,-2.8,0.32
0.29594,-2.88,0.32
0.29595,-2.88,0.24
0.29595,-2.8,0.16
0.29596,-2.72,0.24
0.29596,-2.8,0.24
0.29596,-2.88,0.32
0.29597,-2.88,0.32
0.29597,-2.8,0.24
0.29598,-2.72,0.24
0.29598,-2.72,0.24
0.29598,-2.8,0.24
0.29599,-2.88,0.16
0.29599,-2.88,0.16
0.296,-2.72,0.16
0.296,-2.64,0.16
0.296,-2.72,0.16
0.29601,-2.88,0.24
0.29601,-2.8,0.16
0.29602,-2.72,0.16
0.29602,-2.64,0.16
0.29602,-2.72,0.16
0.29603,-2.88,0.16
0.29603,-2.88,0.16
0.29604,-2.8,0.16
0.29604,-2.72,0.24
0.29604,-2.72,0.16
0.29605,-2.8,0.16
0.29605,-2.88,0.24
0.29606,-2.8,0.24
0.29606,-2.64,0.32
0.29606,-2.72,0.32
0.29607,-2.72,0.32
0.29607,-2.8,0.32
0.29608,-2.8,0.24
0.29608,-2.72,0.24
0.29608,-2.64,0.24
0.29609,-2.72,0.16
0.29609,-2.8,0.16
0.2961,-2.88,0.24
0.2961,-2.8,0.24
0.2961,-2.72,0.24
0.29611,-2.64,0.16
0.29611,-2.72,0.16
0.29612,-2.88,0.24
0.29612,-2.88,0.16
0.29612,-2.8,0.24
0.29613,-2.72,0.16
0.29613,-2.8,0.24
0.29614,-2.88,0.24
0.29614,-2.88,0.24
0.29614,-2.72,0.24
0.29615,-2.64,0.24
0.29615,-2.64,0.24
0.29616,-2.8,0.24
0.29616,-2.88,0.24
0.29616,-2.72,0.16
0.29617,-2.72,0.16
0.29617,-2.64,0.24
0.29618,-2.8,0.24
0.29618,-2.88,0.24
0.29618,-2.8,0.24
0.29619,-2.72,0.32
0.29619,-2.72,0.32
0.2962,-2.8,0.16
0.2962,-2.8,0.24
0.2962,-2.8,0.24
0.29621,-2.8,0.24
0.29621,-2.72,0.24
0.29622,-2.8,0.24
0.29622,-2.88,0.24
0.29622,-2.88,0.24
0.29623,-2.72,0.24
0.29623,-2.64,0.32
0.29624,-2.56,0.32
0.29624,-2.72,0.24
0.29624,-2.8,0.24
0.29625,-2.8,0.24
0.29625,-2.8,0.24
0.29626,-2.72,0.24
0.29626,-2.8,0.24
0.29626,-2.88,0.24
0.29627,-2.88,0.24
0.29627,-2.8,0.24
0.29628,-2.72,0.24
0.29628,-2.64,0.32
0.29628,-2.72,0.24
0.29629,-2.88,0.24
0.29629,-2.8,0.16
0.2963,-2.72,0.24
0.2963,-2.72,0.24
0.2963,-2.72,0.24
0.29631,-2.8,0.24
0.29631,-2.8,0.16
0.29632,-2.72,0.24
0.29632,-2.64,0.24
0.29632,-2.72,0.24
0.29633,-2.72,0.24
0.29633,-2.8,0.24
0.29634,-2.72,0.24
0.29634,-2.64,0.24
0.29634,-2.72,0.24
0.29635,-2.8,0.16
0.29635,-2.88,0.16
0.29636,-2.8,0.16
0.29636,-2.72,0.16
0.29636,-2.72,0.16
0.29637,-2.72,0.16
0.29637,-2.8,0.24
0.29638,-2.8,0.16
0.29638,-2.72,0.24
0.29638,-2.64,0.24
0.29639,-2.72,0.32
0.29639,-2.8,0.32
0.2964,-2.8,0.32
0.2964,-2.72,0.32
0.2964,-2.64,0.32
0.29641,-2.64,0.32
0.29641,-2.72,0.32
0.29642,-2.72,0.24
0.29642,-2.72,0.24
0.29642,-2.72,0.24
0.29643,-2.72,0.16
0.29643,-2.8,0.16
0.29644,-2.88,0.24
0.29644,-2.88,0.16
0.29644,-2.8,0.16
0.29645,-2.72,0.24
0.29645,-2.72,0.16
0.29646,-2.8,0.24
0.29646,-2.88,0.24
0.29646,-2.8,0.32
0.29647,-2.64,0.32
0.29647,-2.64,0.32
0.29648,-2.72,0.32
0.29648,-2.8,0.24
0.29648,-2.8,0.24
0.29649,-2.72,0.24
0.29649,-2.64,0.24
0.2965,-2.72,0.24
0.2965,-2.88,0.16
0.2965,-2.88,0.16
0.29651,-2.8,0.16
0.29651,-2.72,0.16
0.29652,-2.72,0.24
0.29652,-2.8,0.16
0.29652,-2.8,0.16
0.29653,-2.8,0.16
0.29653,-2.72,0.16
0.29654,-2.72,0.16
0.29654,-2.8,0.24
0.29654,-2.88,0.24
0.29655,-2.88,0.32
0.29655,-2.8,0.32
0.29656,-2.72,0.32
0.29656,-2.72,0.32
0.29656,-2.8,0.32
0.29657,-2.88,0.24
0.29657,-2.8,0.32
0.29658,-2.72,0.24
0.29658,-2.64,0.32
0.29658,-2.72,0.32
0.29659,-2.88,0.24
0.29659,-2.8,0.24
0.2966,-2.72,0.24
0.2966,-2.72,0.24
0.2966,-2.72,0.24
0.29661,-2.88,0.16
0.29661,-2.88,0.24
0.29662,-2.8,0.24
0.29662,-2.72,0.32
0.29662,-2.72,0.24
0.29663,-2.8,0.24
0.29663,-2.8,0.24
0.29664,-2.72,0.24
0.29664,-2.64,0.24
0.29664,-2.72,0.24
0.29665,-2.8,0.24
0.29665,-2.88,0.24
0.29666,-2.88,0.32
0.29666,-2.72,0.32
0.29666,-2.64,0.24
0.29667,-2.72,0.32
0.29667,-2.88,0.24
0.29668,-2.88,0.24
0.29668,-2.8,0.16
0.29668,-2.72,0.16
0.29669,-2.72,0.16
0.29669,-2.88,0.24
0.2967,-2.88,0.32
0.2967,-2.72,0.24
0.2967,-2.72,0.32
0.29671,-2.72,0.32
0.29671,-2.72,0.32
0.29672,-2.88,0.24
0.29672,-2.88,0.24
0.29672,-2.8,0.32
0.29673,-2.72,0.24
0.29673,-2.72,0.24
0.29674,-2.8,0.24
0.29674,-2.8,0.32
0.29674,-2.72,0.32
0.29675,-2.64,0.32
0.29675,-2.72,0.32
0.29676,-2.72,0.32
0.29676,-2.8,0.32
0.29676,-2.8,0.24
0.29677,-2.72,0.24
0.29677,-2.64,0.32
0.29678,-2.8,0.32
0.29678,-2.88,0.32
0.29678,-2.88,0.32
0.29679,-2.72,0.32
0.29679,-2.72,0.32
0.2968,-2.72,0.4
0.2968,-2.8,0.32
0.2968,-2.88,0.32
0.29681,-2.8,0.32
0.29681,-2.72,0.32
0.29682,-2.72,0.24
0.29682,-2.8,0.24
0.29682,-2.8,0.24
0.29683,-2.8,0.32
0.29683,-2.72,0.32
0.29684,-2.64,0.32
0.29684,-2.72,0.24
0.29684,-2.8,0.16
0.29685,-2.8,0.16
0.29685,-2.64,0.16
0.29686,-2.64,0.16
0.29686,-2.64,0.24
0.29686,-2.8,0.24
0.29687,-2.88,0.32
0.29687,-2.8,0.32
0.29688,-2.72,0.24
0.29688,-2.72,0.32
0.29688,-2.88,0.24
0.29689,-2.88,0.32
0.29689,-2.8,0.32
0.2969,-2.72,0.32
0.2969,-2.72,0.32
0.2969,-2.72,0.32
0.29691,-2.88,0.32
0.29691,-2.88,0.32
0.29692,-2.72,0.32
0.29692,-2.72,0.32
0.29692,-2.72,0.24
0.29693,-2.8,0.24
0.29693,-2.88,0.16
0.29694,-2.8,0.32
0.29694,-2.64,0.32
0.29694,-2.64,0.32
0.29695,-2.8,0.32
0.29695,-2.88,0.32
0.29696,-2.88,0.32
0.29696,-2.72,0.32
0.29696,-2.64,0.32
0.29697,-2.72,0.32
0.29697,-2.8,0.24
0.29698,-2.8,0.32
0.29698,-2.8,0.32
0.29698,-2.72,0.24
0.29699,-2.72,0.24
0.29699,-2.88,0.24
0.297,-2.88,0.16
0.297,-2.8,0.24
0.297,-2.72,0.16
0.29701,-2.72,0.24
0.29701,-2.8,0.24
0.29702,-2.88,0.16
0.29702,-2.88,0.24
0.29702,-2.72,0.16
0.29703,-2.64,0.24
0.29703,-2.72,0.24
0.29704,-2.8,0.24
0.29704,-2.88,0.24
0.29704,-2.8,0.32
0.29705,-2.8,0.24
0.29705,-2.8,0.16
0.29706,-2.88,0.24
0.29706,-2.96,0.16
0.29706,-2.96,0.16
0.29707,-2.8,0.16
0.29707,-2.72,0.16
0.29708,-2.8,0.16
0.29708,-2.96,0.16
0.29708,-2.96,0.24
0.29709,-2.88,0.24
0.29709,-2.72,0.16
0.2971,-2.8,0.16
0.2971,-2.88,0.24
0.2971,-2.88,0.16
0.29711,-2.8,0.32
0.29711,-2.72,0.24
0.29712,-2.72,0.32
0.29712,-2.8,0.24
0.29712,-2.96,0.24
0.29713,-2.88,0.24
0.29713,-2.72,0.24
0.29714,-2.72,0.24
0.29714,-2.8,0.24
0.29714,-2.88,0.24
0.29715,-2.88,0.24
0.29715,-2.8,0.24
0.29716,-2.72,0.32
0.29716,-2.8,0.32
0.29716,-2.88,0.24
0.29717,-2.88,0.32
0.29717,-2.8,0.32
0.29718,-2.72,0.24
0.29718,-2.72,0.32
0.29718,-2.88,0.24
0.29719,-2.88,0.16
0.29719,-2.8,0.16
0.2972,-2.72,0.16
0.2972,-2.72,0.16
0.2972,-2.8,0.24
0.29721,-2.88,0.24
0.29721,-2.88,0.24
0.29722,-2.72,0.24
0.29722,-2.72,0.32
0.29722,-2.72,0.24
0.29723,-2.8,0.16
0.29723,-2.88,0.16
0.29724,-2.8,0.24
0.29724,-2.72,0.32
0.29724,-2.64,0.32
0.29725,-2.72,0.24
0.29725,-2.88,0.24
0.29726,-2.88,0.24
0.29726,-2.8,0.24
0.29726,-2.72,0.24
0.29727,-2.8,0.16
0.29727,-2.88,0.16
0.29728,-2.88,0.16
0.29728,-2.8,0.16
0.29728,-2.64,0.16
0.29729,-2.72,0.24
0.29729,-2.8,0.32
0.2973,-2.88,0.32
0.2973,-2.8,0.32
0.2973,-2.72,0.24
0.29731,-2.72,0.24
0.29731,-2.8,0.32
0.29732,-2.88,0.32
0.29732,-2.88,0.32
0.29732,-2.8,0.24
0.29733,-2.72,0.24
0.29733,-2.72,0.24
0.29734,-2.88,0.24
0.29734,-2.88,0.24
0.29734,-2.8,0.24
0.29735,-2.72,0.24
0.29735,-2.72,0.24
0.29736,-2.8,0.24
0.29736,-2.88,0.16
0.29736,-2.88,0.24
0.29737,-2.72,0.24
0.29737,-2.64,0.24
0.29738,-2.8,0.24
0.29738,-2.88,0.24
0.29738,-2.88,0.24
0.29739,-2.72,0.32
0.29739,-2.72,0.24
0.2974,-2.72,0.24
0.2974,-2.88,0.24
0.2974,-2.88,0.16
0.29741,-2.72,0.16
0.29741,-2.64,0.16
0.29742,-2.64,0.16
0.29742,-2.72,0.16
0.29742,-2.8,0.16
0.29743,-2.8,0.24
0.29743,-2.72,0.24
0.29744,-2.72,0.16
0.29744,-2.72,0.16
0.29744,-2.8,0.16
0.29745,-2.88,0.16
0.29745,-2.72,0.16
0.29746,-2.72,0.16
0.29746,-2.8,0.24
0.29746,-2.88,0.24
0.29747,-2.88,0.24
0.29747,-2.8,0.16
0.29748,-2.72,0.16
0.29748,-2.72,0.24
0.29748,-2.72,0.24
0.29749,-2.8,0.16
0.29749,-2.72,0.16
0.2975,-2.72,0.16
0.2975,-2.64,0.16
0.2975,-2.72,0.24
0.29751,-2.8,0.16
0.29751,-2.88,0.24
0.29752,-2.8,0.24
0.29752,-2.72,0.24
0.29752,-2.72,0.16
0.29753,-2.8,0.16
0.29753,-2.88,0.08
0.29754,-2.8,0.16
0.29754,-2.72,0.08
0.29754,-2.64,0.16
0.29755,-2.8,0.16
0.29755,-2.88,0.24
0.29756,-2.8,0.24
0.29756,-2.72,0.32
0.29756,-2.72,0.24
0.29757,-2.72,0.16
0.29757,-2.88,0.16
0.29758,-2.96,0.16
0.29758,-2.8,0.16
0.29758,-2.72,0.16
0.29759,-2.72,0.16
0.29759,-2.88,0.16
0.2976,-2.88,0.16
0.2976,-2.8,0.16
0.2976,-2.64,0.24
0.29761,-2.64,0.24
0.29761,-2.72,0.24
0.29762,-2.8,0.24
0.29762,-2.72,0.24
0.29762,-2.72,0.24
0.29763,-2.72,0.24
0.29763,-2.72,0.24
0.29764,-2.8,0.24
0.29764,-2.8,0.24
0.29764,-2.8,0.32
0.29765,-2.64,0.32
0.29765,-2.64,0.24
0.29766,-2.72,0.24
0.29766,-2.8,0.24
0.29766,-2.72,0.24
0.29767,-2.64,0.32
0.29767,-2.64,0.24
0.29768,-2.72,0.32
0.29768,-2.72,0.32
0.29768,-2.72,0.32
0.29769,-2.64,0.32
0.29769,-2.56,0.32
0.2977,-2.64,0.32
0.2977,-2.72,0.24
0.2977,-2.8,0.24
0.29771,-2.64,0.24
0.29771,-2.64,0.16
0.29772,-2.64,0.24
0.29772,-2.64,0.24
0.29772,-2.72,0.32
0.29773,-2.72,0.32
0.29773,-2.56,0.32
0.29774,-2.48,0.32
0.29774,-2.48,0.32
0.29774,-2.64,0.24
0.29775,-2.64,0.32
0.29775,-2.64,0.32
0.29776,-2.56,0.24
0.29776,-2.56,0.16
0.29776,-2.64,0.16
0.29777,-2.72,0.16
0.29777,-2.72,0.16
0.29778,-2.64,0.24
0.29778,-2.64,0.16
0.29778,-2.72,0.24
0.29779,-2.8,0.24
0.29779,-2.8,0.32
0.2978,-2.64,0.24
0.2978,-2.56,0.16
0.2978,-2.64,0.24
0.29781,-2.8,0.24
0.29781,-2.8,0.24
0.29782,-2.64,0.32
0.29782,-2.48,0.32
0.29782,-2.56,0.32
0.29783,-2.64,0.24
0.29783,-2.72,0.32
0.29784,-2.72,0.24
0.29784,-2.64,0.32
0.29784,-2.64,0.24
0.29785,-2.64,0.24
0.29785,-2.8,0.24
0.29786,-2.72,0.4
0.29786,-2.64,0.4
0.29786,-2.56,0.4
0.29787,-2.64,0.4
0.29787,-2.64,0.32
0.29788,-2.72,0.32
0.29788,-2.56,0.32
0.29788,-2.48,0.32
0.29789,-2.48,0.32
0.29789,-2.64,0.32
0.2979,-2.72,0.32
0.2979,-2.72,0.32
0.2979,-2.56,0.32
0.29791,-2.64,0.32
0.29791,-2.64,0.4
0.29792,-2.72,0.4
0.29792,-2.72,0.4
0.29792,-2.64,0.4
0.29793,-2.56,0.4
0.29793,-2.64,0.4
0.29794,-2.72,0.32
0.29794,-2.72,0.32
0.29794,-2.64,0.32
0.29795,-2.56,0.4
0.29795,-2.56,0.4
0.29796,-2.64,0.32
0.29796,-2.72,0.32
0.29796,-2.72,0.4
0.29797,-2.64,0.4
0.29797,-2.56,0.4
0.29798,-2.64,0.4
0.29798,-2.72,0.4
0.29798,-2.72,0.4
0.29799,-2.64,0.48
0.29799,-2.56,0.48
0.298,-2.56,0.48
0.298,-2.64,0.4
0.298,-2.72,0.48
0.29801,-2.64,0.48
0.29801,-2.48,0.56
0.29802,-2.56,0.48
0.29802,-2.64,0.4
0.29802,-2.72,0.4
0.29803,-2.72,0.32
0.29803,-2.56,0.4
0.29804,-2.56,0.4
0.29804,-2.64,0.32
0.29804,-2.72,0.4
0.29805,-2.64,0.4
0.29805,-2.56,0.4
0.29806,-2.48,0.48
0.29806,-2.56,0.48
0.29806,-2.72,0.48
0.29807,-2.72,0.4
0.29807,-2.64,0.4
0.29808,-2.64,0.4
0.29808,-2.64,0.4
0.29808,-2.72,0.4
0.29809,-2.8,0.4
0.29809,-2.72,0.4
0.2981,-2.64,0.48
0.2981,-2.56,0.48
0.2981,-2.56,0.48
0.29811,-2.64,0.4
0.29811,-2.64,0.4
0.29812,-2.64,0.4
0.29812,-2.56,0.48
0.29812,-2.56,0.4
0.29813,-2.72,0.48
0.29813,-2.8,0.48
0.29814,-2.8,0.56
0.29814,-2.64,0.64
0.29814,-2.64,0.64
0.29815,-2.64,0.56
0.29815,-2.8,0.56
0.29816,-2.72,0.64
0.29816,-2.64,0.56
0.29816,-2.64,0.56
0.29817,-2.64,0.56
0.29817,-2.72,0.48
0.29818,-2.72,0.48
0.29818,-2.72,0.48
0.29818,-2.64,0.48
0.29819,-2.64,0.56
0.29819,-2.72,0.56
0.2982,-2.72,0.56
0.2982,-2.72,0.56
0.2982,-2.64,0.56
0.29821,-2.64,0.64
0.29821,-2.64,0.64
0.29822,-2.72,0.64
0.29822,-2.8,0.64
0.29822,-2.72,0.64
0.29823,-2.72,0.64
0.29823,-2.8,0.64
0.29824,-2.8,0.64
0.29824,-2.96,0.64
0.29824,-2.8,0.72
0.29825,-2.72,0.64
0.29825,-2.64,0.64
0.29826,-2.8,0.64
0.29826,-2.88,0.64
0.29826,-2.8,0.64
0.29827,-2.72,0.64
0.29827,-2.72,0.64
0.29828,-2.88,0.56
0.29828,-2.96,0.64
0.29828,-2.88,0.64
0.29829,-2.88,0.64
0.29829,-2.8,0.64
0.2983,-2.8,0.64
0.2983,-2.88,0.64
0.2983,-2.88,0.64
0.29831,-2.88,0.64
0.29831,-2.8,0.64
0.29832,-2.72,0.64
0.29832,-2.8,0.64
0.29832,-2.96,0.72
0.29833,-2.96,0.72
0.29833,-2.88,0.72
0.29834,-2.8,0.8
0.29834,-2.8,0.8
0.29834,-2.96,0.72
0.29835,-2.96,0.72
0.29835,-2.88,0.72
0.29836,-2.8,0.8
0.29836,-2.8,0.8
0.29836,-2.88,0.72
0.29837,-2.96,0.64
0.29837,-2.96,0.64
0.29838,-2.88,0.64
0.29838,-2.88,0.72
0.29838,-3.04,0.64
0.29839,-3.04,0.64
0.29839,-3.04,0.72
0.2984,-2.96,0.72
0.2984,-2.88,0.72
0.2984,-2.88,0.72
0.29841,-3.12,0.72
0.29841,-3.12,0.8
0.29842,-3.04,0.8
0.29842,-2.96,0.8
0.29842,-2.96,0.8
0.29843,-2.96,0.72
0.29843,-3.12,0.72
0.29844,-3.04,0.72
0.29844,-2.96,0.72
0.29844,-2.96,0.72
0.29845,-3.04,0.8
0.29845,-3.12,0.8
0.29846,-3.12,0.88
0.29846,-3.04,0.8
0.29846,-2.96,0.8
0.29847,-2.96,0.8
0.29847,-3.04,0.8
0.29848,-3.12,0.8
0.29848,-3.12,0.8
0.29848,-3.04,0.8
0.29849,-3.04,0.8
0.29849,-3.12,0.8
0.2985,-3.2,0.88
0.2985,-3.12,0.88
0.2985,-3.12,0.8
0.29851,-3.12,0.8
0.29851,-3.2,0.72
0.29852,-3.28,0.72
0.29852,-3.28,0.8
0.29852,-3.2,0.8
0.29853,-3.12,0.8
0.29853,-3.12,0.8
0.29854,-3.28,0.8
0.29854,-3.36,0.72
0.29854,-3.2,0.8
0.29855,-3.12,0.8
0.29855,-3.12,0.8
0.29856,-3.2,0.8
0.29856,-3.28,0.8
0.29856,-3.28,0.8
0.29857,-3.2,0.64
0.29857,-3.2,0.72
0.29858,-3.36,0.64
0.29858,-3.44,0.64
0.29858,-3.44,0.64
0.29859,-3.36,0.72
0.29859,-3.28,0.72
0.2986,-3.36,0.64
0.2986,-3.44,0.64
0.2986,-3.52,0.64
0.29861,-3.44,0.64
0.29861,-3.36,0.72
0.29862,-3.36,0.72
0.29862,-3.44,0.72
0.29862,-3.44,0.72
0.29863,-3.44,0.64
0.29863,-3.44,0.64
0.29864,-3.36,0.64
0.29864,-3.52,0.64
0.29864,-3.52,0.64
0.29865,-3.52,0.64
0.29865,-3.52,0.64
0.29866,-3.44,0.64
0.29866,-3.44,0.64
0.29866,-3.52,0.64
0.29867,-3.6,0.72
0.29867,-3.52,0.72
0.29868,-3.52,0.72
0.29868,-3.44,0.64
0.29868,-3.6,0.64
0.29869,-3.6,0.64
0.29869,-3.6,0.64
0.2987,-3.52,0.64
0.2987,-3.44,0.64
0.2987,-3.44,0.56
0.29871,-3.68,0.56
0.29871,-3.68,0.56
0.29872,-3.6,0.48
0.29872,-3.52,0.56
0.29872,-3.6,0.56
0.29873,-3.68,0.56
0.29873,-3.76,0.64
0.29874,-3.68,0.56
0.29874,-3.6,0.56
0.29874,-3.6,0.48
0.29875,-3.68,0.48
0.29875,-3.76,0.56
0.29876,-3.76,0.48
0.29876,-3.68,0.48
0.29876,-3.6,0.48
0.29877,-3.6,0.4
0.29877,-3.76,0.48
0.29878,-3.76,0.48
0.29878,-3.68,0.48
0.29878,-3.68,0.48
0.29879,-3.76,0.48
0.29879,-3.84,0.48
0.2988,-3.84,0.4
0.2988,-3.84,0.4
0.2988,-3.76,0.4
0.29881,-3.68,0.32
0.29881,-3.76,0.32
0.29882,-3.84,0.24
0.29882,-3.92,0.32
0.29882,-3.84,0.32
0.29883,-3.76,0.32
0.29883,-3.76,0.4
0.29884,-3.92,0.32
0.29884,-3.92,0.24
0.29884,-3.92,0.32
0.29885,-3.84,0.32
0.29885,-3.84,0.24
0.29886,-3.92,0.24
0.29886,-3.92,0.24
0.29886,-3.92,0.24
0.29887,-3.92,0.24
0.29887,-3.92,0.24
0.29888,-3.92,0.24
0.29888,-4,0.24
0.29888,-4.08,0.24
0.29889,-3.92,0.24
0.29889,-3.92,0.16
0.2989,-3.92,0.16
0.2989,-4.08,0.08
0.2989,-4.08,0
0.29891,-4,0.08
0.29891,-3.92,0.08
0.29892,-3.92,0.08
0.29892,-4.08,0.08
0.29892,-4.08,0.08
0.29893,-4.08,0.08
0.29893,-3.92,0
0.29894,-3.92,0
0.29894,-4,0
0.29894,-4.08,0
0.29895,-4.08,0
0.29895,-4,-0.08
0.29896,-3.92,-0.08
0.29896,-4,-0.08
0.29896,-4.08,-0.16
0.29897,-4.16,-0.16
0.29897,-4.08,-0.16
0.29898,-4,-0.08
0.29898,-4.08,-0.08
0.29898,-4.08,-0.08
0.29899,-4.16,-0.16
0.29899,-4.16,-0.16
0.299,-4.08,-0.08
0.299,-4,-0.16
0.299,-4,-0.24
0.29901,-4.16,-0.24
0.29901,-4.08,-0.24
0.29902,-4.08,-0.24
0.29902,-4,-0.32
0.29902,-4.08,-0.24
0.29903,-4.08,-0.24
0.29903,-4.16,-0.4
0.29904,-4.16,-0.32
0.29904,-4.08,-0.4
0.29904,-4,-0.4
0.29905,-4.16,-0.4
0.29905,-4.16,-0.32
0.29906,-4.16,-0.4
0.29906,-4.08,-0.48
0.29906,-4,-0.48
0.29907,-4.08,-0.48
0.29907,-4.16,-0.48
0.29908,-4.16,-0.48
0.29908,-4.16,-0.64
0.29908,-4.16,-0.56
0.29909,-4.16,-0.56
0.29909,-4.16,-0.56
0.2991,-4.24,-0.56
0.2991,-4.16,-0.56
0.2991,-4.08,-0.64
0.29911,-4.08,-0.64
0.29911,-4.16,-0.72
0.29912,-4.16,-0.64
0.29912,-4.16,-0.64
0.29912,-4.16,-0.64
0.29913,-4,-0.72
0.29913,-4.08,-0.72
0.29914,-4.16,-0.88
0.29914,-4.24,-0.8
0.29914,-4.16,-0.8
0.29915,-4.08,-0.8
0.29915,-4.08,-0.8
0.29916,-4.16,-0.8
0.29916,-4.16,-0.8
0.29916,-4.16,-0.88
0.29917,-4,-0.8
0.29917,-4,-0.88
0.29918,-4,-0.88
0.29918,-4.08,-0.96
0.29918,-4.16,-0.96
0.29919,-4.08,-0.96
0.29919,-4,-1.04
0.2992,-4,-1.04
0.2992,-4.16,-1.04
0.2992,-4.16,-1.04
0.29921,-4.08,-1.04
0.29921,-4,-1.04
0.29922,-3.92,-1.12
0.29922,-4.08,-1.12
0.29922,-4.16,-1.12
0.29923,-4.08,-1.12
0.29923,-4,-1.12
0.29924,-3.92,-1.12
0.29924,-4,-1.12
0.29924,-4.16,-1.12
0.29925,-4.16,-1.12
0.29925,-4,-1.12
0.29926,-3.92,-1.2
0.29926,-3.92,-1.2
0.29926,-4,-1.2
0.29927,-4.08,-1.28
0.29927,-4,-1.2
0.29928,-3.92,-1.2
0.29928,-3.92,-1.28
0.29928,-3.92,-1.28
0.29929,-4,-1.36
0.29929,-3.92,-1.36
0.2993,-3.92,-1.36
0.2993,-3.84,-1.36
0.2993,-3.92,-1.36
0.29931,-4,-1.44
0.29931,-4,-1.36
0.29932,-3.84,-1.36
0.29932,-3.76,-1.44
0.29932,-3.76,-1.52
0.29933,-3.92,-1.52
0.29933,-3.92,-1.6
0.29934,-3.92,-1.52
0.29934,-3.68,-1.52
0.29934,-3.68,-1.52
0.29935,-3.76,-1.52
0.29935,-3.84,-1.6
0.29936,-3.76,-1.6
0.29936,-3.68,-1.6
0.29936,-3.6,-1.6
0.29937,-3.6,-1.6
0.29937,-3.76,-1.68
0.29938,-3.76,-1.68
0.29938,-3.68,-1.6
0.29938,-3.6,-1.68
0.29939,-3.6,-1.68
0.29939,-3.6,-1.68
0.2994,-3.68,-1.68
0.2994,-3.68,-1.84
0.2994,-3.6,-1.84
0.29941,-3.52,-1.84
0.29941,-3.6,-1.76
0.29942,-3.68,-1.84
0.29942,-3.68,-1.92
0.29942,-3.52,-1.84
0.29943,-3.52,-1.84
0.29943,-3.52,-1.84
0.29944,-3.6,-1.84
0.29944,-3.6,-1.84
0.29944,-3.6,-1.92
0.29945,-3.44,-2
0.29945,-3.44,-1.92
0.29946,-3.52,-1.92
0.29946,-3.6,-1.92
0.29946,-3.52,-1.92
0.29947,-3.52,-2
0.29947,-3.44,-2
0.29948,-3.44,-2
0.29948,-3.52,-2
0.29948,-3.52,-2
0.29949,-3.36,-2
0.29949,-3.28,-2
0.2995,-3.28,-2
0.2995,-3.28,-2
0.2995,-3.36,-2.08
0.29951,-3.28,-2.08
0.29951,-3.2,-2.08
0.29952,-3.12,-2.16
0.29952,-3.2,-2.16
0.29952,-3.36,-2.08
0.29953,-3.2,-2.08
0.29953,-3.2,-2.16
0.29954,-3.04,-2.16
0.29954,-3.12,-2.16
0.29954,-3.2,-2.16
0.29955,-3.12,-2.16
0.29955,-3.04,-2.08
0.29956,-2.88,-2.16
0.29956,-2.96,-2.16
0.29956,-3.04,-2.16
0.29957,-3.12,-2.16
0.29957,-3.04,-2.24
0.29958,-2.88,-2.24
0.29958,-2.8,-2.24
0.29958,-2.88,-2.24
0.29959,-2.96,-2.24
0.29959,-2.88,-2.24
0.2996,-2.8,-2.16
0.2996,-2.72,-2.16
0.2996,-2.8,-2.24
0.29961,-2.88,-2.24
0.29961,-2.88,-2.16
0.29962,-2.72,-2.24
0.29962,-2.64,-2.24
0.29962,-2.64,-2.24
0.29963,-2.72,-2.24
0.29963,-2.72,-2.24
0.29964,-2.72,-2.24
0.29964,-2.64,-2.32
0.29964,-2.56,-2.32
0.29965,-2.56,-2.32
0.29965,-2.64,-2.24
0.29966,-2.72,-2.4
0.29966,-2.56,-2.32
0.29966,-2.4,-2.32
0.29967,-2.48,-2.32
0.29967,-2.48,-2.24
0.29968,-2.56,-2.24
0.29968,-2.48,-2.24
0.29968,-2.4,-2.24
0.29969,-2.32,-2.24
0.29969,-2.4,-2.24
0.2997,-2.48,-2.24
0.2997,-2.48,-2.32
0.2997,-2.32,-2.24
0.29971,-2.24,-2.24
0.29971,-2.24,-2.24
0.29972,-2.32,-2.24
0.29972,-2.4,-2.24
0.29972,-2.24,-2.24
0.29973,-2.16,-2.24
0.29973,-2.16,-2.16
0.29974,-2.24,-2.24
0.29974,-2.24,-2.24
0.29974,-2.16,-2.24
0.29975,-2.08,-2.24
0.29975,-2,-2.16
0.29976,-2.08,-2.16
0.29976,-2.08,-2.24
0.29976,-2.08,-2.24
0.29977,-1.92,-2.24
0.29977,-1.92,-2.24
0.29978,-1.92,-2.24
0.29978,-2,-2.24
0.29978,-2,-2.24
0.29979,-1.92,-2.24
0.29979,-1.76,-2.24
0.2998,-1.76,-2.16
0.2998,-1.84,-2.24
0.2998,-1.84,-2.24
0.29981,-1.76,-2.24
0.29981,-1.68,-2.24
0.29982,-1.68,-2.16
0.29982,-1.68,-2.16
0.29982,-1.76,-2.16
0.29983,-1.76,-2.16
0.29983,-1.76,-2.16
0.29984,-1.52,-2.24
0.29984,-1.6,-2.24
0.29984,-1.68,-2.24
0.29985,-1.68,-2.16
0.29985,-1.6,-2.16
0.29986,-1.44,-2.08
0.29986,-1.44,-2.08
0.29986,-1.52,-2.08
0.29987,-1.52,-2.16
0.29987,-1.52,-2.08
0.29988,-1.44,-2.08
0.29988,-1.36,-2.16
0.29988,-1.44,-2.08
0.29989,-1.52,-2.08
0.29989,-1.52,-2.08
0.2999,-1.36,-2.16
0.2999,-1.28,-2.24
0.2999,-1.28,-2.16
0.29991,-1.36,-2.08
0.29991,-1.36,-2.08
0.29992,-1.28,-2
0.29992,-1.2,-1.92
0.29992,-1.12,-1.92
0.29993,-1.28,-1.84
0.29993,-1.28,-1.84
0.29994,-1.2,-1.84
0.29994,-1.04,-1.84
0.29994,-1.04,-1.84
0.29995,-1.12,-1.76
0.29995,-1.12,-1.84
0.29996,-1.2,-1.76
0.29996,-0.96,-1.76
0.29996,-0.96,-1.84
0.29997,-0.96,-1.76
0.29997,-1.04,-1.76
0.29998,-1.04,-1.76
0.29998,-0.96,-1.76
0.29998,-0.96,-1.76
0.29999,-0.96,-1.76
0.29999,-0.96,-1.76
0.3,-1.04,-1.76
0.3,-0.96,-1.76
0.3,-0.88,-1.76
0.30001,-0.72,-1.68
0.30001,-0.8,-1.68
0.30002,-0.88,-1.76
0.30002,-0.8,-1.68
0.30002,-0.72,-1.68
0.30003,-0.64,-1.6
0.30003,-0.64,-1.6
0.30004,-0.8,-1.6
0.30004,-0.72,-1.44
0.30004,-0.64,-1.36
0.30005,-0.56,-1.36
0.30005,-0.56,-1.44
0.30006,-0.64,-1.36
0.30006,-0.72,-1.36
0.30006,-0.72,-1.36
0.30007,-0.56,-1.44
0.30007,-0.48,-1.44
0.30008,-0.48,-1.44
0.30008,-0.56,-1.36
0.30008,-0.56,-1.36
0.30009,-0.48,-1.36
0.30009,-0.4,-1.28
0.3001,-0.4,-1.2
0.3001,-0.48,-1.2
0.3001,-0.56,-1.2
0.30011,-0.48,-1.2
0.30011,-0.32,-1.2
0.30012,-0.32,-1.12
0.30012,-0.48,-1.12
0.30012,-0.56,-1.12
0.30013,-0.48,-1.12
0.30013,-0.32,-1.04
0.30014,-0.24,-1.04
0.30014,-0.32,-1.04
0.30014,-0.4,-1.04
0.30015,-0.48,-0.96
0.30015,-0.32,-0.96
0.30016,-0.24,-0.96
0.30016,-0.32,-0.96
0.30016,-0.32,-0.96
0.30017,-0.4,-0.88
0.30017,-0.32,-0.88
0.30018,-0.24,-0.88
0.30018,-0.24,-0.8
0.30018,-0.32,-0.72
0.30019,-0.32,-0.72
0.30019,-0.32,-0.64
0.3002,-0.24,-0.64
0.3002,-0.24,-0.72
0.3002,-0.24,-0.64
0.30021,-0.32,-0.64
0.30021,-0.32,-0.72
0.30022,-0.24,-0.72
0.30022,-0.16,-0.72
0.30022,-0.16,-0.64
0.30023,-0.24,-0.64
0.30023,-0.32,-0.64
0.30024,-0.24,-0.56
0.30024,-0.16,-0.48
0.30024,-0.08,-0.48
0.30025,-0.16,-0.4
0.30025,-0.24,-0.48
0.30026,-0.16,-0.4
0.30026,-0.08,-0.32
0.30026,0,-0.4
0.30027,-0.08,-0.32
0.30027,-0.24,-0.32
0.30028,-0.24,-0.24
0.30028,-0.16,-0.24
0.30028,-0.08,-0.24
0.30029,-0.08,-0.24
0.30029,-0.16,-0.24
0.3003,-0.32,-0.24
0.3003,-0.24,-0.16
0.3003,-0.16,-0.16
0.30031,-0.08,-0.16
0.30031,-0.16,-0.16
0.30032,-0.24,-0.08
0.30032,-0.24,0
0.30032,-0.08,0
0.30033,-0.16,0
0.30033,-0.16,0
0.30034,-0.24,0.08
0.30034,-0.24,0.08
0.30034,-0.16,0.08
0.30035,-0.16,0.16
0.30035,-0.08,0.16
0.30036,-0.16,0.16
0.30036,-0.24,0.24
0.30036,-0.24,0.24
0.30037,-0.08,0.24
0.30037,0,0.32
0.30038,-0.08,0.32
0.30038,-0.24,0.24
0.30038,-0.16,0.32
0.30039,-0.08,0.32
0.30039,-0.08,0.32
0.3004,-0.08,0.32
0.3004,-0.16,0.4
0.3004,-0.24,0.4
0.30041,-0.24,0.4
0.30041,-0.08,0.4
0.30042,-0.08,0.4
0.30042,-0.16,0.48
0.30042,-0.24,0.48
0.30043,-0.24,0.56
0.30043,-0.08,0.64
0.30044,-0.08,0.64
0.30044,-0.16,0.64
0.30044,-0.32,0.64
0.30045,-0.32,0.64
0.30045,-0.32,0.72
0.30046,-0.24,0.8
0.30046,-0.24,0.8
0.30046,-0.32,0.8
0.30047,-0.24,0.72
0.30047,-0.24,0.8
0.30048,-0.16,0.8
0.30048,-0.08,0.8
0.30048,-0.24,0.88
0.30049,-0.32,0.88
0.30049,-0.32,0.96
0.3005,-0.24,0.88
0.3005,-0.24,0.8
0.3005,-0.24,0.96
0.30051,-0.32,0.96
0.30051,-0.4,0.96
0.30052,-0.32,0.96
0.30052,-0.24,1.04
0.30052,-0.24,1.04
0.30053,-0.32,1.04
0.30053,-0.32,1.04
0.30054,-0.4,1.04
0.30054,-0.32,1.12
0.30054,-0.32,1.2
0.30055,-0.4,1.2
0.30055,-0.48,1.12
0.30056,-0.48,1.2
0.30056,-0.48,1.2
0.30056,-0.32,1.2
0.30057,-0.4,1.2
0.30057,-0.48,1.2
0.30058,-0.56,1.28
0.30058,-0.56,1.28
0.30058,-0.48,1.28
0.30059,-0.48,1.36
0.30059,-0.56,1.28
0.3006,-0.64,1.36
0.3006,-0.56,1.44
0.3006,-0.48,1.44
0.30061,-0.48,1.44
0.30061,-0.48,1.44
0.30062,-0.64,1.44
0.30062,-0.72,1.44
0.30062,-0.56,1.52
0.30063,-0.48,1.52
0.30063,-0.56,1.52
0.30064,-0.64,1.52
0.30064,-0.72,1.52
0.30064,-0.72,1.6
0.30065,-0.64,1.52
0.30065,-0.56,1.6
0.30066,-0.72,1.52
0.30066,-0.8,1.6
0.30066,-0.88,1.6
0.30067,-0.72,1.52
0.30067,-0.64,1.6
0.30068,-0.8,1.6
0.30068,-0.88,1.6
0.30068,-0.88,1.6
0.30069,-0.8,1.68
0.30069,-0.8,1.68
0.3007,-0.8,1.6
0.3007,-0.96,1.6
0.3007,-1.12,1.68
0.30071,-1.04,1.68
0.30071,-0.88,1.76
0.30072,-0.88,1.76
0.30072,-0.96,1.76
0.30072,-1.04,1.76
0.30073,-1.04,1.76
0.30073,-0.96,1.84
0.30074,-0.96,1.84
0.30074,-0.96,1.84
0.30074,-1.12,1.84
0.30075,-1.2,1.76
0.30075,-1.12,1.84
0.30076,-1.12,1.84
0.30076,-1.04,1.76
0.30076,-1.2,1.92
0.30077,-1.28,1.92
0.30077,-1.2,1.92
0.30078,-1.2,1.92
0.30078,-1.12,1.92
0.30078,-1.2,2
0.30079,-1.28,2
0.30079,-1.28,1.92
0.3008,-1.2,2
0.3008,-1.2,2
0.3008,-1.2,2
0.30081,-1.36,2
0.30081,-1.44,2
0.30082,-1.36,2
0.30082,-1.28,2.08
0.30082,-1.28,2
0.30083,-1.44,2
0.30083,-1.52,2.08
0.30084,-1.52,2
0.30084,-1.44,2
0.30084,-1.36,2.08
0.30085,-1.52,2.08
0.30085,-1.6,2.08
0.30086,-1.68,2.08
0.30086,-1.6,2.16
0.30086,-1.52,2.08
0.30087,-1.52,2.08
0.30087,-1.68,2.16
0.30088,-1.76,2.08
0.30088,-1.76,2.08
0.30088,-1.68,2.08
0.30089,-1.68,2.08
0.30089,-1.76,2
0.3009,-1.92,2.08
0.3009,-1.76,2.08
0.3009,-1.68,2.16
0.30091,-1.68,2.16
0.30091,-1.68,2.16
0.30092,-1.76,2.16
0.30092,-1.84,2.16
0.30092,-1.84,2.16
0.30093,-1.84,2.16
0.30093,-1.84,2.16
0.30094,-1.92,2.16
0.30094,-2,2.08
0.30094,-1.92,2.08
0.30095,-1.84,2.08
0.30095,-1.84,2.08
0.30096,-2,2
0.30096,-2.08,2.08
0.30096,-2.08,2.08
0.30097,-2,2.08
0.30097,-1.92,2.08
0.30098,-2,2.08
0.30098,-2.08,2.08
0.30098,-2.24,2
0.30099,-2.16,2.08
0.30099,-2.08,2.08
0.301,-2.16,2.08
0.301,-2.16,2.08
0.301,-2.24,2.16
0.30101,-2.24,2.16
0.30101,-2.16,2.08
0.30102,-2.16,2.08
0.30102,-2.24,2.08
0.30102,-2.4,2.08
0.30103,-2.48,2.08
0.30103,-2.4,2.16
0.30104,-2.32,2.16
0.30104,-2.32,2.16
0.30104,-2.4,2.16
0.30105,-2.48,2.16
0.30105,-2.4,2.08
0.30106,-2.32,2.08
0.30106,-2.24,2
0.30106,-2.4,2
0.30107,-2.48,2.08
0.30107,-2.56,2
0.30108,-2.4,2.16
0.30108,-2.4,2.16
0.30108,-2.4,2.16
0.30109,-2.48,2.08
0.30109,-2.56,2.08
0.3011,-2.48,2.08
0.3011,-2.4,2
0.3011,-2.48,2
0.30111,-2.64,2
0.30111,-2.72,2.08
0.30112,-2.64,2
0.30112,-2.48,2
0.30112,-2.56,2
0.30113,-2.64,2
0.30113,-2.72,2
0.30114,-2.72,1.92
0.30114,-2.64,1.92
0.30114,-2.64,1.84
0.30115,-2.72,1.84
0.30115,-2.8,1.92
0.30116,-2.8,1.92
0.30116,-2.72,1.92
0.30116,-2.72,1.92
0.30117,-2.8,1.92
0.30117,-2.88,1.92
0.30118,-2.96,1.92
0.30118,-2.88,1.84
0.30118,-2.8,1.84
0.30119,-2.8,1.84
0.30119,-2.88,1.84
0.3012,-2.96,1.76
0.3012,-2.96,1.76
0.3012,-2.88,1.76
0.30121,-2.8,1.76
0.30121,-2.88,1.76
0.30122,-2.96,1.76
0.30122,-2.96,1.76
0.30122,-2.88,1.76
0.30123,-2.88,1.76
0.30123,-2.96,1.76
0.30124,-3.04,1.76
0.30124,-3.04,1.76
0.30124,-3.12,1.76
0.30125,-2.96,1.68
0.30125,-2.96,1.68
0.30126,-3.04,1.68
0.30126,-3.12,1.76
0.30126,-3.12,1.76
0.30127,-3.04,1.76
0.30127,-2.96,1.68
0.30128,-2.96,1.68
0.30128,-3.12,1.68
0.30128,-3.2,1.68
0.30129,-3.12,1.6
0.30129,-2.96,1.6
0.3013,-2.96,1.52
0.3013,-3.12,1.6
0.3013,-3.2,1.6
0.30131,-3.2,1.52
0.30131,-3.04,1.52
0.30132,-3.04,1.52
0.30132,-3.2,1.52
0.30132,-3.28,1.52
0.30133,-3.28,1.52
0.30133,-3.2,1.52
0.30134,-3.12,1.52
0.30134,-3.2,1.44
0.30134,-3.36,1.44
0.30135,-3.44,1.44
0.30135,-3.36,1.44
0.30136,-3.2,1.44
0.30136,-3.2,1.44
0.30136,-3.28,1.36
0.30137,-3.44,1.36
0.30137,-3.36,1.36
0.30138,-3.2,1.44
0.30138,-3.2,1.44
0.30138,-3.28,1.36
0.30139,-3.36,1.36
0.30139,-3.36,1.36
0.3014,-3.36,1.36
0.3014,-3.28,1.36
0.3014,-3.28,1.44
0.30141,-3.36,1.36
0.30141,-3.44,1.36
0.30142,-3.36,1.28
0.30142,-3.2,1.2
0.30142,-3.28,1.2
0.30143,-3.36,1.28
0.30143,-3.44,1.28
0.30144,-3.36,1.28
0.30144,-3.28,1.28
0.30144,-3.2,1.28
0.30145,-3.28,1.2
0.30145,-3.36,1.2
0.30146,-3.36,1.2
0.30146,-3.36,1.12
0.30146,-3.28,1.12
0.30147,-3.36,1.12
0.30147,-3.44,1.12
0.30148,-3.52,1.04
0.30148,-3.52,1.04
0.30148,-3.44,1.04
0.30149,-3.44,1.04
0.30149,-3.36,1.04
0.3015,-3.44,1.04
0.3015,-3.44,1.04
0.3015,-3.28,0.96
0.30151,-3.28,0.96
0.30151,-3.36,0.96
0.30152,-3.44,1.04
0.30152,-3.52,0.96
0.30152,-3.52,0.96
0.30153,-3.44,1.04
0.30153,-3.44,1.04
0.30154,-3.44,1.04
0.30154,-3.52,0.96
0.30154,-3.52,0.96
0.30155,-3.44,0.96
0.30155,-3.36,0.96
0.30156,-3.52,0.96
0.30156,-3.52,0.88
0.30156,-3.52,0.88
0.30157,-3.36,0.88
0.30157,-3.36,0.88
0.30158,-3.44,0.88
0.30158,-3.44,0.88
0.30158,-3.44,0.8
0.30159,-3.44,0.8
0.30159,-3.44,0.8
0.3016,-3.36,0.72
0.3016,-3.44,0.72
0.3016,-3.52,0.64
0.30161,-3.44,0.64
0.30161,-3.36,0.72
0.30162,-3.36,0.72
0.30162,-3.44,0.72
0.30162,-3.52,0.64
0.30163,-3.52,0.64
0.30163,-3.44,0.72
0.30164,-3.44,0.72
0.30164,-3.36,0.72
0.30164,-3.44,0.72
0.30165,-3.52,0.72
0.30165,-3.52,0.72
0.30166,-3.44,0.72
0.30166,-3.36,0.64
0.30166,-3.44,0.64
0.30167,-3.52,0.64
0.30167,-3.52,0.64
0.30168,-3.44,0.64
0.30168,-3.28,0.56
0.30168,-3.36,0.56
0.30169,-3.44,0.56
0.30169,-3.36,0.64
0.3017,-3.36,0.64
0.3017,-3.28,0.64
0.3017,-3.36,0.64
0.30171,-3.44,0.64
0.30171,-3.44,0.56
0.30172,-3.44,0.48
0.30172,-3.36,0.48
0.30172,-3.36,0.48
0.30173,-3.44,0.48
0.30173,-3.44,0.4
0.30174,-3.44,0.4
0.30174,-3.36,0.4
0.30174,-3.28,0.4
0.30175,-3.28,0.4
0.30175,-3.36,0.4
0.30176,-3.44,0.4
0.30176,-3.36,0.48
0.30176,-3.28,0.48
0.30177,-3.36,0.4
0.30177,-3.44,0.4
0.30178,-3.44,0.32
0.30178,-3.36,0.4
0.30178,-3.28,0.32
0.30179,-3.2,0.24
0.30179,-3.2,0.24
0.3018,-3.36,0.32
0.3018,-3.36,0.32
0.3018,-3.28,0.32
0.30181,-3.28,0.32
0.30181,-3.28,0.32
0.30182,-3.44,0.32
0.30182,-3.44,0.4
0.30182,-3.28,0.4
0.30183,-3.2,0.32
0.30183,-3.2,0.32
0.30184,-3.28,0.24
0.30184,-3.44,0.24
0.30184,-3.36,0.32
0.30185,-3.2,0.32
0.30185,-3.12,0.32
0.30186,-3.2,0.24
0.30186,-3.36,0.24
0.30186,-3.36,0.24
0.30187,-3.28,0.24
0.30187,-3.2,0.16
0.30188,-3.28,0.16
0.30188,-3.36,0.08
0.30188,-3.36,0.08
0.30189,-3.28,0.16
0.30189,-3.12,0.16
0.3019,-3.12,0.16
0.3019,-3.2,0.16
0.3019,-3.2,0.16
0.30191,-3.2,0.08
0.30191,-3.04,0.08
0.30192,-3.04,0.08
0.30192,-3.2,0.08
0.30192,-3.2,0.16
0.30193,-3.28,0.16
0.30193,-3.2,0.16
0.30194,-3.12,0.16
0.30194,-3.2,0.16
0.30194,-3.28,0.16
0.30195,-3.28,0.16
0.30195,-3.2,0.24
0.30196,-3.12,0.24
0.30196,-3.04,0.24
0.30196,-3.12,0.24
0.30197,-3.2,0.24
0.30197,-3.2,0.16
0.30198,-3.04,0.16
0.30198,-2.96,0.16
0.30198,-3.04,0.16
0.30199,-3.12,0.16
0.30199,-3.12,0.16
0.302,-3.04,0.16
0.302,-2.96,0.16
0.302,-2.96,0.16
0.30201,-3.12,0.16
0.30201,-3.12,0.08
0.30202,-3.12,0.16
0.30202,-3.04,0.16
0.30202,-3.04,0.16
0.30203,-3.04,0.16
0.30203,-3.12,0.16
0.30204,-3.12,0.16
0.30204,-2.96,0.16
0.30204,-2.96,0.16
0.30205,-3.04,0.16
0.30205,-3.04,0
0.30206,-3.12,0
0.30206,-3.04,0
0.30206,-2.96,0
0.30207,-2.96,0.08
0.30207,-3.04,0.08
0.30208,-3.12,0.08
0.30208,-3.04,0.08
0.30208,-2.88,0.08
0.30209,-2.88,0.08
0.30209,-2.88,0.08
0.3021,-2.96,0.08
0.3021,-2.96,0.08
0.3021,-2.88,0.16
0.30211,-2.88,0.16
0.30211,-2.88,0.16
0.30212,-3.04,0.16
0.30212,-3.12,0.16
0.30212,-2.96,0.16
0.30213,-2.88,0.16
0.30213,-2.88,0.16
0.30214,-3.04,0.16
0.30214,-3.04,0.16
0.30214,-2.96,0.16
0.30215,-2.88,0.16
0.30215,-2.8,0.16
0.30216,-2.88,0.16
0.30216,-2.96,0.16
0.30216,-2.96,0.16
0.30217,-2.88,0.24
0.30217,-2.72,0.16
0.30218,-2.8,0.16
0.30218,-2.88,0.16
0.30218,-2.96,0.16
0.30219,-2.88,0.08
0.30219,-2.72,0.08
0.3022,-2.72,0.08
0.3022,-2.88,0.08
0.3022,-2.96,0.16
0.30221,-2.96,0.16
0.30221,-2.88,0.16
0.30222,-2.8,0.16
0.30222,-2.8,0.08
0.30222,-2.88,0.08
0.30223,-2.88,0.16
0.30223,-2.72,0.08
0.30224,-2.72,0.08
0.30224,-2.72,0.08
0.30224,-2.8,0.16
0.30225,-2.8,0.16
0.30225,-2.8,0.16
0.30226,-2.72,0.16
0.30226,-2.72,0.16
0.30226,-2.8,0.16
0.30227,-2.96,0.08
0.30227,-2.96,0.16
0.30228,-2.88,0.16
0.30228,-2.8,0.16
0.30228,-2.8,0.08
0.30229,-2.88,0.16
0.30229,-2.88,0.16
0.3023,-2.72,0.16
0.3023,-2.72,0.16
0.3023,-2.72,0.08
0.30231,-2.8,0.08
0.30231,-2.88,0.16
0.30232,-2.8,0.08
0.30232,-2.72,0.24
0.30232,-2.64,0.24
0.30233,-2.72,0.16
0.30233,-2.8,0.16
0.30234,-2.88,0.24
0.30234,-2.72,0.24
0.30234,-2.64,0.24
0.30235,-2.64,0.16
0.30235,-2.72,0.16
0.30236,-2.8,0.16
0.30236,-2.72,0.16
0.30236,-2.64,0.16
0.30237,-2.64,0.08
0.30237,-2.8,0.16
0.30238,-2.88,0.16
0.30238,-2.72,0.16
0.30238,-2.56,0.16
0.30239,-2.56,0.16
0.30239,-2.64,0.16
0.3024,-2.72,0.16
0.3024,-2.72,0.16
0.3024,-2.72,0.16
0.30241,-2.72,0.16
0.30241,-2.72,0.24
0.30242,-2.8,0.24
0.30242,-2.8,0.16
0.30242,-2.8,0.16
0.30243,-2.72,0.16
0.30243,-2.64,0.24
0.30244,-2.8,0.24
0.30244,-2.72,0.16
0.30244,-2.72,0.16
0.30245,-2.64,0.16
0.30245,-2.56,0.16
0.30246,-2.64,0.16
0.30246,-2.72,0.24
0.30246,-2.72,0.24
0.30247,-2.64,0.32
0.30247,-2.64,0.32
0.30248,-2.64,0.24
0.30248,-2.8,0.16
0.30248,-2.88,0.08
0.30249,-2.8,0.08
0.30249,-2.64,0.16
0.3025,-2.64,0.24
0.3025,-2.72,0.16
0.3025,-2.72,0.16
0.30251,-2.72,0.16
0.30251,-2.64,0.24
0.30252,-2.64,0.24
0.30252,-2.64,0.24
0.30252,-2.8,0.24
0.30253,-2.8,0.16
0.30253,-2.8,0.24
0.30254,-2.72,0.32
0.30254,-2.72,0.24
0.30254,-2.8,0.32
0.30255,-2.8,0.24
0.30255,-2.72,0.24
0.30256,-2.64,0.24
0.30256,-2.56,0.24
0.30256,-2.64,0.16
0.30257,-2.8,0.16
0.30257,-2.72,0.24
0.30258,-2.64,0.16
0.30258,-2.56,0.24
0.30258,-2.64,0.24
0.30259,-2.8,0.16
0.30259,-2.88,0.16
0.3026,-2.8,0.24
0.3026,-2.72,0.16
0.3026,-2.64,0.24
0.30261,-2.8,0.24
0.30261,-2.8,0.16
0.30262,-2.72,0.24
0.30262,-2.72,0.24
0.30262,-2.64,0.16
0.30263,-2.64,0.16
0.30263,-2.8,0.24
0.30264,-2.8,0.24
0.30264,-2.72,0.24
0.30264,-2.64,0.24
0.30265,-2.72,0.16
0.30265,-2.88,0.24
0.30266,-2.8,0.24
0.30266,-2.8,0.24
0.30266,-2.72,0.24
0.30267,-2.72,0.24
0.30267,-2.72,0.24
0.30268,-2.88,0.24
0.30268,-2.8,0.16
0.30268,-2.72,0.24
0.30269,-2.64,0.24
0.30269,-2.8,0.24
0.3027,-2.8,0.32
0.3027,-2.8,0.32
0.3027,-2.72,0.32
0.30271,-2.72,0.16
0.30271,-2.72,0.16
0.30272,-2.72,0.24
0.30272,-2.8,0.24
0.30272,-2.72,0.24
0.30273,-2.56,0.24
0.30273,-2.56,0.32
0.30274,-2.64,0.16
0.30274,-2.8,0.24
0.30274,-2.88,0.24
0.30275,-2.72,0.32
0.30275,-2.64,0.32
0.30276,-2.64,0.4
0.30276,-2.72,0.32
0.30276,-2.72,0.24
0.30277,-2.64,0.32
0.30277,-2.64,0.24
0.30278,-2.64,0.24
0.30278,-2.8,0.24
0.30278,-2.8,0.32
0.30279,-2.8,0.32
0.30279,-2.72,0.24
0.3028,-2.64,0.24
0.3028,-2.72,0.24
0.3028,-2.8,0.16
0.30281,-2.72,0.24
0.30281,-2.64,0.24
0.30282,-2.64,0.16
0.30282,-2.72,0.16
0.30282,-2.8,0.16
0.30283,-2.72,0.16
0.30283,-2.64,0.24
0.30284,-2.56,0.24
0.30284,-2.64,0.24
0.30284,-2.72,0.24
0.30285,-2.88,0.32
0.30285,-2.88,0.32
0.30286,-2.72,0.32
0.30286,-2.8,0.24
0.30286,-2.72,0.32
0.30287,-2.88,0.32
0.30287,-2.8,0.32
0.30288,-2.72,0.32
0.30288,-2.72,0.32
0.30288,-2.72,0.32
0.30289,-2.8,0.24
0.30289,-2.88,0.24
0.3029,-2.72,0.32
0.3029,-2.64,0.32
0.3029,-2.72,0.24
0.30291,-2.72,0.24
0.30291,-2.88,0.24
0.30292,-2.8,0.24
0.30292,-2.72,0.32
0.30292,-2.72,0.32
0.30293,-2.72,0.32
0.30293,-2.88,0.32
0.30294,-2.88,0.32
0.30294,-2.72,0.24
0.30294,-2.64,0.24
0.30295,-2.64,0.24
0.30295,-2.72,0.16
0.30296,-2.8,0.16
0.30296,-2.72,0.24
0.30296,-2.64,0.24
0.30297,-2.64,0.16
0.30297,-2.72,0.24
0.30298,-2.8,0.24
0.30298,-2.8,0.24
0.30298,-2.64,0.24
0.30299,-2.64,0.32
0.30299,-2.72,0.24
0.303,-2.8,0.24
0.303,-2.88,0.24
0.303,-2.8,0.24
0.30301,-2.72,0.32
0.30301,-2.64,0.32
0.30302,-2.72,0.32
0.30302,-2.8,0.24
0.30302,-2.72,0.24
0.30303,-2.64,0.16
0.30303,-2.72,0.24
0.30304,-2.72,0.16
0.30304,-2.8,0.16
0.30304,-2.8,0.16
0.30305,-2.72,0.16
0.30305,-2.64,0.24
0.30306,-2.72,0.32
0.30306,-2.8,0.24
0.30306,-2.72,0.32
0.30307,-2.72,0.32
0.30307,-2.64,0.32
0.30308,-2.72,0.24
0.30308,-2.8,0.24
0.30308,-2.88,0.24
0.30309,-2.8,0.24
0.30309,-2.72,0.24
0.3031,-2.72,0.24
0.3031,-2.72,0.32
0.3031,-2.88,0.32
0.30311,-2.88,0.32
0.30311,-2.72,0.32
0.30312,-2.64,0.32
0.30312,-2.64,0.24
0.30312,-2.8,0.16
0.30313,-2.88,0.24
0.30313,-2.72,0.24
0.30314,-2.72,0.24
0.30314,-2.72,0.24
0.30314,-2.8,0.32
0.30315,-2.88,0.32
0.30315,-2.8,0.32
0.30316,-2.72,0.24
0.30316,-2.64,0.16
0.30316,-2.72,0.16
0.30317,-2.8,0.16
0.30317,-2.88,0.16
0.30318,-2.72,0.24
0.30318,-2.64,0.16
0.30318,-2.72,0.24
0.30319,-2.8,0.24
0.30319,-2.88,0.24
0.3032,-2.8,0.24
0.3032,-2.72,0.24
0.3032,-2.72,0.24
0.30321,-2.72,0.24
0.30321,-2.88,0.32
0.30322,-2.8,0.24
0.30322,-2.72,0.32
0.30322,-2.64,0.24
0.30323,-2.72,0.24
0.30323,-2.8,0.24
0.30324,-2.8,0.24
0.30324,-2.72,0.24
0.30324,-2.64,0.32
0.30325,-2.64,0.4
0.30325,-2.8,0.32
0.30326,-2.8,0.32
0.30326,-2.72,0.24
0.30326,-2.64,0.16
0.30327,-2.72,0.16
0.30327,-2.72,0.16
0.30328,-2.88,0.16
0.30328,-2.8,0.16
0.30328,-2.64,0.24
0.30329,-2.64,0.24
0.30329,-2.72,0.24
0.3033,-2.8,0.24
0.3033,-2.8,0.16
0.3033,-2.8,0.24
0.30331,-2.72,0.32
0.30331,-2.72,0.32
0.30332,-2.8,0.24
0.30332,-2.88,0.32
0.30332,-2.8,0.32
0.30333,-2.64,0.32
0.30333,-2.56,0.32
0.30334,-2.72,0.16
0.30334,-2.88,0.16
0.30334,-2.8,0.16
0.30335,-2.72,0.16
0.30335,-2.72,0.24
0.30336,-2.8,0.24
0.30336,-2.88,0.32
0.30336,-2.88,0.32
0.30337,-2.8,0.32
0.30337,-2.64,0.32
0.30338,-2.72,0.32
0.30338,-2.72,0.32
0.30338,-2.8,0.24
0.30339,-2.8,0.24
0.30339,-2.64,0.32
0.3034,-2.64,0.32
0.3034,-2.64,0.16
0.3034,-2.72,0.16
0.30341,-2.72,0.16
0.30341,-2.56,0.16
0.30342,-2.56,0.16
0.30342,-2.64,0.16
0.30342,-2.8,0.24
0.30343,-2.8,0.24
0.30343,-2.72,0.24
0.30344,-2.72,0.32
0.30344,-2.72,0.32
0.30344,-2.8,0.16
0.30345,-2.88,0.24
0.30345,-2.88,0.32
0.30346,-2.72,0.32
0.30346,-2.64,0.24
0.30346,-2.72,0.24
0.30347,-2.88,0.16
0.30347,-2.8,0.24
0.30348,-2.72,0.24
0.30348,-2.64,0.24
0.30348,-2.72,0.24
0.30349,-2.8,0.24
0.30349,-2.8,0.24
0.3035,-2.72,0.24
0.3035,-2.64,0.32
0.3035,-2.56,0.24
0.30351,-2.72,0.32
0.30351,-2.8,0.24
0.30352,-2.72,0.32
0.30352,-2.64,0.32
0.30352,-2.64,0.24
0.30353,-2.72,0.24
0.30353,-2.8,0.16
0.30354,-2.88,0.16
0.30354,-2.64,0.24
0.30354,-2.64,0.32
0.30355,-2.64,0.32
0.30355,-2.72,0.24
0.30356,-2.72,0.16
0.30356,-2.64,0.24
0.30356,-2.56,0.24
0.30357,-2.56,0.24
0.30357,-2.72,0.24
0.30358,-2.8,0.24
0.30358,-2.64,0.24
0.30358,-2.64,0.16
0.30359,-2.56,0.24
0.30359,-2.72,0.16
0.3036,-2.8,0.24
0.3036,-2.8,0.16
0.3036,-2.72,0.16
0.30361,-2.64,0.24
0.30361,-2.64,0.24
0.30362,-2.72,0.24
0.30362,-2.72,0.24
0.30362,-2.64,0.24
0.30363,-2.56,0.24
0.30363,-2.56,0.24
0.30364,-2.72,0.16
0.30364,-2.88,0.24
0.30364,-2.8,0.24
0.30365,-2.64,0.24
0.30365,-2.64,0.16
0.30366,-2.64,0.16
0.30366,-2.72,0.24
0.30366,-2.72,0.16
0.30367,-2.72,0.16
0.30367,-2.56,0.16
0.30368,-2.64,0.24
0.30368,-2.72,0.24
0.30368,-2.8,0.24
0.30369,-2.72,0.24
0.30369,-2.56,0.16
0.3037,-2.64,0.16
0.3037,-2.64,0.16
0.3037,-2.72,0.16
0.30371,-2.72,0.16
0.30371,-2.64,0.24
0.30372,-2.56,0.16
0.30372,-2.64,0.24
0.30372,-2.8,0.24
0.30373,-2.8,0.24
0.30373,-2.72,0.24
0.30374,-2.56,0.16
0.30374,-2.56,0.24
0.30374,-2.64,0.24
0.30375,-2.72,0.24
0.30375,-2.72,0.24
0.30376,-2.64,0.24
0.30376,-2.64,0.24
0.30376,-2.72,0.24
0.30377,-2.8,0.24
0.30377,-2.8,0.24
0.30378,-2.64,0.24
0.30378,-2.56,0.24
0.30378,-2.64,0.24
0.30379,-2.72,0.24
0.30379,-2.72,0.24
0.3038,-2.72,0.32
0.3038,-2.64,0.32
0.3038,-2.64,0.32
0.30381,-2.72,0.32
0.30381,-2.8,0.32
0.30382,-2.72,0.4
0.30382,-2.64,0.32
0.30382,-2.64,0.32
0.30383,-2.72,0.32
0.30383,-2.72,0.32
0.30384,-2.8,0.24
0.30384,-2.72,0.32
0.30384,-2.64,0.32
0.30385,-2.56,0.24
0.30385,-2.72,0.24
0.30386,-2.8,0.24
0.30386,-2.72,0.24
0.30386,-2.64,0.32
0.30387,-2.64,0.24
0.30387,-2.72,0.16
0.30388,-2.8,0.16
0.30388,-2.8,0.16
0.30388,-2.72,0.16
0.30389,-2.64,0.24
0.30389,-2.72,0.24
0.3039,-2.8,0.32
0.3039,-2.8,0.24
0.3039,-2.72,0.24
0.30391,-2.72,0.24
0.30391,-2.72,0.24
0.30392,-2.72,0.24
0.30392,-2.88,0.24
0.30392,-2.8,0.32
0.30393,-2.72,0.32
0.30393,-2.64,0.32
0.30394,-2.8,0.32
0.30394,-2.88,0.32
0.30394,-2.8,0.32
0.30395,-2.64,0.24
0.30395,-2.56,0.32
0.30396,-2.64,0.24
0.30396,-2.72,0.32
0.30396,-2.72,0.32
0.30397,-2.56,0.32
0.30397,-2.56,0.32
0.30398,-2.56,0.24
0.30398,-2.72,0.24
0.30398,-2.8,0.32
0.30399,-2.64,0.32
0.30399,-2.64,0.32
0.304,-2.56,0.24
0.304,-2.56,0.32
0.304,-2.72,0.32
0.30401,-2.72,0.32
0.30401,-2.64,0.32
0.30402,-2.64,0.24
0.30402,-2.64,0.32
0.30402,-2.72,0.32
0.30403,-2.72,0.32
0.30403,-2.64,0.32
0.30404,-2.56,0.32
0.30404,-2.56,0.32
0.30404,-2.64,0.32
0.30405,-2.72,0.32
0.30405,-2.72,0.32
0.30406,-2.64,0.16
0.30406,-2.64,0.16
0.30406,-2.72,0.16
0.30407,-2.8,0.24
0.30407,-2.8,0.32
0.30408,-2.72,0.32
0.30408,-2.72,0.32
0.30408,-2.8,0.32
0.30409,-2.8,0.32
0.30409,-2.8,0.32
0.3041,-2.72,0.32
0.3041,-2.64,0.24
0.3041,-2.56,0.32
0.30411,-2.64,0.24
0.30411,-2.72,0.24
0.30412,-2.64,0.16
0.30412,-2.56,0.16
0.30412,-2.56,0.16
0.30413,-2.64,0.16
0.30413,-2.88,0.16
0.30414,-2.8,0.16
0.30414,-2.72,0.24
0.30414,-2.64,0.24
0.30415,-2.72,0.24
0.30415,-2.72,0.32
0.30416,-2.8,0.24
0.30416,-2.72,0.24
0.30416,-2.64,0.24
0.30417,-2.64,0.32
0.30417,-2.72,0.24
0.30418,-2.8,0.16
0.30418,-2.72,0.24
0.30418,-2.64,0.24
0.30419,-2.64,0.32
0.30419,-2.64,0.4
0.3042,-2.72,0.32
0.3042,-2.8,0.32
0.3042,-2.64,0.32
0.30421,-2.64,0.24
0.30421,-2.72,0.24
0.30422,-2.8,0.32
0.30422,-2.88,0.24
0.30422,-2.8,0.32
0.30423,-2.72,0.32
0.30423,-2.72,0.24
0.30424,-2.88,0.16
0.30424,-2.88,0.16
0.30424,-2.88,0.16
0.30425,-2.8,0.16
0.30425,-2.64,0.16
0.30426,-2.72,0.16
0.30426,-2.8,0.16
0.30426,-2.8,0.24
0.30427,-2.8,0.24
0.30427,-2.64,0.24
0.30428,-2.64,0.24
0.30428,-2.72,0.24
0.30428,-2.8,0.24
0.30429,-2.72,0.32
0.30429,-2.72,0.32
0.3043,-2.64,0.32
0.3043,-2.64,0.32
0.3043,-2.72,0.32
0.30431,-2.72,0.24
0.30431,-2.64,0.32
0.30432,-2.64,0.24
0.30432,-2.64,0.24
0.30432,-2.8,0.32
0.30433,-2.8,0.32
0.30433,-2.8,0.32
0.30434,-2.64,0.4
0.30434,-2.64,0.4
0.30434,-2.72,0.32
0.30435,-2.8,0.32
0.30435,-2.8,0.32
0.30436,-2.72,0.32
0.30436,-2.72,0.32
0.30436,-2.72,0.24
0.30437,-2.88,0.24
0.30437,-2.8,0.16
0.30438,-2.72,0.24
0.30438,-2.64,0.16
0.30438,-2.72,0.24
0.30439,-2.88,0.24
0.30439,-2.96,0.24
0.3044,-2.88,0.24
0.3044,-2.72,0.32
0.3044,-2.64,0.32
0.30441,-2.64,0.24
0.30441,-2.8,0.32
0.30442,-2.8,0.32
0.30442,-2.8,0.32
0.30442,-2.72,0.32
0.30443,-2.72,0.32
0.30443,-2.8,0.32
0.30444,-2.8,0.32
0.30444,-2.8,0.32
0.30444,-2.72,0.32
0.30445,-2.72,0.24
0.30445,-2.8,0.24
0.30446,-2.88,0.24
0.30446,-2.8,0.24
0.30446,-2.64,0.32
0.30447,-2.64,0.32
0.30447,-2.72,0.24
0.30448,-2.72,0.16
0.30448,-2.8,0.16
0.30448,-2.72,0.32
0.30449,-2.64,0.32
0.30449,-2.72,0.32
0.3045,-2.8,0.32
0.3045,-2.8,0.32
0.3045,-2.72,0.24
0.30451,-2.64,0.24
0.30451,-2.72,0.16
0.30452,-2.72,0.16
0.30452,-2.88,0.24
0.30452,-2.8,0.32
0.30453,-2.72,0.24
0.30453,-2.72,0.24
0.30454,-2.8,0.32
0.30454,-2.88,0.4
0.30454,-2.8,0.4
0.30455,-2.64,0.4
0.30455,-2.64,0.4
0.30456,-2.72,0.32
0.30456,-2.8,0.32
0.30456,-2.88,0.32
0.30457,-2.8,0.24
0.30457,-2.8,0.24
0.30458,-2.72,0.32
0.30458,-2.8,0.24
0.30458,-2.8,0.24
0.30459,-2.8,0.24
0.30459,-2.64,0.32
0.3046,-2.64,0.24
0.3046,-2.72,0.16
0.3046,-2.8,0.24
0.30461,-2.8,0.24
0.30461,-2.72,0.32
0.30462,-2.72,0.24
0.30462,-2.72,0.24
0.30462,-2.8,0.32
0.30463,-2.8,0.32
0.30463,-2.72,0.32
0.30464,-2.64,0.32
0.30464,-2.64,0.32
0.30464,-2.8,0.24
0.30465,-2.88,0.16
0.30465,-2.88,0.24
0.30466,-2.72,0.24
0.30466,-2.72,0.24
0.30466,-2.8,0.24
0.30467,-2.88,0.32
0.30467,-2.8,0.32
0.30468,-2.72,0.32
0.30468,-2.64,0.32
0.30468,-2.64,0.32
0.30469,-2.72,0.24
0.30469,-2.72,0.32
0.3047,-2.72,0.4
0.3047,-2.56,0.32
0.3047,-2.56,0.32
0.30471,-2.72,0.32
0.30471,-2.8,0.32
0.30472,-2.8,0.24
0.30472,-2.64,0.32
0.30472,-2.64,0.24
0.30473,-2.72,0.24
0.30473,-2.88,0.24
0.30474,-2.8,0.24
0.30474,-2.72,0.24
0.30474,-2.64,0.24
0.30475,-2.64,0.24
0.30475,-2.72,0.32
0.30476,-2.8,0.32
0.30476,-2.72,0.32
0.30476,-2.56,0.32
0.30477,-2.56,0.24
0.30477,-2.72,0.16
0.30478,-2.8,0.16
0.30478,-2.72,0.24
0.30478,-2.64,0.24
0.30479,-2.56,0.16
0.30479,-2.64,0.16
0.3048,-2.8,0.24
0.3048,-2.88,0.24
0.3048,-2.72,0.24
0.30481,-2.72,0.24
0.30481,-2.8,0.32
0.30482,-2.88,0.32
0.30482,-2.96,0.32
0.30482,-2.88,0.32
0.30483,-2.8,0.4
0.30483,-2.72,0.4
0.30484,-2.8,0.32
0.30484,-2.88,0.32
0.30484,-2.88,0.32
0.30485,-2.8,0.4
0.30485,-2.72,0.32
0.30486,-2.72,0.32
0.30486,-2.88,0.32
0.30486,-2.88,0.24
0.30487,-2.72,0.32
0.30487,-2.72,0.24
0.30488,-2.72,0.24
0.30488,-2.88,0.32
0.30488,-2.88,0.32
0.30489,-2.88,0.24
0.30489,-2.72,0.32
0.3049,-2.72,0.24
0.3049,-2.72,0.32
0.3049,-2.72,0.32
0.30491,-2.72,0.4
0.30491,-2.64,0.32
0.30492,-2.64,0.32
0.30492,-2.64,0.32
0.30492,-2.8,0.32
0.30493,-2.88,0.24
0.30493,-2.8,0.24
0.30494,-2.72,0.24
0.30494,-2.72,0.24
0.30494,-2.88,0.16
0.30495,-2.88,0.24
0.30495,-2.88,0.24
0.30496,-2.72,0.24
0.30496,-2.64,0.16
0.30496,-2.72,0.16
0.30497,-2.72,0.24
0.30497,-2.8,0.24
0.30498,-2.72,0.24
0.30498,-2.64,0.32
0.30498,-2.64,0.32
0.30499,-2.8,0.24
0.30499,-2.8,0.24
0.305,-2.8,0.16
0.305,-2.72,0.16
0.305,-2.72,0.16
0.30501,-2.72,0.24
0.30501,-2.8,0.24
0.30502,-2.8,0.24
0.30502,-2.64,0.32
0.30502,-2.64,0.24
0.30503,-2.72,0.16
0.30503,-2.8,0.24
0.30504,-2.8,0.16
0.30504,-2.72,0.16
0.30504,-2.64,0.24
0.30505,-2.72,0.24
0.30505,-2.88,0.24
0.30506,-2.88,0.24
0.30506,-2.88,0.16
0.30506,-2.72,0.24
0.30507,-2.64,0.24
0.30507,-2.72,0.24
0.30508,-2.88,0.24
