-0.116,-2.8,0.16
-0.1156,-2.72,0.16
-0.1152,-2.72,0.16
-0.1148,-2.72,0.24
-0.1144,-2.8,0.16
-0.114,-2.72,0.24
-0.1136,-2.8,0.16
-0.1132,-2.8,0.16
-0.1128,-2.72,0.24
-0.1124,-2.8,0.16
-0.112,-2.8,0.16
-0.1116,-2.8,0.24
-0.1112,-2.72,0.16
-0.1108,-2.8,0.16
-0.1104,-2.72,0.16
-0.11,-2.8,0.16
-0.1096,-2.8,0.16
-0.1092,-2.72,0.16
-0.1088,-2.8,0.16
-0.1084,-2.72,0.16
-0.108,-2.72,0.16
-0.1076,-2.72,0.16
-0.1072,-2.8,0.16
-0.1068,-2.72,0.16
-0.1064,-2.72,0.16
-0.106,-2.72,0.16
-0.1056,-2.8,0.08
-0.1052,-2.72,0.08
-0.1048,-2.72,0.16
-0.1044,-2.72,0.16
-0.104,-2.72,0.16
-0.1036,-2.8,0.16
-0.1032,-2.72,0.16
-0.1028,-2.72,0.16
-0.1024,-2.8,0.16
-0.102,-2.72,0.16
-0.1016,-2.8,0.16
-0.1012,-2.8,0.16
-0.1008,-2.72,0.24
-0.1004,-2.8,0.16
-0.1,-2.8,0.16
-0.0996,-2.72,0.08
-0.0992,-2.72,0.16
-0.0988,-2.72,0.24
-0.0984,-2.64,0.16
-0.098,-2.8,0.16
-0.0976,-2.72,0.16
-0.0972,-2.8,0.16
-0.0968,-2.8,0.16
-0.0964,-2.8,0.24
-0.096,-2.72,0.08
-0.0956,-2.8,0.16
-0.0952,-2.72,0.16
-0.0948,-2.8,0.16
-0.0944,-2.8,0.16
-0.094,-2.8,0.08
-0.0936,-2.72,0.24
-0.0932,-2.8,0.16
-0.0928,-2.8,0.16
-0.0924,-2.64,0.24
-0.092,-2.8,0.16
-0.0916,-2.8,0.16
-0.0912,-2.72,0.16
-0.0908,-2.8,0.08
-0.0904,-2.8,0.16
-0.09,-2.72,0.16
-0.0896,-2.8,0.16
-0.0892,-2.72,0.16
-0.0888,-2.72,0.16
-0.0884,-2.8,0.08
-0.088,-2.72,0.16
-0.0876,-2.72,0.24
-0.0872,-2.72,0.24
-0.0868,-2.72,0.24
-0.0864,-2.72,0.16
-0.086,-2.8,0.24
-0.0856,-2.72,0.16
-0.0852,-2.72,0.16
-0.0848,-2.8,0.16
-0.0844,-2.72,0.16
-0.084,-2.72,0.24
-0.0836,-2.8,0.16
-0.0832,-2.72,0.16
-0.0828,-2.72,0.16
-0.0824,-2.72,0.16
-0.082,-2.72,0.16
-0.0816,-2.72,0.24
-0.0812,-2.72,0.16
-0.0808,-2.72,0.24
-0.0804,-2.72,0.24
-0.08,-2.8,0.16
-0.0796,-2.8,0.16
-0.0792,-2.72,0.16
-0.0788,-2.72,0.16
-0.0784,-2.8,0.16
-0.078,-2.8,0.16
-0.0776,-2.72,0.08
-0.0772,-2.8,0.16
-0.0768,-2.8,0.16
-0.0764,-2.72,0.16
-0.076,-2.72,0.16
-0.0756,-2.72,0.24
-0.0752,-2.8,0.08
-0.0748,-2.8,0.16
-0.0744,-2.64,0.16
-0.074,-2.8,0.16
-0.0736,-2.72,0.16
-0.0732,-2.72,0.16
-0.0728,-2.72,0.16
-0.0724,-2.8,0.16
-0.072,-2.8,0.16
-0.0716,-2.72,0.16
-0.0712,-2.72,0.16
-0.0708,-2.72,0.16
-0.0704,-2.72,0.16
-0.07,-2.72,0.16
-0.0696,-2.72,0.16
-0.0692,-2.72,0.16
-0.0688,-2.8,0.08
-0.0684,-2.8,0.16
-0.068,-2.8,0.24
-0.0676,-2.8,0.16
-0.0672,-2.72,0.16
-0.0668,-2.72,0.16
-0.0664,-2.8,0.16
-0.066,-2.72,0.16
-0.0656,-2.8,0.16
-0.0652,-2.72,0.16
-0.0648,-2.72,0.16
-0.0644,-2.72,0.16
-0.064,-2.8,0.16
-0.0636,-2.72,0.16
-0.0632,-2.72,0.08
-0.0628,-2.8,0.24
-0.0624,-2.72,0.16
-0.062,-2.72,0.16
-0.0616,-2.8,0.16
-0.0612,-2.72,0.16
-0.0608,-2.72,0.16
-0.0604,-2.8,0.16
-0.06,-2.72,0.16
-0.0596,-2.72,0.16
-0.0592,-2.72,0.08
-0.0588,-2.72,0.08
-0.0584,-2.8,0.16
-0.058,-2.8,0.16
-0.0576,-2.8,0.16
-0.0572,-2.72,0.24
-0.0568,-2.72,0.16
-0.0564,-2.72,0.16
-0.056,-2.72,0.16
-0.0556,-2.72,0.16
-0.0552,-2.72,0.16
-0.0548,-2.8,0.16
-0.0544,-2.72,0.16
-0.054,-2.72,0.24
-0.0536,-2.72,0.16
-0.0532,-2.8,0.16
-0.0528,-2.8,0.24
-0.0524,-2.8,0.16
-0.052,-2.72,0.16
-0.0516,-2.72,0.24
-0.0512,-2.72,0.16
-0.0508,-2.72,0.24
-0.0504,-2.8,0.16
-0.05,-2.72,0.24
-0.0496,-2.72,0.24
-0.0492,-2.72,0.16
-0.0488,-2.72,0.16
-0.0484,-2.72,0.16
-0.048,-2.8,0.16
-0.0476,-2.72,0.08
-0.0472,-2.72,0.16
-0.0468,-2.8,0.16
-0.0464,-2.8,0.16
-0.046,-2.8,0.16
-0.0456,-2.8,0.16
-0.0452,-2.88,0.16
-0.0448,-2.8,0.16
-0.0444,-2.64,0.16
-0.044,-2.8,0.16
-0.0436,-2.8,0.16
-0.0432,-2.8,0.16
-0.0428,-2.8,0.16
-0.0424,-2.8,0.16
-0.042,-2.8,0.24
-0.0416,-2.8,0.24
-0.0412,-2.72,0.24
-0.0408,-2.8,0.16
-0.0404,-2.8,0.16
-0.04,-2.72,0.16
-0.0396,-2.72,0.16
-0.0392,-2.8,0.24
-0.0388,-2.72,0.16
-0.0384,-2.72,0.16
-0.038,-2.8,0.16
-0.0376,-2.72,0.16
-0.0372,-2.8,0.24
-0.0368,-2.72,0.24
-0.0364,-2.72,0.16
-0.036,-2.64,0.16
-0.0356,-2.8,0.24
-0.0352,-2.72,0.16
-0.0348,-2.72,0.16
-0.0344,-2.72,0.16
-0.034,-2.72,0.16
-0.0336,-2.8,0.16
-0.0332,-2.8,0.16
-0.0328,-2.72,0.16
-0.0324,-2.72,0.16
-0.032,-2.8,0.24
-0.0316,-2.8,0.16
-0.0312,-2.88,0.16
-0.0308,-2.8,0.16
-0.0304,-2.72,0.24
-0.03,-2.8,0.16
-0.0296,-2.8,0.16
-0.0292,-2.72,0.16
-0.0288,-2.72,0.16
-0.0284,-2.8,0.16
-0.028,-2.8,0.16
-0.0276,-2.8,0.16
-0.0272,-2.8,0.24
-0.0268,-2.72,0.16
-0.0264,-2.72,0.24
-0.026,-2.72,0.16
-0.0256,-2.72,0.16
-0.0252,-2.8,0.16
-0.0248,-2.8,0.08
-0.0244,-2.72,0.16
-0.024,-2.8,0.08
-0.0236,-2.8,0.16
-0.0232,-2.8,0.24
-0.0228,-2.72,0.24
-0.0224,-2.72,0.16
-0.022,-2.72,0.16
-0.0216,-2.72,0.16
-0.0212,-2.8,0.16
-0.0208,-2.72,0.24
-0.0204,-2.72,0.16
-0.02,-2.8,0.24
-0.0196,-2.72,0.24
-0.0192,-2.72,0.16
-0.0188,-2.8,0.24
-0.0184,-2.72,0.24
-0.018,-2.8,0.16
-0.0176,-2.8,0.16
-0.0172,-2.72,0.24
-0.0168,-2.72,0.16
-0.0164,-2.72,0.16
-0.016,-2.72,0.16
-0.0156,-2.64,0.16
-0.0152,-2.8,0.16
-0.0148,-2.72,0.16
-0.0144,-2.8,0.16
-0.014,-2.72,0.24
-0.0136,-2.8,0.16
-0.0132,-2.8,0.16
-0.0128,-2.8,0.16
-0.0124,-2.8,0.16
-0.012,-2.8,0.16
-0.0116,-2.8,0.16
-0.0112,-2.72,0.16
-0.0108,-2.72,0.16
-0.0104,-2.72,0.16
-0.01,-2.8,0.16
-0.0096,-2.72,0.16
-0.0092,-2.8,0.16
-0.0088,-2.8,0.16
-0.0084,-2.8,0.16
-0.008,-2.8,0.24
-0.0076,-2.72,0.24
-0.0072,-2.8,0.16
-0.0068,-2.72,0.16
-0.0064,-2.72,0.16
-0.006,-2.72,0.16
-0.0056,-2.72,0.16
-0.0052,-2.8,0.16
-0.0048,-2.8,0.24
-0.0044,-2.72,0.16
-0.004,-2.72,0.16
-0.0036,-2.72,0.24
-0.0032,-2.72,0.16
-0.0028,-2.72,0.24
-0.0024,-2.8,0.16
-0.002,-2.8,0.24
-0.0016,-2.72,0.24
-0.0012,-2.72,0.16
-0.0008,-2.72,0.16
-0.0004,-2.72,0.16
0,-1.36,3.2
0.0004,3.52,1.68
0.0008,0.64,3.6
0.0012,-2.08,2.88
0.0016,-3.12,1.28
0.002,-2.88,0.32
0.0024,-2.72,0.16
0.0028,-2.72,0.16
0.0032,-2.8,0.16
0.0036,-2.8,0.08
0.004,-2.8,0.16
0.0044,-2.8,0.16
0.0048,-2.8,0.16
0.0052,-2.72,0.24
0.0056,-2.72,0.32
0.006,-2.72,0.24
0.0064,-2.8,0.24
0.0068,-2.8,0.24
0.0072,-2.8,0.16
0.0076,-2.72,0.16
0.008,-2.64,0.16
0.0084,-2.64,0.16
0.0088,-2.72,0.24
0.0092,-2.8,0.24
0.0096,-2.72,0.16
0.01,-2.8,0.16
0.0104,-2.72,0.24
0.0108,-2.72,0.16
0.0112,-2.8,0.16
0.0116,-2.72,0.16
0.012,-2.8,0.24
0.0124,-2.72,0.16
0.0128,-2.72,0.16
0.0132,-2.8,0.24
0.0136,-2.72,0.16
0.014,-2.72,0.24
0.0144,-2.8,0.24
0.0148,-2.8,0.24
0.0152,-2.72,0.16
0.0156,-2.72,0.24
0.016,-2.8,0.16
0.0164,-2.72,0.24
0.0168,-2.72,0.24
0.0172,-2.8,0.16
0.0176,-2.8,0.16
0.018,-2.72,0.16
0.0184,-2.64,0.16
0.0188,-2.72,0.24
0.0192,-2.72,0.16
0.0196,-2.8,0.16
0.02,-2.72,0.16
0.0204,-2.8,0.16
0.0208,-2.8,0.16
0.0212,-2.72,0.16
0.0216,-2.8,0.16
0.022,-2.8,0.16
0.0224,-2.8,0.16
0.0228,-2.72,0.24
0.0232,-2.8,0.16
0.0236,-2.72,0.16
0.024,-2.72,0.24
0.0244,-2.72,0.24
0.0248,-2.8,0.24
0.0252,-2.72,0.24
0.0256,-2.8,0.16
0.026,-2.8,0.08
0.0264,-2.8,0.16
0.0268,-2.8,0.16
0.0272,-2.72,0.16
0.0276,-2.72,0.16
0.028,-2.8,0.16
0.0284,-2.8,0.16
0.0288,-2.8,0.16
0.0292,-2.8,0.16
0.0296,-2.72,0.16
0.03,-2.8,0.16
0.0304,-2.8,0.16
0.0308,-2.8,0.24
0.0312,-2.72,0.24
0.0316,-2.72,0.16
0.032,-2.8,0.24
0.0324,-2.72,0.24
0.0328,-2.8,0.24
0.0332,-2.72,0.16
0.0336,-2.72,0.16
0.034,-2.72,0.08
0.0344,-2.72,0.16
0.0348,-2.72,0.16
0.0352,-2.8,0.16
0.0356,-2.72,0.08
0.036,-2.8,0.16
0.0364,-2.72,0.16
0.0368,-2.8,0.16
0.0372,-2.8,0.16
0.0376,-2.72,0.16
0.038,-2.72,0.24
0.0384,-2.72,0.16
0.0388,-2.8,0.08
0.0392,-2.72,0.16
0.0396,-2.72,0.24
0.04,-2.72,0.16
0.0404,-2.8,0.16
0.0408,-2.72,0.16
0.0412,-2.8,0.16
0.0416,-2.8,0.24
0.042,-2.72,0.16
0.0424,-2.8,0.16
0.0428,-2.8,0.08
0.0432,-2.8,0.16
0.0436,-2.72,0.16
0.044,-2.8,0.16
0.0444,-2.72,0.16
0.0448,-2.72,0.16
0.0452,-2.8,0.16
0.0456,-2.8,0.16
0.046,-2.72,0.16
0.0464,-2.8,0.16
0.0468,-2.72,0.16
0.0472,-2.8,0.24
0.0476,-2.72,0.24
0.048,-2.72,0.16
0.0484,-2.8,0.24
0.0488,-2.8,0.24
0.0492,-2.72,0.16
0.0496,-2.72,0.24
0.05,-2.8,0.16
0.0504,-2.72,0.16
0.0508,-2.8,0.16
0.0512,-2.72,0.16
0.0516,-2.72,0.16
0.052,-2.72,0.24
0.0524,-2.8,0.16
0.0528,-2.72,0.08
0.0532,-2.8,0.16
0.0536,-2.8,0.24
0.054,-2.72,0.16
0.0544,-2.8,0.16
0.0548,-2.8,0.16
0.0552,-2.8,0.16
0.0556,-2.72,0.16
0.056,-2.88,0.16
0.0564,-2.8,0.16
0.0568,-2.8,0.16
0.0572,-2.8,0.16
0.0576,-2.72,0.16
0.058,-2.72,0.16
0.0584,-2.8,0.16
0.0588,-2.72,0.24
0.0592,-2.72,0.08
0.0596,-2.8,0.16
0.06,-2.72,0.24
0.0604,-2.8,0.16
0.0608,-2.8,0.16
0.0612,-2.72,0.16
0.0616,-2.8,0.16
0.062,-2.72,0.24
0.0624,-2.64,0.24
0.0628,-2.8,0.16
0.0632,-2.8,0.16
0.0636,-2.72,0.24
0.064,-2.8,0.24
0.0644,-2.8,0.24
0.0648,-2.72,0.16
0.0652,-2.72,0.16
0.0656,-2.8,0.24
0.066,-2.72,0.16
0.0664,-2.8,0.16
0.0668,-2.72,0.16
0.0672,-2.72,0.08
0.0676,-2.72,0.08
0.068,-2.72,0.16
0.0684,-2.72,0.16
0.0688,-2.8,0.16
0.0692,-2.8,0.24
0.0696,-2.72,0.16
0.07,-2.72,0.16
0.0704,-2.8,0.16
0.0708,-2.72,0.16
0.0712,-2.88,0.16
0.0716,-2.8,0.16
0.072,-2.8,0.16
0.0724,-2.72,0.16
0.0728,-2.8,0.16
0.0732,-2.72,0.16
0.0736,-2.72,0.24
0.074,-2.72,0.24
0.0744,-2.8,0.16
0.0748,-2.8,0.16
0.0752,-2.72,0.24
0.0756,-2.72,0.24
0.076,-2.88,0.16
0.0764,-2.8,0.24
0.0768,-2.72,0.24
0.0772,-2.72,0.16
0.0776,-2.8,0.08
0.078,-2.72,0.16
0.0784,-2.8,0.24
0.0788,-2.8,0.08
0.0792,-2.72,0.16
0.0796,-2.72,0.16
0.08,2.4,3.44
0.0804,-1.76,-0.24
0.0808,-1.68,0.72
0.0812,-2.48,1.12
0.0816,-3.12,0.64
0.082,-3.04,0.16
0.0824,-2.8,0
0.0828,-2.64,0.16
0.0832,-2.8,0.16
0.0836,-2.72,0.16
0.084,-2.64,0.16
0.0844,-2.64,0.24
0.0848,-2.72,0.24
0.0852,-2.64,0.16
0.0856,-2.72,0.16
0.086,-2.8,0.16
0.0864,-2.72,0.24
0.0868,-2.88,0.24
0.0872,-2.8,0.24
0.0876,-2.8,0.24
0.088,-2.72,0.24
0.0884,-2.72,0.16
0.0888,-2.72,0.24
0.0892,-2.72,0.24
0.0896,-2.8,0.24
0.09,-2.72,0.24
0.0904,-2.8,0.16
0.0908,-2.8,0.16
0.0912,-2.72,0.24
0.0916,-2.72,0.16
0.092,-2.8,0.16
0.0924,-2.72,0.08
0.0928,-2.8,0.16
0.0932,-2.8,0.24
0.0936,-2.64,0.16
0.094,-2.8,0.24
0.0944,-2.8,0.08
0.0948,-2.72,0.32
0.0952,-2.8,0.24
0.0956,-2.72,0.16
0.096,-2.72,0.16
0.0964,-2.8,0.16
0.0968,-2.88,0.24
0.0972,-2.72,0.24
0.0976,-2.72,0.16
0.098,-2.8,0.24
0.0984,-2.72,0.24
0.0988,-2.8,0.16
0.0992,-2.72,0.24
0.0996,-2.72,0.24
0.1,-2.72,0.08
0.1004,-2.72,0.24
0.1008,-2.72,0.16
0.1012,-2.64,0.16
0.1016,-2.8,0.16
0.102,-2.72,0.16
0.1024,-2.8,0.16
0.1028,-2.72,0.16
0.1032,-2.72,0.16
0.1036,-2.8,0.24
0.104,-2.88,0.16
0.1044,-2.72,0.24
0.1048,-2.8,0.16
0.1052,-2.72,0.16
0.1056,-2.72,0.16
0.106,-2.8,0.16
0.1064,-2.72,0.24
0.1068,-2.8,0.16
0.1072,-2.8,0.16
0.1076,-2.72,0.16
0.108,-2.72,0.16
0.1084,-2.8,0.16
0.1088,-2.8,0.16
0.1092,-2.72,0.08
0.1096,-2.8,0.08
0.11,-2.8,0.24
0.1104,-2.8,0.16
0.1108,-2.72,0.24
0.1112,-2.72,0.16
0.1116,-2.72,0.16
0.112,-2.8,0.16
0.1124,-2.8,0.24
0.1128,-2.72,0.16
0.1132,-2.72,0.24
0.1136,-2.72,0.16
0.114,-2.8,0.16
0.1144,-2.72,0.24
0.1148,-2.72,0.16
0.1152,-2.72,0.24
0.1156,-2.72,0.24
0.116,-2.72,0.16
0.1164,-2.72,0.24
0.1168,-2.72,0.16
0.1172,-2.72,0.16
0.1176,-2.72,0.16
0.118,-2.72,0.16
0.1184,-2.72,0.16
0.1188,-2.72,0.16
0.1192,-2.72,0.16
0.1196,-2.72,0.16
0.12,-2.72,0.24
0.1204,-2.72,0.24
0.1208,-2.8,0.16
0.1212,-2.72,0.24
0.1216,-2.8,0.16
0.122,-2.72,0.16
0.1224,-2.72,0.16
0.1228,-2.8,0.16
0.1232,-2.8,0.16
0.1236,-2.72,0.16
0.124,-2.72,0.16
0.1244,-2.8,0.24
0.1248,-2.72,0.16
0.1252,-2.8,0.16
0.1256,-2.8,0.16
0.126,-2.72,0.16
0.1264,-2.8,0.24
0.1268,-2.72,0.24
0.1272,-2.72,0.24
0.1276,-2.72,0.16
0.128,-2.72,0.16
0.1284,-2.72,0.16
0.1288,-2.8,0.16
0.1292,-2.72,0.24
0.1296,-2.64,0.16
0.13,-2.8,0.24
0.1304,-2.72,0.24
0.1308,-2.72,0.16
0.1312,-2.72,0.16
0.1316,-2.8,0.24
0.132,-2.72,0.24
0.1324,-2.72,0.16
0.1328,-2.8,0.16
0.1332,-2.64,0.16
0.1336,-2.72,0.16
0.134,-2.72,0.16
0.1344,-2.72,0.24
0.1348,-2.72,0.16
0.1352,-2.8,0.16
0.1356,-2.72,0.16
0.136,-2.72,0.24
0.1364,-2.8,0.16
0.1368,-2.72,0.24
0.1372,-2.8,0.24
0.1376,-2.8,0.16
0.138,-2.72,0.16
0.1384,-2.8,0.24
0.1388,-2.8,0.16
0.1392,-2.64,0.24
0.1396,-2.88,0.16
0.14,-2.72,0.24
0.1404,-2.72,0.16
0.1408,-2.8,0.16
0.1412,-2.8,0.24
0.1416,-2.72,0.16
0.142,-2.8,0.24
0.1424,-2.8,0.24
0.1428,-2.72,0.16
0.1432,-2.8,0.16
0.1436,-2.72,0.16
0.144,-2.72,0.08
0.1444,-2.72,0.16
0.1448,-2.8,0.16
0.1452,-2.72,0.16
0.1456,-2.8,0.24
0.146,-2.72,0.08
0.1464,-2.64,0.16
0.1468,-2.8,0.24
0.1472,-2.72,0.24
0.1476,-2.72,0.24
0.148,-2.8,0.16
0.1484,-2.8,0.24
0.1488,-2.72,0.16
0.1492,-2.8,0.16
0.1496,-2.72,0.16
0.15,-2.72,0.16
0.1504,-2.88,0.16
0.1508,-2.72,0.16
0.1512,-2.64,0.08
0.1516,-2.72,0.16
0.152,-2.72,0.08
0.1524,-2.64,0.16
0.1528,-2.8,0.16
0.1532,-2.8,0.16
0.1536,-2.8,0.16
0.154,-2.8,0.08
0.1544,-2.8,0.08
0.1548,-2.72,0.08
0.1552,-2.8,0.16
0.1556,-2.72,0.16
0.156,-2.72,0.16
0.1564,-2.8,0.16
0.1568,-2.8,0.24
0.1572,-2.64,0.16
0.1576,-2.88,0.32
0.158,-3.44,0.16
0.1584,-4.32,-0.72
0.1588,-4.48,-2.72
0.1592,-2.96,-4.72
0.1596,-0.08,-4.96
0.16,2.16,-2.96
0.1604,2.56,0.16
0.1608,0.96,2.32
0.1612,-1.36,2.56
0.1616,-2.64,1.6
0.162,-2.96,0.56
0.1624,-2.8,0.16
0.1628,-2.64,0.24
0.1632,-2.72,0.16
0.1636,-2.8,0.16
0.164,-2.8,0.16
0.1644,-2.72,0.16
0.1648,-2.72,0.24
0.1652,-2.64,0.16
0.1656,-2.64,0.32
0.166,-2.64,0.24
0.1664,-2.72,0.32
0.1668,-2.64,0.16
0.1672,-2.8,0.16
0.1676,-2.72,0
0.168,-2.64,0.16
0.1684,-2.72,0.24
0.1688,-2.72,0.16
0.1692,-2.72,0.24
0.1696,-2.8,0.24
0.17,-2.8,0.16
0.1704,-2.72,0.16
0.1708,-2.8,0.24
0.1712,-2.72,0.16
0.1716,-2.72,0.16
0.172,-2.8,0.16
0.1724,-2.72,0.16
0.1728,-2.72,0.24
0.1732,-2.8,0.16
0.1736,-2.64,0.08
0.174,-2.72,0.24
0.1744,-2.8,0.16
0.1748,-2.72,0.24
0.1752,-2.72,0.24
0.1756,-2.8,0.16
0.176,-2.72,0.08
0.1764,-2.72,0.16
0.1768,-2.72,0.16
0.1772,-2.72,0.24
0.1776,-2.72,0.24
0.178,-2.8,0.16
0.1784,-2.72,0.16
0.1788,-2.72,0.24
0.1792,-2.8,0.16
0.1796,-2.72,0.16
0.18,-2.72,0.16
0.1804,-2.8,0.16
0.1808,-2.72,0.16
0.1812,-2.72,0.16
0.1816,-2.8,0.24
0.182,-2.72,0.16
0.1824,-2.72,0.24
0.1828,-2.8,0.16
0.1832,-2.72,0.16
0.1836,-2.64,0.16
0.184,-2.8,0.24
0.1844,-2.72,0.16
0.1848,-2.72,0.16
0.1852,-2.72,0.24
0.1856,-2.72,0.08
0.186,-2.72,0.16
0.1864,-2.72,0.16
0.1868,-2.8,0.08
0.1872,-2.72,0.16
0.1876,-2.8,0.24
0.188,-2.72,0.16
0.1884,-2.72,0.24
0.1888,-2.8,0.24
0.1892,-2.72,0.16
0.1896,-2.8,0.24
0.19,-2.8,0.16
0.1904,-2.72,0.24
0.1908,-2.72,0.24
0.1912,-2.72,0.16
0.1916,-2.8,0.16
0.192,-2.8,0.24
0.1924,-2.8,0.16
0.1928,-2.72,0.24
0.1932,-2.8,0.16
0.1936,-2.8,0.24
0.194,-2.8,0.16
0.1944,-2.72,0.16
0.1948,-2.8,0.16
0.1952,-2.72,0.24
0.1956,-2.72,0.24
0.196,-2.72,0.16
0.1964,-2.72,0.16
0.1968,-2.72,0.24
0.1972,-2.8,0.16
0.1976,-2.72,0.16
0.198,-2.64,0.24
0.1984,-2.8,0.16
0.1988,-2.72,0.24
0.1992,-2.8,0.16
0.1996,-2.88,0.16
0.2,-2.8,0.16
0.2004,-2.72,0.16
0.2008,-2.72,0.16
0.2012,-2.72,0.16
0.2016,-2.8,0.16
0.202,-2.72,0.16
0.2024,-2.72,0.16
0.2028,-2.8,0.16
0.2032,-2.8,0.16
0.2036,-2.72,0.16
0.204,-2.8,0.16
0.2044,-2.8,0.16
0.2048,-2.72,0.16
0.2052,-2.8,0.16
0.2056,-2.88,0.24
0.206,-2.72,0.16
0.2064,-2.8,0.24
0.2068,-2.88,0.16
0.2072,-2.72,0.16
0.2076,-2.72,0.16
0.208,-2.8,0.16
0.2084,-2.72,0.16
0.2088,-2.8,0.24
0.2092,-2.8,0.16
0.2096,-2.72,0.16
0.21,-2.64,0.16
0.2104,-2.8,0.16
0.2108,-2.72,0.16
0.2112,-2.72,0.16
0.2116,-2.8,0.16
0.212,-2.72,0.24
0.2124,-2.72,0.24
0.2128,-2.72,0.16
0.2132,-2.8,0.24
0.2136,-2.8,0.16
0.214,-2.8,0.16
0.2144,-2.72,0.24
0.2148,-2.72,0.16
0.2152,-2.8,0.16
0.2156,-2.72,0.24
0.216,-2.72,0.16
0.2164,-2.8,0.16
0.2168,-2.64,0.16
0.2172,-2.72,0.16
0.2176,-2.8,0.08
0.218,-2.64,0.16
0.2184,-2.72,0.16
0.2188,-2.8,0.08
0.2192,-2.72,0.16
0.2196,-2.72,0.16
0.22,-2.72,0.08
0.2204,-2.8,0.16
0.2208,-2.8,0.16
0.2212,-2.8,0.16
0.2216,-2.72,0.08
0.222,-2.72,0.16
0.2224,-2.8,0.24
0.2228,-2.8,0.16
0.2232,-2.8,0.24
0.2236,-2.8,0.16
0.224,-2.8,0.16
0.2244,-2.72,0.08
0.2248,-2.72,0.16
0.2252,-2.72,0.16
0.2256,-2.8,0.24
0.226,-2.8,0.16
0.2264,-2.72,0.16
0.2268,-2.72,0.16
0.2272,-2.8,0.16
0.2276,-2.72,0.16
0.228,-2.72,0.24
0.2284,-2.8,0.16
0.2288,-2.72,0.08
0.2292,-2.8,0.24
0.2296,-2.8,0.32
0.23,-2.72,0.24
0.2304,-2.8,0.16
0.2308,-2.88,0.24
0.2312,-2.72,0.24
0.2316,-2.72,0.16
0.232,-2.88,0.16
0.2324,-2.72,0.16
0.2328,-2.64,0.16
0.2332,-2.8,0.24
0.2336,-2.72,0.16
0.234,-2.72,0.24
0.2344,-2.8,0.16
0.2348,-2.64,0.24
0.2352,-2.72,0.24
0.2356,-2.8,0.16
0.236,-2.8,0.16
0.2364,-2.8,0.24
0.2368,-2.8,0.16
0.2372,-2.72,0.16
0.2376,-2.72,0.16
0.238,-2.8,0.16
0.2384,-2.72,0.16
0.2388,-2.8,0.16
0.2392,-2.8,0.16
0.2396,-2.72,0.16
0.24,-4.8,4
0.2404,-2.48,0.4
0.2408,-2.4,0.48
0.2412,-2.72,0.56
0.2416,-2.88,0.32
0.242,-2.72,0.24
0.2424,-2.72,0.24
0.2428,-2.8,0.32
0.2432,-2.72,0.16
0.2436,-2.72,0.24
0.244,-2.72,0.24
0.2444,-2.64,0.24
0.2448,-2.72,0.24
0.2452,-2.72,0.24
0.2456,-2.64,0.24
0.246,-2.72,0.32
0.2464,-2.72,0.24
0.2468,-2.72,0.16
0.2472,-2.72,0.24
0.2476,-2.8,0.24
0.248,-2.72,0.16
0.2484,-2.8,0.16
0.2488,-2.72,0.24
0.2492,-2.64,0.16
0.2496,-2.72,0.16
0.25,-2.8,0.16
0.2504,-2.64,0.16
0.2508,-2.72,0.24
0.2512,-2.8,0.08
0.2516,-2.72,0.16
0.252,-2.72,0.08
0.2524,-2.72,0.24
0.2528,-2.72,0.24
0.2532,-2.72,0.16
0.2536,-2.8,0.16
0.254,-2.72,0.16
0.2544,-2.8,0.24
0.2548,-2.8,0.16
0.2552,-2.72,0.16
0.2556,-2.72,0.16
0.256,-2.8,0.16
0.2564,-2.8,0.24
0.2568,-2.72,0.16
0.2572,-2.72,0.24
0.2576,-2.64,0.16
0.258,-2.8,0.16
0.2584,-2.8,0.16
0.2588,-2.72,0.16
0.2592,-2.8,0.24
0.2596,-2.8,0.16
0.26,-2.72,0.24
0.2604,-2.8,0.16
0.2608,-2.8,0.16
0.2612,-2.64,0.16
0.2616,-2.72,0.24
0.262,-2.8,0.16
0.2624,-2.72,0.16
0.2628,-2.72,0.24
0.2632,-2.72,0.24
0.2636,-2.72,0.16
0.264,-2.8,0.24
0.2644,-2.8,0.24
0.2648,-2.72,0.16
0.2652,-2.72,0.16
0.2656,-2.8,0.16
0.266,-2.72,0.16
0.2664,-2.8,0.16
0.2668,-2.72,0.24
0.2672,-2.72,0.16
0.2676,-2.72,0.24
0.268,-2.8,0.16
0.2684,-2.72,0.16
0.2688,-2.64,0.16
0.2692,-2.88,0.16
0.2696,-2.72,0.16
0.27,-2.72,0.16
0.2704,-2.8,0.16
0.2708,-2.72,0.16
0.2712,-2.8,0.16
0.2716,-2.72,0.16
0.272,-2.8,0.16
0.2724,-2.8,0.16
0.2728,-2.88,0.16
0.2732,-2.72,0.16
0.2736,-2.8,0.24
0.274,-2.88,0.24
0.2744,-2.72,0.16
0.2748,-2.8,0.08
0.2752,-2.8,0.16
0.2756,-2.64,0.24
0.276,-2.72,0.16
0.2764,-2.72,0.16
0.2768,-2.72,0.16
0.2772,-2.72,0.24
0.2776,-2.72,0.16
0.278,-2.72,0.16
0.2784,-2.72,0.24
0.2788,-2.8,0.24
0.2792,-2.64,0.16
0.2796,-2.8,0.16
0.28,-2.8,0.24
0.2804,-2.64,0.24
0.2808,-2.8,0.24
0.2812,-2.8,0.16
0.2816,-2.72,0.24
0.282,-2.8,0.24
0.2824,-2.72,0.16
0.2828,-2.72,0.16
0.2832,-2.8,0.24
0.2836,-2.72,0.16
0.284,-2.72,0.16
0.2844,-2.8,0.16
0.2848,-2.72,0.16
0.2852,-2.64,0.16
0.2856,-2.8,0.16
0.286,-2.88,0.08
0.2864,-2.72,0.16
0.2868,-2.72,0.08
0.2872,-2.8,0.08
0.2876,-2.72,0.16
0.288,-2.8,0.16
0.2884,-2.72,0.24
0.2888,-2.72,0.16
0.2892,-2.8,0.24
0.2896,-2.8,0.16
0.29,-2.72,0.16
0.2904,-2.8,0.24
0.2908,-2.8,0.24
0.2912,-2.72,0.16
0.2916,-2.88,0.16
0.292,-2.8,0.16
0.2924,-2.72,0.24
0.2928,-2.8,0.16
0.2932,-2.8,0.16
0.2936,-2.72,0.24
0.294,-2.8,0.24
0.2944,-2.8,0.24
0.2948,-2.64,0.16
0.2952,-2.8,0.16
0.2956,-2.72,0.24
0.296,-2.72,0.24
0.2964,-2.8,0.16
0.2968,-2.72,0.24
0.2972,-2.64,0.16
0.2976,-2.8,0.24
0.298,-2.72,0.24
0.2984,-2.72,0.16
0.2988,-2.8,0.16
0.2992,-2.72,0.16
0.2996,-2.64,0.24
0.3,-2.8,0.16
0.3004,-2.72,0.16
0.3008,-2.64,0.16
0.3012,-2.8,0.16
0.3016,-2.72,0.24
0.302,-2.72,0.16
0.3024,-2.8,0.16
0.3028,-2.72,0.16
0.3032,-2.72,0.16
0.3036,-2.72,0.16
0.304,-2.8,0.16
0.3044,-2.64,0.16
0.3048,-2.88,0.16
0.3052,-2.8,0.16
0.3056,-2.8,0.16
0.306,-2.8,0.16
0.3064,-2.72,0.24
0.3068,-2.64,0.16
0.3072,-2.72,0.16
0.3076,-2.72,0.16
0.308,-2.72,0.24
0.3084,-2.8,0.16
0.3088,-2.72,0.16
0.3092,-2.72,0.16
0.3096,-2.88,0.16
0.31,-2.8,0.16
0.3104,-2.72,0.16
0.3108,-2.72,0.16
0.3112,-2.8,0.08
0.3116,-2.72,0.16
0.312,-2.72,0.16
0.3124,-2.72,0.16
0.3128,-2.64,0.24
0.3132,-2.8,0.16
0.3136,-2.8,0.16
0.314,-2.8,0.16
0.3144,-2.8,0.16
0.3148,-2.72,0.16
0.3152,-2.72,0.16
0.3156,-2.8,0.16
0.316,-2.8,0.24
0.3164,-2.72,0.16
0.3168,-2.8,0.08
0.3172,-2.72,0.08
0.3176,-2.8,0.24
0.318,-3.36,0.16
0.3184,-4.08,-0.64
0.3188,-4,-2.4
0.3192,-2.56,-4.08
0.3196,0.08,-4
0.32,1.92,-2
0.3204,1.92,0.88
0.3208,0,2.64
0.3212,-2,2.48
0.3216,-3.12,1.28
0.322,-3.12,0.48
0.3224,-2.72,0.16
0.3228,-2.72,0.24
0.3232,-2.72,0.16
0.3236,-2.72,0.16
0.324,-2.72,0.16
0.3244,-2.72,0.16
0.3248,-2.64,0.24
0.3252,-2.8,0.24
0.3256,-2.72,0.24
0.326,-2.64,0.32
0.3264,-2.8,0.16
0.3268,-2.72,0.16
0.3272,-2.72,0.16
0.3276,-2.72,0.16
0.328,-2.72,0.16
0.3284,-2.72,0.16
0.3288,-2.8,0.16
0.3292,-2.72,0.16
0.3296,-2.72,0.16
0.33,-2.8,0.24
0.3304,-2.72,0.16
0.3308,-2.64,0.24
0.3312,-2.8,0.16
0.3316,-2.8,0.16
0.332,-2.72,0.32
0.3324,-2.8,0.16
0.3328,-2.8,0.24
0.3332,-2.72,0.16
0.3336,-2.8,0.16
0.334,-2.64,0.16
0.3344,-2.72,0.24
0.3348,-2.8,0.16
0.3352,-2.72,0.16
0.3356,-2.72,0.16
0.336,-2.8,0.16
0.3364,-2.8,0.16
0.3368,-2.72,0.16
0.3372,-2.8,0.16
0.3376,-2.72,0.16
0.338,-2.72,0.16
0.3384,-2.88,0.16
0.3388,-2.72,0.16
0.3392,-2.88,0.16
0.3396,-2.8,0.24
0.34,-2.72,0.24
0.3404,-2.8,0.16
0.3408,-2.8,0.16
0.3412,-2.72,0.16
0.3416,-2.72,0.16
0.342,-2.8,0.16
0.3424,-2.72,0.16
0.3428,-2.72,0.24
0.3432,-2.88,0.16
0.3436,-2.72,0.16
0.344,-2.72,0.16
0.3444,-2.8,0.16
0.3448,-2.8,0.16
0.3452,-2.72,0.16
0.3456,-2.72,0.16
0.346,-2.72,0.16
0.3464,-2.72,0.24
0.3468,-2.88,0.16
0.3472,-2.72,0.16
0.3476,-2.8,0.16
0.348,-2.8,0.16
0.3484,-2.72,0.24
0.3488,-2.72,0.16
0.3492,-2.8,0.24
0.3496,-2.72,0.16
0.35,-2.72,0.24
0.3504,-2.72,0.16
0.3508,-2.72,0.16
0.3512,-2.8,0.16
0.3516,-2.8,0.16
0.352,-2.72,0.24
0.3524,-2.72,0.24
0.3528,-2.72,0.24
0.3532,-2.8,0.16
0.3536,-2.72,0.16
0.354,-2.88,0.16
0.3544,-2.72,0.24
0.3548,-2.8,0.16
0.3552,-2.88,0.16
0.3556,-2.72,0.16
0.356,-2.72,0.16
0.3564,-2.88,0.08
0.3568,-2.72,0.16
0.3572,-2.72,0.24
0.3576,-2.8,0.16
0.358,-2.72,0.16
0.3584,-2.72,0.16
0.3588,-2.8,0.16
0.3592,-2.8,0.16
0.3596,-2.72,0.16
0.36,-2.8,0.16
0.3604,-2.72,0.16
0.3608,-2.72,0.24
0.3612,-2.8,0.16
0.3616,-2.72,0.08
0.362,-2.8,0.24
0.3624,-2.8,0.16
0.3628,-2.72,0.16
0.3632,-2.72,0.16
0.3636,-2.8,0.24
0.364,-2.72,0.24
0.3644,-2.8,0.16
0.3648,-2.8,0.16
0.3652,-2.72,0.16
0.3656,-2.8,0.16
0.366,-2.8,0.24
0.3664,-2.72,0.16
0.3668,-2.8,0.24
0.3672,-2.8,0.16
0.3676,-2.72,0.16
0.368,-2.8,0.08
0.3684,-2.8,0.16
0.3688,-2.72,0.16
0.3692,-2.72,0.16
0.3696,-2.8,0.24
0.37,-2.72,0.16
0.3704,-2.8,0.16
0.3708,-2.8,0.08
0.3712,-2.72,0.16
0.3716,-2.72,0.16
0.372,-2.88,0.08
0.3724,-2.72,0.16
0.3728,-2.8,0.16
0.3732,-2.8,0.24
0.3736,-2.72,0.16
0.374,-2.8,0.24
0.3744,-2.8,0.24
0.3748,-2.72,0.24
0.3752,-2.72,0.16
0.3756,-2.8,0.16
0.376,-2.72,0.24
0.3764,-2.72,0.16
0.3768,-2.88,0.16
0.3772,-2.72,0.24
0.3776,-2.72,0.16
0.378,-2.8,0.24
0.3784,-2.8,0.24
0.3788,-2.72,0.24
0.3792,-2.8,0.16
0.3796,-2.72,0.16
0.38,-2.8,0.16
0.3804,-2.88,0.16
0.3808,-2.72,0.16
0.3812,-2.72,0.24
0.3816,-2.8,0.24
0.382,-2.64,0.24
0.3824,-2.72,0.16
0.3828,-2.8,0.24
0.3832,-2.72,0.16
0.3836,-2.72,0.24
0.384,-2.72,0.24
0.3844,-2.72,0.16
0.3848,-2.64,0.16
0.3852,-2.8,0.24
0.3856,-2.64,0.16
0.386,-2.72,0.08
0.3864,-2.8,0.24
0.3868,-2.72,0.16
0.3872,-2.8,0.16
0.3876,-2.8,0.16
0.388,-2.72,0.16
0.3884,-2.8,0.24
0.3888,-2.8,0.16
0.3892,-2.72,0.16
0.3896,-2.8,0.16
0.39,-2.8,0.16
0.3904,-2.72,0.24
0.3908,-2.72,0.16
0.3912,-2.8,0.16
0.3916,-2.72,0.16
0.392,-2.8,0.24
0.3924,-2.72,0.16
0.3928,-2.72,0.16
0.3932,-2.8,0.16
0.3936,-2.8,0.16
0.394,-2.72,0.16
0.3944,-2.72,0.16
0.3948,-2.8,0.16
0.3952,-2.72,0.08
0.3956,-2.72,0.16
0.396,-2.72,0.24
0.3964,-2.64,0.16
0.3968,-2.72,0.24
0.3972,-2.72,0.24
0.3976,-2.64,0.24
0.398,-2.88,0.32
0.3984,-2.96,0.08
0.3988,-2.8,0
0.3992,-2.56,0
0.3996,-2.48,0.24
0.4,-2.4,0.56
0.4004,-2.32,0.08
0.4008,-2.16,0.32
0.4012,-2.4,0.64
0.4016,-2.72,0.48
0.402,-2.96,0.32
0.4024,-2.72,0.16
0.4028,-2.8,0.24
0.4032,-2.8,0.24
0.4036,-2.72,0.16
0.404,-2.8,0.16
0.4044,-2.72,0.24
0.4048,-2.72,0.16
0.4052,-2.8,0.16
0.4056,-2.8,0.16
0.406,-2.64,0.16
0.4064,-2.72,0.32
0.4068,-2.8,0.16
0.4072,-2.72,0.32
0.4076,-2.8,0.24
0.408,-2.8,0.16
0.4084,-2.72,0.16
0.4088,-2.8,0.24
0.4092,-2.72,0.16
0.4096,-2.72,0.16
0.41,-2.8,0.16
0.4104,-2.8,0.16
0.4108,-2.72,0.24
0.4112,-2.72,0.16
0.4116,-2.72,0.24
0.412,-2.72,0.16
0.4124,-2.8,0.24
0.4128,-2.8,0.24
0.4132,-2.72,0.16
0.4136,-2.8,0.24
0.414,-2.8,0.16
0.4144,-2.64,0.16
0.4148,-2.8,0.24
0.4152,-2.8,0.16
0.4156,-2.72,0.16
0.416,-2.8,0.16
0.4164,-2.72,0.24
0.4168,-2.72,0.16
0.4172,-2.72,0.16
0.4176,-2.8,0.24
0.418,-2.64,0.16
0.4184,-2.8,0.16
0.4188,-2.8,0.16
0.4192,-2.72,0.24
0.4196,-2.8,0.24
0.42,-2.8,0.08
0.4204,-2.72,0.16
0.4208,-2.72,0.16
0.4212,-2.8,0.16
0.4216,-2.72,0.16
0.422,-2.8,0.16
0.4224,-2.72,0.16
0.4228,-2.72,0.16
0.4232,-2.8,0.24
0.4236,-2.72,0.16
0.424,-2.72,0.16
0.4244,-2.8,0.16
0.4248,-2.8,0.16
0.4252,-2.72,0.24
0.4256,-2.8,0.16
0.426,-2.8,0.16
0.4264,-2.64,0.16
0.4268,-2.8,0.16
0.4272,-2.8,0.16
0.4276,-2.72,0.24
0.428,-2.72,0.16
0.4284,-2.72,0.24
0.4288,-2.72,0.24
0.4292,-2.8,0.24
0.4296,-2.8,0.16
0.43,-2.72,0.24
0.4304,-2.72,0.24
0.4308,-2.8,0.16
0.4312,-2.72,0.16
0.4316,-2.88,0.24
0.432,-2.8,0.16
0.4324,-2.72,0.24
0.4328,-2.8,0.16
0.4332,-2.72,0.16
0.4336,-2.72,0.16
0.434,-2.72,0.16
0.4344,-2.72,0.16
0.4348,-2.72,0.16
0.4352,-2.72,0.24
0.4356,-2.8,0.16
0.436,-2.64,0.16
0.4364,-2.8,0.24
0.4368,-2.8,0.16
0.4372,-2.72,0.16
0.4376,-2.88,0.16
0.438,-2.72,0.16
0.4384,-2.8,0.16
0.4388,-2.8,0.08
0.4392,-2.8,0.16
0.4396,-2.72,0.16
0.44,-2.8,0.24
0.4404,-2.8,0.08
0.4408,-2.72,0.16
0.4412,-2.8,0.24
0.4416,-2.8,0.24
0.442,-2.72,0.16
0.4424,-2.8,0.16
0.4428,-2.88,0.16
0.4432,-2.72,0.16
0.4436,-2.8,0.16
0.444,-2.72,0.16
0.4444,-2.72,0.16
0.4448,-2.8,0.16
0.4452,-2.8,0.16
0.4456,-2.72,0.16
0.446,-2.72,0.24
0.4464,-2.72,0.16
0.4468,-2.72,0.16
0.4472,-2.72,0.16
0.4476,-2.8,0.24
0.448,-2.72,0.24
0.4484,-2.72,0.24
0.4488,-2.72,0.16
0.4492,-2.72,0.08
0.4496,-2.8,0.24
0.45,-2.8,0.24
0.4504,-2.72,0.16
0.4508,-2.8,0.16
0.4512,-2.8,0.16
0.4516,-2.72,0.08
0.452,-2.8,0.16
0.4524,-2.72,0.24
0.4528,-2.72,0.16
0.4532,-2.8,0.08
0.4536,-2.72,0.16
0.454,-2.72,0.16
0.4544,-2.8,0.16
0.4548,-2.8,0.16
0.4552,-2.8,0.24
0.4556,-2.88,0.16
0.456,-2.8,0.08
0.4564,-2.72,0.16
0.4568,-2.8,0.24
0.4572,-2.72,0.16
0.4576,-2.72,0.24
0.458,-2.8,0.16
0.4584,-2.72,0.16
0.4588,-2.72,0.16
0.4592,-2.8,0.16
0.4596,-2.72,0.16
0.46,-2.72,0.24
0.4604,-2.8,0.16
0.4608,-2.64,0.16
0.4612,-2.64,0.16
0.4616,-2.8,0.08
0.462,-2.72,0.24
0.4624,-2.64,0.16
0.4628,-2.72,0.16
0.4632,-2.8,0.16
0.4636,-2.8,0.24
0.464,-2.8,0.24
0.4644,-2.8,0.24
0.4648,-2.8,0.16
0.4652,-2.8,0.24
0.4656,-2.72,0.16
0.466,-2.72,0.16
0.4664,-2.8,0.16
0.4668,-2.72,0.24
0.4672,-2.64,0.16
0.4676,-2.72,0.16
0.468,-2.72,0.16
0.4684,-2.72,0.16
0.4688,-2.8,0.16
0.4692,-2.72,0.16
0.4696,-2.72,0.16
0.47,-2.8,0.16
0.4704,-2.72,0.24
0.4708,-2.72,0.16
0.4712,-2.8,0.08
0.4716,-2.72,0.16
0.472,-2.72,0.16
0.4724,-2.72,0.16
0.4728,-2.8,0.16
0.4732,-2.72,0.16
0.4736,-2.8,0.16
0.474,-2.72,0.16
0.4744,-2.72,0.16
0.4748,-2.8,0.08
0.4752,-2.64,0.16
0.4756,-2.8,0.16
0.476,-2.72,0.24
0.4764,-2.72,0.16
0.4768,-2.72,0.16
0.4772,-2.8,0.24
0.4776,-2.72,0.24
0.478,-3.12,0.24
0.4784,-3.76,-0.32
0.4788,-4,-1.6
0.4792,-2.96,-3.04
0.4796,-1.12,-3.36
0.48,0.64,-2.16
0.4804,1.04,0
0.4808,0,1.6
0.4812,-1.6,1.92
0.4816,-2.56,1.36
0.482,-2.96,0.56
0.4824,-2.8,0.24
0.4828,-2.72,0.16
0.4832,-2.72,0.16
0.4836,-2.72,0.16
0.484,-2.72,0.16
0.4844,-2.8,0.08
0.4848,-2.64,0.16
0.4852,-2.64,0.16
0.4856,-2.72,0.24
0.486,-2.64,0.24
0.4864,-2.72,0.16
0.4868,-2.8,0.16
0.4872,-2.8,0.08
0.4876,-2.72,0.08
0.488,-2.8,0.16
0.4884,-2.72,0.16
0.4888,-2.72,0.16
0.4892,-2.72,0.16
0.4896,-2.72,0.24
0.49,-2.72,0.16
0.4904,-2.8,0.16
0.4908,-2.72,0.24
0.4912,-2.72,0.24
0.4916,-2.8,0.16
0.492,-2.64,0.16
0.4924,-2.72,0.16
0.4928,-2.8,0.24
0.4932,-2.72,0.16
0.4936,-2.8,0.16
0.494,-2.8,0.16
0.4944,-2.72,0.16
0.4948,-2.8,0.16
0.4952,-2.72,0.16
0.4956,-2.72,0.24
0.496,-2.72,0.16
0.4964,-2.8,0.24
0.4968,-2.72,0.24
0.4972,-2.72,0.16
0.4976,-2.88,0.24
0.498,-2.64,0.24
0.4984,-2.72,0.16
0.4988,-2.8,0.16
0.4992,-2.72,0.16
0.4996,-2.72,0.24
0.5,-2.8,0.24
0.5004,-2.72,0.16
0.5008,-2.8,0.16
0.5012,-2.8,0.16
0.5016,-2.72,0.16
0.502,-2.8,0.16
0.5024,-2.72,0.16
0.5028,-2.72,0.16
0.5032,-2.72,0.16
0.5036,-2.8,0.16
0.504,-2.8,0.16
0.5044,-2.8,0.24
0.5048,-2.8,0.16
0.5052,-2.72,0.16
0.5056,-2.72,0.08
0.506,-2.88,0.24
0.5064,-2.8,0.16
0.5068,-2.72,0.16
0.5072,-2.88,0.24
0.5076,-2.72,0.16
0.508,-2.8,0.08
0.5084,-2.8,0.16
0.5088,-2.72,0.16
0.5092,-2.72,0.24
0.5096,-2.8,0.16
0.51,-2.72,0.24
0.5104,-2.72,0.16
0.5108,-2.88,0.16
0.5112,-2.72,0.16
0.5116,-2.8,0.16
0.512,-2.8,0.16
0.5124,-2.72,0.16
0.5128,-2.72,0.16
0.5132,-2.8,0.16
0.5136,-2.72,0.16
0.514,-2.72,0.24
0.5144,-2.88,0.16
0.5148,-2.72,0.16
0.5152,-2.8,0.16
0.5156,-2.8,0.16
0.516,-2.8,0.16
0.5164,-2.72,0.16
0.5168,-2.8,0.16
0.5172,-2.72,0.16
0.5176,-2.8,0.16
0.518,-2.8,0.16
0.5184,-2.72,0.16
0.5188,-2.72,0.24
0.5192,-2.8,0.16
0.5196,-2.88,0.16
0.52,-2.8,0.24
0.5204,-2.72,0.16
0.5208,-2.72,0.16
0.5212,-2.8,0.16
0.5216,-2.88,0.16
0.522,-2.72,0.16
0.5224,-2.8,0.16
0.5228,-2.8,0.16
0.5232,-2.8,0.16
0.5236,-2.8,0.24
0.524,-2.8,0.24
0.5244,-2.8,0.24
0.5248,-2.72,0.16
0.5252,-2.8,0.16
0.5256,-2.72,0.16
0.526,-2.8,0.24
0.5264,-2.8,0.16
0.5268,-2.72,0.24
0.5272,-2.72,0.16
0.5276,-2.72,0.08
0.528,-2.72,0.16
0.5284,-2.88,0.16
0.5288,-2.8,0.24
0.5292,-2.72,0.16
0.5296,-2.8,0.24
0.53,-2.8,0.16
0.5304,-2.72,0.16
0.5308,-2.8,0.16
0.5312,-2.8,0.24
0.5316,-2.72,0.24
0.532,-2.8,0.24
0.5324,-2.8,0.16
0.5328,-2.72,0.16
0.5332,-2.72,0.16
0.5336,-2.8,0.16
0.534,-2.64,0.16
0.5344,-2.8,0.16
0.5348,-2.8,0.16
0.5352,-2.64,0.08
0.5356,-2.8,0.24
0.536,-2.8,0.16
0.5364,-2.72,0.16
0.5368,-2.8,0.24
0.5372,-2.8,0.24
0.5376,-2.72,0.16
0.538,-2.8,0.08
0.5384,-2.8,0.24
0.5388,-2.72,0.16
0.5392,-2.8,0.16
0.5396,-2.88,0.16
0.54,-2.72,0.24
0.5404,-2.72,0.16
0.5408,-2.88,0.16
0.5412,-2.8,0.16
0.5416,-2.72,0.16
0.542,-2.8,0.16
0.5424,-2.72,0.16
0.5428,-2.8,0.16
0.5432,-2.72,0.16
0.5436,-2.72,0.24
0.544,-2.72,0.16
0.5444,-2.8,0.16
0.5448,-2.72,0.16
0.5452,-2.72,0.16
0.5456,-2.72,0.16
0.546,-2.72,0.24
0.5464,-2.8,0.16
0.5468,-2.8,0.24
0.5472,-2.8,0.16
0.5476,-2.8,0.24
0.548,-2.8,0.16
0.5484,-2.72,0.24
0.5488,-2.8,0.24
0.5492,-2.72,0.24
0.5496,-2.8,0.24
0.55,-2.8,0.16
0.5504,-2.8,0.08
0.5508,-2.72,0.16
0.5512,-2.8,0.16
0.5516,-2.8,0.16
0.552,-2.64,0.16
0.5524,-2.8,0.24
0.5528,-2.8,0.16
0.5532,-2.72,0.16
0.5536,-2.8,0.16
0.554,-2.72,0.08
0.5544,-2.72,0.24
0.5548,-2.8,0.16
0.5552,-2.8,0.16
0.5556,-2.8,0.08
0.556,-2.72,0.08
0.5564,-2.72,0.24
0.5568,-2.72,0.16
0.5572,-2.8,0.16
0.5576,-2.72,0.16
0.558,-2.64,0.16
0.5584,-2.72,0.24
0.5588,-2.8,0.16
0.5592,-2.64,0.08
0.5596,-2.64,0.24
0.56,-1.92,1.52
0.5604,-2.4,0.32
0.5608,-2.4,0.24
0.5612,-2.48,0.56
0.5616,-2.72,0.48
0.562,-2.88,0.32
0.5624,-2.72,0.24
0.5628,-2.64,0.32
0.5632,-2.72,0.24
0.5636,-2.8,0.24
0.564,-2.64,0.24
0.5644,-2.72,0.32
0.5648,-2.72,0.24
0.5652,-2.72,0.32
0.5656,-2.72,0.16
0.566,-2.72,0.24
0.5664,-2.72,0.24
0.5668,-2.8,0.24
0.5672,-2.72,0.16
0.5676,-2.72,0.16
0.568,-2.8,0.24
0.5684,-2.72,0.16
0.5688,-2.64,0.24
0.5692,-2.72,0.16
0.5696,-2.8,0.16
0.57,-2.72,0.16
0.5704,-2.72,0.16
0.5708,-2.8,0.16
0.5712,-2.72,0.24
0.5716,-2.8,0.24
0.572,-2.72,0.16
0.5724,-2.72,0.24
0.5728,-2.8,0.16
0.5732,-2.8,0.24
0.5736,-2.8,0.24
0.574,-2.8,0.16
0.5744,-2.8,0.16
0.5748,-2.72,0.24
0.5752,-2.72,0.16
0.5756,-2.72,0.24
0.576,-2.72,0.24
0.5764,-2.8,0.24
0.5768,-2.8,0.24
0.5772,-2.72,0.24
0.5776,-2.72,0.16
0.578,-2.72,0.16
0.5784,-2.72,0.24
0.5788,-2.8,0.24
0.5792,-2.72,0.24
0.5796,-2.72,0.24
0.58,-2.72,0.24
0.5804,-2.8,0.24
0.5808,-2.72,0.16
0.5812,-2.8,0.24
0.5816,-2.72,0.24
0.582,-2.72,0.16
0.5824,-2.8,0.24
0.5828,-2.72,0.16
0.5832,-2.72,0.32
0.5836,-2.72,0.24
0.584,-2.8,0.16
0.5844,-2.72,0.16
0.5848,-2.72,0.24
0.5852,-2.72,0.16
0.5856,-2.72,0.24
0.586,-2.72,0.24
0.5864,-2.72,0.16
0.5868,-2.72,0.16
0.5872,-2.88,0.16
0.5876,-2.72,0.16
0.588,-2.72,0.16
0.5884,-2.8,0.16
0.5888,-2.72,0.16
0.5892,-2.72,0.16
0.5896,-2.8,0.16
0.59,-2.8,0.16
0.5904,-2.72,0.32
0.5908,-2.8,0.16
0.5912,-2.8,0.16
0.5916,-2.72,0.24
0.592,-2.8,0.24
0.5924,-2.8,0.24
0.5928,-2.72,0.16
0.5932,-2.8,0.16
0.5936,-2.72,0.16
0.594,-2.72,0.24
0.5944,-2.8,0.16
0.5948,-2.8,0.16
0.5952,-2.8,0.16
0.5956,-2.72,0.08
0.596,-2.72,0.24
0.5964,-2.8,0.16
0.5968,-2.8,0.24
0.5972,-2.8,0.24
0.5976,-2.72,0.32
0.598,-2.72,0.32
0.5984,-2.8,0.16
0.5988,-2.72,0.24
0.5992,-2.8,0.24
0.5996,-2.72,0.16
0.6,-2.72,0.16
0.6004,-2.8,0.16
0.6008,-2.72,0.16
0.6012,-2.72,0.16
0.6016,-2.8,0.24
0.602,-2.64,0.16
0.6024,-2.72,0.16
0.6028,-2.8,0.16
0.6032,-2.72,0.16
0.6036,-2.72,0.24
0.604,-2.8,0.16
0.6044,-2.72,0.24
0.6048,-2.72,0.16
0.6052,-2.88,0.16
0.6056,-2.8,0.08
0.606,-2.88,0.16
0.6064,-2.72,0.24
0.6068,-2.8,0.24
0.6072,-2.8,0.16
0.6076,-2.8,0.16
0.608,-2.8,0.08
0.6084,-2.8,0.16
0.6088,-2.8,0.16
0.6092,-2.72,0.16
0.6096,-2.8,0.16
0.61,-2.8,0.16
0.6104,-2.72,0.16
0.6108,-2.64,0.24
0.6112,-2.8,0.16
0.6116,-2.72,0.16
0.612,-2.72,0.24
0.6124,-2.72,0.16
0.6128,-2.64,0.16
0.6132,-2.72,0.16
0.6136,-2.8,0.16
0.614,-2.64,0.24
0.6144,-2.72,0.24
0.6148,-2.8,0.24
0.6152,-2.72,0.24
0.6156,-2.72,0.16
0.616,-2.8,0.24
0.6164,-2.64,0.16
0.6168,-2.72,0.16
0.6172,-2.72,0.24
0.6176,-2.8,0.16
0.618,-2.72,0.16
0.6184,-2.8,0.16
0.6188,-2.72,0.16
0.6192,-2.72,0.16
0.6196,-2.8,0.16
0.62,-2.72,0.24
0.6204,-2.72,0.16
0.6208,-2.88,0.16
0.6212,-2.72,0.16
0.6216,-2.8,0.24
0.622,-2.8,0.16
0.6224,-2.8,0.16
0.6228,-2.72,0.16
0.6232,-2.72,0.24
0.6236,-2.72,0.24
0.624,-2.8,0.24
0.6244,-2.8,0.16
0.6248,-2.8,0.16
0.6252,-2.72,0.24
0.6256,-2.8,0.16
0.626,-2.72,0.08
0.6264,-2.8,0.08
0.6268,-2.72,0.16
0.6272,-2.72,0.16
0.6276,-2.72,0.24
0.628,-2.88,0.16
0.6284,-2.8,0.16
0.6288,-2.8,0.16
0.6292,-2.8,0.16
0.6296,-2.72,0.24
0.63,-2.72,0.24
0.6304,-2.8,0.24
0.6308,-2.8,0.16
0.6312,-2.8,0.24
0.6316,-2.8,0.16
0.632,-2.64,0.16
0.6324,-2.72,0.08
0.6328,-2.8,0.32
0.6332,-2.72,0.16
0.6336,-2.8,0.16
0.634,-2.8,0.08
0.6344,-2.72,0.08
0.6348,-2.72,0.08
0.6352,-2.72,0.16
0.6356,-2.72,0.16
0.636,-2.8,0.24
0.6364,-2.8,0.16
0.6368,-2.8,0.16
0.6372,-2.8,0.08
0.6376,-2.72,0.24
0.638,-3.04,0.16
0.6384,-3.44,-0.32
0.6388,-3.52,-1.44
0.6392,-2.56,-2.48
0.6396,-0.88,-2.56
0.64,0.4,-1.28
0.6404,0.56,0.8
0.6408,-0.64,2.16
0.6412,-2.24,2.08
0.6416,-3.04,1.28
0.642,-3.04,0.48
0.6424,-2.88,0.08
0.6428,-2.64,0.16
0.6432,-2.72,0.24
0.6436,-2.8,0.16
0.644,-2.8,0.16
0.6444,-2.72,0.16
0.6448,-2.72,0.08
0.6452,-2.64,0.16
0.6456,-2.8,0.24
0.646,-2.72,0.24
0.6464,-2.8,0.32
0.6468,-2.72,0.24
0.6472,-2.72,0.16
0.6476,-2.72,0.16
0.648,-2.72,0.16
0.6484,-2.72,0.16
0.6488,-2.72,0.16
0.6492,-2.72,0.24
0.6496,-2.8,0.16
0.65,-2.72,0.08
0.6504,-2.72,0.16
0.6508,-2.8,0.16
0.6512,-2.72,0.24
0.6516,-2.8,0.16
0.652,-2.72,0.16
0.6524,-2.8,0.24
0.6528,-2.8,0.08
0.6532,-2.8,0.16
0.6536,-2.72,0.16
0.654,-2.8,0.16
0.6544,-2.8,0.16
0.6548,-2.8,0.16
0.6552,-2.72,0.16
0.6556,-2.8,0.16
0.656,-2.72,0.16
0.6564,-2.8,0.16
0.6568,-2.72,0.16
0.6572,-2.72,0.16
0.6576,-2.72,0.16
0.658,-2.8,0.16
0.6584,-2.72,0.24
0.6588,-2.72,0.24
0.6592,-2.8,0.16
0.6596,-2.72,0.16
0.66,-2.8,0.16
0.6604,-2.72,0.16
0.6608,-2.72,0.24
0.6612,-2.8,0.16
0.6616,-2.88,0.24
0.662,-2.72,0.16
0.6624,-2.72,0.16
0.6628,-2.8,0.16
0.6632,-2.72,0.16
0.6636,-2.8,0.08
0.664,-2.72,0.16
0.6644,-2.72,0.16
0.6648,-2.8,0.24
0.6652,-2.8,0.24
0.6656,-2.72,0.24
0.666,-2.8,0.16
0.6664,-2.72,0.16
0.6668,-2.72,0.16
0.6672,-2.72,0.08
0.6676,-2.72,0.16
0.668,-2.8,0.16
0.6684,-2.8,0.16
0.6688,-2.8,0.16
0.6692,-2.8,0.16
0.6696,-2.8,0.16
0.67,-2.72,0.16
0.6704,-2.72,0.16
0.6708,-2.8,0.08
0.6712,-2.8,0.08
0.6716,-2.72,0.16
0.672,-2.72,0.16
0.6724,-2.72,0.16
0.6728,-2.8,0.16
0.6732,-2.8,0.24
0.6736,-2.88,0.16
0.674,-2.8,0.16
0.6744,-2.8,0.16
0.6748,-2.8,0.16
0.6752,-2.8,0.16
0.6756,-2.8,0.16
0.676,-2.8,0.16
0.6764,-2.8,0.16
0.6768,-2.8,0.24
0.6772,-2.8,0.16
0.6776,-2.72,0.24
0.678,-2.8,0.24
0.6784,-2.8,0.16
0.6788,-2.8,0.24
0.6792,-2.72,0.16
0.6796,-2.72,0.16
0.68,-2.72,0.24
0.6804,-2.72,0.16
0.6808,-2.8,0.16
0.6812,-2.64,0.16
0.6816,-2.72,0.24
0.682,-2.72,0.16
0.6824,-2.72,0.16
0.6828,-2.72,0.16
0.6832,-2.72,0.24
0.6836,-2.72,0.24
0.684,-2.72,0.16
0.6844,-2.8,0.16
0.6848,-2.64,0.16
0.6852,-2.72,0.16
0.6856,-2.8,0.24
0.686,-2.72,0.16
0.6864,-2.8,0.16
0.6868,-2.72,0.24
0.6872,-2.72,0.24
0.6876,-2.8,0.16
0.688,-2.8,0.16
0.6884,-2.8,0.08
0.6888,-2.8,0.16
0.6892,-2.8,0.16
0.6896,-2.72,0.16
0.69,-2.8,0.16
0.6904,-2.8,0.16
0.6908,-2.72,0.16
0.6912,-2.8,0.16
0.6916,-2.8,0.16
0.692,-2.8,0.16
0.6924,-2.72,0.24
0.6928,-2.8,0.24
0.6932,-2.72,0.16
0.6936,-2.72,0.16
0.694,-2.72,0.16
0.6944,-2.72,0.08
0.6948,-2.72,0.24
0.6952,-2.72,0.16
0.6956,-2.64,0.24
0.696,-2.8,0.16
0.6964,-2.8,0.24
0.6968,-2.72,0.16
0.6972,-2.8,0.16
0.6976,-2.72,0.24
0.698,-2.72,0.24
0.6984,-2.8,0.24
0.6988,-2.8,0.24
0.6992,-2.72,0.16
0.6996,-2.72,0.16
0.7,-2.8,0.24
0.7004,-2.72,0.16
0.7008,-2.72,0.16
0.7012,-2.72,0.16
0.7016,-2.64,0.16
0.702,-2.72,0.16
0.7024,-2.8,0.16
0.7028,-2.8,0.16
0.7032,-2.8,0.16
0.7036,-2.8,0.16
0.704,-2.8,0.16
0.7044,-2.72,0.16
0.7048,-2.72,0.16
0.7052,-2.72,0.16
0.7056,-2.8,0.08
0.706,-2.8,0.16
0.7064,-2.72,0.16
0.7068,-2.8,0.16
0.7072,-2.8,0.16
0.7076,-2.8,0.16
0.708,-2.8,0.16
0.7084,-2.8,0.08
0.7088,-2.8,0.16
0.7092,-2.8,0.24
0.7096,-2.72,0.16
0.71,-2.8,0.16
0.7104,-2.72,0.16
0.7108,-2.72,0.16
0.7112,-2.8,0.16
0.7116,-2.8,0.08
0.712,-2.8,0.16
0.7124,-2.72,0.24
0.7128,-2.72,0.16
0.7132,-2.72,0.24
0.7136,-2.8,0.24
0.714,-2.8,0.24
0.7144,-2.8,0.16
0.7148,-2.72,0.24
0.7152,-2.72,0.16
0.7156,-2.8,0.16
0.716,-2.72,0.16
0.7164,-2.8,0.24
0.7168,-2.72,0.24
0.7172,-2.72,0.24
0.7176,-2.72,0.16
0.718,-2.8,0.24
0.7184,-2.88,0.08
0.7188,-2.72,0.08
0.7192,-2.56,0.16
0.7196,-2.56,0.32
0.72,2.08,3.84
0.7204,-2.48,0.24
0.7208,-2.32,0.16
0.7212,-2.4,0.48
0.7216,-2.72,0.56
0.722,-2.88,0.32
0.7224,-2.8,0.16
0.7228,-2.72,0.24
0.7232,-2.8,0.24
0.7236,-2.8,0.32
0.724,-2.72,0.24
0.7244,-2.72,0.16
0.7248,-2.8,0.16
0.7252,-2.8,0.24
0.7256,-2.72,0.24
0.726,-2.72,0.16
0.7264,-2.72,0.16
0.7268,-2.8,0.24
0.7272,-2.72,0.24
0.7276,-2.72,0.16
0.728,-2.72,0.16
0.7284,-2.8,0.16
0.7288,-2.64,0.16
0.7292,-2.64,0.24
0.7296,-2.72,0.24
0.73,-2.8,0.24
0.7304,-2.8,0.24
0.7308,-2.72,0.24
0.7312,-2.72,0.24
0.7316,-2.72,0.32
0.732,-2.8,0.24
0.7324,-2.8,0.16
0.7328,-2.72,0.16
0.7332,-2.8,0.16
0.7336,-2.72,0.24
0.734,-2.72,0.16
0.7344,-2.72,0.16
0.7348,-2.72,0.16
0.7352,-2.72,0.16
0.7356,-2.72,0.16
0.736,-2.72,0.24
0.7364,-2.72,0.24
0.7368,-2.72,0.16
0.7372,-2.8,0.16
0.7376,-2.8,0.16
0.738,-2.8,0.24
0.7384,-2.8,0.24
0.7388,-2.72,0.24
0.7392,-2.64,0.24
0.7396,-2.72,0.16
0.74,-2.72,0.16
0.7404,-2.72,0.16
0.7408,-2.72,0.16
0.7412,-2.72,0.16
0.7416,-2.72,0.24
0.742,-2.72,0.16
0.7424,-2.8,0.24
0.7428,-2.72,0.24
0.7432,-2.8,0.16
0.7436,-2.72,0.16
0.744,-2.72,0.16
0.7444,-2.8,0.16
0.7448,-2.72,0.16
0.7452,-2.8,0.24
0.7456,-2.8,0.24
0.746,-2.8,0.24
0.7464,-2.72,0.24
0.7468,-2.72,0.32
0.7472,-2.72,0.16
0.7476,-2.72,0.24
0.748,-2.72,0.24
0.7484,-2.8,0.16
0.7488,-2.8,0.16
0.7492,-2.72,0.16
0.7496,-2.72,0.16
0.75,-2.72,0.16
0.7504,-2.72,0.24
0.7508,-2.72,0.16
0.7512,-2.72,0.16
0.7516,-2.8,0.16
0.752,-2.72,0.16
0.7524,-2.72,0.24
0.7528,-2.8,0.24
0.7532,-2.8,0.24
0.7536,-2.8,0.24
0.754,-2.72,0.24
0.7544,-2.8,0.24
0.7548,-2.72,0.16
0.7552,-2.8,0.16
0.7556,-2.8,0.16
0.756,-2.8,0.16
0.7564,-2.72,0.16
0.7568,-2.72,0.16
0.7572,-2.8,0.16
0.7576,-2.8,0.24
0.758,-2.8,0.16
0.7584,-2.8,0.24
0.7588,-2.72,0.24
0.7592,-2.72,0.24
0.7596,-2.8,0.08
0.76,-2.72,0.24
0.7604,-2.8,0.16
0.7608,-2.72,0.16
0.7612,-2.72,0.16
0.7616,-2.72,0.24
0.762,-2.72,0.16
0.7624,-2.72,0.24
0.7628,-2.72,0.16
0.7632,-2.72,0.32
0.7636,-2.72,0.16
0.764,-2.72,0.24
0.7644,-2.72,0.24
0.7648,-2.72,0.16
0.7652,-2.72,0.16
0.7656,-2.8,0.24
0.766,-2.8,0.24
0.7664,-2.72,0.16
0.7668,-2.64,0.24
0.7672,-2.72,0.16
0.7676,-2.72,0.16
0.768,-2.72,0.08
0.7684,-2.72,0.16
0.7688,-2.72,0.16
0.7692,-2.72,0.16
0.7696,-2.8,0.16
0.77,-2.88,0.16
0.7704,-2.72,0.16
0.7708,-2.72,0.08
0.7712,-2.8,0.24
0.7716,-2.8,0.16
0.772,-2.72,0.32
0.7724,-2.72,0.24
0.7728,-2.72,0.16
0.7732,-2.72,0.16
0.7736,-2.72,0.16
0.774,-2.72,0.24
0.7744,-2.88,0.16
0.7748,-2.72,0.24
0.7752,-2.8,0.16
0.7756,-2.72,0.24
0.776,-2.8,0.16
0.7764,-2.72,0.24
0.7768,-2.8,0.16
0.7772,-2.8,0.16
0.7776,-2.72,0.24
0.778,-2.8,0.16
0.7784,-2.8,0.16
0.7788,-2.8,0.16
0.7792,-2.72,0.24
0.7796,-2.8,0.24
0.78,-2.72,0.16
0.7804,-2.72,0.24
0.7808,-2.72,0.16
0.7812,-2.8,0.16
0.7816,-2.72,0.24
0.782,-2.72,0.24
0.7824,-2.72,0.16
0.7828,-2.8,0.16
0.7832,-2.72,0.24
0.7836,-2.8,0.24
0.784,-2.8,0.24
0.7844,-2.72,0.16
0.7848,-2.72,0.24
0.7852,-2.8,0.16
0.7856,-2.72,0.16
0.786,-2.72,0.16
0.7864,-2.72,0.16
0.7868,-2.8,0.16
0.7872,-2.8,0.24
0.7876,-2.72,0.16
0.788,-2.8,0.16
0.7884,-2.72,0.16
0.7888,-2.8,0.16
0.7892,-2.8,0.16
0.7896,-2.8,0.16
0.79,-2.8,0.16
0.7904,-2.72,0.24
0.7908,-2.72,0.16
0.7912,-2.8,0.16
0.7916,-2.72,0.16
0.792,-2.64,0.16
0.7924,-2.72,0.16
0.7928,-2.72,0.16
0.7932,-2.8,0.16
0.7936,-2.72,0.16
0.794,-2.8,0.16
0.7944,-2.72,0.16
0.7948,-2.8,0.08
0.7952,-2.72,0.16
0.7956,-2.8,0.16
0.796,-2.72,0.16
0.7964,-2.72,0.16
0.7968,-2.72,0.16
0.7972,-2.8,0.24
0.7976,-2.72,0.24
0.798,-3.04,0.4
0.7984,-3.28,0.08
0.7988,-3.68,-0.56
0.7992,-3.44,-1.6
0.7996,-2.4,-2.16
0.8,-1.2,-1.84
0.8004,-0.56,-0.72
0.8008,-0.8,0.48
0.8012,-1.6,0.96
0.8016,-2.32,0.96
0.802,-2.72,0.56
0.8024,-2.72,0.32
0.8028,-2.72,0.24
0.8032,-2.72,0.16
0.8036,-2.72,0.16
0.804,-2.8,0.16
0.8044,-2.72,0.16
0.8048,-2.72,0.16
0.8052,-2.72,0.16
0.8056,-2.64,0.24
0.806,-2.72,0.16
0.8064,-2.72,0.24
0.8068,-2.8,0.24
0.8072,-2.8,0.24
0.8076,-2.72,0.16
0.808,-2.72,0.16
0.8084,-2.72,0.16
0.8088,-2.72,0.16
0.8092,-2.72,0.24
0.8096,-2.8,0.24
0.81,-2.72,0.16
0.8104,-2.72,0.16
0.8108,-2.72,0.16
0.8112,-2.8,0.24
0.8116,-2.72,0.16
0.812,-2.8,0.16
0.8124,-2.8,0.16
0.8128,-2.72,0.24
0.8132,-2.8,0.16
0.8136,-2.72,0.24
0.814,-2.8,0.24
0.8144,-2.72,0.24
0.8148,-2.8,0.24
0.8152,-2.72,0.24
0.8156,-2.72,0.24
0.816,-2.72,0.24
0.8164,-2.72,0.16
0.8168,-2.8,0.24
0.8172,-2.72,0.16
0.8176,-2.72,0.16
0.818,-2.72,0.16
0.8184,-2.72,0.16
0.8188,-2.72,0.16
0.8192,-2.72,0.08
0.8196,-2.8,0.16
0.82,-2.8,0.16
0.8204,-2.8,0.08
0.8208,-2.72,0.24
0.8212,-2.8,0.16
0.8216,-2.8,0.16
0.822,-2.72,0.16
0.8224,-2.8,0.16
0.8228,-2.8,0.16
0.8232,-2.72,0.16
0.8236,-2.8,0.24
0.824,-2.8,0.16
0.8244,-2.72,0.16
0.8248,-2.72,0.16
0.8252,-2.72,0.24
0.8256,-2.8,0.16
0.826,-2.72,0.24
0.8264,-2.8,0.16
0.8268,-2.8,0.16
0.8272,-2.72,0.16
0.8276,-2.8,0.16
0.828,-2.72,0.16
0.8284,-2.72,0.16
0.8288,-2.72,0.24
0.8292,-2.72,0.24
0.8296,-2.72,0.24
0.83,-2.8,0.24
0.8304,-2.8,0.24
0.8308,-2.8,0.24
0.8312,-2.72,0.24
0.8316,-2.72,0.24
0.832,-2.8,0.16
0.8324,-2.8,0.24
0.8328,-2.8,0.16
0.8332,-2.72,0.16
0.8336,-2.72,0.16
0.834,-2.72,0.08
0.8344,-2.72,0.16
0.8348,-2.72,0.16
0.8352,-2.64,0.16
0.8356,-2.72,0.16
0.836,-2.72,0.16
0.8364,-2.8,0.16
0.8368,-2.72,0.16
0.8372,-2.8,0.16
0.8376,-2.72,0.16
0.838,-2.8,0.24
0.8384,-2.72,0.24
0.8388,-2.8,0.16
0.8392,-2.8,0.24
0.8396,-2.8,0.24
0.84,-2.8,0.24
0.8404,-2.8,0.16
0.8408,-2.72,0.24
0.8412,-2.72,0.16
0.8416,-2.72,0.24
0.842,-2.72,0.16
0.8424,-2.8,0.16
0.8428,-2.72,0.24
0.8432,-2.72,0.16
0.8436,-2.72,0.24
0.844,-2.72,0.16
0.8444,-2.72,0.16
0.8448,-2.8,0.24
0.8452,-2.72,0.16
0.8456,-2.8,0.24
0.846,-2.72,0.16
0.8464,-2.72,0.16
0.8468,-2.8,0.24
0.8472,-2.8,0.16
0.8476,-2.72,0.16
0.848,-2.72,0.16
0.8484,-2.8,0.16
0.8488,-2.72,0.16
0.8492,-2.72,0.16
0.8496,-2.72,0.16
0.85,-2.72,0.08
0.8504,-2.8,0.16
0.8508,-2.72,0.16
0.8512,-2.72,0.16
0.8516,-2.72,0.16
0.852,-2.8,0.16
0.8524,-2.8,0.08
0.8528,-2.8,0.16
0.8532,-2.8,0.16
0.8536,-2.8,0.16
0.854,-2.72,0.16
0.8544,-2.72,0.16
0.8548,-2.8,0.16
0.8552,-2.8,0.16
0.8556,-2.8,0.08
0.856,-2.8,0.16
0.8564,-2.8,0.16
0.8568,-2.8,0.24
0.8572,-2.8,0.24
0.8576,-2.72,0.16
0.858,-2.8,0.24
0.8584,-2.72,0.24
0.8588,-2.8,0.24
0.8592,-2.8,0.24
0.8596,-2.72,0.16
0.86,-2.8,0.16
0.8604,-2.72,0.16
0.8608,-2.8,0.16
0.8612,-2.8,0.24
0.8616,-2.8,0.16
0.862,-2.72,0.16
0.8624,-2.8,0.24
0.8628,-2.8,0.16
0.8632,-2.72,0.16
0.8636,-2.8,0.16
0.864,-2.72,0.16
0.8644,-2.8,0.24
0.8648,-2.72,0.16
0.8652,-2.8,0.16
0.8656,-2.72,0.16
0.866,-2.72,0.24
0.8664,-2.72,0.24
0.8668,-2.72,0.24
0.8672,-2.72,0.24
0.8676,-2.72,0.24
0.868,-2.72,0.16
0.8684,-2.72,0.16
0.8688,-2.8,0.16
0.8692,-2.8,0.16
0.8696,-2.8,0.24
0.87,-2.72,0.24
0.8704,-2.72,0.16
0.8708,-2.8,0.24
0.8712,-2.8,0.16
0.8716,-2.8,0.24
0.872,-2.8,0.16
0.8724,-2.72,0.16
0.8728,-2.72,0.16
0.8732,-2.8,0.24
0.8736,-2.72,0.16
0.874,-2.8,0.24
0.8744,-2.8,0.16
0.8748,-2.8,0.16
0.8752,-2.8,0.16
0.8756,-2.72,0.16
0.876,-2.72,0.16
0.8764,-2.72,0.16
0.8768,-2.8,0.16
0.8772,-2.64,0.24
0.8776,-2.72,0.16
0.878,-2.8,0.24
0.8784,-2.8,0.16
0.8788,-2.72,0.16
0.8792,-2.72,0.24
0.8796,-2.64,0.24
0.88,2.24,3.76
0.8804,-2.32,0.56
0.8808,-2.24,0.24
0.8812,-2.32,0.48
0.8816,-2.72,0.48
0.882,-2.88,0.32
0.8824,-2.8,0.24
0.8828,-2.72,0.16
0.8832,-2.64,0.24
0.8836,-2.72,0.24
