1.8056,-2.24,0.08
1.8056,-2.4,0.08
1.8056,-2.24,0.08
1.8056,-2.32,0.08
1.8056,-2.32,0.08
1.8057,-2.32,0
1.8057,-2.4,0.08
1.8057,-2.24,0.08
1.8057,-2.4,0.08
1.8057,-2.24,0
1.8057,-2.48,0
1.8057,-2.32,0.08
1.8057,-2.4,0
1.8057,-2.24,0.08
1.8057,-2.32,0.16
1.8058,-2.24,0.08
1.8058,-2.4,0
1.8058,-2.24,0
1.8058,-2.4,0
1.8058,-2.24,0.08
1.8058,-2.24,0.16
1.8058,-2.4,0.08
1.8058,-2.32,0.08
1.8058,-2.4,0.16
1.8058,-2.24,0.16
1.8059,-2.4,0.08
1.8059,-2.24,0.08
1.8059,-2.48,0.16
1.8059,-2.24,0.08
1.8059,-2.4,0
1.8059,-2.24,0.16
1.8059,-2.4,0.08
1.8059,-2.24,0.08
1.8059,-2.32,0.08
1.8059,-2.32,0.08
1.806,-2.24,0.16
1.806,-2.32,0.16
1.806,-2.32,0
1.806,-2.4,0
1.806,-2.24,0.08
1.806,-2.48,0.16
1.806,-2.16,0.08
1.806,-2.4,0.08
1.806,-2.24,0.08
1.806,-2.4,0.08
1.8061,-2.24,0.08
1.8061,-2.32,0.16
1.8061,-2.24,0.16
1.8061,-2.32,0.08
1.8061,-2.32,0.08
1.8061,-2.4,0.08
1.8061,-2.4,0.24
1.8061,-2.24,0.08
1.8061,-2.32,0.16
1.8061,-2.16,0.16
1.8062,-2.32,0.16
1.8062,-2.24,0.08
1.8062,-2.4,0.08
1.8062,-2.24,0.08
1.8062,-2.4,0
1.8062,-2.16,0.16
1.8062,-2.4,0.08
1.8062,-2.24,0.08
1.8062,-2.4,0.08
1.8062,-2.24,0.08
1.8063,-2.32,0
1.8063,-2.4,0.08
1.8063,-2.24,0.08
1.8063,-2.4,0.08
1.8063,-2.24,0.08
1.8063,-2.4,0.16
1.8063,-2.24,0
1.8063,-2.48,0.08
1.8063,-2.24,0.08
1.8063,-2.4,0.16
1.8064,-2.24,0
1.8064,-2.32,0.08
1.8064,-2.32,0.16
1.8064,-2.4,0.16
1.8064,-2.24,0.08
1.8064,-2.32,0.16
1.8064,-2.4,0.16
1.8064,-2.32,0.16
1.8064,-2.48,0.24
1.8064,-2.32,0.24
1.8065,-2.48,0.16
1.8065,-2.24,0.16
1.8065,-2.4,0.16
1.8065,-2.24,0.16
1.8065,-2.4,0.16
1.8065,-2.24,0.16
1.8065,-2.4,0.16
1.8065,-2.32,0.16
1.8065,-2.4,0.24
1.8065,-2.32,0.16
1.8066,-2.4,0.16
1.8066,-2.32,0.16
1.8066,-2.32,0.16
1.8066,-2.4,0.16
1.8066,-2.4,0.16
1.8066,-2.48,0.24
1.8066,-2.24,0.24
1.8066,-2.48,0.16
1.8066,-2.24,0.16
1.8066,-2.48,0.16
1.8067,-2.24,0.16
1.8067,-2.4,0.16
1.8067,-2.32,0.16
1.8067,-2.4,0.08
1.8067,-2.4,0.08
1.8067,-2.48,0.08
1.8067,-2.4,0.16
1.8067,-2.4,0.16
1.8067,-2.48,0.16
1.8067,-2.32,0.16
1.8068,-2.56,0.16
1.8068,-2.32,0.16
1.8068,-2.56,0.16
1.8068,-2.24,0.24
1.8068,-2.56,0.16
1.8068,-2.4,0.24
1.8068,-2.48,0.32
1.8068,-2.32,0.16
1.8068,-2.4,0.24
1.8068,-2.32,0.24
1.8069,-2.48,0.16
1.8069,-2.56,0.16
1.8069,-2.48,0.16
1.8069,-2.56,0.24
1.8069,-2.4,0.16
1.8069,-2.56,0.16
1.8069,-2.32,0.24
1.8069,-2.56,0.16
1.8069,-2.32,0.16
1.8069,-2.48,0.08
1.807,-2.24,0.16
1.807,-2.48,0.08
1.807,-2.4,0.24
1.807,-2.4,0.16
1.807,-2.4,0.16
1.807,-2.4,0.24
1.807,-2.4,0.24
1.807,-2.32,0.16
1.807,-2.48,0.16
1.807,-2.4,0.16
1.8071,-2.56,0.16
1.8071,-2.32,0.16
1.8071,-2.56,0.16
1.8071,-2.32,0.16
1.8071,-2.48,0.16
1.8071,-2.4,0.16
1.8071,-2.48,0.16
1.8071,-2.4,0.08
1.8071,-2.4,0.08
1.8071,-2.4,0.16
1.8072,-2.4,0.16
1.8072,-2.48,0.16
1.8072,-2.4,0.16
1.8072,-2.48,0.16
1.8072,-2.4,0.16
1.8072,-2.48,0.24
1.8072,-2.4,0.16
1.8072,-2.56,0.16
1.8072,-2.32,0.16
1.8072,-2.48,0.08
1.8073,-2.32,0.16
1.8073,-2.56,0.16
1.8073,-2.4,0.16
1.8073,-2.48,0.16
1.8073,-2.4,0.16
1.8073,-2.4,0.16
1.8073,-2.48,0.24
1.8073,-2.32,0.16
1.8073,-2.48,0.08
1.8073,-2.4,0.08
1.8074,-2.56,0.08
1.8074,-2.4,0.08
1.8074,-2.56,0
1.8074,-2.4,0.08
1.8074,-2.48,0.16
1.8074,-2.32,0.16
1.8074,-2.48,0.08
1.8074,-2.32,0.08
1.8074,-2.4,0.16
1.8074,-2.48,0.08
1.8075,-2.4,0.16
1.8075,-2.48,0.16
1.8075,-2.32,0.16
1.8075,-2.56,0.08
1.8075,-2.32,0.08
1.8075,-2.48,0.16
1.8075,-2.24,0.08
1.8075,-2.56,0.08
1.8075,-2.4,0.08
1.8075,-2.4,0
1.8076,-2.32,0.08
1.8076,-2.48,0.08
1.8076,-2.4,0.16
1.8076,-2.48,0.16
1.8076,-2.4,0.24
1.8076,-2.4,0.16
1.8076,-2.48,0.24
1.8076,-2.48,0.16
1.8076,-2.64,0.08
1.8076,-2.4,0
1.8077,-2.64,0.16
1.8077,-2.4,0.16
1.8077,-2.56,0.08
1.8077,-2.4,0.08
1.8077,-2.56,0.08
1.8077,-2.4,0.08
1.8077,-2.56,0.08
1.8077,-2.32,0.16
1.8077,-2.56,0.08
1.8077,-2.48,0.16
1.8078,-2.48,0.08
1.8078,-2.48,0.08
1.8078,-2.4,0.16
1.8078,-2.48,0.08
1.8078,-2.4,0.08
1.8078,-2.56,0.08
1.8078,-2.32,0.16
1.8078,-2.56,0.16
1.8078,-2.4,0.08
1.8078,-2.48,0.08
1.8079,-2.4,0.16
1.8079,-2.48,0.08
1.8079,-2.4,0.16
1.8079,-2.48,0.16
1.8079,-2.4,0.16
1.8079,-2.32,0.16
1.8079,-2.4,0.08
1.8079,-2.4,0
1.8079,-2.56,0
1.8079,-2.4,0.08
1.808,-2.64,0.08
1.808,-2.4,0.08
1.808,-2.48,0.08
1.808,-2.32,0.16
1.808,-2.48,0
1.808,-2.32,0.08
1.808,-2.56,0.08
1.808,-2.4,0.16
1.808,-2.48,0.08
1.808,-2.48,0.08
1.8081,-2.48,0
1.8081,-2.48,0.08
1.8081,-2.32,0.16
1.8081,-2.56,0.16
1.8081,-2.32,0.08
1.8081,-2.48,0.08
1.8081,-2.4,0
1.8081,-2.48,0.08
1.8081,-2.24,0.08
1.8081,-2.48,0
1.8082,-2.4,0.16
1.8082,-2.56,0.16
1.8082,-2.48,0.08
1.8082,-2.48,0
1.8082,-2.4,0.16
1.8082,-2.4,0.08
1.8082,-2.4,0.08
1.8082,-2.32,0.16
1.8082,-2.48,0.08
1.8082,-2.24,0.08
1.8083,-2.48,0.16
1.8083,-2.32,0.08
1.8083,-2.56,0.08
1.8083,-2.4,0.08
1.8083,-2.48,0.08
1.8083,-2.4,0.08
1.8083,-2.4,0.08
1.8083,-2.4,0.08
1.8083,-2.4,0.08
1.8083,-2.4,0.08
1.8084,-2.32,0.08
1.8084,-2.48,0.16
1.8084,-2.4,0.08
1.8084,-2.56,0.08
1.8084,-2.4,0.08
1.8084,-2.48,0
1.8084,-2.32,0.08
1.8084,-2.48,0.16
1.8084,-2.32,0.08
1.8084,-2.48,0
1.8085,-2.32,0
1.8085,-2.48,0
1.8085,-2.4,0.08
1.8085,-2.4,0.16
1.8085,-2.32,0.08
1.8085,-2.32,0
1.8085,-2.4,0
1.8085,-2.32,0.08
1.8085,-2.48,0.08
1.8085,-2.24,0.08
1.8086,-2.48,0.08
1.8086,-2.32,0.16
1.8086,-2.48,0.08
1.8086,-2.24,0
1.8086,-2.48,0
1.8086,-2.32,0
1.8086,-2.4,0.08
1.8086,-2.4,0.16
1.8086,-2.4,0.16
1.8086,-2.32,0
1.8087,-2.32,0.08
1.8087,-2.32,0.08
1.8087,-2.24,0.08
1.8087,-2.4,0.08
1.8087,-2.32,0.08
1.8087,-2.48,0.08
1.8087,-2.24,0.08
1.8087,-2.48,0
1.8087,-2.32,-0.08
1.8087,-2.56,-0.08
1.8088,-2.4,0
1.8088,-2.4,0
1.8088,-2.4,0
1.8088,-2.4,0.08
1.8088,-2.4,0.08
1.8088,-2.4,0
1.8088,-2.4,0
1.8088,-2.32,0
1.8088,-2.4,0
1.8088,-2.32,0
1.8089,-2.48,0.08
1.8089,-2.32,0.16
1.8089,-2.4,0
1.8089,-2.32,0
1.8089,-2.4,0.08
1.8089,-2.32,0.08
1.8089,-2.4,0
1.8089,-2.4,0.08
1.8089,-2.24,0
1.8089,-2.4,0
1.809,-2.32,0
1.809,-2.4,0.08
1.809,-2.4,0.08
1.809,-2.48,0.08
1.809,-2.32,0.08
1.809,-2.48,0
1.809,-2.32,0
1.809,-2.48,0.16
1.809,-2.24,0.08
1.809,-2.32,0.16
1.8091,-2.24,0.08
1.8091,-2.48,0.08
1.8091,-2.4,0.16
1.8091,-2.4,0.08
1.8091,-2.32,0.16
1.8091,-2.24,0.16
1.8091,-2.4,0.08
1.8091,-2.24,0
1.8091,-2.4,0
1.8091,-2.24,0
1.8092,-2.4,0
1.8092,-2.16,0.08
1.8092,-2.48,0.16
1.8092,-2.24,0.16
1.8092,-2.4,0.16
1.8092,-2.24,0
1.8092,-2.4,0
1.8092,-2.32,0.08
1.8092,-2.4,0.08
1.8092,-2.4,0.08
1.8093,-2.24,0.08
1.8093,-2.32,0.08
1.8093,-2.16,0.08
1.8093,-2.4,0
1.8093,-2.32,0.08
1.8093,-2.48,0.08
1.8093,-2.24,0.08
1.8093,-2.48,0.08
1.8093,-2.32,0.16
1.8093,-2.4,0.16
1.8094,-2.24,0.08
1.8094,-2.4,0.08
1.8094,-2.32,0.16
1.8094,-2.4,0.16
1.8094,-2.4,0.08
1.8094,-2.32,0.08
1.8094,-2.4,0.08
1.8094,-2.32,0.08
1.8094,-2.48,0.08
1.8094,-2.32,0.08
1.8095,-2.4,0
1.8095,-2.32,0
1.8095,-2.48,0.08
1.8095,-2.32,0.08
1.8095,-2.48,0.08
1.8095,-2.24,0.08
1.8095,-2.32,0
1.8095,-2.32,0
1.8095,-2.4,0.08
1.8095,-2.48,0.16
1.8096,-2.4,0.16
1.8096,-2.4,0.16
1.8096,-2.32,0.08
1.8096,-2.48,0.16
1.8096,-2.32,0.08
1.8096,-2.4,0
1.8096,-2.24,0.08
1.8096,-2.56,0.08
1.8096,-2.32,0.16
1.8096,-2.48,0.08
1.8097,-2.4,0
1.8097,-2.48,0
1.8097,-2.4,0.16
1.8097,-2.48,0.16
1.8097,-2.4,0.16
1.8097,-2.32,0.08
1.8097,-2.4,0.08
1.8097,-2.4,0.08
1.8097,-2.48,0.16
1.8097,-2.4,0.24
1.8098,-2.56,0.16
1.8098,-2.32,0.16
1.8098,-2.4,0.16
1.8098,-2.24,0.16
1.8098,-2.48,0.08
1.8098,-2.32,0.08
1.8098,-2.4,0.08
1.8098,-2.32,0.16
1.8098,-2.4,0.16
1.8098,-2.4,0.24
1.8099,-2.32,0.16
1.8099,-2.4,0.16
1.8099,-2.4,0.08
1.8099,-2.48,-0.08
1.8099,-2.32,0.08
1.8099,-2.56,0.16
1.8099,-2.4,0.24
1.8099,-2.48,0.24
1.8099,-2.4,0.16
1.8099,-2.48,0.08
1.81,-2.32,0
1.81,-2.4,0
1.81,-2.32,0.08
1.81,-2.4,0.08
1.81,-2.48,0.24
1.81,-2.4,0.16
1.81,-2.4,0.16
1.81,-2.4,0.08
1.81,-2.48,0.08
1.81,-2.32,0.08
1.8101,-2.56,0.08
1.8101,-7.2,-7.2
1.8101,-7.28,7.28
1.8101,-7.2,7.36
1.8101,-7.2,7.28
1.8101,-7.2,7.36
1.8101,-7.2,7.28
1.8101,-7.2,7.28
1.8101,-7.2,7.28
1.8101,-7.2,7.36
1.8102,-7.2,7.28
1.8102,-7.2,7.28
1.8102,-7.2,7.28
1.8102,-7.2,7.28
1.8102,-7.2,7.36
1.8102,-7.2,7.28
1.8102,-7.2,0.16
1.8102,-5.28,0.72
1.8102,-2.8,1.92
1.8102,-2.24,2
1.8103,-2.24,1.6
1.8103,-2.4,1.04
1.8103,-2.48,0.8
1.8103,-2.4,0.64
1.8103,-2.48,0.64
1.8103,-2.24,0.56
1.8103,-2.32,0.56
1.8103,-2,0.56
1.8103,-2.24,0.48
1.8103,-2.08,0.56
1.8104,-2.16,0.56
1.8104,-1.92,0.56
1.8104,-2,0.56
1.8104,-1.84,0.56
1.8104,-1.92,0.56
1.8104,-1.76,0.56
1.8104,-1.84,0.64
1.8104,-1.76,0.64
1.8104,-1.76,0.64
1.8104,-1.76,0.72
1.8105,-1.76,0.64
1.8105,-1.76,0.64
1.8105,-1.6,0.72
1.8105,-1.68,0.8
1.8105,-1.6,0.72
1.8105,-1.84,0.88
1.8105,-1.6,0.88
1.8105,-1.84,0.88
1.8105,-1.68,0.96
1.8105,-1.76,0.96
1.8106,-1.6,1.04
1.8106,-1.76,1.04
1.8106,-1.68,0.96
1.8106,-1.76,0.88
1.8106,-1.76,0.96
1.8106,-1.68,0.96
1.8106,-1.84,0.96
1.8106,-1.68,0.96
1.8106,-1.84,1.04
1.8106,-1.68,1.04
1.8107,-2,1.04
1.8107,-1.76,1.04
1.8107,-1.92,1.12
1.8107,-1.84,1.12
1.8107,-1.92,1.12
1.8107,-1.84,1.12
1.8107,-1.92,1.12
1.8107,-1.92,1.04
1.8107,-2,1.2
1.8107,-2,1.28
1.8108,-1.92,1.2
1.8108,-2.08,1.2
1.8108,-1.92,1.2
1.8108,-2,1.28
1.8108,-1.92,1.28
1.8108,-2.16,1.28
1.8108,-2,1.28
1.8108,-2.24,1.28
1.8108,-2.08,1.36
1.8108,-2.16,1.28
1.8109,-2.08,1.28
1.8109,-2.16,1.28
1.8109,-2.16,1.36
1.8109,-2.24,1.36
1.8109,-2.32,1.36
1.8109,-2.24,1.36
1.8109,-2.4,1.28
1.8109,-2.32,1.28
1.8109,-2.48,1.28
1.8109,-2.32,1.28
1.811,-2.56,1.28
1.811,-2.4,1.28
1.811,-2.56,1.28
1.811,-2.4,1.28
1.811,-2.64,1.28
1.811,-2.56,1.2
1.811,-2.64,1.28
1.811,-2.64,1.2
1.811,-2.56,1.2
1.811,-2.72,1.2
1.8111,-2.64,1.2
1.8111,-2.72,1.2
1.8111,-2.64,1.12
1.8111,-2.88,1.12
1.8111,-2.64,1.2
1.8111,-2.88,1.12
1.8111,-2.72,1.12
1.8111,-2.96,1.12
1.8111,-2.8,1.12
1.8111,-2.88,1.12
1.8112,-2.8,1.12
1.8112,-2.96,1.12
1.8112,-2.88,1.2
1.8112,-2.88,1.12
1.8112,-2.96,1.12
1.8112,-2.96,1.04
1.8112,-3.04,0.96
1.8112,-2.96,0.96
1.8112,-3.12,0.96
1.8112,-2.96,0.96
1.8113,-3.2,0.96
1.8113,-3.04,0.96
1.8113,-3.12,0.88
1.8113,-2.96,0.8
1.8113,-3.2,0.8
1.8113,-3.2,0.8
1.8113,-3.12,0.8
1.8113,-3.12,0.8
1.8113,-3.2,0.72
1.8113,-3.2,0.72
1.8114,-2.96,0.72
1.8114,-3.2,0.64
1.8114,-3.12,0.64
1.8114,-3.28,0.64
1.8114,-3.12,0.64
1.8114,-3.36,0.56
1.8114,-3.12,0.56
1.8114,-3.28,0.48
1.8114,-3.2,0.48
1.8114,-3.2,0.48
1.8115,-3.2,0.56
1.8115,-3.2,0.48
1.8115,-3.28,0.48
1.8115,-3.2,0.48
1.8115,-3.28,0.48
1.8115,-3.12,0.48
1.8115,-3.28,0.4
1.8115,-3.12,0.4
1.8115,-3.36,0.4
1.8115,-3.12,0.32
1.8116,-3.28,0.24
1.8116,-3.12,0.24
1.8116,-3.36,0.24
1.8116,-3.2,0.24
1.8116,-3.36,0.16
1.8116,-3.2,0.16
1.8116,-3.12,0.16
1.8116,-3.12,0.08
1.8116,-3.2,0.16
1.8116,-3.28,0.08
1.8117,-3.12,0.08
1.8117,-3.36,0.08
1.8117,-3.12,0
1.8117,-3.2,0
1.8117,-2.96,-0.08
1.8117,-3.2,-0.08
1.8117,-3.04,-0.08
1.8117,-3.12,-0.08
1.8117,-2.96,-0.08
1.8117,-3.2,-0.08
1.8118,-3.12,-0.08
1.8118,-3.04,-0.08
1.8118,-3.12,-0.08
1.8118,-3.04,-0.16
1.8118,-3.12,-0.16
1.8118,-3.04,-0.08
1.8118,-3.2,-0.16
1.8118,-2.96,-0.16
1.8118,-3.12,-0.08
1.8118,-2.88,-0.08
1.8119,-3.12,-0.16
1.8119,-2.88,-0.16
1.8119,-3.04,-0.24
1.8119,-2.96,-0.32
1.8119,-3.04,-0.32
1.8119,-2.88,-0.32
1.8119,-2.96,-0.4
1.8119,-2.96,-0.4
1.8119,-2.96,-0.32
1.8119,-2.96,-0.24
1.812,-2.88,-0.24
1.812,-2.96,-0.24
1.812,-2.8,-0.32
1.812,-2.88,-0.32
1.812,-2.72,-0.32
1.812,-2.96,-0.32
1.812,-2.72,-0.32
1.812,-2.88,-0.32
1.812,-2.72,-0.24
1.812,-2.8,-0.32
1.8121,-2.64,-0.4
1.8121,-2.8,-0.48
1.8121,-2.72,-0.4
1.8121,-2.64,-0.4
1.8121,-2.72,-0.24
1.8121,-2.64,-0.24
1.8121,-2.8,-0.32
1.8121,-2.56,-0.4
1.8121,-2.72,-0.32
1.8121,-2.56,-0.32
1.8122,-2.64,-0.4
1.8122,-2.48,-0.32
1.8122,-2.64,-0.32
1.8122,-2.56,-0.4
1.8122,-2.64,-0.32
1.8122,-2.48,-0.4
1.8122,-2.56,-0.4
1.8122,-2.48,-0.32
1.8122,-2.4,-0.32
1.8122,-2.64,-0.24
1.8123,-2.48,-0.32
1.8123,-2.64,-0.32
1.8123,-2.4,-0.32
1.8123,-2.64,-0.24
1.8123,-2.48,-0.32
1.8123,-2.56,-0.32
1.8123,-2.4,-0.32
1.8123,-2.48,-0.24
1.8123,-2.4,-0.24
1.8123,-2.48,-0.32
1.8124,-2.4,-0.32
1.8124,-2.48,-0.24
1.8124,-2.48,-0.24
1.8124,-2.32,-0.16
1.8124,-2.4,-0.16
1.8124,-2.24,-0.24
1.8124,-2.48,-0.24
1.8124,-2.4,-0.24
1.8124,-2.56,-0.24
1.8124,-2.24,-0.24
1.8125,-2.4,-0.16
1.8125,-2.24,-0.08
1.8125,-2.4,-0.08
1.8125,-2.24,-0.16
1.8125,-2.4,-0.16
1.8125,-2.24,-0.16
1.8125,-2.24,-0.16
1.8125,-2.4,-0.16
1.8125,-2.32,-0.16
1.8125,-2.4,-0.08
1.8126,-2.32,-0.08
1.8126,-2.4,-0.08
1.8126,-2.24,-0.08
1.8126,-2.4,0
1.8126,-2.24,-0.08
1.8126,-2.4,0
1.8126,-2.16,-0.08
1.8126,-2.4,-0.08
1.8126,-2.24,-0.08
1.8126,-2.4,-0.08
1.8127,-2.32,-0.08
1.8127,-2.32,0
1.8127,-2.32,0
1.8127,-2.24,0
1.8127,-2.4,0
1.8127,-2.32,0
1.8127,-2.4,0
1.8127,-2.32,0.08
1.8127,-2.48,0.08
1.8127,-2.16,0.08
1.8128,-2.48,0.08
1.8128,-2.24,0.08
1.8128,-2.4,0
1.8128,-2.24,0
1.8128,-2.4,0
1.8128,-2.32,0.16
1.8128,-2.32,0.16
1.8128,-2.4,0.16
1.8128,-2.32,0.16
1.8128,-2.4,0
1.8129,-2.32,0
1.8129,-2.4,0.08
1.8129,-2.32,0.16
1.8129,-2.48,0.08
1.8129,-2.24,0.08
1.8129,-2.48,0.08
1.8129,-2.24,0
1.8129,-2.4,0.08
1.8129,-2.24,0.08
1.8129,-2.48,0.08
1.813,-2.24,0.16
1.813,-2.4,0.08
1.813,-2.4,0.16
1.813,-2.4,0
1.813,-2.4,0.08
1.813,-2.32,0.16
1.813,-2.48,0.08
1.813,-2.32,0.08
1.813,-2.48,0.08
1.813,-2.32,0.16
1.8131,-2.48,0.16
1.8131,-2.32,0.16
1.8131,-2.48,0.16
1.8131,-2.32,0.16
1.8131,-2.48,0.08
1.8131,-2.32,0.08
1.8131,-2.48,0.16
1.8131,-2.48,0.16
1.8131,-2.48,0.16
1.8131,-2.48,0.16
1.8132,-2.32,0.24
1.8132,-2.48,0.08
1.8132,-2.4,0.08
1.8132,-2.56,0.16
1.8132,-2.32,0.08
1.8132,-2.56,0.16
1.8132,-2.32,0.24
1.8132,-2.48,0.16
1.8132,-2.4,0.16
1.8132,-2.56,0.08
1.8133,-2.48,0.08
1.8133,-2.48,0.08
1.8133,-2.48,0.16
1.8133,-2.48,0.16
1.8133,-2.48,0.16
1.8133,-2.48,0.16
1.8133,-2.64,0.08
1.8133,-2.32,0.08
1.8133,-2.56,0.16
1.8133,-2.32,0.08
1.8134,-2.48,0.16
1.8134,-2.4,0.08
1.8134,-2.64,0.08
1.8134,-2.4,0.08
1.8134,-2.48,0.16
1.8134,-2.4,0.16
1.8134,-2.48,0.08
1.8134,-2.48,0.08
1.8134,-2.4,0.08
1.8134,-2.56,0.08
1.8135,-2.4,0.08
1.8135,-2.56,0
1.8135,-2.48,-0.08
1.8135,-2.56,0.08
1.8135,-2.4,0.16
1.8135,-2.56,0.16
1.8135,-2.4,0.16
1.8135,-2.48,0.08
1.8135,-2.32,0.16
1.8135,-2.48,0.08
1.8136,-2.4,0.08
1.8136,-2.56,0.08
1.8136,-2.56,0.08
1.8136,-2.48,0.08
1.8136,-2.56,0.08
1.8136,-2.4,0.08
1.8136,-2.56,0.08
1.8136,-2.4,0
1.8136,-2.56,0
1.8136,-2.4,0.08
1.8137,-2.56,0
1.8137,-2.4,0.08
1.8137,-2.48,0.08
1.8137,-2.4,0.08
1.8137,-2.48,0
1.8137,-2.4,0
1.8137,-2.4,0.16
1.8137,-2.32,0.16
1.8137,-2.4,0.08
1.8137,-2.48,0.08
1.8138,-2.4,0.08
1.8138,-2.48,0.08
1.8138,-2.4,0.08
1.8138,-2.48,0
1.8138,-2.32,0.08
1.8138,-2.48,0.08
1.8138,-2.4,0.08
1.8138,-2.48,0.08
1.8138,-2.4,0.08
1.8138,-2.56,0.08
1.8139,-2.4,0.16
1.8139,-2.4,0.08
1.8139,-2.4,0.08
1.8139,-2.4,0.08
1.8139,-2.4,0.16
1.8139,-2.24,0.08
1.8139,-2.48,0.08
1.8139,-2.4,0.08
1.8139,-2.56,0.08
1.8139,-2.4,0.08
1.814,-2.48,0.08
1.814,-2.32,0.16
1.814,-2.48,0.08
1.814,-2.32,0.08
1.814,-2.32,0.16
1.814,-2.4,0.16
1.814,-2.48,0.16
1.814,-2.48,0.16
1.814,-2.48,0.16
1.814,-2.56,0.16
1.8141,-2.4,0.08
1.8141,-2.56,0.08
1.8141,-2.32,0.08
1.8141,-2.48,0.16
1.8141,-2.32,0.16
1.8141,-2.48,0.16
1.8141,-2.4,0.08
1.8141,-2.48,0.08
1.8141,-2.32,0.16
1.8141,-2.4,0.16
1.8142,-2.4,0.24
1.8142,-2.4,0.24
1.8142,-2.4,0.16
1.8142,-2.4,0.16
1.8142,-2.48,0.16
1.8142,-2.32,0.16
1.8142,-2.48,0.16
1.8142,-2.32,0.08
1.8142,-2.48,0.16
1.8142,-2.32,0.16
1.8143,-2.48,0.16
1.8143,-2.24,0.16
1.8143,-2.32,0.16
1.8143,-2.24,0.16
1.8143,-2.4,0.16
1.8143,-2.32,0.16
1.8143,-2.32,0.16
1.8143,-2.4,0.16
1.8143,-2.4,0.24
1.8143,-2.48,0.16
1.8144,-2.32,0.16
1.8144,-2.48,0.16
1.8144,-2.4,0.08
1.8144,-2.56,0.16
1.8144,-2.32,0.16
1.8144,-2.48,0.24
1.8144,-2.4,0.24
1.8144,-2.48,0.16
1.8144,-2.4,0.24
1.8144,-2.48,0.24
1.8145,-2.48,0.32
1.8145,-2.48,0.24
1.8145,-2.4,0.32
1.8145,-2.4,0.32
1.8145,-2.56,0.24
1.8145,-2.4,0.24
1.8145,-2.4,0.24
1.8145,-2.32,0.24
1.8145,-2.48,0.24
1.8145,-2.4,0.24
1.8146,-2.56,0.24
1.8146,-2.32,0.16
1.8146,-2.56,0.16
1.8146,-2.4,0.24
1.8146,-2.48,0.24
1.8146,-2.4,0.24
1.8146,-2.48,0.24
1.8146,-2.4,0.16
1.8146,-2.48,0.16
1.8146,-2.56,0.16
1.8147,-2.32,0.16
1.8147,-2.48,0.24
1.8147,-2.4,0.24
1.8147,-2.48,0.32
1.8147,-2.4,0.32
1.8147,-2.48,0.32
1.8147,-2.32,0.32
1.8147,-2.4,0.24
1.8147,-2.4,0.24
1.8147,-2.48,0.24
1.8148,-2.48,0.24
1.8148,-2.56,0.16
1.8148,-2.48,0.24
1.8148,-2.48,0.24
1.8148,-2.56,0.16
1.8148,-2.4,0.24
1.8148,-2.48,0.24
1.8148,-2.4,0.32
1.8148,-2.64,0.16
1.8148,-2.4,0.16
1.8149,-2.56,0.16
1.8149,-2.32,0.16
1.8149,-2.48,0.16
1.8149,-2.4,0.16
1.8149,-2.64,0.16
1.8149,-2.48,0.24
1.8149,-2.4,0.16
1.8149,-2.48,0.24
1.8149,-2.48,0.24
1.8149,-2.48,0.24
1.815,-2.32,0.24
1.815,-2.56,0.16
1.815,-2.48,0.32
1.815,-2.64,0.24
1.815,-2.48,0.16
1.815,-2.48,0.16
1.815,-2.4,0.08
1.815,-2.56,0.08
1.815,-2.48,0.16
1.815,-2.56,0.16
1.8151,-2.56,0.16
1.8151,-2.48,0.16
1.8151,-2.56,0.24
1.8151,-2.48,0.24
1.8151,-2.48,0.24
1.8151,-2.32,0.24
1.8151,-2.48,0.16
1.8151,-2.32,0.16
1.8151,-2.48,0.16
1.8151,-2.32,0.16
1.8152,-2.56,0.16
1.8152,-2.4,0.08
1.8152,-2.48,0.08
1.8152,-2.48,0.16
1.8152,-2.48,0.16
1.8152,-2.4,0.16
1.8152,-2.48,0.16
1.8152,-2.48,0.24
1.8152,-2.48,0.16
1.8152,-2.48,0.16
1.8153,-2.4,0.16
1.8153,-2.56,0.16
1.8153,-2.32,0.16
1.8153,-2.56,0.08
1.8153,-2.32,0.08
1.8153,-2.56,0.08
1.8153,-2.4,0.16
1.8153,-2.4,0.08
1.8153,-2.32,0.08
1.8153,-2.4,0.08
1.8154,-2.4,0.08
1.8154,-2.4,0.08
1.8154,-2.48,0.16
1.8154,-2.32,0.24
1.8154,-2.48,0.16
1.8154,-2.4,0.16
1.8154,-2.56,0.16
1.8154,-2.4,0.08
1.8154,-2.56,0.16
1.8154,-2.4,0.08
1.8155,-2.56,0.16
1.8155,-2.4,0.08
1.8155,-2.48,0.08
1.8155,-2.4,0.16
1.8155,-2.4,0.08
1.8155,-2.4,0.16
1.8155,-2.4,0.16
1.8155,-2.32,0.08
1.8155,-2.4,0.16
1.8155,-2.48,0.16
1.8156,-2.32,0.16
1.8156,-2.48,0.16
1.8156,-2.24,0.16
1.8156,-2.48,0.16
1.8156,-2.24,0.16
1.8156,-2.4,0.08
1.8156,-2.32,0.08
1.8156,-2.48,0.08
1.8156,-2.4,0.16
1.8156,-2.4,0.16
1.8157,-2.32,0.16
1.8157,-2.4,0.16
1.8157,-2.4,0.16
1.8157,-2.32,0.16
1.8157,-2.48,0.16
1.8157,-2.32,0.24
1.8157,-2.48,0.16
1.8157,-2.32,0.16
1.8157,-2.48,0.16
1.8157,-2.4,0.08
1.8158,-2.56,0.16
1.8158,-2.32,0.24
1.8158,-2.48,0.16
1.8158,-2.4,0.16
1.8158,-2.48,0.08
1.8158,-2.48,0.16
1.8158,-2.4,0.16
1.8158,-2.48,0.08
1.8158,-2.4,0.08
1.8158,-2.4,0.16
1.8159,-2.24,0.16
1.8159,-2.48,0.24
1.8159,-2.32,0.16
1.8159,-2.56,0.08
1.8159,-2.32,0.16
1.8159,-2.48,0.16
1.8159,-2.4,0.16
1.8159,-2.4,0.08
1.8159,-2.32,0.08
1.8159,-2.4,0
1.816,-2.32,0.16
1.816,-2.4,0.16
1.816,-2.4,0.16
1.816,-2.4,0.08
1.816,-2.48,0.16
1.816,-2.4,0.16
1.816,-2.56,0.08
1.816,-2.4,0.08
1.816,-2.48,0.08
1.816,-2.4,0.08
1.8161,-2.48,0.16
1.8161,-2.32,0.08
1.8161,-2.4,0.08
1.8161,-2.24,0.08
1.8161,-2.4,0
1.8161,-2.4,0.08
1.8161,-2.4,0
1.8161,-2.4,0.08
1.8161,-2.32,0.16
1.8161,-2.4,0.08
1.8162,-2.4,0.08
1.8162,-2.56,0.16
1.8162,-2.4,0.16
1.8162,-2.4,0.16
1.8162,-2.24,0.08
1.8162,-2.4,0.16
1.8162,-2.32,0.08
1.8162,-2.48,0.16
1.8162,-2.4,0.16
1.8162,-2.48,0.16
1.8163,-2.48,0.24
1.8163,-2.32,0.16
1.8163,-2.48,0.16
1.8163,-2.4,0.16
1.8163,-2.48,0.08
1.8163,-2.32,0.16
1.8163,-2.4,0.16
1.8163,-2.32,0.16
1.8163,-2.56,0.16
1.8163,-2.4,0.16
1.8164,-2.48,0.16
1.8164,-2.32,0.16
1.8164,-2.48,0.08
1.8164,-2.32,0.16
1.8164,-2.4,0.16
1.8164,-2.4,0.08
1.8164,-2.4,0.16
1.8164,-2.4,0.08
1.8164,-2.32,0
1.8164,-2.48,0.16
1.8165,-2.32,0.16
1.8165,-2.48,0.16
1.8165,-2.4,0.16
1.8165,-2.48,0.16
1.8165,-2.32,0.08
1.8165,-2.48,0.16
1.8165,-2.32,0.08
1.8165,-2.4,0.16
1.8165,-2.32,0.16
1.8165,-2.4,0.08
1.8166,-2.4,0.08
1.8166,-2.4,0.08
1.8166,-2.56,0.08
1.8166,-2.48,0.08
1.8166,-2.56,0.16
1.8166,-2.4,0.16
1.8166,-2.56,0.16
1.8166,-2.4,0.16
1.8166,-2.48,0.24
1.8166,-2.24,0.16
1.8167,-2.48,0.16
1.8167,-2.32,0.16
1.8167,-2.48,0
1.8167,-2.48,0
1.8167,-2.48,0.08
1.8167,-2.4,0.16
1.8167,-2.4,0.24
1.8167,-2.56,0.16
1.8167,-2.4,0.24
1.8167,-2.48,0.16
1.8168,-2.24,0.24
1.8168,-2.56,0.16
1.8168,-2.4,0.24
1.8168,-2.56,0.24
1.8168,-2.4,0.24
1.8168,-2.48,0.16
1.8168,-2.4,0.16
1.8168,-2.48,0.24
1.8168,-2.48,0.16
1.8168,-2.48,0.16
1.8169,-2.4,0.16
1.8169,-2.4,0.16
1.8169,-2.48,0.16
1.8169,-2.4,0.16
1.8169,-2.48,0.16
1.8169,-2.48,0.16
1.8169,-2.56,0.16
1.8169,-2.4,0.16
1.8169,-2.56,0.16
1.8169,-2.4,0.24
1.817,-2.56,0.24
1.817,-2.4,0.16
1.817,-2.56,0.24
1.817,-2.56,0.32
1.817,-2.56,0.24
1.817,-2.48,0.32
1.817,-2.4,0.16
1.817,-2.4,0.16
1.817,-2.4,0.16
1.817,-2.56,0.16
1.8171,-2.4,0.16
1.8171,-2.56,0.24
1.8171,-2.4,0.24
1.8171,-2.48,0.16
1.8171,-2.4,0.16
1.8171,-2.64,0
1.8171,-2.48,0.16
1.8171,-2.64,0.32
1.8171,-2.48,0.32
1.8171,-2.48,0.16
1.8172,-2.48,0.24
1.8172,-2.48,0.24
1.8172,-2.48,0.24
1.8172,-2.4,0.16
1.8172,-2.56,0.16
1.8172,-2.4,0.16
1.8172,-2.56,0.16
1.8172,-2.24,0.16
1.8172,-2.48,0.16
1.8172,-2.4,0.16
1.8173,-2.64,0.32
1.8173,-2.4,0.32
1.8173,-2.48,0.24
1.8173,-2.4,0.24
1.8173,-2.48,0.16
1.8173,-2.48,0.24
1.8173,-2.4,0.16
1.8173,-2.56,0.16
1.8173,-2.4,0.24
1.8173,-2.56,0.16
1.8174,-2.4,0.16
1.8174,-2.56,0.16
1.8174,-2.4,0.24
1.8174,-2.56,0.24
1.8174,-2.48,0.16
1.8174,-2.56,0.16
1.8174,-2.48,0.24
1.8174,-2.56,0.16
1.8174,-2.48,0.16
1.8174,-2.48,0.16
1.8175,-2.48,0.16
1.8175,-2.48,0.16
1.8175,-2.56,0.16
1.8175,-2.4,0.16
1.8175,-2.48,0.16
1.8175,-2.4,0.16
1.8175,-2.64,0.08
1.8175,-2.48,0.08
1.8175,-2.64,0
1.8175,-2.48,0.16
1.8176,-2.64,0.08
1.8176,-2.4,0.08
1.8176,-2.56,0
1.8176,-2.48,0
1.8176,-2.48,0.08
1.8176,-2.48,0.08
1.8176,-2.48,0.08
1.8176,-2.56,0.08
1.8176,-2.48,0.08
1.8176,-2.64,0.16
1.8177,-2.4,0.08
1.8177,-2.48,0.08
1.8177,-2.4,0.08
1.8177,-2.64,0
1.8177,-2.4,0.08
1.8177,-2.48,0.08
1.8177,-2.48,0.08
1.8177,-2.56,0.08
1.8177,-2.48,0.08
1.8177,-2.48,0
1.8178,-2.48,0.08
1.8178,-2.4,0
1.8178,-2.48,0
1.8178,-2.32,0
1.8178,-2.48,0
1.8178,-2.24,0.08
1.8178,-2.48,0.08
1.8178,-2.4,0.08
1.8178,-2.48,0
1.8178,-2.24,0.16
1.8179,-2.4,0.08
1.8179,-2.4,0.08
1.8179,-2.48,0.08
1.8179,-2.24,0
1.8179,-2.4,0
1.8179,-2.4,0
1.8179,-2.32,0.08
1.8179,-2.4,0.16
1.8179,-2.24,0.08
1.8179,-2.48,0
1.818,-2.24,0
1.818,-2.4,0
1.818,-2.24,0.08
1.818,-2.4,0.08
1.818,-2.16,0.08
1.818,-2.32,0
1.818,-2.16,0.16
1.818,-2.24,0
1.818,-2.16,0.16
1.818,-2.16,0.16
1.8181,-2.16,0.16
1.8181,-2.16,0.24
1.8181,-2.24,0.24
1.8181,-2.08,0.16
1.8181,-2.16,0.24
1.8181,-2,0.16
1.8181,-2.16,0.16
1.8181,-2,0.24
1.8181,-2.16,0.08
1.8181,-2,0.08
1.8182,-2.16,0.16
1.8182,-2,0.16
1.8182,-2.08,0.16
1.8182,-2,0.16
1.8182,-2,0.24
1.8182,-2,0.24
1.8182,-1.92,0.24
1.8182,-2,0.32
1.8182,-1.92,0.32
1.8182,-1.92,0.24
1.8183,-1.76,0.32
1.8183,-1.92,0.32
1.8183,-1.84,0.32
1.8183,-1.92,0.32
1.8183,-1.76,0.4
1.8183,-1.84,0.4
1.8183,-1.68,0.4
1.8183,-1.76,0.4
1.8183,-1.68,0.4
1.8183,-1.76,0.56
1.8184,-1.76,0.48
1.8184,-1.68,0.48
1.8184,-1.76,0.48
1.8184,-1.68,0.48
1.8184,-1.84,0.56
1.8184,-1.68,0.56
1.8184,-1.84,0.56
1.8184,-1.6,0.64
1.8184,-1.76,0.56
1.8184,-1.6,0.64
1.8185,-1.68,0.64
1.8185,-1.6,0.72
1.8185,-1.68,0.72
1.8185,-1.6,0.8
1.8185,-1.6,0.8
1.8185,-1.6,0.8
1.8185,-1.52,0.88
1.8185,-1.6,0.88
1.8185,-1.52,0.96
1.8185,-1.68,0.96
1.8186,-1.44,0.96
1.8186,-1.6,0.96
1.8186,-1.36,1.04
1.8186,-1.52,1.04
1.8186,-1.36,1.04
1.8186,-1.52,1.12
1.8186,-1.44,1.2
1.8186,-1.44,1.2
1.8186,-1.44,1.2
1.8186,-1.44,1.28
1.8187,-1.44,1.28
1.8187,-1.36,1.28
1.8187,-1.44,1.28
1.8187,-1.36,1.36
1.8187,-1.52,1.36
1.8187,-1.28,1.44
1.8187,-1.52,1.44
1.8187,-1.36,1.52
1.8187,-1.52,1.52
1.8187,-1.36,1.6
1.8188,-1.52,1.52
1.8188,-1.36,1.6
1.8188,-1.44,1.68
1.8188,-1.36,1.76
1.8188,-1.36,1.68
1.8188,-1.44,1.76
1.8188,-1.44,1.84
1.8188,-1.44,1.84
1.8188,-1.36,1.92
1.8188,-1.52,2
1.8189,-1.36,2
1.8189,-1.6,2.08
1.8189,-1.36,2.16
1.8189,-1.52,2.16
1.8189,-1.44,2.16
1.8189,-1.6,2.16
1.8189,-1.52,2.24
1.8189,-1.6,2.24
1.8189,-1.52,2.32
1.8189,-1.44,2.32
1.819,-1.52,2.4
1.819,-1.52,2.4
1.819,-1.6,2.48
1.819,-1.44,2.48
1.819,-1.68,2.56
1.819,-1.52,2.64
1.819,-1.68,2.64
1.819,-1.52,2.56
1.819,-1.68,2.64
1.819,-1.6,2.8
1.8191,-1.76,2.8
1.8191,-1.6,2.8
1.8191,-1.76,2.96
1.8191,-1.68,2.96
1.8191,-1.68,2.96
1.8191,-1.84,3.04
1.8191,-1.76,3.04
1.8191,-1.84,3.12
1.8191,-1.76,3.12
1.8191,-1.92,3.2
1.8192,-1.84,3.28
1.8192,-2.08,3.2
1.8192,-1.84,3.36
1.8192,-2.08,3.36
1.8192,-2,3.36
1.8192,-2.16,3.36
1.8192,-2.08,3.44
1.8192,-2.16,3.44
1.8192,-2.24,3.6
1.8192,-2.24,3.52
1.8193,-2.32,3.6
1.8193,-2.24,3.6
1.8193,-2.32,3.68
1.8193,-2.24,3.68
1.8193,-2.48,3.76
1.8193,-2.32,3.68
1.8193,-2.56,3.76
1.8193,-2.48,3.76
1.8193,-2.56,3.84
1.8193,-2.4,3.76
1.8194,-2.64,3.84
1.8194,-2.64,3.84
1.8194,-2.72,3.84
1.8194,-2.8,3.92
1.8194,-2.8,3.92
1.8194,-2.88,3.92
1.8194,-2.88,4
1.8194,-3.04,4
1.8194,-2.88,4.08
1.8194,-3.04,4.08
1.8195,-2.96,4.08
1.8195,-3.2,4.08
1.8195,-3.04,4.16
1.8195,-3.28,4.08
1.8195,-3.2,4.24
1.8195,-3.44,4.16
1.8195,-3.36,4.16
1.8195,-3.52,4.24
1.8195,-3.52,4.24
1.8195,-3.52,4.24
1.8196,-3.6,4.24
1.8196,-3.6,4.24
1.8196,-3.76,4.24
1.8196,-3.68,4.24
1.8196,-3.92,4.32
1.8196,-3.76,4.32
1.8196,-3.84,4.24
1.8196,-3.84,4.32
1.8196,-4.08,4.24
1.8196,-4,4.32
1.8197,-4.32,4.32
1.8197,-4.08,4.16
1.8197,-4.32,4.16
1.8197,-4.24,4.24
1.8197,-4.32,4.32
1.8197,-4.4,4.32
1.8197,-4.4,4.24
1.8197,-4.56,4.32
1.8197,-4.48,4.24
1.8197,-4.64,4.16
1.8198,-4.48,4.24
1.8198,-4.8,4.24
1.8198,-4.72,4.08
1.8198,-4.8,4.16
1.8198,-4.72,4.32
1.8198,-4.96,4.16
1.8198,-4.96,4.08
1.8198,-4.96,4.08
1.8198,-5.04,4.08
1.8198,-5.12,4.08
1.8199,-5.2,4
1.8199,-5.28,4
1.8199,-5.36,4
1.8199,-5.28,3.92
1.8199,-5.44,4
1.8199,-5.44,4
1.8199,-5.52,3.92
1.8199,-5.44,3.84
1.8199,-5.68,3.84
1.8199,-5.6,3.84
1.82,-5.76,3.84
1.82,-5.68,3.84
1.82,-5.76,3.76
1.82,-5.76,3.68
1.82,-5.84,3.6
1.82,-5.92,3.6
1.82,-5.92,3.52
1.82,-6,3.52
1.82,-5.92,3.52
1.82,-6.16,3.44
1.8201,-6.08,3.44
1.8201,-6.24,3.36
1.8201,-6.16,3.36
1.8201,-6.32,3.36
1.8201,-6.24,3.28
1.8201,-6.32,3.2
1.8201,-6.24,3.2
1.8201,-6.4,3.12
1.8201,-6.4,3.12
1.8201,-6.4,3.04
1.8202,-6.56,3.04
1.8202,-6.48,2.96
1.8202,-6.64,2.88
1.8202,-6.48,2.8
1.8202,-6.64,2.72
1.8202,-6.48,2.72
1.8202,-6.72,2.72
1.8202,-6.56,2.64
1.8202,-6.72,2.56
1.8202,-6.56,2.56
1.8203,-6.72,2.48
1.8203,-6.72,2.4
1.8203,-6.8,2.32
1.8203,-6.72,2.4
1.8203,-6.72,2.24
1.8203,-6.88,2.24
1.8203,-6.72,2.16
1.8203,-6.88,2.08
1.8203,-6.8,2.08
1.8203,-6.96,2
1.8204,-6.72,2
1.8204,-6.88,1.84
1.8204,-6.72,1.84
1.8204,-6.88,1.76
1.8204,-6.8,1.68
1.8204,-6.96,1.68
1.8204,-6.88,1.68
1.8204,-6.88,1.44
1.8204,-6.88,1.44
1.8204,-6.88,1.44
1.8205,-6.96,1.36
1.8205,-6.8,1.28
1.8205,-6.96,1.28
1.8205,-6.8,1.12
1.8205,-7.04,1.12
1.8205,-6.88,1.2
1.8205,-7.04,1.04
1.8205,-6.8,1.04
1.8205,-6.96,1.04
1.8205,-6.8,0.88
1.8206,-6.88,0.8
1.8206,-6.88,0.72
1.8206,-6.88,0.72
1.8206,-6.8,0.64
1.8206,-6.72,0.64
1.8206,-6.88,0.48
1.8206,-6.72,0.4
1.8206,-6.72,0.48
1.8206,-6.64,0.4
1.8206,-6.88,0.24
1.8207,-6.64,0.24
1.8207,-6.8,0.24
1.8207,-6.64,0.08
1.8207,-6.72,0.16
1.8207,-6.56,0.16
1.8207,-6.64,0
1.8207,-6.48,0
1.8207,-6.64,-0.08
1.8207,-6.56,-0.08
1.8207,-6.48,-0.24
1.8208,-6.48,-0.24
1.8208,-6.4,-0.32
1.8208,-6.56,-0.32
1.8208,-6.32,-0.4
1.8208,-6.48,-0.4
1.8208,-6.24,-0.56
1.8208,-6.48,-0.56
1.8208,-6.16,-0.48
1.8208,-6.24,-0.56
1.8208,-6.08,-0.64
1.8209,-6.16,-0.72
1.8209,-6.16,-0.72
1.8209,-6.16,-0.72
1.8209,-6.16,-0.72
1.8209,-6.08,-0.8
1.8209,-6,-0.88
1.8209,-5.92,-0.88
1.8209,-6.08,-0.96
1.8209,-5.76,-0.88
1.8209,-5.92,-0.96
1.821,-5.76,-1.04
1.821,-6,-0.96
1.821,-5.68,-1.04
1.821,-5.84,-1.04
1.821,-5.6,-1.12
1.821,-5.6,-1.12
1.821,-5.52,-1.2
1.821,-5.6,-1.2
1.821,-5.52,-1.28
1.821,-5.52,-1.28
1.8211,-5.52,-1.36
1.8211,-5.2,-1.2
1.8211,-5.36,-1.28
1.8211,-5.2,-1.2
1.8211,-5.36,-1.28
1.8211,-5.12,-1.36
1.8211,-5.36,-1.36
1.8211,-5.04,-1.36
1.8211,-5.12,-1.44
1.8211,-5.04,-1.44
1.8212,-5.04,-1.44
1.8212,-4.96,-1.44
1.8212,-4.88,-1.36
1.8212,-4.88,-1.44
1.8212,-4.8,-1.44
1.8212,-4.88,-1.52
1.8212,-4.64,-1.6
1.8212,-4.8,-1.52
1.8212,-4.56,-1.44
1.8212,-4.64,-1.52
1.8213,-4.4,-1.6
1.8213,-4.56,-1.6
1.8213,-4.4,-1.6
1.8213,-4.56,-1.6
1.8213,-4.32,-1.52
1.8213,-4.4,-1.52
1.8213,-4.24,-1.52
1.8213,-4.16,-1.52
1.8213,-4.24,-1.52
1.8213,-4.16,-1.52
1.8214,-4.08,-1.52
1.8214,-4.08,-1.52
1.8214,-4.08,-1.52
1.8214,-3.92,-1.6
1.8214,-4.08,-1.52
1.8214,-3.84,-1.52
1.8214,-4,-1.6
1.8214,-3.84,-1.44
1.8214,-4,-1.52
1.8214,-3.84,-1.52
1.8215,-3.84,-1.52
1.8215,-3.6,-1.44
1.8215,-3.76,-1.36
1.8215,-3.6,-1.44
1.8215,-3.6,-1.44
1.8215,-3.6,-1.28
1.8215,-3.36,-1.36
1.8215,-3.44,-1.52
1.8215,-3.36,-1.52
1.8215,-3.6,-1.44
1.8216,-3.36,-1.44
1.8216,-3.44,-1.28
1.8216,-3.28,-1.36
1.8216,-3.44,-1.28
1.8216,-3.2,-1.28
1.8216,-3.28,-1.28
1.8216,-3.2,-1.28
1.8216,-3.12,-1.28
1.8216,-2.96,-1.28
1.8216,-3.04,-1.28
1.8217,-3.04,-1.36
1.8217,-2.96,-1.28
1.8217,-3.12,-1.28
1.8217,-2.88,-1.28
1.8217,-3.04,-1.2
1.8217,-2.88,-1.2
1.8217,-2.96,-1.12
1.8217,-2.88,-1.2
1.8217,-3.04,-1.12
1.8217,-2.8,-1.12
1.8218,-2.88,-1.04
1.8218,-2.8,-1.04
1.8218,-2.96,-0.96
1.8218,-2.8,-0.88
1.8218,-2.72,-0.96
1.8218,-2.8,-0.88
1.8218,-2.64,-0.96
1.8218,-2.72,-0.96
1.8218,-2.56,-0.96
1.8218,-2.64,-0.96
1.8219,-2.56,-0.88
1.8219,-2.72,-0.88
1.8219,-2.56,-0.8
1.8219,-2.72,-0.8
1.8219,-2.56,-0.8
1.8219,-2.64,-0.8
1.8219,-2.48,-0.72
1.8219,-2.48,-0.64
1.8219,-2.56,-0.64
1.8219,-2.48,-0.72
1.822,-2.56,-0.72
1.822,-2.48,-0.64
1.822,-2.64,-0.64
1.822,-2.48,-0.64
1.822,-2.64,-0.56
1.822,-2.4,-0.64
1.822,-2.64,-0.64
1.822,-2.48,-0.48
1.822,-2.48,-0.48
1.822,-2.32,-0.48
1.8221,-2.4,-0.48
1.8221,-2.32,-0.4
1.8221,-2.32,-0.4
1.8221,-2.4,-0.4
1.8221,-2.24,-0.48
1.8221,-2.32,-0.48
1.8221,-2.32,-0.4
1.8221,-2.4,-0.4
1.8221,-2.16,-0.4
1.8221,-2.4,-0.4
1.8222,-2.24,-0.32
1.8222,-2.48,-0.24
1.8222,-2.32,-0.32
1.8222,-2.4,-0.32
1.8222,-2.32,-0.32
1.8222,-2.4,-0.24
1.8222,-2.4,-0.24
1.8222,-2.4,-0.16
1.8222,-2.24,-0.16
1.8222,-2.24,-0.08
1.8223,-2.32,-0.16
1.8223,-2.24,-0.08
1.8223,-2.4,-0.16
1.8223,-2.16,-0.08
1.8223,-2.32,-0.08
1.8223,-2.16,-0.08
1.8223,-2.48,-0.08
1.8223,-2.32,-0.08
1.8223,-2.4,-0.08
1.8223,-2.32,-0.08
1.8224,-2.4,0
1.8224,-2.4,-0.08
1.8224,-2.32,0
1.8224,-2.32,0.08
1.8224,-2.32,0.08
1.8224,-2.48,0
1.8224,-2.32,0
1.8224,-2.4,0
1.8224,-2.24,0
1.8224,-2.4,0
1.8225,-2.24,0
1.8225,-2.4,0.08
1.8225,-2.32,0.16
1.8225,-2.4,0.08
1.8225,-2.32,0.16
1.8225,-2.48,0.16
1.8225,-2.32,0.16
1.8225,-2.4,0
1.8225,-2.32,0.16
1.8225,-2.24,0.16
1.8226,-2.4,0.24
1.8226,-2.32,0.16
1.8226,-2.48,0.08
1.8226,-2.24,0.16
1.8226,-2.48,0.08
1.8226,-2.32,0.16
1.8226,-2.48,0.16
1.8226,-2.32,0.24
1.8226,-2.4,0.16
1.8226,-2.24,0.24
1.8227,-2.32,0.16
1.8227,-2.24,0.16
1.8227,-2.32,0.16
1.8227,-2.48,0.16
1.8227,-2.4,0.16
1.8227,-2.4,0.24
1.8227,-2.4,0.16
1.8227,-2.56,0.16
1.8227,-2.4,0.24
1.8227,-2.64,0.24
1.8228,-2.24,0.24
1.8228,-2.4,0.16
1.8228,-2.32,0.24
1.8228,-2.48,0.24
1.8228,-2.4,0.16
1.8228,-2.48,0.16
1.8228,-2.32,0.24
1.8228,-2.4,0.16
1.8228,-2.48,0.16
1.8228,-2.48,0.16
1.8229,-2.56,0.24
1.8229,-2.32,0.16
1.8229,-2.48,0.16
1.8229,-2.32,0.16
1.8229,-2.56,0.16
1.8229,-2.4,0.16
1.8229,-2.56,0.16
1.8229,-2.4,0.16
1.8229,-2.56,0.16
1.8229,-2.4,0.24
1.823,-2.48,0.24
1.823,-2.48,0.32
1.823,-2.48,0.16
1.823,-2.48,0.16
1.823,-2.4,0.24
1.823,-2.4,0.16
1.823,-2.32,0.16
1.823,-2.48,0.24
1.823,-2.32,0.16
1.823,-2.48,0.16
1.8231,-2.24,0.16
1.8231,-2.48,0.16
1.8231,-2.32,0.08
1.8231,-2.56,0.16
1.8231,-2.48,0.08
1.8231,-2.48,0.16
1.8231,-2.48,0.08
1.8231,-2.48,0.08
1.8231,-2.48,0.08
1.8231,-2.48,0.24
1.8232,-2.48,0.16
1.8232,-2.4,0.16
1.8232,-2.56,0.16
1.8232,-2.4,0.08
1.8232,-2.56,0.16
1.8232,-2.32,0.24
1.8232,-2.48,0.16
1.8232,-2.4,0.16
1.8232,-2.48,0.24
1.8232,-2.4,0.16
1.8233,-2.48,0.16
1.8233,-2.48,0.16
1.8233,-2.4,0.08
1.8233,-2.4,0.08
1.8233,-2.4,0.16
1.8233,-2.56,0.16
1.8233,-2.4,0.08
1.8233,-2.48,0.08
1.8233,-2.4,0.16
1.8233,-2.48,0.08
1.8234,-2.4,0.08
1.8234,-2.56,0.16
1.8234,-2.4,0.16
1.8234,-2.48,0.08
1.8234,-2.4,0.16
1.8234,-2.4,0.16
1.8234,-2.32,0.16
1.8234,-2.4,0.16
1.8234,-2.48,0.16
1.8234,-2.4,0.16
1.8235,-2.48,0.16
1.8235,-2.32,0.16
1.8235,-2.48,0.08
1.8235,-2.24,0.08
1.8235,-2.48,0.08
1.8235,-2.4,0.16
1.8235,-2.56,0.08
1.8235,-2.32,0.16
1.8235,-2.4,0.08
1.8235,-2.4,0.08
1.8236,-2.48,0.08
1.8236,-2.4,0.16
1.8236,-2.4,0.16
1.8236,-2.4,0.08
1.8236,-2.24,0.16
1.8236,-2.4,0.16
1.8236,-2.32,0.08
1.8236,-2.48,0.16
1.8236,-2.24,0.16
1.8236,-2.48,0.08
1.8237,-2.32,0.16
1.8237,-2.48,0.08
1.8237,-2.24,0.16
1.8237,-2.4,0
1.8237,-2.32,0.08
1.8237,-2.4,0.08
1.8237,-2.32,0.08
1.8237,-2.4,0.08
1.8237,-2.4,0.08
1.8237,-2.4,0.08
1.8238,-2.48,0.08
1.8238,-2.32,0.08
1.8238,-2.48,0.08
1.8238,-2.24,0.08
1.8238,-2.48,0.16
1.8238,-2.16,0.16
1.8238,-2.4,0.16
1.8238,-2.24,0.08
1.8238,-2.48,0.16
1.8238,-2.32,0.08
1.8239,-2.4,0.16
1.8239,-2.4,0.16
1.8239,-2.32,0.16
1.8239,-2.32,0.16
1.8239,-2.16,0.16
1.8239,-2.32,0.08
1.8239,-2.24,0.08
1.8239,-2.4,0.16
1.8239,-2.24,0.16
1.8239,-2.4,0.16
1.824,-2.24,0.24
1.824,-2.48,0.16
1.824,-2.32,0.16
1.824,-2.4,0.16
1.824,-2.4,0.16
1.824,-2.4,0.08
1.824,-2.4,0.16
1.824,-2.48,0.16
1.824,-2.48,0.16
1.824,-2.4,0.16
1.8241,-2.48,0.16
1.8241,-2.16,0.16
1.8241,-2.4,0.08
1.8241,-2.24,0.08
1.8241,-2.4,0.08
1.8241,-2.24,0.16
1.8241,-2.4,0.16
1.8241,-2.24,0.16
1.8241,-2.48,0.16
1.8241,-2.4,0.16
1.8242,-2.32,0.16
1.8242,-2.32,0.16
1.8242,-2.4,0.16
1.8242,-2.48,0.08
1.8242,-2.32,0.16
1.8242,-2.4,0.16
1.8242,-2.32,0.16
1.8242,-2.4,0.16
1.8242,-2.32,0.16
1.8242,-2.48,0.16
1.8243,-2.24,0.08
1.8243,-2.48,0.08
1.8243,-2.24,0.16
1.8243,-2.4,0.16
1.8243,-2.32,0.16
1.8243,-2.32,0.16
1.8243,-2.32,0.16
1.8243,-2.4,0.16
1.8243,-2.4,0.24
1.8243,-2.32,0.16
1.8244,-2.4,0.16
1.8244,-2.24,0.24
1.8244,-2.4,0.16
1.8244,-2.24,0.16
1.8244,-2.4,0.16
1.8244,-2.24,0.16
1.8244,-2.4,0
1.8244,-2.32,0.16
1.8244,-2.48,0.16
1.8244,-2.4,0.16
1.8245,-2.4,0.16
1.8245,-2.4,0.08
1.8245,-2.4,0.16
1.8245,-2.4,0.24
1.8245,-2.32,0.08
1.8245,-2.48,0.08
1.8245,-2.32,0.08
1.8245,-2.4,0.16
1.8245,-2.24,0.16
1.8245,-2.4,0.16
1.8246,-2.32,0.08
1.8246,-2.56,0.08
1.8246,-2.4,0.16
1.8246,-2.4,0.08
1.8246,-2.32,0.16
1.8246,-2.32,0.16
1.8246,-2.4,0.16
1.8246,-2.4,0.08
1.8246,-2.48,0.16
1.8246,-2.4,0.16
1.8247,-2.4,0.08
1.8247,-2.24,0.08
1.8247,-2.4,0.08
1.8247,-2.24,0.16
1.8247,-2.48,0.08
1.8247,-2.24,0.08
1.8247,-2.48,0.24
1.8247,-2.32,0.24
1.8247,-2.4,0.16
1.8247,-2.4,0.16
1.8248,-2.4,0.16
1.8248,-2.32,0.16
1.8248,-2.32,0.16
1.8248,-2.4,0.16
1.8248,-2.32,0.16
1.8248,-2.48,0.08
1.8248,-2.32,0.08
1.8248,-2.4,0.16
1.8248,-2.16,0.16
1.8248,-2.4,0.16
1.8249,-2.24,0.16
1.8249,-2.4,0.08
1.8249,-2.32,0.16
1.8249,-2.48,0.16
1.8249,-2.4,0.08
1.8249,-2.4,0.08
1.8249,-2.4,0.16
1.8249,-2.4,0.08
1.8249,-2.4,0.16
1.8249,-2.32,0.08
1.825,-2.4,0.08
1.825,-2.24,0.08
1.825,-2.48,0.08
1.825,-2.32,0.08
1.825,-2.48,0.16
1.825,-2.32,0.16
1.825,-2.48,0
1.825,-2.32,0.16
1.825,-2.48,0.16
1.825,-2.4,0.16
1.8251,-2.4,0.16
1.8251,-2.4,0.16
1.8251,-2.32,0.16
1.8251,-2.4,0.08
1.8251,-2.32,0.08
1.8251,-2.4,0.08
1.8251,-2.32,0.08
1.8251,-2.56,0.08
1.8251,-2.4,0.08
1.8251,-2.48,0.08
1.8252,-2.24,0
1.8252,-2.48,0
1.8252,-2.32,0.08
1.8252,-2.48,0.08
1.8252,-2.4,0.08
1.8252,-2.4,0.08
1.8252,-2.4,0.08
1.8252,-2.4,0.08
1.8252,-2.48,0.08
1.8252,-2.24,0
1.8253,-2.48,0.08
1.8253,-2.4,0.16
1.8253,-2.48,0.16
1.8253,-2.32,0.16
1.8253,-2.48,0.08
1.8253,-2.32,0
1.8253,-2.48,0.16
1.8253,-2.32,0.08
1.8253,-2.4,0.16
1.8253,-2.32,0.16
1.8254,-2.48,0.08
1.8254,-2.48,0.16
1.8254,-2.32,0.24
1.8254,-2.4,0.16
1.8254,-2.24,0.16
1.8254,-2.4,0.16
1.8254,-2.32,0.16
1.8254,-2.48,0.16
1.8254,-2.32,0.08
1.8254,-2.48,0.16
1.8255,-2.32,0.08
1.8255,-2.48,0.08
1.8255,-2.32,0.16
1.8255,-2.4,0.16
1.8255,-2.32,0.16
1.8255,-2.4,0.08
1.8255,-2.4,0.16
1.8255,-2.4,0.16
1.8255,-2.48,0.24
1.8255,-2.32,0.16
1.8256,-2.48,0.16
1.8256,-2.32,0.16
1.8256,-2.48,0.08
1.8256,-2.4,0.16
1.8256,-2.48,0.08
1.8256,-2.4,0.16
1.8256,-2.48,0.16
1.8256,-2.4,0.16
1.8256,-2.48,0.08
1.8256,-2.48,0.08
1.8257,-2.48,0.16
1.8257,-2.48,0.16
1.8257,-2.48,0.16
1.8257,-2.48,0.24
1.8257,-2.32,0.16
1.8257,-2.48,0.16
1.8257,-2.24,0.08
1.8257,-2.48,0.16
1.8257,-2.32,0.16
1.8257,-2.48,0.16
1.8258,-2.32,0.16
1.8258,-2.48,0.08
1.8258,-2.48,0.16
1.8258,-2.48,0.08
1.8258,-2.4,0.08
1.8258,-2.48,0
1.8258,-2.48,0
1.8258,-2.4,0
1.8258,-2.4,0
1.8258,-2.4,0.16
1.8259,-2.56,0.16
1.8259,-2.32,0.24
1.8259,-2.48,0.16
1.8259,-2.4,0.16
1.8259,-2.56,0.08
1.8259,-2.32,0.16
1.8259,-2.48,0.16
1.8259,-2.32,0.16
1.8259,-2.4,0.16
1.8259,-2.4,0.16
1.826,-2.4,0.08
1.826,-2.4,0.16
1.826,-2.4,0.24
1.826,-2.48,0.16
1.826,-2.32,0.08
1.826,-2.4,0
1.826,-2.24,0.08
1.826,-2.48,0.08
1.826,-2.32,0.08
1.826,-2.48,0.08
1.8261,-2.4,0
1.8261,-2.48,0.08
1.8261,-2.24,0.08
1.8261,-2.4,0.08
1.8261,-2.4,0
1.8261,-2.48,0.08
1.8261,-2.4,0.16
1.8261,-2.32,0.16
1.8261,-2.48,0.16
1.8261,-2.4,0.08
1.8262,-2.56,0
1.8262,-2.48,0.08
1.8262,-2.64,0.08
1.8262,-2.32,0.08
1.8262,-2.56,0.08
1.8262,-2.32,0.16
1.8262,-2.48,0
1.8262,-2.4,0.08
1.8262,-2.48,0.16
1.8262,-2.48,0.16
1.8263,-2.48,0.08
1.8263,-2.48,0.08
1.8263,-2.4,0.16
1.8263,-2.48,0.08
1.8263,-2.4,0.08
1.8263,-2.56,0.16
1.8263,-2.4,0.08
1.8263,-2.48,0.16
1.8263,-2.24,0.16
1.8263,-2.48,0.16
1.8264,-2.32,0.08
1.8264,-2.48,0.16
1.8264,-2.24,0.16
1.8264,-2.48,0.08
1.8264,-2.4,0.08
1.8264,-2.48,0.08
1.8264,-2.4,0.16
1.8264,-2.48,0.08
1.8264,-2.48,0.08
1.8264,-2.4,0.16
1.8265,-2.48,0.08
1.8265,-2.4,0.08
1.8265,-2.48,0.08
1.8265,-2.4,0.08
1.8265,-2.56,0
1.8265,-2.32,0.08
1.8265,-2.48,0
1.8265,-2.4,0.16
1.8265,-2.4,0.08
1.8265,-2.4,0.08
1.8266,-2.4,0.16
1.8266,-2.32,0.08
1.8266,-2.4,0
1.8266,-2.48,0.08
1.8266,-2.32,0.16
1.8266,-2.48,0.08
1.8266,-2.4,0.08
1.8266,-2.56,0
1.8266,-2.32,0.08
1.8266,-2.48,0
1.8267,-2.32,0.08
1.8267,-2.48,0.08
1.8267,-2.32,0.08
1.8267,-2.48,0.08
1.8267,-2.4,0.08
1.8267,-2.32,0.08
1.8267,-2.4,0.16
1.8267,-2.32,0.08
1.8267,-2.48,0.08
1.8267,-2.32,0.08
1.8268,-2.48,0.08
1.8268,-2.24,0.16
1.8268,-2.4,0.08
1.8268,-2.24,0.16
1.8268,-2.48,0.16
1.8268,-2.24,0.08
1.8268,-2.48,0.08
1.8268,-2.32,0.08
1.8268,-2.48,0.08
1.8268,-2.4,0
1.8269,-2.4,0.08
1.8269,-2.4,0.08
1.8269,-2.4,0.08
1.8269,-2.4,0.16
1.8269,-2.32,0.16
1.8269,-2.4,0
1.8269,-2.24,0.08
1.8269,-2.48,0.08
1.8269,-2.32,0.08
1.8269,-2.4,0.08
1.827,-2.32,0.08
1.827,-2.48,0
1.827,-2.4,0.08
1.827,-2.4,0.08
1.827,-2.32,0.08
1.827,-2.4,0.16
1.827,-2.32,0.16
1.827,-2.24,0.16
1.827,-2.4,0.08
1.827,-2.24,0.16
1.8271,-2.4,0
1.8271,-2.32,0.16
1.8271,-2.48,0.08
1.8271,-2.32,0.08
1.8271,-2.56,0.08
1.8271,-2.24,0
1.8271,-2.4,0.08
1.8271,-2.32,0.08
1.8271,-2.4,0
1.8271,-2.4,0.08
1.8272,-2.4,0
1.8272,-2.4,0.08
1.8272,-2.24,0.08
1.8272,-2.4,0.16
1.8272,-2.32,0.08
1.8272,-2.48,0.08
1.8272,-2.24,0
1.8272,-2.48,0
1.8272,-2.24,0
1.8272,-2.4,0
1.8273,-2.32,0
1.8273,-2.4,0
1.8273,-2.32,0.08
1.8273,-2.48,0.08
1.8273,-2.4,0.08
1.8273,-2.32,0.16
1.8273,-2.32,0.16
1.8273,-2.32,0.08
1.8273,-2.4,0.24
1.8273,-2.24,0.16
1.8274,-2.48,0.08
1.8274,-2.16,0.08
1.8274,-2.4,0
1.8274,-2.24,0
1.8274,-2.4,-0.08
1.8274,-2.24,0.08
1.8274,-2.4,0
1.8274,-2.32,0
1.8274,-2.4,0.08
1.8274,-2.32,0.08
1.8275,-2.4,-0.08
1.8275,-2.4,0.08
1.8275,-2.4,0.16
1.8275,-2.4,0.08
1.8275,-2.32,0.08
1.8275,-2.4,0
1.8275,-2.24,0
1.8275,-2.48,0.08
1.8275,-2.24,0
1.8275,-2.4,0
1.8276,-2.32,0
1.8276,-2.4,0.08
1.8276,-2.4,0.16
1.8276,-2.4,0.16
1.8276,-2.4,0.16
1.8276,-2.4,0.08
1.8276,-2.32,0.16
1.8276,-2.24,0.08
1.8276,-2.4,0.08
1.8276,-2.32,-0.08
1.8277,-2.4,0.08
1.8277,-2.24,0.08
1.8277,-2.48,0.08
1.8277,-2.32,0.08
1.8277,-2.48,0.16
1.8277,-2.24,0.08
1.8277,-2.4,0.16
1.8277,-2.24,0.24
1.8277,-2.32,0.16
1.8277,-2.24,0.08
1.8278,-2.4,0.16
1.8278,-2.4,0.08
1.8278,-2.24,0.16
1.8278,-2.48,0.08
1.8278,-2.4,0
1.8278,-2.4,0.16
1.8278,-2.24,0.08
1.8278,-2.4,0.08
1.8278,-2.24,0.08
1.8278,-2.48,0.08
1.8279,-2.24,0.16
1.8279,-2.4,0.16
1.8279,-2.16,0.08
1.8279,-2.4,0.08
1.8279,-2.32,0.08
1.8279,-2.4,0.08
1.8279,-2.4,0.16
1.8279,-2.4,0.16
1.8279,-2.4,0.16
1.8279,-2.24,0
1.828,-2.32,0.08
1.828,-2.24,0.16
1.828,-2.48,0.08
1.828,-2.24,0.16
1.828,-2.48,0.16
1.828,-2.24,0.08
1.828,-2.48,0
1.828,-2.4,0.08
1.828,-2.4,0.08
1.828,-2.4,0.08
1.8281,-2.4,0
1.8281,-2.48,0.08
1.8281,-2.4,0.08
1.8281,-2.48,0.08
1.8281,-2.32,0.16
1.8281,-2.4,0.16
1.8281,-2.24,0.16
1.8281,-2.48,0
1.8281,-2.24,0.08
1.8281,-2.4,0.16
1.8282,-2.24,0.16
1.8282,-2.48,0.16
1.8282,-2.32,0.16
1.8282,-2.48,0.16
1.8282,-2.4,0.16
1.8282,-2.32,0.16
1.8282,-2.32,0.24
1.8282,-2.24,0.16
1.8282,-2.4,0.08
1.8282,-2.32,0
1.8283,-2.48,0.08
1.8283,-2.4,0.08
1.8283,-2.48,0.16
1.8283,-2.32,0.16
1.8283,-2.48,0.16
1.8283,-2.32,0.16
1.8283,-2.48,0.16
1.8283,-2.32,0.16
1.8283,-2.4,0.08
1.8283,-2.4,0.08
1.8284,-2.4,0.08
1.8284,-2.4,0.16
1.8284,-2.16,0.16
1.8284,-2.32,0.16
1.8284,-2.32,0.08
1.8284,-2.4,0.16
1.8284,-2.24,0.08
1.8284,-2.4,0.08
1.8284,-2.24,0.16
1.8284,-2.4,0.24
1.8285,-2.24,0.16
1.8285,-2.4,0.16
1.8285,-2.32,0.16
1.8285,-2.4,0.08
1.8285,-2.4,0.16
1.8285,-2.4,0.16
1.8285,-2.4,0
1.8285,-2.24,0
1.8285,-2.4,0.08
1.8285,-2.32,0.08
1.8286,-2.48,0.08
1.8286,-2.32,0.08
1.8286,-2.56,0.08
1.8286,-2.4,0.16
1.8286,-2.48,0.16
1.8286,-2.24,0.16
1.8286,-2.4,0
1.8286,-2.32,0.08
1.8286,-2.32,0.08
1.8286,-2.4,0.08
1.8287,-2.48,0.08
1.8287,-2.48,0.16
1.8287,-2.4,0.16
1.8287,-2.48,0.08
1.8287,-2.32,0.16
1.8287,-2.48,0.16
1.8287,-2.4,0.16
1.8287,-2.56,0.16
1.8287,-2.32,0
1.8287,-2.56,0
1.8288,-2.4,0.08
1.8288,-2.48,0
1.8288,-2.4,0.16
1.8288,-2.4,0.16
1.8288,-2.32,0.08
1.8288,-2.4,0.16
1.8288,-2.4,0.16
1.8288,-2.4,0.08
1.8288,-2.48,0.08
1.8288,-2.32,0.08
1.8289,-2.48,0.08
1.8289,-2.32,0.08
1.8289,-2.4,0.08
1.8289,-2.24,0.16
1.8289,-2.56,0.08
1.8289,-2.4,0.08
1.8289,-2.48,0.08
1.8289,-2.4,0.08
1.8289,-2.48,0.08
1.8289,-2.4,0.16
1.829,-2.48,0.24
1.829,-2.56,0.16
1.829,-2.4,0.16
1.829,-2.48,0.16
1.829,-2.4,0.08
1.829,-2.48,0.08
1.829,-2.24,0.16
1.829,-2.48,0.16
1.829,-2.32,0.24
1.829,-2.64,0.24
1.8291,-2.4,0.08
1.8291,-2.48,0.08
1.8291,-2.4,0.08
1.8291,-2.4,0.08
1.8291,-2.4,0.16
1.8291,-2.4,0.16
1.8291,-2.48,0.16
1.8291,-2.4,0.24
1.8291,-2.48,0.24
1.8291,-2.32,0.08
1.8292,-2.64,0
1.8292,-2.32,0.16
1.8292,-2.56,0.08
1.8292,-2.32,0.16
1.8292,-2.56,0.16
1.8292,-2.4,0.08
1.8292,-2.48,0.08
1.8292,-2.4,0.08
1.8292,-2.4,0.08
1.8292,-2.48,0.08
1.8293,-2.48,0.08
1.8293,-2.56,0.08
1.8293,-2.4,0
1.8293,-2.4,0
1.8293,-2.24,0.08
1.8293,-2.48,0.08
1.8293,-2.32,0.16
1.8293,-2.48,0.16
1.8293,-2.4,0.16
1.8293,-2.56,0.08
1.8294,-2.4,0.08
1.8294,-2.48,0
1.8294,-2.4,0.08
1.8294,-2.4,0
1.8294,-2.4,0.08
1.8294,-2.48,0
1.8294,-2.48,0
1.8294,-2.32,0
1.8294,-2.48,0
1.8294,-2.32,0
1.8295,-2.4,0
1.8295,-2.24,0.08
1.8295,-2.48,0.08
1.8295,-2.32,0.16
1.8295,-2.48,0.08
1.8295,-2.4,0.16
1.8295,-2.56,0.08
1.8295,-2.4,0.08
1.8295,-2.4,0
1.8295,-2.48,0.08
1.8296,-2.4,0.08
1.8296,-2.4,0.08
1.8296,-2.4,0.16
1.8296,-2.4,0.08
1.8296,-2.4,0
1.8296,-2.56,0.08
1.8296,-2.32,0.16
1.8296,-2.56,0
1.8296,-2.4,0.16
1.8296,-2.48,0.08
1.8297,-2.4,0.16
1.8297,-2.48,0
1.8297,-2.4,0
1.8297,-2.48,0
1.8297,-2.4,0.16
1.8297,-2.4,0.16
1.8297,-2.48,0.08
1.8297,-2.4,0
1.8297,-2.48,0.08
1.8297,-2.32,0.08
1.8298,-2.4,0.08
1.8298,-2.32,0.08
1.8298,-2.4,0.08
1.8298,-2.24,0.08
1.8298,-2.48,0.08
1.8298,-2.32,0.16
1.8298,-2.48,0.08
1.8298,-2.4,0.08
1.8298,-2.48,0.08
1.8298,-2.48,0.08
1.8299,-2.4,0.16
1.8299,-2.4,0.08
1.8299,-2.32,0.08
1.8299,-2.48,0
1.8299,-2.32,0
1.8299,-2.56,0.08
1.8299,-2.32,0.08
1.8299,-2.48,0.08
1.8299,-2.4,0.08
1.8299,-2.56,0.08
1.83,-2.4,0.08
1.83,-2.48,0.16
1.83,-2.4,0.16
1.83,-2.4,0.08
1.83,-2.48,0.08
1.83,-2.4,0.08
1.83,-2.48,0.16
1.83,-2.32,0.16
1.83,-2.48,0.08
1.83,-2.4,0.08
1.8301,-2.48,0.08
1.8301,-2.32,0.16
1.8301,-2.48,0.08
1.8301,-2.4,0.08
1.8301,-2.56,0
1.8301,-2.4,0.08
1.8301,-2.48,0.08
1.8301,-2.4,0.08
1.8301,-2.4,0.16
1.8301,-2.4,0.08
1.8302,-2.4,0.08
1.8302,-2.48,0.16
1.8302,-2.4,0.08
1.8302,-2.56,0
1.8302,-2.24,0.08
1.8302,-2.48,0.08
1.8302,-2.32,0.08
1.8302,-2.48,0
1.8302,-2.32,0.08
1.8302,-2.48,0.16
1.8303,-2.4,0
1.8303,-2.56,0
1.8303,-2.4,0
1.8303,-2.4,0.08
1.8303,-2.4,0.16
1.8303,-2.4,0.08
1.8303,-2.4,0.08
1.8303,-2.4,0.08
1.8303,-2.48,0.08
1.8303,-2.32,0
1.8304,-2.48,0.08
1.8304,-2.32,0.08
1.8304,-2.48,0.16
1.8304,-2.32,0.16
1.8304,-2.48,0.16
1.8304,-2.4,0.08
1.8304,-2.48,0.08
1.8304,-2.4,0.16
1.8304,-2.4,0.16
1.8304,-2.4,0.08
1.8305,-2.4,0.08
1.8305,-2.48,0.16
1.8305,-2.4,0
1.8305,-2.56,0.08
1.8305,-2.4,0.08
1.8305,-2.48,0.08
1.8305,-2.4,0.08
1.8305,-2.56,0.08
1.8305,-2.32,0.08
1.8305,-2.48,0.16
1.8306,-2.4,0.08
1.8306,-2.48,0.08
1.8306,-2.4,0.08
1.8306,-2.48,0.08
1.8306,-2.48,0.16
