0.6275,-2.72,0.12
0.62751,-2.68,0.16
0.62752,-2.68,0.12
0.62753,-2.68,0.16
0.62754,-2.6,0.12
0.62755,-2.72,0.08
0.62756,-2.72,0.04
0.62757,-2.72,0.12
0.62758,-2.68,0.08
0.62759,-2.68,0
0.6276,-2.72,0.04
0.62761,-2.76,0.12
0.62762,-2.72,0.2
0.62763,-2.76,0.12
0.62764,-2.76,0.08
0.62765,-2.64,0.12
0.62766,-2.6,0.12
0.62767,-2.68,0.04
0.62768,-2.72,0.08
0.62769,-2.68,0.08
0.6277,-2.72,0.08
0.62771,-2.68,0.16
0.62772,-2.68,0.16
0.62773,-2.64,0.2
0.62774,-2.68,0.2
0.62775,-2.68,0.16
0.62776,-2.64,0.08
0.62777,-2.64,0.12
0.62778,-2.68,0.16
0.62779,-2.68,0.16
0.6278,-2.68,0.2
0.62781,-2.72,0.16
0.62782,-2.68,0.16
0.62783,-2.68,0.12
0.62784,-2.68,0.16
0.62785,-2.68,0.2
0.62786,-2.68,0.2
0.62787,-2.64,0.2
0.62788,-2.64,0.16
0.62789,-2.68,0.08
0.6279,-2.76,0.12
0.62791,-2.76,0.12
0.62792,-2.76,0.12
0.62793,-2.76,0.16
0.62794,-2.76,0.12
0.62795,-2.72,0.12
0.62796,-2.76,0.12
0.62797,-2.72,0.12
0.62798,-2.72,0
0.62799,-2.72,0.04
0.628,-2.68,0.12
0.62801,-2.64,0.04
0.62802,-2.68,0.12
0.62803,-2.68,0.2
0.62804,-2.76,0.16
0.62805,-2.8,0.12
0.62806,-2.72,0.12
0.62807,-2.72,0.12
0.62808,-2.68,0.2
0.62809,-2.76,0.16
0.6281,-2.76,0.16
0.62811,-2.84,0.08
0.62812,-2.8,0.08
0.62813,-2.76,0.12
0.62814,-2.68,0.12
0.62815,-2.64,0.2
0.62816,-2.68,0.16
0.62817,-2.76,0.08
0.62818,-2.68,0.12
0.62819,-2.68,0.12
0.6282,-2.72,0.16
0.62821,-2.76,0.2
0.62822,-2.72,0.16
0.62823,-2.64,0.12
0.62824,-2.64,0.12
0.62825,-2.68,0.08
0.62826,-2.68,0.04
0.62827,-2.68,0.08
0.62828,-2.68,0.12
0.62829,-2.64,0.08
0.6283,-2.76,0.08
0.62831,-2.64,0.12
0.62832,-2.6,0.12
0.62833,-2.6,0.2
0.62834,-2.64,0.2
0.62835,-2.68,0.12
0.62836,-2.68,0.16
0.62837,-2.68,0.12
0.62838,-2.68,0.08
0.62839,-2.68,0.12
0.6284,-2.56,0.12
0.62841,-2.6,0.2
0.62842,-2.72,0.12
0.62843,-2.72,0.08
0.62844,-2.68,0.12
0.62845,-2.72,0.16
0.62846,-2.72,0.16
0.62847,-2.68,0.12
0.62848,-2.6,0.12
0.62849,-2.68,0.08
0.6285,-2.8,0.16
0.62851,-2.72,0.2
0.62852,-2.68,0.12
0.62853,-2.72,0.2
0.62854,-2.76,0.16
0.62855,-2.68,0.2
0.62856,-2.68,0.12
0.62857,-2.72,0.12
0.62858,-2.76,0.16
0.62859,-2.68,0.08
0.6286,-2.68,0.04
0.62861,-2.76,0.2
0.62862,-2.76,0.08
0.62863,-2.76,0.12
0.62864,-2.72,0.16
0.62865,-2.68,0.2
0.62866,-2.68,0.2
0.62867,-2.68,0.12
0.62868,-2.72,0.16
0.62869,-2.68,0.16
0.6287,-2.68,0.16
0.62871,-2.72,0.12
0.62872,-2.68,0.08
0.62873,-2.72,0.04
0.62874,-2.72,0.12
0.62875,-2.76,0.08
0.62876,-2.76,0.08
0.62877,-2.72,0.08
0.62878,-2.68,0.08
0.62879,-2.64,0.12
0.6288,-2.68,0.12
0.62881,-2.72,0.12
0.62882,-2.76,0.12
0.62883,-2.8,0.12
0.62884,-2.72,0.12
0.62885,-2.68,0.12
0.62886,-2.8,0.08
0.62887,-2.8,0.08
0.62888,-2.76,0.2
0.62889,-2.72,0.28
0.6289,-2.72,0.2
0.62891,-2.8,0.08
0.62892,-2.84,0.12
0.62893,-2.76,0.12
0.62894,-2.76,0.08
0.62895,-2.76,0.08
0.62896,-2.76,0.04
0.62897,-2.68,0.12
0.62898,-2.68,0.12
0.62899,-2.68,0.16
0.629,-2.72,0.04
0.62901,-2.72,0.12
0.62902,-2.68,0.2
0.62903,-2.76,0.16
0.62904,-2.76,0.12
0.62905,-2.68,0.08
0.62906,-2.68,0.12
0.62907,-2.72,0.08
0.62908,-2.72,0.16
0.62909,-2.68,0.12
0.6291,-2.76,0.08
0.62911,-2.76,0.12
0.62912,-2.68,0.16
0.62913,-2.64,0.08
0.62914,-2.68,0.08
0.62915,-2.76,0.04
0.62916,-2.72,0.16
0.62917,-2.76,0.2
0.62918,-2.68,0.08
0.62919,-2.68,0.04
0.6292,-2.72,0
0.62921,-2.76,0.04
0.62922,-2.68,0.08
0.62923,-2.64,0.12
0.62924,-2.76,0.08
0.62925,-2.76,0.16
0.62926,-2.8,0.16
0.62927,-2.76,0.08
0.62928,-2.76,0.04
0.62929,-2.72,0.04
0.6293,-2.68,0.12
0.62931,-2.76,0.12
0.62932,-2.76,0.12
0.62933,-2.76,0.08
0.62934,-2.76,0.12
0.62935,-2.8,0.16
0.62936,-2.72,0.12
0.62937,-2.72,0.16
0.62938,-2.72,0.24
0.62939,-2.68,0.12
0.6294,-2.76,0.08
0.62941,-2.76,0.08
0.62942,-2.76,0.04
0.62943,-2.72,0.2
0.62944,-2.72,0.16
0.62945,-2.72,0.12
0.62946,-2.76,0.04
0.62947,-2.8,0.08
0.62948,-2.8,0.12
0.62949,-2.72,0.12
0.6295,-2.8,0.12
0.62951,-2.72,0.12
0.62952,-2.68,0.08
0.62953,-2.68,0.12
0.62954,-2.72,0.04
0.62955,-2.68,0.04
0.62956,-2.64,0.04
0.62957,-2.68,0.08
0.62958,-2.72,0.12
0.62959,-2.76,0.16
0.6296,-2.68,0.12
0.62961,-2.68,0.08
0.62962,-2.64,0.08
0.62963,-2.68,0.04
0.62964,-2.64,0.12
0.62965,-2.72,0.08
0.62966,-2.72,0.12
0.62967,-2.68,0.2
0.62968,-2.68,0.24
0.62969,-2.72,0.16
0.6297,-2.76,0.12
0.62971,-2.72,0.08
0.62972,-2.76,0.12
0.62973,-2.76,0.16
0.62974,-2.72,0.16
0.62975,-2.72,0.12
0.62976,-2.76,0.08
0.62977,-2.76,0.08
0.62978,-2.8,0.08
0.62979,-2.72,0.08
0.6298,-2.76,0.08
0.62981,-2.68,0.2
0.62982,-2.68,0.08
0.62983,-2.76,0.12
0.62984,-2.76,0.2
0.62985,-2.68,0.2
0.62986,-2.72,0.16
0.62987,-2.72,0.12
0.62988,-2.72,0.12
0.62989,-2.8,0.16
0.6299,-2.76,0.08
0.62991,-2.76,0.08
0.62992,-2.72,0.04
0.62993,-2.76,0.04
0.62994,-2.76,0.08
0.62995,-2.76,0.08
0.62996,-2.76,0.12
0.62997,-2.68,0.08
0.62998,-2.64,0.08
0.62999,-2.68,0.04
0.63,-2.72,0.12
0.63001,-2.72,0.08
0.63002,-2.76,0.08
0.63003,-2.76,0.08
0.63004,-2.72,0.12
0.63005,-2.76,0.2
0.63006,-2.76,0.12
0.63007,-2.76,0.12
0.63008,-2.68,0.12
0.63009,-2.72,0.08
0.6301,-2.76,0.16
0.63011,-2.76,0.08
0.63012,-2.76,0.12
0.63013,-2.72,0.2
0.63014,-2.76,0.2
0.63015,-2.76,0.16
0.63016,-2.72,0.12
0.63017,-2.68,0.12
0.63018,-2.68,0.16
0.63019,-2.72,0.12
0.6302,-2.8,0.12
0.63021,-2.76,0.08
0.63022,-2.76,0.12
0.63023,-2.76,0.08
0.63024,-2.68,0.04
0.63025,-2.76,0.12
0.63026,-2.68,0.08
0.63027,-2.72,0.08
0.63028,-2.68,0.2
0.63029,-2.8,0.24
0.6303,-2.76,0.2
0.63031,-2.8,0.16
0.63032,-2.72,0.08
0.63033,-2.68,0.12
0.63034,-2.76,0.12
0.63035,-2.76,0.12
0.63036,-2.72,0.16
0.63037,-2.6,0.12
0.63038,-2.68,0.08
0.63039,-2.68,0.12
0.6304,-2.64,0.08
0.63041,-2.72,0.16
0.63042,-2.72,0.12
0.63043,-2.72,0.04
0.63044,-2.72,0.04
0.63045,-2.72,0.12
0.63046,-2.76,0.12
0.63047,-2.8,0.16
0.63048,-2.72,0.24
0.63049,-2.68,0.16
0.6305,-2.72,0.16
0.63051,-2.76,0.12
0.63052,-2.76,0.08
0.63053,-2.8,0
0.63054,-2.8,0.04
0.63055,-2.8,0.04
0.63056,-2.88,0.2
0.63057,-2.8,0.08
0.63058,-2.76,0.12
0.63059,-2.68,0.12
0.6306,-2.76,0.12
0.63061,-2.8,0.12
0.63062,-2.8,0.12
0.63063,-2.72,0.2
0.63064,-2.72,0
0.63065,-2.76,0.08
0.63066,-2.76,0.08
0.63067,-2.8,0.12
0.63068,-2.8,0.12
0.63069,-2.8,0.12
0.6307,-2.84,0.04
0.63071,-2.76,0.12
0.63072,-2.72,0.16
0.63073,-2.76,0.12
0.63074,-2.8,0.08
0.63075,-2.8,0.12
0.63076,-2.76,0.12
0.63077,-2.68,0.16
0.63078,-2.68,0.12
0.63079,-2.68,0.12
0.6308,-2.64,0.04
0.63081,-2.64,0.04
0.63082,-2.72,0.08
0.63083,-2.68,0.12
0.63084,-2.68,0.16
0.63085,-2.68,0.2
0.63086,-2.76,0.2
0.63087,-2.76,0.12
0.63088,-2.8,0.12
0.63089,-2.76,0.08
0.6309,-2.8,0.08
0.63091,-2.76,0.2
0.63092,-2.76,0.2
0.63093,-2.76,0.12
0.63094,-2.76,0.08
0.63095,-2.76,0.12
0.63096,-2.72,0.12
0.63097,-2.72,0.16
0.63098,-2.72,0.12
0.63099,-2.8,0.16
0.631,-2.76,0.12
0.63101,-2.72,0.04
0.63102,-2.8,0.04
0.63103,-2.72,0.08
0.63104,-2.84,0.16
0.63105,-2.76,0.16
0.63106,-2.76,0.16
0.63107,-2.8,0.16
0.63108,-2.76,0.12
0.63109,-2.76,0.12
0.6311,-2.76,0.16
0.63111,-2.76,0.2
0.63112,-2.68,0.24
0.63113,-2.72,0.16
0.63114,-2.68,0.12
0.63115,-2.8,0.2
0.63116,-2.76,0.16
0.63117,-2.68,0.16
0.63118,-2.68,0.12
0.63119,-2.64,0.12
0.6312,-2.64,0.2
0.63121,-2.68,0.16
0.63122,-2.68,0.12
0.63123,-2.8,0.16
0.63124,-2.76,0.16
0.63125,-2.76,0.08
0.63126,-2.72,0.04
0.63127,-2.68,0.12
0.63128,-2.76,0.08
0.63129,-2.76,0.12
0.6313,-2.76,0.12
0.63131,-2.68,0.16
0.63132,-2.76,0.12
0.63133,-2.8,0.2
0.63134,-2.76,0.04
0.63135,-2.76,0.12
0.63136,-2.8,0.04
0.63137,-2.84,0.12
0.63138,-2.84,0.12
0.63139,-2.8,0.28
0.6314,-2.76,0.2
0.63141,-2.8,0.24
0.63142,-2.68,0.16
0.63143,-2.76,0.12
0.63144,-2.76,0.04
0.63145,-2.76,0.08
0.63146,-2.68,0.08
0.63147,-2.76,0.08
0.63148,-2.76,0.12
0.63149,-2.76,0.12
0.6315,-2.8,0.16
0.63151,-2.76,0.2
0.63152,-2.76,0.12
0.63153,-2.76,0.12
0.63154,-2.76,0.2
0.63155,-2.76,0.12
0.63156,-2.76,0.12
0.63157,-2.76,0.12
0.63158,-2.76,0.16
0.63159,-2.72,0.08
0.6316,-2.76,0.12
0.63161,-2.8,0.08
0.63162,-2.76,0.12
0.63163,-2.72,0.12
0.63164,-2.72,0.12
0.63165,-2.68,0.16
0.63166,-2.76,0.12
0.63167,-2.76,0.16
0.63168,-2.68,0.12
0.63169,-2.8,0.12
0.6317,-2.76,0.12
0.63171,-2.84,0.2
0.63172,-2.8,0.24
0.63173,-2.72,0.2
0.63174,-2.76,0.12
0.63175,-2.8,0.12
0.63176,-2.84,0.16
0.63177,-2.8,0.08
0.63178,-2.72,0.16
0.63179,-2.8,0.16
0.6318,-2.76,0.2
0.63181,-2.72,0.16
0.63182,-2.72,0.2
0.63183,-2.8,0.2
0.63184,-2.8,0.16
0.63185,-2.76,0.12
0.63186,-2.76,0.12
0.63187,-2.8,0.12
0.63188,-2.84,0.16
0.63189,-2.8,0.16
0.6319,-2.8,0.2
0.63191,-2.76,0.2
0.63192,-2.76,0.2
0.63193,-2.72,0.2
0.63194,-2.76,0.16
0.63195,-2.76,0
0.63196,-2.8,0.08
0.63197,-2.8,0.12
0.63198,-2.84,0.16
0.63199,-2.8,0.2
0.632,-2.72,0.12
0.63201,-2.76,0.12
0.63202,-2.68,0.12
0.63203,-2.8,0.12
0.63204,-2.8,0.12
0.63205,-2.76,0.16
0.63206,-2.72,0.2
0.63207,-2.76,0.2
0.63208,-2.72,0.12
0.63209,-2.72,0.2
0.6321,-2.72,0.12
0.63211,-2.8,0.16
0.63212,-2.72,0.16
0.63213,-2.76,0.2
0.63214,-2.84,0.16
0.63215,-2.8,0.12
0.63216,-2.76,0.08
0.63217,-2.8,0.16
0.63218,-2.76,0.12
0.63219,-2.8,0.12
0.6322,-2.8,0.12
0.63221,-2.8,0.2
0.63222,-2.76,0.12
0.63223,-2.72,0.16
0.63224,-2.72,0.2
0.63225,-2.72,0.2
0.63226,-2.68,0.12
0.63227,-2.68,0.12
0.63228,-2.68,0.16
0.63229,-2.76,0.12
0.6323,-2.76,0.12
0.63231,-2.76,0.08
0.63232,-2.8,0.12
0.63233,-2.76,0.12
0.63234,-2.68,0.16
0.63235,-2.72,0.16
0.63236,-2.76,0.2
0.63237,-2.84,0.16
0.63238,-2.8,0.12
0.63239,-2.8,0.04
0.6324,-2.84,0.04
0.63241,-2.8,0.12
0.63242,-2.8,0.2
0.63243,-2.8,0.16
0.63244,-2.8,0.16
0.63245,-2.8,0.12
0.63246,-2.8,0.12
0.63247,-2.8,0.12
0.63248,-2.76,0.16
0.63249,-2.76,0.12
0.6325,-2.76,0.12
0.63251,-2.68,0.2
0.63252,-2.8,0.2
0.63253,-2.76,0.16
0.63254,-2.72,0.12
0.63255,-2.76,0.08
0.63256,-2.84,0.12
0.63257,-2.76,0.08
0.63258,-2.76,0.16
0.63259,-2.8,0.12
0.6326,-2.76,0.08
0.63261,-2.72,0.04
0.63262,-2.72,0.16
0.63263,-2.8,0.16
0.63264,-2.76,0.12
0.63265,-2.72,0.12
0.63266,-2.76,0.16
0.63267,-2.72,0.12
0.63268,-2.72,0.12
0.63269,-2.72,0.12
0.6327,-2.76,0.16
0.63271,-2.72,0.16
0.63272,-2.72,0.08
0.63273,-2.72,0.08
0.63274,-2.76,0.04
0.63275,-2.76,0
0.63276,-2.8,0.08
0.63277,-2.8,0
0.63278,-2.8,0.08
0.63279,-2.8,0.12
0.6328,-2.8,0.12
0.63281,-2.76,0.16
0.63282,-2.8,0.2
0.63283,-2.72,0.16
0.63284,-2.72,0.12
0.63285,-2.76,0.16
0.63286,-2.8,0.16
0.63287,-2.76,0.08
0.63288,-2.76,0.04
0.63289,-2.76,0.12
0.6329,-2.68,0.08
0.63291,-2.72,0.04
0.63292,-2.72,0.12
0.63293,-2.76,0.12
0.63294,-2.76,0.12
0.63295,-2.72,0.16
0.63296,-2.72,0.08
0.63297,-2.76,0.08
0.63298,-2.68,0.12
0.63299,-2.72,0.2
0.633,-2.72,0.12
0.63301,-2.8,0.12
0.63302,-2.76,0.16
0.63303,-2.76,0.2
0.63304,-2.68,0.16
0.63305,-2.64,0.16
0.63306,-2.68,0.12
0.63307,-2.68,0.12
0.63308,-2.68,0.08
0.63309,-2.68,0.16
0.6331,-2.72,0.12
0.63311,-2.68,0.12
0.63312,-2.76,0.04
0.63313,-2.72,0.08
0.63314,-2.76,0.2
0.63315,-2.76,0.16
0.63316,-2.76,0.16
0.63317,-2.68,0.16
0.63318,-2.72,0.16
0.63319,-2.8,0.12
0.6332,-2.76,0.12
0.63321,-2.68,0.16
0.63322,-2.68,0.2
0.63323,-2.76,0.12
0.63324,-2.64,0.2
0.63325,-2.68,0.2
0.63326,-2.76,0.2
0.63327,-2.72,0.16
0.63328,-2.76,0.16
0.63329,-2.72,0.08
0.6333,-2.72,0.16
0.63331,-2.68,0.16
0.63332,-2.72,0.24
0.63333,-2.72,0.16
0.63334,-2.76,0.16
0.63335,-2.64,0.08
0.63336,-2.64,0.08
0.63337,-2.68,0.12
0.63338,-2.76,0.12
0.63339,-2.72,0.12
0.6334,-2.76,0.2
0.63341,-2.64,0.16
0.63342,-2.6,0.16
0.63343,-2.68,0.12
0.63344,-2.68,0.12
0.63345,-2.72,0.16
0.63346,-2.72,0.08
0.63347,-2.76,0.16
0.63348,-2.64,0.12
0.63349,-2.72,0.16
0.6335,-2.72,0.12
0.63351,-2.72,0.12
0.63352,-2.72,0.12
0.63353,-2.76,0.16
0.63354,-2.8,0.16
0.63355,-2.72,0.2
0.63356,-2.68,0.16
0.63357,-2.68,0.16
0.63358,-2.72,0.12
0.63359,-2.76,0.12
0.6336,-2.68,0.12
0.63361,-2.68,0.2
0.63362,-2.72,0.2
0.63363,-2.8,0.12
0.63364,-2.84,0.12
0.63365,-2.68,0.2
0.63366,-2.68,0.16
0.63367,-2.72,0.16
0.63368,-2.64,0.2
0.63369,-2.72,0.2
0.6337,-2.68,0.12
0.63371,-2.68,0.08
0.63372,-2.76,0.16
0.63373,-2.76,0.16
0.63374,-2.72,0.24
0.63375,-2.72,0.24
0.63376,-2.68,0.24
0.63377,-2.68,0.2
0.63378,-2.68,0.2
0.63379,-2.68,0.16
0.6338,-2.76,0.12
0.63381,-2.72,0.16
0.63382,-2.76,0.12
0.63383,-2.68,0.16
0.63384,-2.68,0.12
0.63385,-2.72,0.12
0.63386,-2.72,0.12
0.63387,-2.72,0.12
0.63388,-2.72,0.16
0.63389,-2.72,0.2
0.6339,-2.68,0.16
0.63391,-2.72,0.16
0.63392,-2.72,0.2
0.63393,-2.76,0.16
0.63394,-2.76,0.16
0.63395,-2.76,0.24
0.63396,-2.8,0.2
0.63397,-2.72,0.16
0.63398,-2.72,0.16
0.63399,-2.68,0.16
0.634,-2.8,0.12
0.63401,-2.72,0.12
0.63402,-2.64,0.16
0.63403,-2.6,0.2
0.63404,-2.68,0.24
0.63405,-2.68,0.28
0.63406,-2.72,0.24
0.63407,-2.8,0.24
0.63408,-2.72,0.2
0.63409,-2.72,0.24
0.6341,-2.76,0.28
0.63411,-2.76,0.2
0.63412,-2.76,0.12
0.63413,-2.64,0.24
0.63414,-2.64,0.28
0.63415,-2.68,0.16
0.63416,-2.68,0.2
0.63417,-2.68,0.2
0.63418,-2.72,0.2
0.63419,-2.64,0.2
0.6342,-2.72,0.2
0.63421,-2.72,0.16
0.63422,-2.76,0.12
0.63423,-2.68,0.12
0.63424,-2.76,0.24
0.63425,-2.68,0.24
0.63426,-2.64,0.28
0.63427,-2.64,0.2
0.63428,-2.76,0.2
0.63429,-2.72,0.2
0.6343,-2.68,0.2
0.63431,-2.6,0.2
0.63432,-2.68,0.12
0.63433,-2.76,0.16
0.63434,-2.72,0.2
0.63435,-2.72,0.16
0.63436,-2.72,0.24
0.63437,-2.72,0.2
0.63438,-2.72,0.2
0.63439,-2.68,0.12
0.6344,-2.72,0.12
0.63441,-2.76,0.2
0.63442,-2.72,0.12
0.63443,-2.68,0.2
0.63444,-2.64,0.16
0.63445,-2.72,0.16
0.63446,-2.64,0.16
0.63447,-2.68,0.2
0.63448,-2.68,0.16
0.63449,-2.8,0.2
0.6345,-2.72,0.2
0.63451,-2.76,0.16
0.63452,-2.76,0.2
0.63453,-2.72,0.16
0.63454,-2.84,0.12
0.63455,-2.72,0.16
0.63456,-2.76,0.16
0.63457,-2.68,0.2
0.63458,-2.64,0.24
0.63459,-2.6,0.2
0.6346,-2.68,0.24
0.63461,-2.68,0.28
0.63462,-2.72,0.24
0.63463,-2.68,0.24
0.63464,-2.64,0.24
0.63465,-2.68,0.2
0.63466,-2.76,0.12
0.63467,-2.76,0.16
0.63468,-2.72,0.16
0.63469,-2.72,0.2
0.6347,-2.72,0.16
0.63471,-2.76,0.2
0.63472,-2.76,0.24
0.63473,-2.76,0.16
0.63474,-2.76,0.16
0.63475,-2.72,0.2
0.63476,-2.68,0.16
0.63477,-2.64,0.16
0.63478,-2.68,0.16
0.63479,-2.68,0.12
0.6348,-2.72,0.12
0.63481,-2.76,0.08
0.63482,-2.72,0.24
0.63483,-2.8,0.2
0.63484,-2.76,0.2
0.63485,-2.68,0.2
0.63486,-2.72,0.24
0.63487,-2.72,0.12
0.63488,-2.76,0.2
0.63489,-2.68,0.24
0.6349,-2.68,0.24
0.63491,-2.72,0.2
0.63492,-2.84,0.16
0.63493,-2.76,0.2
0.63494,-2.72,0.12
0.63495,-2.76,0.04
0.63496,-2.72,0.12
0.63497,-2.64,0.16
0.63498,-2.6,0.16
0.63499,-2.68,0.12
0.635,-2.72,0.08
0.63501,-2.76,0.16
0.63502,-2.8,0.24
0.63503,-2.76,0.2
0.63504,-2.68,0.2
0.63505,-2.64,0.12
0.63506,-2.72,0.12
0.63507,-2.76,0.2
0.63508,-2.72,0.24
0.63509,-2.76,0.24
0.6351,-2.68,0.16
0.63511,-2.68,0.12
0.63512,-2.6,0.16
0.63513,-2.68,0.12
0.63514,-2.76,0.16
0.63515,-2.72,0.12
0.63516,-2.72,0.16
0.63517,-2.68,0.08
0.63518,-2.64,0.08
0.63519,-2.68,0.16
0.6352,-2.64,0.12
0.63521,-2.64,0.12
0.63522,-2.76,0.08
0.63523,-2.72,0.08
0.63524,-2.72,0.12
0.63525,-2.8,0.24
0.63526,-2.76,0.2
0.63527,-2.72,0.2
0.63528,-2.68,0.08
0.63529,-2.72,0.12
0.6353,-2.72,0.2
0.63531,-2.68,0.24
0.63532,-2.68,0.16
0.63533,-2.72,0.16
0.63534,-2.64,0.08
0.63535,-2.76,0.2
0.63536,-2.64,0.16
0.63537,-2.64,0.16
0.63538,-2.68,0.2
0.63539,-2.76,0.08
0.6354,-2.8,0.12
0.63541,-2.76,0.16
0.63542,-2.76,0.12
0.63543,-2.8,0.12
0.63544,-2.72,0.12
0.63545,-2.68,0.2
0.63546,-2.68,0.2
0.63547,-2.68,0.08
0.63548,-2.76,0.12
0.63549,-2.72,0.12
0.6355,-2.76,0.12
0.63551,-2.72,0.16
0.63552,-2.72,0.12
0.63553,-2.64,0.24
0.63554,-2.72,0.16
0.63555,-2.68,0.16
0.63556,-2.68,0.2
0.63557,-2.76,0.2
0.63558,-2.76,0.04
0.63559,-2.8,0.12
0.6356,-2.8,0.24
0.63561,-2.8,0.28
0.63562,-2.72,0.16
0.63563,-2.76,-0.04
0.63564,-2.76,0.12
0.63565,-2.76,0.08
0.63566,-2.76,0.16
0.63567,-2.76,0.2
0.63568,-2.72,0.2
0.63569,-2.68,0.16
0.6357,-2.76,0.16
0.63571,-2.76,0.12
0.63572,-2.76,0.2
0.63573,-2.76,0.2
0.63574,-2.76,0.12
0.63575,-2.68,0.2
0.63576,-2.64,0.2
0.63577,-2.68,0.2
0.63578,-2.68,0.16
0.63579,-2.6,0.16
0.6358,-2.64,0.2
0.63581,-2.76,0.24
0.63582,-2.76,0.2
0.63583,-2.72,0.12
0.63584,-2.72,0.08
0.63585,-2.76,0.12
0.63586,-2.76,0.16
0.63587,-2.76,0.16
0.63588,-2.76,0.16
0.63589,-2.76,0.24
0.6359,-2.76,0.2
0.63591,-2.76,0.12
0.63592,-2.76,0.12
0.63593,-2.76,0.08
0.63594,-2.76,0.08
0.63595,-2.76,0.16
0.63596,-2.72,0.12
0.63597,-2.68,0.16
0.63598,-2.68,0.2
0.63599,-2.68,0.2
0.636,-2.72,0.2
0.63601,-2.76,0.16
0.63602,-2.88,0.16
0.63603,-2.76,0.12
0.63604,-2.88,0.12
0.63605,-2.8,0.16
0.63606,-2.76,0.12
0.63607,-2.8,0.04
0.63608,-2.84,0.04
0.63609,-2.8,0.24
0.6361,-2.76,0.24
0.63611,-2.8,0.2
0.63612,-2.76,0.24
0.63613,-2.76,0.24
0.63614,-2.76,0.08
0.63615,-2.8,0.16
0.63616,-2.76,0.12
0.63617,-2.76,0.12
0.63618,-2.76,0.08
0.63619,-2.76,0.04
0.6362,-2.76,0.08
0.63621,-2.76,0.12
0.63622,-2.8,0.12
0.63623,-2.76,0.12
0.63624,-2.76,0.04
0.63625,-2.76,0.12
0.63626,-2.72,0.24
0.63627,-2.64,0.28
0.63628,-2.64,0.28
0.63629,-2.8,0.28
0.6363,-2.76,0.2
0.63631,-2.8,0.2
0.63632,-2.84,0.2
0.63633,-2.76,0.16
0.63634,-2.76,0.24
0.63635,-2.68,0.2
0.63636,-2.8,0.12
0.63637,-2.8,0.04
0.63638,-2.84,0.12
0.63639,-2.64,0.2
0.6364,-2.68,0.12
0.63641,-2.72,0.12
0.63642,-2.76,0.2
0.63643,-2.68,0.12
0.63644,-2.76,0.16
0.63645,-2.76,0.24
0.63646,-2.84,0.12
0.63647,-2.8,0
0.63648,-2.76,0.12
0.63649,-2.68,0.08
0.6365,-2.72,0.16
0.63651,-2.72,0.16
0.63652,-2.76,0.08
0.63653,-2.76,0.08
0.63654,-2.8,0.08
0.63655,-2.8,0.2
0.63656,-2.76,0.12
0.63657,-2.76,0.08
0.63658,-2.72,0.12
0.63659,-2.76,0.08
0.6366,-2.72,0.08
0.63661,-2.68,0.16
0.63662,-2.72,0.16
0.63663,-2.68,0.2
0.63664,-2.64,0.12
0.63665,-2.68,0.16
0.63666,-2.76,0.16
0.63667,-2.76,0.12
0.63668,-2.8,0.08
0.63669,-2.8,0.12
0.6367,-2.72,0.04
0.63671,-2.72,0.08
0.63672,-2.76,0.04
0.63673,-2.8,0.08
0.63674,-2.84,0.04
0.63675,-2.76,0.2
0.63676,-2.72,0.16
0.63677,-2.72,0.04
0.63678,-2.76,0.04
0.63679,-2.76,0.04
0.6368,-2.76,0.04
0.63681,-2.76,0.12
0.63682,-2.76,0.04
0.63683,-2.68,0.12
0.63684,-2.72,0.12
0.63685,-2.8,0.08
0.63686,-2.68,0.04
0.63687,-2.76,0.12
0.63688,-2.76,0.16
0.63689,-2.76,0.12
0.6369,-2.76,0.2
0.63691,-2.68,0.12
0.63692,-2.76,0.12
0.63693,-2.8,0.04
0.63694,-2.76,0.12
0.63695,-2.68,0.04
0.63696,-2.76,0.12
0.63697,-2.76,0.16
0.63698,-2.76,0.12
0.63699,-2.68,0.12
0.637,-2.68,0.12
0.63701,-2.72,0.12
0.63702,-2.72,0.2
0.63703,-2.72,0.16
0.63704,-2.64,0.16
0.63705,-2.68,0.12
0.63706,-2.76,0.08
0.63707,-2.8,0.2
0.63708,-2.76,0.2
0.63709,-2.72,0.16
0.6371,-2.64,0.08
0.63711,-2.72,0.08
0.63712,-2.68,0.12
0.63713,-2.68,0.12
0.63714,-2.72,0.08
0.63715,-2.72,0.12
0.63716,-2.76,0.2
0.63717,-2.64,0.12
0.63718,-2.64,0.12
0.63719,-2.68,0.12
0.6372,-2.68,0.12
0.63721,-2.76,0.08
0.63722,-2.72,0.16
0.63723,-2.68,0.12
0.63724,-2.72,0.12
0.63725,-2.72,0.2
0.63726,-2.68,0.2
0.63727,-2.68,0.16
0.63728,-2.68,0.16
0.63729,-2.68,0.16
0.6373,-2.68,0.16
0.63731,-2.56,0.16
0.63732,-2.68,0.12
0.63733,-2.76,0.16
0.63734,-2.68,0.12
0.63735,-2.68,0.16
0.63736,-2.68,0.2
0.63737,-2.68,0.16
0.63738,-2.68,0.12
0.63739,-2.68,0.04
0.6374,-2.68,0
0.63741,-2.72,0.08
0.63742,-2.64,0.16
0.63743,-2.64,0.12
0.63744,-2.64,0.16
0.63745,-2.68,0.2
0.63746,-2.64,0.2
0.63747,-2.68,0.16
0.63748,-2.64,0.16
0.63749,-2.68,0.16
0.6375,-2.64,0.24
0.63751,-2.72,0.24
0.63752,-2.64,0.28
0.63753,-2.64,0.28
0.63754,-2.68,0.2
0.63755,-2.72,0.16
0.63756,-2.72,0.12
0.63757,-2.72,0.12
0.63758,-2.76,0.12
0.63759,-2.68,0.2
0.6376,-2.72,0.24
0.63761,-2.72,0.24
0.63762,-2.76,0.2
0.63763,-2.76,0.24
0.63764,-2.68,0.2
0.63765,-2.6,0.2
0.63766,-2.64,0.12
0.63767,-2.68,0.16
0.63768,-2.64,0.08
0.63769,-2.68,0.12
0.6377,-2.72,0.12
0.63771,-2.68,0.16
0.63772,-2.72,0.08
0.63773,-2.84,0.08
0.63774,-2.8,0.16
0.63775,-2.76,0.16
0.63776,-2.8,0.28
0.63777,-2.76,0.2
0.63778,-2.76,0.12
0.63779,-2.76,0.16
0.6378,-2.76,0.12
0.63781,-2.88,0.04
0.63782,-2.84,0.12
0.63783,-2.8,0.12
0.63784,-2.8,0.2
0.63785,-2.8,0.16
0.63786,-2.8,0.08
0.63787,-2.8,0.12
0.63788,-2.8,0.12
0.63789,-2.8,0.08
0.6379,-2.84,0.12
0.63791,-2.88,0.16
0.63792,-2.84,0.2
0.63793,-2.88,0.2
0.63794,-2.76,0.12
0.63795,-2.8,0.2
0.63796,-2.8,0.12
0.63797,-2.84,0.12
0.63798,-2.8,0.08
0.63799,-2.84,0.08
0.638,-2.84,0.08
0.63801,-2.84,0.12
0.63802,-2.8,0
0.63803,-2.8,0.08
0.63804,-2.84,0.12
0.63805,-3,0.04
0.63806,-2.88,0.08
0.63807,-3,0
0.63808,-3,0.04
0.63809,-2.92,0.04
0.6381,-2.96,0.08
0.63811,-2.96,0.08
0.63812,-2.92,0.08
0.63813,-2.88,0.08
0.63814,-2.92,0.04
0.63815,-2.92,0.12
0.63816,-2.96,0.08
0.63817,-2.96,0
0.63818,-3,0
0.63819,-3.04,0
0.6382,-2.96,0
0.63821,-3,-0.04
0.63822,-3.04,-0.08
0.63823,-3.08,-0.04
0.63824,-3,-0.04
0.63825,-3.04,-0.08
0.63826,-3.04,-0.16
0.63827,-3.04,-0.12
0.63828,-3.12,-0.04
0.63829,-3.12,-0.08
0.6383,-3.04,-0.16
0.63831,-3.04,-0.24
0.63832,-3.08,-0.2
0.63833,-3.04,-0.12
0.63834,-3.08,-0.16
0.63835,-3.08,-0.16
0.63836,-3,-0.32
0.63837,-3.08,-0.28
0.63838,-3.16,-0.24
0.63839,-3.12,-0.28
0.6384,-3.08,-0.28
0.63841,-3.12,-0.32
0.63842,-3.12,-0.36
0.63843,-3.12,-0.36
0.63844,-3.12,-0.44
0.63845,-3.12,-0.4
0.63846,-3.24,-0.36
0.63847,-3.2,-0.36
0.63848,-3.2,-0.4
0.63849,-3.12,-0.36
0.6385,-3.16,-0.44
0.63851,-3.2,-0.4
0.63852,-3.16,-0.36
0.63853,-3.16,-0.48
0.63854,-3.2,-0.64
0.63855,-3.2,-0.56
0.63856,-3.2,-0.56
0.63857,-3.24,-0.56
0.63858,-3.16,-0.6
0.63859,-3.16,-0.64
0.6386,-3.12,-0.68
0.63861,-3.2,-0.68
0.63862,-3.24,-0.56
0.63863,-3.24,-0.68
0.63864,-3.2,-0.64
0.63865,-3.16,-0.72
0.63866,-3.2,-0.72
0.63867,-3.2,-0.8
0.63868,-3.16,-0.76
0.63869,-3.24,-0.8
0.6387,-3.24,-0.84
0.63871,-3.24,-0.8
0.63872,-3.24,-0.8
0.63873,-3.24,-0.84
0.63874,-3.2,-0.88
0.63875,-3.2,-0.92
0.63876,-3.2,-0.96
0.63877,-3.16,-1.04
0.63878,-3.28,-1.04
0.63879,-3.24,-1.04
0.6388,-3.24,-1.08
0.63881,-3.28,-1.08
0.63882,-3.24,-1.12
0.63883,-3.24,-1.16
0.63884,-3.2,-1.16
0.63885,-3.16,-1.12
0.63886,-3.24,-1.24
0.63887,-3.2,-1.28
0.63888,-3.2,-1.32
0.63889,-3.2,-1.32
0.6389,-3.12,-1.32
0.63891,-3.16,-1.32
0.63892,-3.16,-1.32
0.63893,-3.12,-1.36
0.63894,-3.16,-1.48
0.63895,-3.12,-1.48
0.63896,-3.08,-1.52
0.63897,-3.08,-1.52
0.63898,-3.08,-1.52
0.63899,-3.12,-1.44
0.639,-3.08,-1.56
0.63901,-3.12,-1.56
0.63902,-3.08,-1.6
0.63903,-3.04,-1.64
0.63904,-3.04,-1.64
0.63905,-3.08,-1.76
0.63906,-3.04,-1.76
0.63907,-2.96,-1.8
0.63908,-3.04,-1.84
0.63909,-3,-1.8
0.6391,-2.96,-1.8
0.63911,-2.96,-1.8
0.63912,-2.88,-1.8
0.63913,-2.88,-1.92
0.63914,-2.96,-1.88
0.63915,-2.88,-1.92
0.63916,-2.84,-1.96
0.63917,-2.88,-2
0.63918,-2.88,-2
0.63919,-2.88,-2
0.6392,-2.88,-2.04
0.63921,-2.88,-2.04
0.63922,-2.8,-2.08
0.63923,-2.8,-2.12
0.63924,-2.72,-2.2
0.63925,-2.76,-2.2
0.63926,-2.68,-2.16
0.63927,-2.64,-2.16
0.63928,-2.68,-2.24
0.63929,-2.76,-2.24
0.6393,-2.68,-2.28
0.63931,-2.64,-2.32
0.63932,-2.6,-2.32
0.63933,-2.6,-2.28
0.63934,-2.6,-2.32
0.63935,-2.56,-2.36
0.63936,-2.56,-2.44
0.63937,-2.52,-2.48
0.63938,-2.52,-2.48
0.63939,-2.4,-2.52
0.6394,-2.48,-2.52
0.63941,-2.4,-2.48
0.63942,-2.48,-2.4
0.63943,-2.36,-2.4
0.63944,-2.32,-2.4
0.63945,-2.24,-2.48
0.63946,-2.24,-2.56
0.63947,-2.2,-2.56
0.63948,-2.24,-2.52
0.63949,-2.24,-2.48
0.6395,-2.2,-2.52
0.63951,-2.2,-2.6
0.63952,-2.16,-2.6
0.63953,-2.16,-2.64
0.63954,-2.16,-2.68
0.63955,-2.08,-2.72
0.63956,-2.04,-2.72
0.63957,-2,-2.68
0.63958,-1.96,-2.64
0.63959,-1.96,-2.64
0.6396,-1.8,-2.68
0.63961,-1.88,-2.64
0.63962,-1.8,-2.72
0.63963,-1.8,-2.72
0.63964,-1.8,-2.76
0.63965,-1.8,-2.72
0.63966,-1.76,-2.72
0.63967,-1.72,-2.8
0.63968,-1.68,-2.76
0.63969,-1.6,-2.8
0.6397,-1.56,-2.8
0.63971,-1.52,-2.8
0.63972,-1.52,-2.76
0.63973,-1.52,-2.72
0.63974,-1.56,-2.76
0.63975,-1.52,-2.76
0.63976,-1.44,-2.72
0.63977,-1.44,-2.72
0.63978,-1.48,-2.72
0.63979,-1.48,-2.76
0.6398,-1.36,-2.84
0.63981,-1.28,-2.72
0.63982,-1.24,-2.76
0.63983,-1.24,-2.72
0.63984,-1.24,-2.72
0.63985,-1.24,-2.72
0.63986,-1.2,-2.68
0.63987,-1.2,-2.68
0.63988,-1.08,-2.76
0.63989,-1.12,-2.72
0.6399,-1.04,-2.72
0.63991,-1.08,-2.76
0.63992,-1.08,-2.68
0.63993,-1.04,-2.68
0.63994,-1.04,-2.68
0.63995,-1,-2.72
0.63996,-0.92,-2.72
0.63997,-0.92,-2.68
0.63998,-0.84,-2.64
0.63999,-0.8,-2.68
0.64,-0.84,-2.6
0.64001,-0.76,-2.6
0.64002,-0.8,-2.64
0.64003,-0.76,-2.48
0.64004,-0.64,-2.52
0.64005,-0.72,-2.52
0.64006,-0.68,-2.52
0.64007,-0.6,-2.48
0.64008,-0.52,-2.48
0.64009,-0.56,-2.48
0.6401,-0.56,-2.44
0.64011,-0.48,-2.44
0.64012,-0.52,-2.48
0.64013,-0.48,-2.48
0.64014,-0.48,-2.4
0.64015,-0.48,-2.4
0.64016,-0.44,-2.48
0.64017,-0.44,-2.4
0.64018,-0.36,-2.36
0.64019,-0.36,-2.4
0.6402,-0.36,-2.36
0.64021,-0.4,-2.4
0.64022,-0.32,-2.24
0.64023,-0.32,-2.24
0.64024,-0.28,-2.2
0.64025,-0.28,-2.24
0.64026,-0.24,-2.12
0.64027,-0.16,-2.12
0.64028,-0.24,-2.12
0.64029,-0.16,-2.08
0.6403,-0.12,-2.04
0.64031,-0.12,-2.04
0.64032,-0.24,-2
0.64033,-0.2,-2.04
0.64034,-0.04,-1.92
0.64035,-0.08,-1.92
0.64036,-0.12,-1.92
0.64037,-0.16,-1.96
0.64038,-0.16,-2
0.64039,-0.12,-1.92
0.6404,-0.16,-1.8
0.64041,-0.08,-1.72
0.64042,-0.04,-1.64
0.64043,-0.12,-1.6
0.64044,0,-1.64
0.64045,0,-1.64
0.64046,0,-1.6
0.64047,-0.04,-1.64
0.64048,0,-1.64
0.64049,0,-1.52
0.6405,0.08,-1.48
0.64051,0.04,-1.48
0.64052,0.04,-1.48
0.64053,0.08,-1.44
0.64054,0.2,-1.36
0.64055,0.12,-1.36
0.64056,0,-1.36
0.64057,0,-1.36
0.64058,0,-1.36
0.64059,-0.04,-1.32
0.6406,0,-1.24
0.64061,0.08,-1.2
0.64062,0.12,-1.16
0.64063,0.12,-1.16
0.64064,0.12,-1.12
0.64065,0.04,-1.08
0.64066,0.08,-1.12
0.64067,0.08,-1
0.64068,0.04,-0.96
0.64069,0,-0.96
0.6407,0.04,-0.96
0.64071,0.04,-0.88
0.64072,0.04,-0.8
0.64073,0,-0.84
0.64074,0,-0.8
0.64075,-0.04,-0.76
0.64076,-0.04,-0.8
0.64077,-0.04,-0.84
0.64078,0.08,-0.72
0.64079,-0.04,-0.72
0.6408,-0.04,-0.68
0.64081,0,-0.64
0.64082,-0.04,-0.56
0.64083,-0.08,-0.56
0.64084,-0.08,-0.52
0.64085,-0.08,-0.6
0.64086,-0.04,-0.56
0.64087,0,-0.48
0.64088,-0.12,-0.44
0.64089,-0.12,-0.48
0.6409,-0.2,-0.44
0.64091,-0.2,-0.36
0.64092,-0.2,-0.32
0.64093,-0.16,-0.28
0.64094,-0.2,-0.32
0.64095,-0.24,-0.28
0.64096,-0.24,-0.32
0.64097,-0.28,-0.32
0.64098,-0.28,-0.2
0.64099,-0.28,-0.16
0.641,-0.28,-0.2
0.64101,-0.28,-0.2
0.64102,-0.28,-0.12
0.64103,-0.28,-0.16
0.64104,-0.32,-0.08
0.64105,-0.44,-0.04
0.64106,-0.44,0
0.64107,-0.44,0
0.64108,-0.48,0.04
0.64109,-0.44,0.08
0.6411,-0.44,0.08
0.64111,-0.48,0.04
0.64112,-0.56,0.12
0.64113,-0.48,0.12
0.64114,-0.48,0.12
0.64115,-0.6,0.2
0.64116,-0.56,0.2
0.64117,-0.64,0.24
0.64118,-0.64,0.24
0.64119,-0.68,0.32
0.6412,-0.72,0.28
0.64121,-0.72,0.28
0.64122,-0.72,0.32
0.64123,-0.72,0.28
0.64124,-0.68,0.28
0.64125,-0.72,0.32
0.64126,-0.8,0.32
0.64127,-0.8,0.4
0.64128,-0.84,0.36
0.64129,-0.88,0.4
0.6413,-0.88,0.32
0.64131,-0.92,0.4
0.64132,-0.96,0.48
0.64133,-0.96,0.44
0.64134,-0.92,0.4
0.64135,-1,0.4
0.64136,-1.04,0.48
0.64137,-1.04,0.48
0.64138,-1.04,0.48
0.64139,-1.08,0.48
0.6414,-1.12,0.52
0.64141,-1.12,0.52
0.64142,-1.16,0.48
0.64143,-1.16,0.52
0.64144,-1.2,0.56
0.64145,-1.24,0.56
0.64146,-1.28,0.56
0.64147,-1.28,0.52
0.64148,-1.32,0.6
0.64149,-1.36,0.6
0.6415,-1.4,0.6
0.64151,-1.32,0.6
0.64152,-1.4,0.52
0.64153,-1.44,0.6
0.64154,-1.44,0.6
0.64155,-1.44,0.6
0.64156,-1.56,0.64
0.64157,-1.56,0.64
0.64158,-1.52,0.6
0.64159,-1.56,0.6
0.6416,-1.6,0.6
0.64161,-1.56,0.56
0.64162,-1.56,0.64
0.64163,-1.68,0.6
0.64164,-1.68,0.6
0.64165,-1.76,0.6
0.64166,-1.76,0.64
0.64167,-1.72,0.64
0.64168,-1.76,0.68
0.64169,-1.8,0.68
0.6417,-1.8,0.6
0.64171,-1.76,0.56
0.64172,-1.76,0.52
0.64173,-1.84,0.56
0.64174,-1.88,0.6
0.64175,-1.88,0.56
0.64176,-1.96,0.64
0.64177,-1.96,0.56
0.64178,-2,0.56
0.64179,-1.92,0.6
0.6418,-2,0.6
0.64181,-2,0.6
0.64182,-2.04,0.6
0.64183,-2.04,0.6
0.64184,-2.08,0.6
0.64185,-2.12,0.64
0.64186,-2.16,0.56
0.64187,-2.12,0.64
0.64188,-2.12,0.6
0.64189,-2.12,0.64
0.6419,-2.2,0.64
0.64191,-2.16,0.64
0.64192,-2.16,0.52
0.64193,-2.16,0.52
0.64194,-2.2,0.6
0.64195,-2.24,0.56
0.64196,-2.28,0.6
0.64197,-2.28,0.56
0.64198,-2.28,0.6
0.64199,-2.32,0.56
0.642,-2.32,0.56
0.64201,-2.32,0.52
0.64202,-2.36,0.52
0.64203,-2.36,0.52
0.64204,-2.4,0.52
0.64205,-2.32,0.52
0.64206,-2.36,0.52
0.64207,-2.4,0.52
0.64208,-2.44,0.44
0.64209,-2.4,0.4
0.6421,-2.48,0.44
0.64211,-2.4,0.48
0.64212,-2.52,0.48
0.64213,-2.48,0.4
0.64214,-2.48,0.4
0.64215,-2.44,0.4
0.64216,-2.48,0.4
0.64217,-2.52,0.44
0.64218,-2.56,0.56
0.64219,-2.52,0.48
0.6422,-2.52,0.44
0.64221,-2.56,0.4
0.64222,-2.48,0.36
0.64223,-2.56,0.32
0.64224,-2.64,0.4
0.64225,-2.64,0.32
0.64226,-2.56,0.36
0.64227,-2.68,0.24
0.64228,-2.68,0.2
0.64229,-2.64,0.28
0.6423,-2.64,0.36
0.64231,-2.68,0.32
0.64232,-2.68,0.32
0.64233,-2.64,0.32
0.64234,-2.64,0.32
0.64235,-2.68,0.28
0.64236,-2.68,0.2
0.64237,-2.68,0.28
0.64238,-2.76,0.24
0.64239,-2.64,0.24
0.6424,-2.76,0.28
0.64241,-2.68,0.28
0.64242,-2.64,0.28
0.64243,-2.64,0.32
0.64244,-2.68,0.28
0.64245,-2.68,0.24
0.64246,-2.64,0.28
0.64247,-2.72,0.2
0.64248,-2.68,0.2
0.64249,-2.76,0.24
0.6425,-2.68,0.08
0.64251,-2.72,0.16
0.64252,-2.76,0.2
0.64253,-2.72,0.2
0.64254,-2.76,0.2
0.64255,-2.76,0.2
0.64256,-2.72,0.24
0.64257,-2.68,0.24
0.64258,-2.68,0.16
0.64259,-2.72,0.2
0.6426,-2.68,0.16
0.64261,-2.72,0.12
0.64262,-2.76,0.12
0.64263,-2.8,0.12
0.64264,-2.8,0.12
0.64265,-2.76,0.16
0.64266,-2.72,0.2
0.64267,-2.68,0.2
0.64268,-2.64,0.12
0.64269,-2.68,0.12
0.6427,-2.72,0.04
0.64271,-2.72,0.12
0.64272,-2.8,0.12
0.64273,-2.8,0.12
0.64274,-2.88,0.08
0.64275,-2.76,0.08
0.64276,-2.68,0.04
0.64277,-2.8,0.08
0.64278,-2.68,0.04
0.64279,-2.72,0.12
0.6428,-2.64,0.12
0.64281,-2.72,0.04
0.64282,-2.76,0.04
0.64283,-2.8,0
0.64284,-2.76,0.04
0.64285,-2.68,0
0.64286,-2.64,0
0.64287,-2.72,0
0.64288,-2.76,0.04
0.64289,-2.76,0
0.6429,-2.76,0.04
0.64291,-2.8,0.04
0.64292,-2.8,0.04
0.64293,-2.72,0.08
0.64294,-2.72,0.12
0.64295,-2.64,0.12
0.64296,-2.64,0.04
0.64297,-2.68,0
0.64298,-2.8,0.04
0.64299,-2.76,0.04
0.643,-2.8,0.04
0.64301,-2.72,0.08
0.64302,-2.76,0.04
0.64303,-2.76,0.12
0.64304,-2.76,0.12
0.64305,-2.64,0.16
0.64306,-2.64,0.08
0.64307,-2.68,0.08
0.64308,-2.68,-0.04
0.64309,-2.68,0.04
0.6431,-2.64,0.12
0.64311,-2.68,0.08
0.64312,-2.72,0.08
0.64313,-2.68,0.04
0.64314,-2.76,0.08
0.64315,-2.72,0.08
0.64316,-2.76,0.16
0.64317,-2.76,0.16
0.64318,-2.8,0.04
0.64319,-2.84,0.04
0.6432,-2.76,0.12
0.64321,-2.76,0.12
0.64322,-2.8,0.24
0.64323,-2.68,0.2
0.64324,-2.64,0.08
0.64325,-2.64,-0.04
0.64326,-2.64,0
0.64327,-2.68,0.08
0.64328,-2.68,0.16
0.64329,-2.68,0.12
0.6433,-2.76,0.16
0.64331,-2.68,0.12
0.64332,-2.68,0.08
0.64333,-2.72,0
0.64334,-2.76,0.04
0.64335,-2.64,0.12
0.64336,-2.72,0.04
0.64337,-2.68,0.04
0.64338,-2.72,0.04
0.64339,-2.68,0.2
0.6434,-2.64,0.12
0.64341,-2.68,0.12
0.64342,-2.68,0.08
0.64343,-2.72,0.08
0.64344,-2.76,0
0.64345,-2.8,0.08
0.64346,-2.68,0.16
0.64347,-2.76,0.08
0.64348,-2.72,0.04
0.64349,-2.76,0.04
0.6435,-2.76,0.04
0.64351,-2.68,0.08
0.64352,-2.72,0.08
0.64353,-2.72,0.16
0.64354,-2.72,0.12
0.64355,-2.6,0.12
0.64356,-2.64,0.04
0.64357,-2.68,0.08
0.64358,-2.64,0
0.64359,-2.64,0.08
0.6436,-2.68,0
0.64361,-2.76,0.04
0.64362,-2.72,0.12
0.64363,-2.72,0.2
0.64364,-2.64,0.2
0.64365,-2.64,0.2
0.64366,-2.64,0.12
0.64367,-2.68,0.08
0.64368,-2.76,0.08
0.64369,-2.68,0.12
0.6437,-2.64,0.2
0.64371,-2.64,0.2
0.64372,-2.68,0.2
0.64373,-2.72,0.2
0.64374,-2.68,0.08
0.64375,-2.72,0.12
0.64376,-2.64,0.16
0.64377,-2.76,0.16
0.64378,-2.8,0.2
0.64379,-2.8,0.16
0.6438,-2.76,0.12
0.64381,-2.8,0.12
0.64382,-2.8,0.16
0.64383,-2.84,0.24
0.64384,-2.72,0.2
0.64385,-2.68,0.16
0.64386,-2.76,0.12
0.64387,-2.72,0.16
0.64388,-2.72,0.16
0.64389,-2.72,0.08
0.6439,-2.72,0.16
0.64391,-2.68,0.24
0.64392,-2.76,0.2
0.64393,-2.76,0.12
0.64394,-2.8,0.12
0.64395,-2.68,0.12
0.64396,-2.68,0.12
0.64397,-2.76,0.04
0.64398,-2.68,0.12
0.64399,-2.68,0.12
0.644,-2.76,0.2
0.64401,-2.8,0.16
0.64402,-2.76,0.16
0.64403,-2.68,0.16
0.64404,-2.76,0.2
0.64405,-2.76,0.08
0.64406,-2.68,0.16
0.64407,-2.72,0.12
0.64408,-2.68,0.12
0.64409,-2.72,0.04
0.6441,-2.76,0.12
0.64411,-2.76,0.08
0.64412,-2.72,0.16
0.64413,-2.72,0.12
0.64414,-2.72,0.12
0.64415,-2.76,0.08
0.64416,-2.76,0.08
0.64417,-2.64,0.16
0.64418,-2.68,0.16
0.64419,-2.68,0.12
0.6442,-2.76,0.2
0.64421,-2.72,0.2
0.64422,-2.64,0.08
0.64423,-2.68,0.12
0.64424,-2.68,0.12
0.64425,-2.68,0.12
0.64426,-2.76,0.12
0.64427,-2.72,0.08
0.64428,-2.72,0.08
0.64429,-2.68,0.08
0.6443,-2.68,0.12
0.64431,-2.76,0.04
0.64432,-2.72,0.12
0.64433,-2.8,0.08
0.64434,-2.72,0.16
0.64435,-2.72,0.16
0.64436,-2.76,0.12
0.64437,-2.76,0.12
0.64438,-2.76,0.12
0.64439,-2.8,0.12
0.6444,-2.72,0.12
0.64441,-2.68,0.12
0.64442,-2.68,0.2
0.64443,-2.76,0.16
0.64444,-2.68,0.16
0.64445,-2.68,0.16
0.64446,-2.72,0.16
0.64447,-2.68,0.2
0.64448,-2.68,0.24
0.64449,-2.72,0.2
0.6445,-2.72,0.12
0.64451,-2.72,0.08
0.64452,-2.76,0.16
0.64453,-2.72,0.12
0.64454,-2.72,0.12
0.64455,-2.68,0.2
0.64456,-2.68,0.12
0.64457,-2.72,0.04
0.64458,-2.76,0.08
0.64459,-2.76,0.08
0.6446,-2.8,0.04
0.64461,-2.8,0.08
0.64462,-2.72,0.12
0.64463,-2.68,0.12
0.64464,-2.68,0.12
0.64465,-2.8,0.2
0.64466,-2.8,0.12
0.64467,-2.76,0.08
0.64468,-2.72,0.08
0.64469,-2.72,0.04
0.6447,-2.8,0.12
0.64471,-2.76,0.16
0.64472,-2.76,0.16
0.64473,-2.84,0.12
0.64474,-2.8,0.12
0.64475,-2.72,0.12
0.64476,-2.8,0.12
0.64477,-2.72,0.16
0.64478,-2.8,0.12
0.64479,-2.68,0.12
0.6448,-2.68,0.12
0.64481,-2.68,0.16
0.64482,-2.64,0.16
0.64483,-2.68,0.12
0.64484,-2.76,0.12
0.64485,-2.72,0.12
0.64486,-2.8,0.04
0.64487,-2.72,0.12
0.64488,-2.64,0.08
0.64489,-2.68,0.16
0.6449,-2.68,0.16
0.64491,-2.72,0.12
0.64492,-2.76,0.16
0.64493,-2.72,0.16
0.64494,-2.68,0.04
0.64495,-2.68,0.04
0.64496,-2.76,0.08
0.64497,-2.72,0.12
0.64498,-2.68,0.16
0.64499,-2.76,0.2
0.645,-2.76,0.16
0.64501,-2.76,0.12
0.64502,-2.8,0.16
0.64503,-2.76,0.12
0.64504,-2.72,0.04
0.64505,-2.76,0.08
0.64506,-2.76,0.08
0.64507,-2.8,0.08
0.64508,-2.8,0.08
0.64509,-2.8,0.08
0.6451,-2.8,0
0.64511,-2.72,0.08
0.64512,-2.72,0.16
0.64513,-2.76,0.16
0.64514,-2.76,0.2
0.64515,-2.72,0.24
0.64516,-2.72,0.2
0.64517,-2.76,0.12
0.64518,-2.8,0.08
0.64519,-2.8,0.08
0.6452,-2.76,0.04
0.64521,-2.72,0.04
0.64522,-2.72,0.12
0.64523,-2.72,0.12
0.64524,-2.72,0.2
0.64525,-2.76,0.12
0.64526,-2.8,0.16
0.64527,-2.8,0.24
0.64528,-2.72,0.2
0.64529,-2.8,0.24
0.6453,-2.76,0.16
0.64531,-2.64,0.12
0.64532,-2.68,0.2
0.64533,-2.76,0.24
0.64534,-2.8,0.2
0.64535,-2.8,0.2
0.64536,-2.76,0.16
0.64537,-2.76,0.12
0.64538,-2.76,0.04
0.64539,-2.76,0.08
0.6454,-2.72,0.12
0.64541,-2.72,0.04
0.64542,-2.8,0.08
0.64543,-2.76,0.12
0.64544,-2.76,0.12
0.64545,-2.72,0.08
0.64546,-2.76,0.08
0.64547,-2.8,0.12
0.64548,-2.8,0.12
0.64549,-2.8,0.12
0.6455,-2.8,0.2
0.64551,-2.8,0.16
0.64552,-2.88,0.16
0.64553,-2.8,0.12
0.64554,-2.72,0.16
0.64555,-2.8,0.2
0.64556,-2.8,0.2
0.64557,-2.72,0.2
0.64558,-2.76,0.2
0.64559,-2.8,0.2
0.6456,-2.8,0.08
0.64561,-2.76,0.04
0.64562,-2.76,0.12
0.64563,-2.76,0.16
0.64564,-2.8,0.2
0.64565,-2.8,0.2
0.64566,-2.76,0.12
0.64567,-2.72,0.12
0.64568,-2.76,0.16
0.64569,-2.72,0.08
0.6457,-2.76,0.16
0.64571,-2.76,0.16
0.64572,-2.76,0.12
0.64573,-2.76,0.2
0.64574,-2.8,0.12
0.64575,-2.8,0.2
0.64576,-2.76,0.2
0.64577,-2.8,0.16
0.64578,-2.8,0.2
0.64579,-2.76,0.16
0.6458,-2.8,0.08
0.64581,-2.76,0.04
0.64582,-2.76,0.08
0.64583,-2.8,0.12
0.64584,-2.76,0.12
0.64585,-2.76,0.08
0.64586,-2.84,0.04
0.64587,-2.8,0.2
0.64588,-2.76,0.16
0.64589,-2.72,0.04
0.6459,-2.72,0.12
0.64591,-2.76,0.16
0.64592,-2.76,0.16
0.64593,-2.76,0.12
0.64594,-2.8,0.08
0.64595,-2.76,0.04
0.64596,-2.8,0.12
0.64597,-2.8,0.04
0.64598,-2.84,0.04
0.64599,-2.8,0.08
0.646,-2.76,0.04
0.64601,-2.76,0.12
0.64602,-2.76,0.12
0.64603,-2.64,0.12
0.64604,-2.76,0.12
0.64605,-2.76,0.12
0.64606,-2.68,0.08
0.64607,-2.76,0.08
0.64608,-2.76,0.08
0.64609,-2.8,0.04
0.6461,-2.8,0.2
0.64611,-2.84,0.16
0.64612,-2.8,0.16
0.64613,-2.76,0.12
0.64614,-2.72,0.2
0.64615,-2.76,0.2
0.64616,-2.68,0.12
0.64617,-2.8,0.12
0.64618,-2.76,0.12
0.64619,-2.76,0.08
0.6462,-2.76,0.12
0.64621,-2.76,0.16
0.64622,-2.76,0.16
0.64623,-2.8,0.04
0.64624,-2.8,0.12
0.64625,-2.76,0.08
0.64626,-2.8,0.12
0.64627,-2.8,0.12
0.64628,-2.76,0.12
0.64629,-2.76,0.08
0.6463,-2.8,0
0.64631,-2.76,0.12
0.64632,-2.76,0.08
0.64633,-2.8,0.04
0.64634,-2.8,0.04
0.64635,-2.72,0.12
0.64636,-2.76,0.12
0.64637,-2.8,0.12
0.64638,-2.84,0.12
0.64639,-2.84,0.08
0.6464,-2.8,0.12
0.64641,-2.76,0.08
0.64642,-2.72,0.08
0.64643,-2.72,0.12
0.64644,-2.76,0.12
0.64645,-2.76,0.08
0.64646,-2.76,0.12
0.64647,-2.76,0.12
0.64648,-2.76,0.04
0.64649,-2.8,0.08
0.6465,-2.76,0.12
0.64651,-2.72,0.08
0.64652,-2.76,0.12
0.64653,-2.76,0.08
0.64654,-2.76,0.04
0.64655,-2.76,0.12
0.64656,-2.76,0.12
0.64657,-2.8,0.04
0.64658,-2.76,0.08
0.64659,-2.72,0.08
0.6466,-2.76,0
0.64661,-2.76,0.12
0.64662,-2.68,0.04
0.64663,-2.72,0.12
0.64664,-2.76,0.04
0.64665,-2.8,0.04
0.64666,-2.72,0.04
0.64667,-2.76,0.04
0.64668,-2.76,0.08
0.64669,-2.72,0.12
0.6467,-2.8,0.08
0.64671,-2.76,0.08
0.64672,-2.68,0
0.64673,-2.68,0.12
0.64674,-2.72,0.12
0.64675,-2.72,0.08
0.64676,-2.8,0.08
0.64677,-2.68,0.04
0.64678,-2.68,0.08
0.64679,-2.72,0.12
0.6468,-2.72,0.12
0.64681,-2.68,0.08
0.64682,-2.68,0.12
0.64683,-2.76,0.2
0.64684,-2.72,0.2
0.64685,-2.76,0.12
0.64686,-2.64,0.08
0.64687,-2.64,0.04
0.64688,-2.68,0.12
0.64689,-2.68,0.2
0.6469,-2.76,0.16
0.64691,-2.68,0.12
0.64692,-2.72,0.08
0.64693,-2.72,0.08
0.64694,-2.68,0.04
0.64695,-2.72,0.16
0.64696,-2.76,0.12
0.64697,-2.76,0.16
0.64698,-2.68,0.16
0.64699,-2.68,0.12
0.647,-2.68,0.08
0.64701,-2.76,0.08
0.64702,-2.68,0.12
0.64703,-2.68,0.04
0.64704,-2.68,0.08
0.64705,-2.68,0.12
0.64706,-2.72,0.12
0.64707,-2.72,0.12
0.64708,-2.68,0.12
0.64709,-2.76,0.12
0.6471,-2.68,0.16
0.64711,-2.64,0.16
0.64712,-2.6,0.08
0.64713,-2.68,0.12
0.64714,-2.64,0.12
0.64715,-2.64,0.12
0.64716,-2.72,0.12
0.64717,-2.76,0.12
0.64718,-2.76,0.16
0.64719,-2.68,0.2
0.6472,-2.72,0.12
0.64721,-2.76,0.16
0.64722,-2.76,0.12
0.64723,-2.68,0.16
0.64724,-2.64,0.12
0.64725,-2.68,0.16
0.64726,-2.68,0.12
0.64727,-2.68,0.08
0.64728,-2.64,0.12
0.64729,-2.68,0.08
0.6473,-2.72,0.12
0.64731,-2.72,0.16
0.64732,-2.64,0.2
0.64733,-2.68,0.2
0.64734,-2.68,0.16
0.64735,-2.64,0.16
0.64736,-2.72,0.12
0.64737,-2.76,0.12
0.64738,-2.72,0.12
0.64739,-2.68,0.12
0.6474,-2.68,0.12
0.64741,-2.68,0.12
0.64742,-2.68,0.12
0.64743,-2.68,0.16
0.64744,-2.68,0.12
0.64745,-2.68,0.12
0.64746,-2.68,0.08
0.64747,-2.64,0.04
0.64748,-2.68,0.12
0.64749,-2.68,0.08
0.6475,-2.72,0.12
0.64751,-2.72,0.16
0.64752,-2.76,0.08
0.64753,-2.64,0.08
0.64754,-2.64,0.12
0.64755,-2.6,0.16
0.64756,-2.72,0.12
0.64757,-2.72,0.2
0.64758,-2.76,0.2
0.64759,-2.68,0.16
0.6476,-2.72,0.12
0.64761,-2.76,0.12
0.64762,-2.76,0.12
0.64763,-2.72,0.16
0.64764,-2.68,0.2
0.64765,-2.64,0.12
0.64766,-2.64,0.12
0.64767,-2.72,0.2
0.64768,-2.72,0.2
0.64769,-2.76,0.16
0.6477,-2.72,0.2
0.64771,-2.68,0.2
0.64772,-2.6,0.12
0.64773,-2.68,0.12
0.64774,-2.72,0.12
0.64775,-2.68,0.2
0.64776,-2.76,0.2
0.64777,-2.68,0.2
0.64778,-2.8,0.12
0.64779,-2.68,0.16
0.6478,-2.72,0.2
0.64781,-2.76,0.2
0.64782,-2.72,0.2
0.64783,-2.68,0.2
0.64784,-2.64,0.24
0.64785,-2.72,0.28
0.64786,-2.72,0.28
0.64787,-2.72,0.24
0.64788,-2.76,0.2
0.64789,-2.68,0.12
0.6479,-2.68,0.08
0.64791,-2.68,0.16
0.64792,-2.68,0.12
0.64793,-2.64,0.16
0.64794,-2.68,0.12
0.64795,-2.76,0.16
0.64796,-2.68,0.2
0.64797,-2.72,0.16
0.64798,-2.68,0.12
0.64799,-2.68,0.12
0.648,-2.72,0.16
0.64801,-2.76,0.2
0.64802,-2.72,0.16
0.64803,-2.68,0.16
0.64804,-2.76,0.24
0.64805,-2.68,0.24
0.64806,-2.72,0.24
0.64807,-2.72,0.2
0.64808,-2.68,0.16
0.64809,-2.68,0.16
0.6481,-2.76,0.16
0.64811,-2.68,0.2
0.64812,-2.72,0.2
0.64813,-2.72,0.16
0.64814,-2.72,0.16
0.64815,-2.68,0.2
0.64816,-2.72,0.2
0.64817,-2.76,0.16
0.64818,-2.68,0.16
0.64819,-2.68,0.16
0.6482,-2.72,0.12
0.64821,-2.76,0.16
0.64822,-2.76,0.16
0.64823,-2.68,0.16
0.64824,-2.76,0.08
0.64825,-2.68,0.2
0.64826,-2.64,0.2
0.64827,-2.68,0.2
0.64828,-2.72,0.2
0.64829,-2.72,0.16
0.6483,-2.72,0.2
0.64831,-2.72,0.2
0.64832,-2.68,0.16
0.64833,-2.68,0.12
0.64834,-2.72,0.16
0.64835,-2.72,0.2
0.64836,-2.76,0.28
0.64837,-2.68,0.24
0.64838,-2.68,0.16
0.64839,-2.68,0.2
0.6484,-2.72,0.28
0.64841,-2.68,0.2
0.64842,-2.76,0.08
0.64843,-2.76,0.12
0.64844,-2.68,0.2
0.64845,-2.6,0.12
0.64846,-2.6,0.12
0.64847,-2.64,0.2
0.64848,-2.8,0.16
0.64849,-2.76,0.12
0.6485,-2.72,0.12
0.64851,-2.72,0.12
0.64852,-2.68,0.16
0.64853,-2.76,0.12
0.64854,-2.64,0.16
0.64855,-2.64,0.2
0.64856,-2.72,0.12
0.64857,-2.76,0.12
0.64858,-2.76,0.12
0.64859,-2.76,0.16
0.6486,-2.72,0.16
0.64861,-2.72,0.12
0.64862,-2.76,0.16
0.64863,-2.64,0.12
0.64864,-2.68,0.12
0.64865,-2.72,0.2
0.64866,-2.72,0.12
0.64867,-2.76,0.2
0.64868,-2.68,0.12
0.64869,-2.72,0.16
0.6487,-2.68,0.2
0.64871,-2.68,0.24
0.64872,-2.68,0.24
0.64873,-2.64,0.24
0.64874,-2.68,0.2
0.64875,-2.68,0.12
0.64876,-2.76,0.12
0.64877,-2.76,0.12
0.64878,-2.76,0.16
0.64879,-2.76,0.16
0.6488,-2.76,0.2
0.64881,-2.76,0.2
0.64882,-2.72,0.2
0.64883,-2.72,0.2
0.64884,-2.72,0.2
0.64885,-2.72,0.16
0.64886,-2.76,0.16
0.64887,-2.72,0.16
0.64888,-2.72,0.12
0.64889,-2.72,0.12
0.6489,-2.72,0.2
0.64891,-2.68,0.2
0.64892,-2.72,0.28
0.64893,-2.76,0.24
0.64894,-2.72,0.24
0.64895,-2.76,0.2
0.64896,-2.76,0.2
0.64897,-2.68,0.16
0.64898,-2.68,0.12
0.64899,-2.72,0.12
0.649,-2.72,0.16
0.64901,-2.72,0.16
0.64902,-2.76,0.12
0.64903,-2.72,0.12
0.64904,-2.8,0.2
0.64905,-2.72,0.2
0.64906,-2.72,0.2
0.64907,-2.68,0.16
0.64908,-2.72,0.16
0.64909,-2.68,0.2
0.6491,-2.68,0.2
0.64911,-2.68,0.16
0.64912,-2.68,0.12
0.64913,-2.72,0.16
0.64914,-2.68,0.2
0.64915,-2.68,0.16
0.64916,-2.76,0.12
0.64917,-2.72,0.2
0.64918,-2.72,0.2
0.64919,-2.72,0.2
0.6492,-2.76,0.16
0.64921,-2.8,0.12
0.64922,-2.68,0.16
0.64923,-2.72,0.24
0.64924,-2.8,0.2
0.64925,-2.76,0.16
0.64926,-2.72,0.04
0.64927,-2.72,0.12
0.64928,-2.72,0.16
0.64929,-2.8,0.16
0.6493,-2.76,0.16
0.64931,-2.76,0.16
0.64932,-2.8,0.16
0.64933,-2.76,0.12
0.64934,-2.8,0.16
0.64935,-2.76,0.2
0.64936,-2.72,0.16
0.64937,-2.68,0.16
0.64938,-2.76,0.2
0.64939,-2.72,0.2
0.6494,-2.76,0.16
0.64941,-2.72,0.12
0.64942,-2.72,0.08
0.64943,-2.8,0.12
0.64944,-2.68,0.12
0.64945,-2.68,0.2
0.64946,-2.68,0.24
0.64947,-2.64,0.24
0.64948,-2.6,0.12
0.64949,-2.68,0.08
0.6495,-2.72,0.12
0.64951,-2.76,0.12
0.64952,-2.76,0.12
0.64953,-2.64,0.16
0.64954,-2.64,0.2
0.64955,-2.6,0.16
0.64956,-2.72,0.04
0.64957,-2.68,0.04
0.64958,-2.76,0.12
0.64959,-2.72,0.16
0.6496,-2.68,0.16
0.64961,-2.68,0.2
0.64962,-2.8,0.16
0.64963,-2.76,0.2
0.64964,-2.8,0.12
0.64965,-2.72,0.16
0.64966,-2.72,0.12
0.64967,-2.68,0.12
0.64968,-2.64,0.12
0.64969,-2.64,0.12
0.6497,-2.64,0.2
0.64971,-2.68,0.2
0.64972,-2.68,0.12
0.64973,-2.76,0.12
0.64974,-2.72,0.12
0.64975,-2.76,0.2
0.64976,-2.68,0.16
0.64977,-2.8,0.08
0.64978,-2.88,0.12
0.64979,-2.76,0.12
0.6498,-2.76,0.2
0.64981,-2.76,0.28
0.64982,-2.8,0.16
0.64983,-2.72,0.12
0.64984,-2.72,0.16
0.64985,-2.76,0.12
0.64986,-2.76,0.16
0.64987,-2.64,0.12
0.64988,-2.68,0.16
0.64989,-2.68,0.12
0.6499,-2.72,0.04
0.64991,-2.68,0.04
0.64992,-2.72,0.08
0.64993,-2.76,0.2
0.64994,-2.76,0.12
0.64995,-2.72,0.12
0.64996,-2.84,0.16
0.64997,-2.76,0.16
0.64998,-2.68,0.12
0.64999,-2.64,0.2
0.65,-2.72,0.08
0.65001,-2.72,0.04
0.65002,-2.64,0.04
0.65003,-2.68,0.12
0.65004,-2.68,0.12
0.65005,-2.6,0.04
0.65006,-2.68,0.12
0.65007,-2.72,0.2
0.65008,-2.68,0.2
0.65009,-2.76,0.12
0.6501,-2.76,0.12
0.65011,-2.72,0.08
0.65012,-2.76,0.12
0.65013,-2.76,0.16
0.65014,-2.72,0.12
0.65015,-2.68,0.12
0.65016,-2.72,0.12
0.65017,-2.72,0.2
0.65018,-2.72,0.12
0.65019,-2.68,0.12
0.6502,-2.68,0.04
0.65021,-2.64,0.08
0.65022,-2.72,0.12
0.65023,-2.68,0.04
0.65024,-2.72,0.08
0.65025,-2.72,0.16
0.65026,-2.76,0.08
0.65027,-2.76,0.04
0.65028,-2.8,0.12
0.65029,-2.68,0.12
0.6503,-2.64,0.12
0.65031,-2.68,0.12
0.65032,-2.68,0.16
0.65033,-2.68,0.16
0.65034,-2.68,0.2
0.65035,-2.68,0.12
0.65036,-2.64,0.12
0.65037,-2.72,0.12
0.65038,-2.72,0.12
0.65039,-2.68,0.16
0.6504,-2.68,0.2
0.65041,-2.72,0.12
0.65042,-2.76,0.08
0.65043,-2.64,0.12
0.65044,-2.68,0.24
0.65045,-2.68,0.28
0.65046,-2.72,0.12
0.65047,-2.64,0.12
0.65048,-2.56,0.08
0.65049,-2.64,0.12
0.6505,-2.68,0.16
0.65051,-2.72,0.12
0.65052,-2.72,0.16
0.65053,-2.72,0.16
0.65054,-2.72,0.12
0.65055,-2.72,0.12
0.65056,-2.72,0.2
0.65057,-2.64,0.16
0.65058,-2.72,0.12
0.65059,-2.76,0.12
0.6506,-2.68,0.12
0.65061,-2.72,0.16
0.65062,-2.6,0.12
0.65063,-2.68,0.16
0.65064,-2.68,0.16
0.65065,-2.68,0.16
0.65066,-2.72,0.16
0.65067,-2.72,0.2
0.65068,-2.72,0.2
0.65069,-2.72,0.2
0.6507,-2.68,0.2
0.65071,-2.72,0.2
0.65072,-2.72,0.12
0.65073,-2.68,0.12
0.65074,-2.68,0.2
0.65075,-2.68,0.16
0.65076,-2.72,0.2
0.65077,-2.68,0.2
0.65078,-2.76,0.2
0.65079,-2.76,0.24
0.6508,-2.76,0.2
0.65081,-2.72,0.2
0.65082,-2.68,0.24
0.65083,-2.68,0.2
0.65084,-2.76,0.2
0.65085,-2.68,0.2
0.65086,-2.68,0.2
0.65087,-2.68,0.2
0.65088,-2.68,0.16
0.65089,-2.72,0.16
0.6509,-2.72,0.2
0.65091,-2.76,0.12
0.65092,-2.76,0.16
0.65093,-2.72,0.12
0.65094,-2.76,0.12
0.65095,-2.76,0.2
0.65096,-2.76,0.2
0.65097,-2.72,0.12
0.65098,-2.68,0.12
0.65099,-2.76,0.08
0.651,-2.64,0.04
0.65101,-2.64,0.08
0.65102,-2.68,0.16
0.65103,-2.72,0.2
0.65104,-2.72,0.12
0.65105,-2.72,0.16
0.65106,-2.76,0.12
0.65107,-2.72,0.16
0.65108,-2.68,0.12
0.65109,-2.68,0.2
0.6511,-2.72,0.16
0.65111,-2.64,0.16
0.65112,-2.68,0.16
0.65113,-2.64,0.12
0.65114,-2.64,0.12
0.65115,-2.72,0.12
0.65116,-2.72,0.12
0.65117,-2.64,0.16
0.65118,-2.72,0.08
0.65119,-2.68,0.08
0.6512,-2.68,0.12
0.65121,-2.68,0.12
0.65122,-2.68,0.16
0.65123,-2.72,0.16
0.65124,-2.76,0.08
0.65125,-2.72,0.12
0.65126,-2.72,0.12
0.65127,-2.68,0.12
0.65128,-2.68,0.12
0.65129,-2.72,0.12
0.6513,-2.64,0.12
0.65131,-2.76,0.16
0.65132,-2.72,0.2
0.65133,-2.72,0.12
0.65134,-2.68,0.12
0.65135,-2.64,0.16
0.65136,-2.68,0.12
0.65137,-2.72,0.08
0.65138,-2.72,0.12
0.65139,-2.76,0.12
0.6514,-2.8,0.12
0.65141,-2.76,0.16
0.65142,-2.76,0.2
0.65143,-2.76,0.16
0.65144,-2.76,0.04
0.65145,-2.72,0.08
0.65146,-2.76,0.12
0.65147,-2.76,0.16
0.65148,-2.76,0.08
0.65149,-2.76,0.12
0.6515,-2.68,0.16
0.65151,-2.68,0.16
0.65152,-2.68,0.2
0.65153,-2.68,0.16
0.65154,-2.72,0.16
0.65155,-2.72,0.16
0.65156,-2.68,0.12
0.65157,-2.76,0.04
0.65158,-2.68,0.04
0.65159,-2.76,0.08
0.6516,-2.72,0.12
0.65161,-2.72,0.08
0.65162,-2.64,0.12
0.65163,-2.68,0.08
0.65164,-2.68,0.12
0.65165,-2.68,0.16
0.65166,-2.76,0.2
0.65167,-2.72,0.2
0.65168,-2.76,0.12
0.65169,-2.72,0.12
0.6517,-2.72,0.2
0.65171,-2.76,0.16
0.65172,-2.76,0.08
0.65173,-2.68,0.16
0.65174,-2.76,0.12
0.65175,-2.8,0.12
0.65176,-2.8,0.12
0.65177,-2.72,0.04
0.65178,-2.72,0.04
0.65179,-2.76,0.08
0.6518,-2.72,0.2
0.65181,-2.76,0.16
0.65182,-2.76,0.12
0.65183,-2.72,0.04
0.65184,-2.64,0.2
0.65185,-2.76,0.12
0.65186,-2.68,0.04
0.65187,-2.68,0.04
0.65188,-2.68,0.16
0.65189,-2.68,0.08
0.6519,-2.68,0.12
0.65191,-2.76,0.2
0.65192,-2.68,0.12
0.65193,-2.68,0.16
0.65194,-2.68,0.12
0.65195,-2.68,0.12
0.65196,-2.76,0.12
0.65197,-2.76,0.04
0.65198,-2.76,0.08
0.65199,-2.68,0.16
0.652,-2.76,0.16
0.65201,-2.68,0.16
0.65202,-2.68,0.12
0.65203,-2.68,0.08
0.65204,-2.76,0.12
0.65205,-2.76,0.08
0.65206,-2.72,0.04
0.65207,-2.72,0.12
0.65208,-2.68,0.12
0.65209,-2.68,0.12
0.6521,-2.72,0.16
0.65211,-2.68,0.16
0.65212,-2.68,0.12
0.65213,-2.72,0.08
0.65214,-2.64,0.2
0.65215,-2.64,0.12
0.65216,-2.64,0.16
0.65217,-2.8,0.12
0.65218,-2.76,0.2
0.65219,-2.68,0.12
0.6522,-2.72,0.04
0.65221,-2.72,0.08
0.65222,-2.68,0.08
0.65223,-2.76,0.12
0.65224,-2.8,0.12
0.65225,-2.76,0.12
0.65226,-2.8,0.12
0.65227,-2.68,0.08
0.65228,-2.72,0.08
0.65229,-2.72,0.12
0.6523,-2.72,0.12
0.65231,-2.76,0.08
0.65232,-2.84,0.12
0.65233,-2.8,0.08
0.65234,-2.8,0.08
0.65235,-2.68,0.08
0.65236,-2.64,0.16
0.65237,-2.68,0.16
0.65238,-2.68,0.12
0.65239,-2.72,0.24
0.6524,-2.72,0.24
0.65241,-2.76,0.12
0.65242,-2.76,0.04
0.65243,-2.72,0.08
0.65244,-2.72,0.12
0.65245,-2.76,0.2
0.65246,-2.72,0.12
0.65247,-2.76,0.12
0.65248,-2.8,0.16
0.65249,-2.8,0.12
