1.255,-2.76,0.28
1.255,-2.8,0.12
1.255,-2.8,0.12
1.2551,-2.8,0.12
1.2551,-2.8,0.24
1.2551,-2.8,0.2
1.2551,-2.76,0.16
1.2551,-2.8,0.24
1.2552,-2.76,0.24
1.2552,-2.72,0.08
1.2552,-2.76,0.16
1.2552,-2.72,0.2
1.2552,-2.76,0.2
1.2553,-2.68,0.2
1.2553,-2.72,0.16
1.2553,-2.76,0.12
1.2553,-2.76,0.16
1.2553,-2.72,0.2
1.2554,-2.8,0.16
1.2554,-2.72,0.12
1.2554,-2.84,0.2
1.2554,-2.76,0.24
1.2554,-2.72,0.2
1.2555,-2.68,0.16
1.2555,-2.84,0.16
1.2555,-2.72,0.12
1.2555,-2.64,0.16
1.2555,-2.72,0.2
1.2556,-2.68,0.12
1.2556,-2.76,0.08
1.2556,-2.72,0.2
1.2556,-2.76,0.12
1.2556,-2.76,0.16
1.2557,-2.68,0.16
1.2557,-2.68,0.2
1.2557,-2.64,0.16
1.2557,-2.68,0.16
1.2557,-2.76,0.16
1.2558,-2.68,0.2
1.2558,-2.72,0.16
1.2558,-2.64,0.16
1.2558,-2.6,0.12
1.2558,-2.72,0.12
1.2559,-2.76,0.16
1.2559,-2.6,0.12
1.2559,-2.8,0.12
1.2559,-2.8,0.2
1.2559,-2.72,0.12
1.256,-2.68,0.16
1.256,-2.76,0.08
1.256,-2.68,0.2
1.256,-2.76,0.24
1.256,-2.72,0.2
1.2561,-2.72,0.2
1.2561,-2.72,0.2
1.2561,-2.64,0.2
1.2561,-2.6,0.2
1.2561,-2.68,0.12
1.2562,-2.72,0.12
1.2562,-2.76,0.04
1.2562,-2.76,0.2
1.2562,-2.8,0.12
1.2562,-2.76,0.12
1.2563,-2.72,0.08
1.2563,-2.76,0.08
1.2563,-2.76,0.16
1.2563,-2.76,0.16
1.2563,-2.76,0.2
1.2564,-2.76,0.12
1.2564,-2.56,0.2
1.2564,-2.68,0.12
1.2564,-2.76,0.16
1.2564,-2.72,0.2
1.2565,-2.68,0.16
1.2565,-2.68,0.16
1.2565,-2.72,0.12
1.2565,-2.8,0.16
1.2565,-2.64,0.12
1.2566,-2.76,0.16
1.2566,-2.8,0.12
1.2566,-2.76,0.12
1.2566,-2.68,0.12
1.2566,-2.64,0.2
1.2567,-2.76,0.12
1.2567,-2.68,0.12
1.2567,-2.64,0.24
1.2567,-2.68,0.28
1.2567,-2.72,0.12
1.2568,-2.68,0.12
1.2568,-2.68,0.12
1.2568,-2.76,0.16
1.2568,-2.72,0.08
1.2568,-2.72,0.2
1.2569,-2.68,0.08
1.2569,-2.76,0.16
1.2569,-2.76,0.16
1.2569,-2.72,0.2
1.2569,-2.68,0.16
1.257,-2.64,0.12
1.257,-2.72,0.08
1.257,-2.76,0.24
1.257,-2.8,0.2
1.257,-2.76,0.16
1.2571,-2.72,0.2
1.2571,-2.68,0.24
1.2571,-2.76,0.24
1.2571,-2.72,0.12
1.2571,-2.76,0.08
1.2572,-2.76,0.2
1.2572,-2.84,0.2
1.2572,-2.76,0.2
1.2572,-2.64,0.16
1.2572,-2.64,0.16
1.2573,-2.68,0.24
1.2573,-2.76,0.2
1.2573,-2.64,0.16
1.2573,-2.72,0.12
1.2573,-2.76,0.24
1.2574,-2.76,0.2
1.2574,-2.68,0.16
1.2574,-2.64,0.16
1.2574,-2.68,0.24
1.2574,-2.68,0.16
1.2575,-2.76,0.16
1.2575,-2.68,0.16
1.2575,-2.76,0.2
1.2575,-2.72,0.24
1.2575,-2.68,0.2
1.2576,-2.76,0.2
1.2576,-2.72,0.24
1.2576,-2.68,0.12
1.2576,-2.76,0.12
1.2576,-2.72,0.2
1.2577,-2.68,0.16
1.2577,-2.8,0.2
1.2577,-2.76,0.2
1.2577,-2.76,0.08
1.2577,-2.8,0.12
1.2578,-2.8,0.28
1.2578,-2.8,0.16
1.2578,-2.68,0.12
1.2578,-2.76,0.2
1.2578,-2.76,0.2
1.2579,-2.68,0.2
1.2579,-2.64,0.2
1.2579,-2.76,0.2
1.2579,-2.76,0.04
1.2579,-2.72,0.12
1.258,-2.76,0.2
1.258,-2.72,0.04
1.258,-2.68,0.2
1.258,-2.72,0.2
1.258,-2.68,0.16
1.2581,-2.68,0.28
1.2581,-2.68,0.24
1.2581,-2.68,0.16
1.2581,-2.76,0.12
1.2581,-2.76,0.2
1.2582,-2.76,0.08
1.2582,-2.72,0.12
1.2582,-2.76,0.16
1.2582,-2.8,0.12
1.2582,-2.72,0.2
1.2583,-2.8,0.08
1.2583,-2.76,0.08
1.2583,-2.76,0.2
1.2583,-2.68,0.24
1.2583,-2.76,0.16
1.2584,-2.72,0.24
1.2584,-2.64,0.24
1.2584,-2.76,0.2
1.2584,-2.72,0.16
1.2584,-2.72,0.12
1.2585,-2.8,0.16
1.2585,-2.68,0.16
1.2585,-2.6,0.12
1.2585,-2.68,0.12
1.2585,-2.68,0.24
1.2586,-2.72,0.16
1.2586,-2.72,0.16
1.2586,-2.72,0.12
1.2586,-2.76,0.16
1.2586,-2.8,0.12
1.2587,-2.76,0.12
1.2587,-2.68,0.04
1.2587,-2.76,0.2
1.2587,-2.72,0.16
1.2587,-2.68,0.12
1.2588,-2.72,0.16
1.2588,-2.72,0.24
1.2588,-2.76,0.16
1.2588,-2.64,0.24
1.2588,-2.68,0.24
1.2589,-2.8,0.08
1.2589,-2.72,0.12
1.2589,-2.8,0.16
1.2589,-2.76,0.2
1.2589,-2.68,0.2
1.259,-2.76,0.16
1.259,-2.8,0.16
1.259,-2.68,0.16
1.259,-2.76,0.2
1.259,-2.64,0.28
1.2591,-2.68,0.2
1.2591,-2.76,0.2
1.2591,-2.76,0.12
1.2591,-2.76,0.12
1.2591,-2.76,0.16
1.2592,-2.76,0.16
1.2592,-2.72,0.2
1.2592,-2.72,0.08
1.2592,-2.76,0.08
1.2592,-2.8,0.16
1.2593,-2.8,0.24
1.2593,-2.76,0.2
1.2593,-2.72,0.12
1.2593,-2.8,0.12
1.2593,-2.76,0.12
1.2594,-2.76,0.12
1.2594,-2.68,0.28
1.2594,-2.72,0.12
1.2594,-2.72,0.24
1.2594,-2.8,0.2
1.2595,-2.76,0.24
1.2595,-2.76,0.08
1.2595,-2.76,0.12
1.2595,-2.76,0.2
1.2595,-2.76,0.2
1.2596,-2.76,0.12
1.2596,-2.76,0.24
1.2596,-2.72,0.2
1.2596,-2.76,0.12
1.2596,-2.68,0.16
1.2597,-2.76,0.12
1.2597,-2.84,0.08
1.2597,-2.72,0.04
1.2597,-2.76,0.08
1.2597,-2.72,0.08
1.2598,-2.72,0.2
1.2598,-2.64,0.08
1.2598,-2.72,0.12
1.2598,-2.76,0.12
1.2598,-2.76,0.2
1.2599,-2.68,0.2
1.2599,-2.68,0.16
1.2599,-2.72,0.2
1.2599,-2.68,0.16
1.2599,-2.72,0.2
1.26,-2.72,0.28
1.26,-2.8,0.2
1.26,-2.72,0.2
1.26,-2.68,0.28
1.26,-2.84,0.24
1.2601,-2.8,0.2
1.2601,-2.76,0.12
1.2601,-2.72,0.16
1.2601,-2.76,0.16
1.2601,-2.6,0.16
1.2602,-2.72,0.12
1.2602,-2.76,0.12
1.2602,-2.72,0.16
1.2602,-2.76,0.16
1.2602,-2.72,0.12
1.2603,-2.72,0.2
1.2603,-2.68,0.16
1.2603,-2.68,0.16
1.2603,-2.72,0.16
1.2603,-2.68,0.2
1.2604,-2.72,0.2
1.2604,-2.76,0.2
1.2604,-2.72,0.24
1.2604,-2.76,0.04
1.2604,-2.76,0.08
1.2605,-2.76,0.16
1.2605,-2.76,0.2
1.2605,-2.76,0.24
1.2605,-2.76,0.16
1.2605,-2.64,0.16
1.2606,-2.72,0.16
1.2606,-2.76,0.16
1.2606,-2.8,0.08
1.2606,-2.72,0.2
1.2606,-2.76,0.12
1.2607,-2.8,0.24
1.2607,-2.76,0.16
1.2607,-2.76,0.16
1.2607,-2.68,0.2
1.2607,-2.8,0.16
1.2608,-2.72,0.2
1.2608,-2.68,0.16
1.2608,-2.64,0.24
1.2608,-2.72,0.2
1.2608,-2.76,0.16
1.2609,-2.72,0.12
1.2609,-2.68,0.16
1.2609,-2.8,0.24
1.2609,-2.84,0.16
1.2609,-2.76,0.2
1.261,-2.68,0.2
1.261,-2.68,0.2
1.261,-2.72,0.2
1.261,-2.68,0.16
1.261,-2.72,0.12
1.2611,-2.84,0.12
1.2611,-2.72,0.2
1.2611,-2.68,0.2
1.2611,-2.72,0.2
1.2611,-2.72,0.2
1.2612,-2.72,0.16
1.2612,-2.64,0.08
1.2612,-2.72,0.08
1.2612,-2.8,0.24
1.2612,-2.76,0.2
1.2613,-2.68,0.16
1.2613,-2.64,0.12
1.2613,-2.8,0.2
1.2613,-2.72,0.2
1.2613,-2.76,0.16
1.2614,-2.76,0.12
1.2614,-2.68,0.08
1.2614,-2.68,0.16
1.2614,-2.72,0.12
1.2614,-2.68,0.12
1.2615,-2.8,0.2
1.2615,-2.76,0.16
1.2615,-2.68,0.24
1.2615,-2.72,0.12
1.2615,-2.76,0.12
1.2616,-2.76,0.16
1.2616,-2.76,0.12
1.2616,-2.8,0.24
1.2616,-2.76,0.16
1.2616,-2.76,0.16
1.2617,-2.68,0.2
1.2617,-2.68,0.2
1.2617,-2.68,0.16
1.2617,-2.68,0.2
1.2617,-2.68,0.2
1.2618,-2.68,0.16
1.2618,-2.76,0.24
1.2618,-2.8,0.32
1.2618,-2.68,0.16
1.2618,-2.68,0.2
1.2619,-2.68,0.16
1.2619,-2.76,0.2
1.2619,-2.76,0.2
1.2619,-2.76,0.16
1.2619,-2.76,0.24
1.262,-2.68,0.16
1.262,-2.72,0.12
1.262,-2.72,0.2
1.262,-2.64,0.28
1.262,-2.76,0.12
1.2621,-2.68,0.16
1.2621,-2.64,0.2
1.2621,-2.72,0.2
1.2621,-2.72,0.2
1.2621,-2.72,0.16
1.2622,-2.8,0.2
1.2622,-2.84,0.16
1.2622,-2.84,0.24
1.2622,-2.76,0.2
1.2622,-2.72,0.2
1.2623,-2.72,0.28
1.2623,-2.76,0.2
1.2623,-2.72,0.16
1.2623,-2.72,0.24
1.2623,-2.76,0.2
1.2624,-2.76,0.16
1.2624,-2.68,0.24
1.2624,-2.68,0.12
1.2624,-2.76,0.12
1.2624,-2.8,0.16
1.2625,-2.8,0.16
1.2625,-2.72,0.2
1.2625,-2.72,0.2
1.2625,-2.8,0.16
1.2625,-2.72,0.16
1.2626,-2.76,0.16
1.2626,-2.76,0.2
1.2626,-2.76,0.24
1.2626,-2.76,0.2
1.2626,-2.76,0.2
1.2627,-2.72,0.12
1.2627,-2.76,0.16
1.2627,-2.68,0.32
1.2627,-2.76,0.12
1.2627,-2.76,0.2
1.2628,-2.76,0.16
1.2628,-2.72,0.16
1.2628,-2.76,0.12
1.2628,-2.76,0.16
1.2628,-2.76,0.08
1.2629,-2.76,0.16
1.2629,-2.8,0.16
1.2629,-2.76,0.2
1.2629,-2.8,0.2
1.2629,-2.76,0.2
1.263,-2.68,0.16
1.263,-2.76,0.12
1.263,-2.76,0.12
1.263,-2.72,0.2
1.263,-2.72,0.28
1.2631,-2.72,0.2
1.2631,-2.76,0.16
1.2631,-2.68,0.2
1.2631,-2.72,0.12
1.2631,-2.76,0.2
1.2632,-2.8,0.12
1.2632,-2.68,0.12
1.2632,-2.68,0.16
1.2632,-2.68,0.2
1.2632,-2.72,0.16
1.2633,-2.68,0.2
1.2633,-2.72,0.16
1.2633,-2.68,0.24
1.2633,-2.8,0.2
1.2633,-2.72,0.2
1.2634,-2.8,0.24
1.2634,-2.8,0.2
1.2634,-2.72,0.16
1.2634,-2.72,0.12
1.2634,-2.8,0.12
1.2635,-2.76,0.2
1.2635,-2.72,0.2
1.2635,-2.72,0.2
1.2635,-2.64,0.24
1.2635,-2.76,0.16
1.2636,-2.68,0.16
1.2636,-2.64,0.12
1.2636,-2.64,0.2
1.2636,-2.64,0.2
1.2636,-2.72,0.2
1.2637,-2.68,0.2
1.2637,-2.8,0.24
1.2637,-2.76,0.16
1.2637,-2.76,0.16
1.2637,-2.72,0.16
1.2638,-2.76,0.24
1.2638,-2.72,0.2
1.2638,-2.76,0.16
1.2638,-2.72,0.08
1.2638,-2.84,0.2
1.2639,-2.8,0.2
1.2639,-2.8,0.2
1.2639,-2.72,0.2
1.2639,-2.76,0.32
1.2639,-2.72,0.2
1.264,-2.76,0.2
1.264,-2.72,0.24
1.264,-2.88,0.2
1.264,-2.8,0.24
1.264,-2.72,0.24
1.2641,-2.64,0.16
1.2641,-2.76,0.28
1.2641,-2.76,0.16
1.2641,-2.76,0.16
1.2641,-2.8,0.16
1.2642,-2.68,0.36
1.2642,-2.68,0.2
1.2642,-2.76,0.2
1.2642,-2.72,0.16
1.2642,-2.72,0.24
1.2643,-2.68,0.16
1.2643,-2.72,0.24
1.2643,-2.72,0.24
1.2643,-2.68,0.28
1.2643,-2.8,0.16
1.2644,-2.72,0.28
1.2644,-2.76,0.16
1.2644,-2.76,0.2
1.2644,-2.72,0.24
1.2644,-2.68,0.2
1.2645,-2.72,0.12
1.2645,-2.68,0.16
1.2645,-2.8,0.16
1.2645,-2.8,0.12
1.2645,-2.76,0.08
1.2646,-2.68,0.08
1.2646,-2.8,0.2
1.2646,-2.8,0.16
1.2646,-2.8,0.16
1.2646,-2.68,0.08
1.2647,-2.76,0.16
1.2647,-2.8,0.12
1.2647,-2.76,0.12
1.2647,-2.64,0.16
1.2647,-2.68,0.12
1.2648,-2.72,0.08
1.2648,-2.76,0.12
1.2648,-2.68,0.24
1.2648,-2.76,0.12
1.2648,-2.72,0.12
1.2649,-2.72,0.24
1.2649,-2.72,0.24
1.2649,-2.72,0.12
1.2649,-2.68,0.12
1.2649,-2.68,0.2
1.265,-2.68,0.2
1.265,-2.68,0.16
1.265,-2.68,0.16
1.265,-2.68,0.16
1.265,-2.84,0.24
1.2651,-2.68,0.08
1.2651,-2.76,0.2
1.2651,-2.64,0.12
1.2651,-2.76,0.16
1.2651,-2.76,0.12
1.2652,-2.76,0.12
1.2652,-2.68,0.12
1.2652,-2.72,0.2
1.2652,-2.76,0.16
1.2652,-2.8,0.2
1.2653,-2.72,0.2
1.2653,-2.68,0.08
1.2653,-2.72,0.2
1.2653,-2.76,0.2
1.2653,-2.8,0.12
1.2654,-2.76,0.16
1.2654,-2.76,0.16
1.2654,-2.72,0.2
1.2654,-2.76,0.2
1.2654,-2.76,0.16
1.2655,-2.76,0.2
1.2655,-2.8,0.2
1.2655,-2.72,0.12
1.2655,-2.72,0.12
1.2655,-2.72,0.16
1.2656,-2.64,0.12
1.2656,-2.68,0.16
1.2656,-2.76,0.16
1.2656,-2.76,0.2
1.2656,-2.68,0.2
1.2657,-2.8,0.04
1.2657,-2.76,0.16
1.2657,-2.76,0.24
1.2657,-2.72,0.16
1.2657,-2.76,0.08
1.2658,-2.84,0.12
1.2658,-2.76,0.2
1.2658,-2.72,0.24
1.2658,-2.76,0.2
1.2658,-2.72,0.12
1.2659,-2.68,0.2
1.2659,-2.8,0.2
1.2659,-2.72,0.12
1.2659,-2.68,0.16
1.2659,-2.72,0.2
1.266,-2.68,0.08
1.266,-2.72,0.2
1.266,-2.76,0.2
1.266,-2.76,0.2
1.266,-2.76,0.04
1.2661,-2.76,0.16
1.2661,-2.84,0.16
1.2661,-2.84,0.12
1.2661,-2.88,0.2
1.2661,-2.84,0.16
1.2662,-2.84,0.12
1.2662,-2.72,0.16
1.2662,-2.8,0.12
1.2662,-2.8,0.16
1.2662,-2.8,0.12
1.2663,-2.8,0.24
1.2663,-2.8,0.12
1.2663,-2.72,0.24
1.2663,-2.76,0.16
1.2663,-2.72,0.12
1.2664,-2.8,0.2
1.2664,-2.8,0.2
1.2664,-2.8,0.16
1.2664,-2.72,0.12
1.2664,-2.76,0.12
1.2665,-2.8,0.2
1.2665,-2.76,0.12
1.2665,-2.72,0.28
1.2665,-2.76,0.24
1.2665,-2.72,0.2
1.2666,-2.72,0.2
1.2666,-2.8,0.04
1.2666,-2.72,0.16
1.2666,-2.76,0.16
1.2666,-2.68,0.08
1.2667,-2.76,0.2
1.2667,-2.72,0.24
1.2667,-2.76,0.2
1.2667,-2.76,0.12
1.2667,-2.8,0.16
1.2668,-2.76,0.04
1.2668,-2.76,0.12
1.2668,-2.84,0
1.2668,-2.8,0.04
1.2668,-2.76,0.12
1.2669,-2.8,0.08
1.2669,-2.68,0.2
1.2669,-2.72,0.16
1.2669,-2.8,0.2
1.2669,-2.72,0.16
1.267,-2.8,0.12
1.267,-2.72,0.16
1.267,-2.76,0.16
1.267,-2.68,0.2
1.267,-2.68,0.28
1.2671,-2.72,0.2
1.2671,-2.72,0.12
1.2671,-2.68,0.28
1.2671,-2.76,0.2
1.2671,-2.76,0.24
1.2672,-2.64,0.2
1.2672,-2.76,0.12
1.2672,-2.8,0.2
1.2672,-2.72,0.24
1.2672,-2.68,0.12
1.2673,-2.72,0.12
1.2673,-2.68,0.16
1.2673,-2.8,0.16
1.2673,-2.72,0.12
1.2673,-2.68,0.16
1.2674,-2.76,0.16
1.2674,-2.68,0.2
1.2674,-2.76,0.24
1.2674,-2.8,0.12
1.2674,-2.72,0.12
1.2675,-2.72,0.24
1.2675,-2.76,0.2
1.2675,-2.68,0.2
1.2675,-2.6,0.16
1.2675,-2.68,0.12
1.2676,-2.88,0.2
1.2676,-2.76,0.2
1.2676,-2.72,0.2
1.2676,-2.68,0.2
1.2676,-2.68,0.24
1.2677,-2.76,0.12
1.2677,-2.8,0.2
1.2677,-2.68,0.2
1.2677,-2.68,0.24
1.2677,-2.76,0.2
1.2678,-2.76,0.12
1.2678,-2.68,0.08
1.2678,-2.68,0.2
1.2678,-2.76,0.2
1.2678,-2.68,0.2
1.2679,-2.68,0.2
1.2679,-2.68,0.16
1.2679,-2.72,0.2
1.2679,-2.68,0.28
1.2679,-2.76,0.2
1.268,-2.8,0.2
1.268,-2.76,0.2
1.268,-2.8,0.12
1.268,-2.68,0.16
1.268,-2.76,0.12
1.2681,-2.64,0.24
1.2681,-2.56,0.2
1.2681,-2.72,0.16
1.2681,-2.68,0.08
1.2681,-2.68,0.04
1.2682,-2.68,0.12
1.2682,-2.72,0.16
1.2682,-2.68,0.12
1.2682,-2.8,0.16
1.2682,-2.68,0.16
1.2683,-2.76,0.2
1.2683,-2.8,0.2
1.2683,-2.8,0.12
1.2683,-2.72,0.2
1.2683,-2.72,0.16
1.2684,-2.76,0.12
1.2684,-2.72,0.2
1.2684,-2.72,0.2
1.2684,-2.8,0.16
1.2684,-2.64,0.2
1.2685,-2.68,0.24
1.2685,-2.68,0.12
1.2685,-2.68,0.2
1.2685,-2.72,0.16
1.2685,-2.68,0.2
1.2686,-2.6,0.16
1.2686,-2.68,0.2
1.2686,-2.72,0.2
1.2686,-2.64,0.24
1.2686,-2.6,0.12
1.2687,-2.76,0.24
1.2687,-2.68,0.2
1.2687,-2.64,0.2
1.2687,-2.64,0.16
1.2687,-2.72,0.12
1.2688,-2.68,0.24
1.2688,-2.72,0.28
1.2688,-2.76,0.24
1.2688,-2.68,0.24
1.2688,-2.68,0.2
1.2689,-2.72,0.16
1.2689,-2.76,0.16
1.2689,-2.76,0.24
1.2689,-2.76,0.12
1.2689,-2.76,0.12
1.269,-2.72,0.24
1.269,-2.68,0.2
1.269,-2.68,0.12
1.269,-2.68,0.2
1.269,-2.68,0.12
1.2691,-2.72,0.16
1.2691,-2.72,0.16
1.2691,-2.76,0.16
1.2691,-2.76,0.24
1.2691,-2.8,0.16
1.2692,-2.72,0.24
1.2692,-2.72,0.2
1.2692,-2.68,0.2
1.2692,-2.72,0.2
1.2692,-2.68,0.2
1.2693,-2.68,0.2
1.2693,-2.76,0.2
1.2693,-2.76,0.12
1.2693,-2.76,0.16
1.2693,-2.68,0.16
1.2694,-2.76,0.2
1.2694,-2.76,0.16
1.2694,-2.76,0.2
1.2694,-2.72,0.24
1.2694,-2.76,0.16
1.2695,-2.76,0.2
1.2695,-2.68,0.16
1.2695,-2.72,0.16
1.2695,-2.76,0.2
1.2695,-2.64,0.16
1.2696,-2.68,0.24
1.2696,-2.72,0.2
1.2696,-2.68,0.24
1.2696,-2.68,0.28
1.2696,-2.68,0.2
1.2697,-2.68,0.28
1.2697,-2.68,0.24
1.2697,-2.68,0.2
1.2697,-2.76,0.2
1.2697,-2.76,0.2
1.2698,-2.72,0.2
1.2698,-2.76,0.2
1.2698,-2.72,0.12
1.2698,-2.76,0.16
1.2698,-2.68,0.2
1.2699,-2.8,0.24
1.2699,-2.76,0.24
1.2699,-2.72,0.2
1.2699,-2.68,0.2
1.2699,-2.72,0.16
1.27,-2.76,0.12
1.27,-2.84,0.12
1.27,-2.76,0.24
1.27,-2.68,0.16
1.27,-2.72,0.2
1.2701,-2.76,0.16
1.2701,-2.76,0.2
1.2701,-2.72,0.2
1.2701,-2.64,0.28
1.2701,-2.8,0.24
1.2702,-2.76,0.16
1.2702,-2.68,0.2
1.2702,-2.6,0.2
1.2702,-2.68,0.2
1.2702,-2.72,0.2
1.2703,-2.8,0.16
1.2703,-2.72,0.2
1.2703,-2.72,0.24
1.2703,-2.76,0.16
1.2703,-2.76,0.24
1.2704,-2.68,0.24
1.2704,-2.76,0.24
1.2704,-2.68,0.28
1.2704,-2.68,0.24
1.2704,-2.8,0.2
1.2705,-2.64,0.2
1.2705,-2.76,0.16
1.2705,-2.76,0.2
1.2705,-2.68,0.2
1.2705,-2.76,0.2
1.2706,-2.8,0.2
1.2706,-2.8,0.2
1.2706,-2.76,0.16
1.2706,-2.72,0.16
1.2706,-2.76,0.24
1.2707,-2.72,0.24
1.2707,-2.76,0.2
1.2707,-2.76,0.2
1.2707,-2.68,0.2
1.2707,-2.64,0.2
1.2708,-2.72,0.24
1.2708,-2.68,0.2
1.2708,-2.72,0.24
1.2708,-2.68,0.2
1.2708,-2.68,0.12
1.2709,-2.76,0.2
1.2709,-2.76,0.24
1.2709,-2.72,0.16
1.2709,-2.68,0.12
1.2709,-2.76,0.2
1.271,-2.76,0.24
1.271,-2.84,0.12
1.271,-2.76,0.2
1.271,-2.68,0.24
1.271,-2.76,0.16
1.2711,-2.72,0.2
1.2711,-2.72,0.2
1.2711,-2.76,0.2
1.2711,-2.68,0.2
1.2711,-2.8,0.2
1.2712,-2.68,0.2
1.2712,-2.76,0.16
1.2712,-2.8,0.16
1.2712,-2.76,0.24
1.2712,-2.68,0.2
1.2713,-2.76,0.2
1.2713,-2.76,0.2
1.2713,-2.76,0.2
1.2713,-2.76,0.12
1.2713,-2.76,0.16
1.2714,-2.72,0.2
1.2714,-2.76,0.28
1.2714,-2.76,0.2
1.2714,-2.76,0.2
1.2714,-2.76,0.12
1.2715,-2.8,0.2
1.2715,-2.76,0.24
1.2715,-2.64,0.16
1.2715,-2.76,0.2
1.2715,-2.76,0.24
1.2716,-2.76,0.12
1.2716,-2.72,0.2
1.2716,-2.8,0.24
1.2716,-2.8,0.2
1.2716,-2.72,0.2
1.2717,-2.68,0.2
1.2717,-2.68,0.2
1.2717,-2.72,0.12
1.2717,-2.68,0.16
1.2717,-2.64,0.12
1.2718,-2.76,0.24
1.2718,-2.76,0.2
1.2718,-2.68,0.12
1.2718,-2.72,0.16
1.2718,-2.8,0.24
1.2719,-2.76,0.16
1.2719,-2.72,0.2
1.2719,-2.76,0.16
1.2719,-2.72,0.2
1.2719,-2.68,0.12
1.272,-2.72,0.2
1.272,-2.68,0.2
1.272,-2.72,0.24
1.272,-2.68,0.16
1.272,-2.84,0.12
1.2721,-2.72,0.16
1.2721,-2.76,0.2
1.2721,-2.76,0.16
1.2721,-2.76,0.2
1.2721,-2.76,0.2
1.2722,-2.8,0.2
1.2722,-2.8,0.2
1.2722,-2.72,0.12
1.2722,-2.64,0.12
1.2722,-2.72,0.12
1.2723,-2.72,0.12
1.2723,-2.72,0.12
1.2723,-2.68,0.12
1.2723,-2.76,0.2
1.2723,-2.68,0.2
1.2724,-2.68,0.2
1.2724,-2.72,0.12
1.2724,-2.72,0.16
1.2724,-2.64,0.12
1.2724,-2.68,0.12
1.2725,-2.64,0.16
1.2725,-2.8,0.2
1.2725,-2.68,0.16
1.2725,-2.64,0.2
1.2725,-2.72,0.16
1.2726,-2.72,0.12
1.2726,-2.76,0.12
1.2726,-2.72,0.2
1.2726,-2.72,0.16
1.2726,-2.64,0.16
1.2727,-2.68,0.12
1.2727,-2.72,0.12
1.2727,-2.72,0.16
1.2727,-2.68,0.16
1.2727,-2.8,0.16
1.2728,-2.8,0.12
1.2728,-2.72,0.12
1.2728,-2.72,0.16
1.2728,-2.76,0.16
1.2728,-2.72,0.12
1.2729,-2.68,0.16
1.2729,-2.6,0.12
1.2729,-2.64,0.2
1.2729,-2.68,0.12
1.2729,-2.72,0.12
1.273,-2.68,0.12
1.273,-2.68,0.16
1.273,-2.76,0.08
1.273,-2.8,0.12
1.273,-2.76,0.16
1.2731,-2.64,0.2
1.2731,-2.76,0.04
1.2731,-2.76,0.16
1.2731,-2.72,0.16
1.2731,-2.68,0.12
1.2732,-2.76,0.12
1.2732,-2.6,0.08
1.2732,-2.68,0.2
1.2732,-2.68,0.16
1.2732,-2.72,0.2
1.2733,-2.76,0.12
1.2733,-2.68,0.16
1.2733,-2.68,0.16
1.2733,-2.72,0.16
1.2733,-2.68,0.12
1.2734,-2.72,0.16
1.2734,-2.68,0.12
1.2734,-2.6,0.12
1.2734,-2.72,0.16
1.2734,-2.64,0.12
1.2735,-2.68,0.16
1.2735,-2.64,0.16
1.2735,-2.64,0.16
1.2735,-2.68,0.12
1.2735,-2.68,0.12
1.2736,-2.68,0.12
1.2736,-2.8,0.2
1.2736,-2.72,0.08
1.2736,-2.64,0.16
1.2736,-2.72,0.12
1.2737,-2.76,0.16
1.2737,-2.68,0.24
1.2737,-2.64,0.12
1.2737,-2.72,0.08
1.2737,-2.76,0.16
1.2738,-2.68,0.16
1.2738,-2.72,0.12
1.2738,-2.72,0.2
1.2738,-2.76,0.2
1.2738,-2.72,0.12
1.2739,-2.72,0.12
1.2739,-2.68,0.2
1.2739,-2.76,0.12
1.2739,-2.72,0.16
1.2739,-2.72,0.12
1.274,-2.68,0.24
1.274,-2.8,0.12
1.274,-2.76,0.2
1.274,-2.68,0.16
1.274,-2.68,0.24
1.2741,-2.68,0.16
1.2741,-2.72,0.12
1.2741,-2.64,0.04
1.2741,-2.72,0.12
1.2741,-2.72,0.08
1.2742,-2.72,0.16
1.2742,-2.8,0.12
1.2742,-2.76,0.12
1.2742,-2.8,0.2
1.2742,-2.72,0.16
1.2743,-2.72,0.12
1.2743,-2.72,0.16
1.2743,-2.8,0.16
1.2743,-2.72,0.12
1.2743,-2.64,0.16
1.2744,-2.72,0.12
1.2744,-2.72,0.12
1.2744,-2.72,0.04
1.2744,-2.68,0.2
1.2744,-2.68,0.2
1.2745,-2.68,0.08
1.2745,-2.72,0.12
1.2745,-2.76,0.24
1.2745,-2.76,0.12
1.2745,-2.76,0.16
1.2746,-2.72,0.2
1.2746,-2.72,0.08
1.2746,-2.72,0.12
1.2746,-2.76,0.16
1.2746,-2.8,0.12
1.2747,-2.72,0.12
1.2747,-2.72,0.12
1.2747,-2.76,0.2
1.2747,-2.68,0.16
1.2747,-2.76,0.12
1.2748,-2.68,0.2
1.2748,-2.72,0.2
1.2748,-2.76,0.16
1.2748,-2.76,0.24
1.2748,-2.72,0.12
1.2749,-2.68,0.12
1.2749,-2.76,0.12
1.2749,-2.72,0.12
1.2749,-2.68,0.12
1.2749,-2.64,0.16
1.275,-2.68,0.16
1.275,-2.64,0.2
1.275,-2.68,0.2
1.275,-2.72,0.2
1.275,-2.8,0.16
1.2751,-2.8,0.2
1.2751,-2.72,0.2
1.2751,-2.8,0.16
1.2751,-2.68,0.2
1.2751,-2.76,0.16
1.2752,-2.72,0.12
1.2752,-2.64,0.2
1.2752,-2.68,0.12
1.2752,-2.76,0.2
1.2752,-2.68,0.2
1.2753,-2.68,0.16
1.2753,-2.6,0.12
1.2753,-2.68,0.2
1.2753,-2.72,0.08
1.2753,-2.72,0.04
1.2754,-2.72,0.24
1.2754,-2.76,0.24
1.2754,-2.8,0.2
1.2754,-2.72,0.2
1.2754,-2.72,0.2
1.2755,-2.64,0.24
1.2755,-2.68,0.12
1.2755,-2.64,0.24
1.2755,-2.64,0.12
1.2755,-2.64,0.12
1.2756,-2.68,0.16
1.2756,-2.72,0.2
1.2756,-2.68,0.16
1.2756,-2.68,0.2
1.2756,-2.72,0.24
1.2757,-2.76,0.16
1.2757,-2.76,0.12
1.2757,-2.76,0.12
1.2757,-2.68,0.12
1.2757,-2.8,0.12
1.2758,-2.68,0.2
1.2758,-2.76,0.24
1.2758,-2.76,0.12
1.2758,-2.76,0.24
1.2758,-2.76,0.16
1.2759,-2.68,0.2
1.2759,-2.72,0.2
1.2759,-2.68,0.2
1.2759,-2.72,0.24
1.2759,-2.68,0.2
1.276,-2.72,0.2
1.276,-2.68,0.16
1.276,-2.76,0.12
1.276,-2.68,0.16
1.276,-2.68,0.2
1.2761,-2.72,0.12
1.2761,-2.76,0.12
1.2761,-2.8,0.04
1.2761,-2.76,0.16
1.2761,-2.68,0.12
1.2762,-2.64,0.16
1.2762,-2.68,0.16
1.2762,-2.76,0.16
1.2762,-2.8,0.24
1.2762,-2.68,0.16
1.2763,-2.72,0.16
1.2763,-2.76,0.16
1.2763,-2.76,0.12
1.2763,-2.76,0.04
1.2763,-2.64,0.2
1.2764,-2.76,0.16
1.2764,-2.72,0.16
1.2764,-2.64,0.12
1.2764,-2.76,0.24
1.2764,-2.68,0.12
1.2765,-2.8,0.2
1.2765,-2.72,0.2
1.2765,-2.8,0.12
1.2765,-2.68,0.12
1.2765,-2.68,0.16
1.2766,-2.72,0.08
1.2766,-2.76,0.16
1.2766,-2.72,0.24
1.2766,-2.72,0.2
1.2766,-2.72,0.2
1.2767,-2.72,0.2
1.2767,-2.72,0.16
1.2767,-2.8,0.12
1.2767,-2.76,0.08
1.2767,-2.64,0.12
1.2768,-2.76,0.16
1.2768,-2.68,0.2
1.2768,-2.68,0.28
1.2768,-2.68,0.2
1.2768,-2.72,0.2
1.2769,-2.84,0.2
1.2769,-2.76,0.12
1.2769,-2.76,0.12
1.2769,-2.72,0.12
1.2769,-2.76,0.16
1.277,-2.72,0.08
1.277,-2.72,0.2
1.277,-2.76,0.08
1.277,-2.72,0.12
1.277,-2.68,0.16
1.2771,-2.68,0.2
1.2771,-2.84,0.2
1.2771,-2.8,0.08
1.2771,-2.76,0.16
1.2771,-2.68,0.12
1.2772,-2.68,0.16
1.2772,-2.72,0.24
1.2772,-2.76,0.12
1.2772,-2.8,0.16
1.2772,-2.76,0.2
1.2773,-2.76,0.28
1.2773,-2.68,0.2
1.2773,-2.68,0.08
1.2773,-2.76,0.04
1.2773,-2.72,0.12
1.2774,-2.68,0.12
1.2774,-2.68,0.12
1.2774,-2.68,0.12
1.2774,-2.76,0.16
1.2774,-2.76,0.16
1.2775,-2.76,0.2
1.2775,-2.76,0.08
1.2775,-2.72,0.08
1.2775,-2.68,0.2
1.2775,-2.8,0.16
1.2776,-2.8,0.12
1.2776,-2.76,0.16
1.2776,-2.68,0.2
1.2776,-2.68,0.12
1.2776,-2.76,0.12
1.2777,-2.72,0.16
1.2777,-2.76,0.12
1.2777,-2.76,0.08
1.2777,-2.76,0.16
1.2777,-2.8,0.16
1.2778,-2.72,0.12
1.2778,-2.68,0.16
1.2778,-2.68,0.12
1.2778,-2.84,0.04
1.2778,-2.8,0.12
1.2779,-2.76,0.2
1.2779,-2.76,0.16
1.2779,-2.72,0.16
1.2779,-2.72,0.12
1.2779,-2.76,0.24
1.278,-2.72,0.16
1.278,-2.76,0.2
1.278,-2.76,0.12
1.278,-2.72,0.2
1.278,-2.8,0.24
1.2781,-2.68,0.16
1.2781,-2.8,0.2
1.2781,-2.64,0.28
1.2781,-2.76,0.16
1.2781,-2.76,0.12
1.2782,-2.76,0.12
1.2782,-2.68,0.2
1.2782,-2.72,0.12
1.2782,-2.68,0.2
1.2782,-2.72,0.2
1.2783,-2.72,0.16
1.2783,-2.68,0.16
1.2783,-2.72,0.2
1.2783,-2.64,0.16
1.2783,-2.68,0.04
1.2784,-2.72,0.16
1.2784,-2.72,0.16
1.2784,-2.72,0.16
1.2784,-2.76,0.16
1.2784,-2.76,0.12
1.2785,-2.72,0.2
1.2785,-2.76,0.12
1.2785,-2.8,0.04
1.2785,-2.84,0.08
1.2785,-2.76,0.12
1.2786,-2.8,0.12
1.2786,-2.68,0.12
1.2786,-2.76,0.16
1.2786,-2.72,0.16
1.2786,-2.72,0.08
1.2787,-2.72,0.12
1.2787,-2.76,0.16
1.2787,-2.76,0.08
1.2787,-2.76,0.08
1.2787,-2.76,0.08
1.2788,-2.72,0.08
1.2788,-2.72,0.04
1.2788,-2.72,0.04
1.2788,-2.68,0.12
1.2788,-2.68,0.08
1.2789,-2.76,0.12
1.2789,-2.72,0.04
1.2789,-2.76,-0.04
1.2789,-2.68,0.04
1.2789,-2.76,0.12
1.279,-2.76,0.04
1.279,-2.64,0.04
1.279,-2.76,0.04
1.279,-2.76,0
1.279,-2.68,0.08
1.2791,-2.8,0
1.2791,-2.8,0.04
1.2791,-2.76,0.04
1.2791,-2.72,-0.04
1.2791,-2.76,-0.04
1.2792,-2.68,0.04
1.2792,-2.68,0.04
1.2792,-2.68,0.12
1.2792,-2.6,0.04
1.2792,-2.68,0.12
1.2793,-2.76,0.04
1.2793,-2.72,0.04
1.2793,-2.76,-0.04
1.2793,-2.72,0.04
1.2793,-2.72,-0.04
1.2794,-2.68,-0.08
1.2794,-2.72,-0.04
1.2794,-2.64,0
1.2794,-2.68,-0.04
1.2794,-2.68,-0.04
1.2795,-2.72,0.04
1.2795,-2.64,0
1.2795,-2.68,0
1.2795,-2.68,-0.08
1.2795,-2.68,-0.04
1.2796,-2.64,-0.04
1.2796,-2.68,-0.12
1.2796,-2.64,-0.04
1.2796,-2.68,-0.04
1.2796,-2.68,-0.04
1.2797,-2.68,-0.2
1.2797,-2.64,-0.12
1.2797,-2.68,0.08
1.2797,-2.68,-0.04
1.2797,-2.64,-0.04
1.2798,-2.6,0
1.2798,-2.56,-0.04
1.2798,-2.56,-0.04
1.2798,-2.56,-0.04
1.2798,-2.56,-0.08
1.2799,-2.6,0
1.2799,-2.52,-0.16
1.2799,-2.52,-0.08
1.2799,-2.56,-0.04
1.2799,-2.52,-0.12
1.28,-2.56,-0.04
1.28,-2.6,-0.04
1.28,-2.56,-0.08
1.28,-2.56,-0.04
1.28,-2.52,-0.12
1.2801,-2.48,0.04
1.2801,-2.44,0.04
1.2801,-2.48,-0.04
1.2801,-2.48,0
1.2801,-2.48,-0.04
1.2802,-2.44,-0.04
1.2802,-2.52,0
1.2802,-2.56,0
1.2802,-2.48,-0.04
1.2802,-2.52,0
1.2803,-2.44,0
1.2803,-2.44,0.04
1.2803,-2.44,0.04
1.2803,-2.44,-0.04
1.2803,-2.4,-0.04
1.2804,-2.52,-0.04
1.2804,-2.4,0
1.2804,-2.4,0.04
1.2804,-2.4,0
1.2804,-2.48,0
1.2805,-2.44,0
1.2805,-2.56,0.08
1.2805,-2.48,0.08
1.2805,-2.6,-0.04
1.2805,-2.4,0
1.2806,-2.28,0.04
1.2806,-2.48,0
1.2806,-2.48,-0.04
1.2806,-2.4,0
1.2806,-2.36,0.12
1.2807,-2.44,0.12
1.2807,-2.44,0.08
1.2807,-2.44,0.08
1.2807,-2.4,0.04
1.2807,-2.44,0.12
1.2808,-2.48,0.12
1.2808,-2.44,0.12
1.2808,-2.48,0.08
1.2808,-2.44,0.08
1.2808,-2.4,0.12
1.2809,-2.36,0.16
1.2809,-2.4,0.12
1.2809,-2.44,0.2
1.2809,-2.48,0.12
1.2809,-2.4,0.2
1.281,-2.44,0.08
1.281,-2.44,0.16
1.281,-2.44,0.12
1.281,-2.36,0.16
1.281,-2.4,0.2
1.2811,-2.44,0.2
1.2811,-2.36,0.2
1.2811,-2.48,0.16
1.2811,-2.52,0.16
1.2811,-2.44,0.2
1.2812,-2.44,0.16
1.2812,-2.48,0.2
1.2812,-2.44,0.2
1.2812,-2.52,0.24
1.2812,-2.44,0.24
1.2813,-2.44,0.2
1.2813,-2.48,0.2
1.2813,-2.48,0.16
1.2813,-2.48,0.24
1.2813,-2.48,0.24
1.2814,-2.52,0.2
1.2814,-2.56,0.2
1.2814,-2.52,0.2
1.2814,-2.48,0.2
1.2814,-2.56,0.12
1.2815,-2.56,0.16
1.2815,-2.6,0.2
1.2815,-2.64,0.24
1.2815,-2.56,0.2
1.2815,-2.64,0.2
1.2816,-2.56,0.28
1.2816,-2.52,0.24
1.2816,-2.6,0.24
1.2816,-2.64,0.28
1.2816,-2.56,0.28
1.2817,-2.52,0.2
1.2817,-2.56,0.24
1.2817,-2.56,0.2
1.2817,-2.64,0.24
1.2817,-2.6,0.28
1.2818,-2.6,0.24
1.2818,-2.48,0.24
1.2818,-2.72,0.24
1.2818,-2.68,0.2
1.2818,-2.68,0.2
1.2819,-2.6,0.24
1.2819,-2.6,0.28
1.2819,-2.56,0.28
1.2819,-2.6,0.28
1.2819,-2.68,0.2
1.282,-2.6,0.24
1.282,-2.64,0.2
1.282,-2.64,0.28
1.282,-2.6,0.28
1.282,-2.64,0.28
1.2821,-2.64,0.2
1.2821,-2.72,0.16
1.2821,-2.6,0.2
1.2821,-2.72,0.28
1.2821,-2.68,0.24
1.2822,-2.72,0.32
1.2822,-2.68,0.28
1.2822,-2.6,0.24
1.2822,-2.64,0.28
1.2822,-2.72,0.24
1.2823,-2.72,0.16
1.2823,-2.68,0.24
1.2823,-2.76,0.2
1.2823,-2.72,0.28
1.2823,-2.76,0.12
1.2824,-2.76,0.24
1.2824,-2.76,0.16
1.2824,-2.72,0.28
1.2824,-2.76,0.2
1.2824,-2.68,0.2
1.2825,-2.72,0.2
1.2825,-2.76,0.12
1.2825,-2.76,0.16
1.2825,-2.76,0.16
1.2825,-2.68,0.16
1.2826,-2.76,0.24
1.2826,-2.88,0.16
1.2826,-2.68,0.16
1.2826,-2.72,0.12
1.2826,-2.76,0.12
1.2827,-2.76,0.2
1.2827,-2.8,0.16
1.2827,-2.88,0.2
1.2827,-2.68,0.16
1.2827,-2.72,0.16
1.2828,-2.72,0.16
1.2828,-2.72,0.28
1.2828,-2.72,0.2
1.2828,-2.72,0.12
1.2828,-2.68,0.16
1.2829,-2.76,0.08
1.2829,-2.76,0.12
1.2829,-2.76,0.12
1.2829,-2.8,0.2
1.2829,-2.76,0.2
1.283,-2.72,0.2
1.283,-2.76,0.24
1.283,-2.8,0.16
1.283,-2.72,0.08
1.283,-2.88,0.16
1.2831,-2.8,0.12
1.2831,-2.68,0.12
1.2831,-2.68,0.16
1.2831,-2.76,0.12
1.2831,-2.72,0.24
1.2832,-2.8,0.16
1.2832,-2.76,0.24
1.2832,-2.76,0.16
1.2832,-2.72,0.12
1.2832,-2.76,0.12
1.2833,-2.72,0.24
1.2833,-2.76,0.16
1.2833,-2.68,0.12
1.2833,-2.72,0.16
1.2833,-2.72,0.2
1.2834,-2.8,0.24
1.2834,-2.72,0.2
1.2834,-2.68,0.24
1.2834,-2.76,0.24
1.2834,-2.72,0.16
1.2835,-2.8,0.12
1.2835,-2.8,0.12
1.2835,-2.76,0.2
1.2835,-2.76,0.08
1.2835,-2.72,0.16
1.2836,-2.76,0.12
1.2836,-2.76,0.16
1.2836,-2.76,0.24
1.2836,-2.76,0.24
1.2836,-2.68,0.2
1.2837,-2.8,0.12
1.2837,-2.76,0.08
1.2837,-2.8,0.16
1.2837,-2.68,0.08
1.2837,-2.76,0.2
1.2838,-2.64,0.12
1.2838,-2.72,0.16
1.2838,-2.8,0.04
1.2838,-2.76,0.2
1.2838,-2.72,0.16
1.2839,-2.76,0.12
1.2839,-2.8,0.16
1.2839,-2.76,0.2
1.2839,-2.72,0.24
1.2839,-2.76,0.12
1.284,-2.76,0.12
1.284,-2.8,0.12
1.284,-2.64,0.2
1.284,-2.68,0.2
1.284,-2.68,0.2
1.2841,-2.72,0.24
1.2841,-2.8,0.16
1.2841,-2.84,0.2
1.2841,-2.76,0.2
1.2841,-2.8,0.16
1.2842,-2.8,0.2
1.2842,-2.68,0.08
1.2842,-2.68,0.2
1.2842,-2.8,0.2
1.2842,-2.68,0.2
1.2843,-2.68,0.2
1.2843,-2.8,0.32
1.2843,-2.68,0.16
1.2843,-2.68,0.16
1.2843,-2.8,0.28
1.2844,-2.8,0.12
1.2844,-2.76,0.16
1.2844,-2.68,0.12
1.2844,-2.68,0.16
1.2844,-2.68,0.12
1.2845,-2.76,0.2
1.2845,-2.72,0.24
1.2845,-2.68,0.16
1.2845,-2.68,0.2
1.2845,-2.76,0.16
1.2846,-2.76,0.2
1.2846,-2.68,0.16
1.2846,-2.68,0.24
1.2846,-2.6,0.12
1.2846,-2.68,0.16
1.2847,-2.84,0.16
1.2847,-2.76,0.24
1.2847,-2.76,0.16
1.2847,-2.76,0.16
1.2847,-2.84,0.12
1.2848,-2.76,0.2
1.2848,-2.76,0.2
1.2848,-2.72,0.24
1.2848,-2.68,0.24
1.2848,-2.64,0.12
1.2849,-2.64,0.24
1.2849,-2.8,0.24
1.2849,-2.72,0.24
1.2849,-2.72,0.16
1.2849,-2.68,0.24
1.285,-2.76,0.16
1.285,-2.76,0.12
1.285,-2.76,0.12
1.285,-2.76,0.24
1.285,-2.8,0.2
1.2851,-2.8,0.24
1.2851,-2.72,0.16
1.2851,-2.76,0.2
1.2851,-2.76,0.24
1.2851,-2.68,0.12
1.2852,-2.76,0.12
1.2852,-2.72,0.2
1.2852,-2.72,0.24
1.2852,-2.68,0.16
1.2852,-2.64,0.16
1.2853,-2.68,0.24
1.2853,-2.8,0.2
1.2853,-2.68,0.16
1.2853,-2.72,0.24
1.2853,-2.76,0.16
1.2854,-2.72,0.2
1.2854,-2.76,0.16
1.2854,-2.76,0.2
1.2854,-2.72,0.12
1.2854,-2.68,0.2
1.2855,-2.68,0.2
1.2855,-2.68,0.16
1.2855,-2.72,0.16
1.2855,-2.68,0.24
1.2855,-2.68,0.16
1.2856,-2.68,0.16
1.2856,-2.76,0.12
1.2856,-2.8,0.12
1.2856,-2.76,0.2
1.2856,-2.8,0.04
1.2857,-2.64,0.2
1.2857,-2.72,0.28
1.2857,-2.8,0.24
1.2857,-2.72,0.2
1.2857,-2.72,0.2
1.2858,-2.68,0.2
1.2858,-2.76,0.2
1.2858,-2.68,0.24
1.2858,-2.72,0.16
1.2858,-2.72,0.16
1.2859,-2.8,0.2
1.2859,-2.76,0.24
1.2859,-2.76,0.24
1.2859,-2.76,0.16
1.2859,-2.72,0.2
1.286,-2.68,0.24
1.286,-2.76,0.24
1.286,-2.76,0.2
1.286,-2.72,0.2
1.286,-2.76,0.2
1.2861,-2.72,0.2
1.2861,-2.76,0.2
1.2861,-2.8,0.32
1.2861,-2.68,0.2
1.2861,-2.72,0.24
1.2862,-2.76,0.28
1.2862,-2.76,0.2
1.2862,-2.72,0.2
1.2862,-2.76,0.24
1.2862,-2.72,0.24
1.2863,-2.76,0.16
1.2863,-2.76,0.16
1.2863,-2.8,0.2
1.2863,-2.72,0.24
1.2863,-2.76,0.16
1.2864,-2.8,0.16
1.2864,-2.72,0.2
1.2864,-2.76,0.2
1.2864,-2.72,0.2
1.2864,-2.76,0.08
1.2865,-2.76,0.2
1.2865,-2.72,0.2
1.2865,-2.72,0.2
1.2865,-2.76,0.2
1.2865,-2.76,0.24
1.2866,-2.8,0.32
1.2866,-2.8,0.2
1.2866,-2.72,0.16
1.2866,-2.68,0.2
1.2866,-2.68,0.2
1.2867,-2.68,0.32
1.2867,-2.8,0.16
1.2867,-2.8,0.24
1.2867,-2.76,0.24
1.2867,-2.72,0.16
1.2868,-2.68,0.16
1.2868,-2.64,0.24
1.2868,-2.8,0.2
1.2868,-2.8,0.2
1.2868,-2.68,0.08
1.2869,-2.8,0.28
1.2869,-2.76,0.2
1.2869,-2.76,0.2
1.2869,-2.72,0.24
1.2869,-2.8,0.28
1.287,-2.76,0.2
1.287,-2.68,0.24
1.287,-2.72,0.12
1.287,-2.76,0.2
1.287,-2.76,0.16
1.2871,-2.76,0.24
1.2871,-2.76,0.12
1.2871,-2.72,0.16
1.2871,-2.8,0.24
1.2871,-2.88,0.28
1.2872,-2.8,0.2
1.2872,-2.76,0.12
1.2872,-2.68,0.12
1.2872,-2.76,0.24
1.2872,-2.76,0.24
1.2873,-2.72,0.24
1.2873,-2.72,0.2
1.2873,-2.76,0.2
1.2873,-2.68,0.24
1.2873,-2.8,0.16
1.2874,-2.8,0.2
1.2874,-2.8,0.28
1.2874,-2.76,0.2
1.2874,-2.68,0.24
1.2874,-2.72,0.2
1.2875,-2.72,0.2
1.2875,-2.76,0.16
1.2875,-2.72,0.32
1.2875,-2.72,0.2
1.2875,-2.72,0.12
1.2876,-2.6,0.2
1.2876,-2.72,0.2
1.2876,-2.72,0.24
1.2876,-2.8,0.16
1.2876,-2.68,0.28
1.2877,-2.76,0.16
1.2877,-2.76,0.24
1.2877,-2.68,0.28
1.2877,-2.8,0.24
1.2877,-2.76,0.16
1.2878,-2.76,0.24
1.2878,-2.72,0.16
1.2878,-2.72,0.2
1.2878,-2.76,0.24
1.2878,-2.76,0.12
1.2879,-2.72,0.24
1.2879,-2.68,0.2
1.2879,-2.8,0.24
1.2879,-2.76,0.28
1.2879,-2.68,0.24
1.288,-2.8,0.2
1.288,-2.72,0.16
1.288,-2.76,0.12
1.288,-2.64,0.2
1.288,-2.8,0.16
1.2881,-2.64,0.12
1.2881,-2.72,0.2
1.2881,-2.76,0.2
1.2881,-2.8,0.16
1.2881,-2.68,0.16
1.2882,-2.72,0.2
1.2882,-2.76,0.28
1.2882,-2.68,0.2
1.2882,-2.72,0.16
1.2882,-2.72,0.2
1.2883,-2.72,0.2
1.2883,-2.84,0.28
1.2883,-2.72,0.2
1.2883,-2.76,0.2
1.2883,-2.8,0.28
1.2884,-2.72,0.2
1.2884,-2.68,0.2
1.2884,-2.72,0.24
1.2884,-2.76,0.2
1.2884,-2.8,0.24
1.2885,-2.76,0.16
1.2885,-2.76,0.24
1.2885,-2.76,0.16
1.2885,-2.68,0.2
1.2885,-2.72,0.2
1.2886,-2.84,0.12
1.2886,-2.76,0.16
1.2886,-2.76,0.2
1.2886,-2.72,0.2
1.2886,-2.8,0.12
1.2887,-2.72,0.16
1.2887,-2.72,0.24
1.2887,-2.76,0.2
1.2887,-2.72,0.12
1.2887,-2.76,0.12
1.2888,-2.76,0.08
1.2888,-2.76,0.24
1.2888,-2.72,0.2
1.2888,-2.76,0.2
1.2888,-2.8,0.16
1.2889,-2.76,0.2
1.2889,-2.72,0.2
1.2889,-2.76,0.2
1.2889,-2.76,0.12
1.2889,-2.76,0.12
1.289,-2.64,0.12
1.289,-2.72,0.12
1.289,-2.72,0.2
1.289,-2.64,0.12
1.289,-2.68,0.2
1.2891,-2.68,0.12
1.2891,-2.72,0.2
1.2891,-2.8,0.28
1.2891,-2.72,0.16
1.2891,-2.68,0.2
1.2892,-2.8,0.12
1.2892,-2.72,0.2
1.2892,-2.76,0.16
1.2892,-2.76,0.12
1.2892,-2.76,0.2
1.2893,-2.68,0.16
1.2893,-2.68,0.24
1.2893,-2.68,0.16
1.2893,-2.76,0.08
1.2893,-2.76,0.12
1.2894,-2.76,0.16
1.2894,-2.68,0.2
1.2894,-2.76,0.24
1.2894,-2.76,0.2
1.2894,-2.72,0.24
1.2895,-2.64,0.08
1.2895,-2.56,0.2
1.2895,-2.8,0.08
1.2895,-2.72,0.16
1.2895,-2.8,0.04
1.2896,-2.84,0.12
1.2896,-2.72,0.2
1.2896,-2.72,0.24
1.2896,-2.76,0.2
1.2896,-2.64,0.24
1.2897,-2.68,0.2
1.2897,-2.72,0.16
1.2897,-2.68,0.2
1.2897,-2.68,0.16
1.2897,-2.8,0.12
1.2898,-2.8,0.12
1.2898,-2.72,0.28
1.2898,-2.76,0.12
1.2898,-2.84,0.12
1.2898,-2.76,0.2
1.2899,-2.64,0.2
1.2899,-2.76,0.2
1.2899,-2.72,0.12
1.2899,-2.72,0.2
1.2899,-2.76,0.24
1.29,-2.68,0.16
1.29,-2.76,0.16
1.29,-2.76,0.2
1.29,-2.76,0.12
1.29,-2.76,0.16
1.2901,-2.72,0.2
1.2901,-2.68,0.2
1.2901,-2.64,0.08
1.2901,-2.76,0.08
1.2901,-2.72,0.2
1.2902,-2.64,0.16
1.2902,-2.8,0.16
1.2902,-2.72,0.12
1.2902,-2.68,0.16
1.2902,-2.76,0.24
1.2903,-2.8,0.12
1.2903,-2.76,0.2
1.2903,-2.68,0.2
1.2903,-2.72,0.16
1.2903,-2.72,0.04
1.2904,-2.72,0.08
1.2904,-2.76,0.12
1.2904,-2.68,0.16
1.2904,-2.72,0.16
1.2904,-2.76,0.24
1.2905,-2.72,0.12
1.2905,-2.76,0.12
1.2905,-2.76,0.2
1.2905,-2.72,0.2
1.2905,-2.84,0.2
1.2906,-2.76,0.2
1.2906,-2.72,0.2
1.2906,-2.68,0.24
1.2906,-2.76,0.12
1.2906,-2.6,0.2
1.2907,-2.72,0.2
1.2907,-2.72,0.16
1.2907,-2.76,0.12
1.2907,-2.76,0.08
1.2907,-2.76,0.2
1.2908,-2.76,0.16
1.2908,-2.76,0.16
1.2908,-2.72,0.2
1.2908,-2.68,0.08
1.2908,-2.68,0.2
1.2909,-2.68,0.24
1.2909,-2.88,0.08
1.2909,-2.76,0.2
1.2909,-2.68,0.12
1.2909,-2.72,0.12
1.291,-2.72,0.12
1.291,-2.72,0.12
1.291,-2.76,0.16
1.291,-2.64,0.12
1.291,-2.6,0.12
1.2911,-2.72,0.12
1.2911,-2.76,0.16
1.2911,-2.72,0.16
1.2911,-2.64,0.16
1.2911,-2.76,0.12
1.2912,-2.72,0.16
1.2912,-2.76,0.08
1.2912,-2.8,0.12
1.2912,-2.72,0.16
1.2912,-2.68,0.2
1.2913,-2.76,0.16
1.2913,-2.68,0.12
1.2913,-2.76,0.2
1.2913,-2.76,0.12
1.2913,-2.68,0.12
1.2914,-2.76,0.2
1.2914,-2.84,0.2
1.2914,-2.72,0.2
1.2914,-2.68,0.12
1.2914,-2.76,0.08
1.2915,-2.68,0.08
1.2915,-2.72,0.12
1.2915,-2.68,0.12
1.2915,-2.68,0.04
1.2915,-2.76,0.16
1.2916,-2.72,0.16
1.2916,-2.72,0.16
1.2916,-2.76,0.12
1.2916,-2.8,0.16
1.2916,-2.6,0.12
1.2917,-2.76,0.2
1.2917,-2.76,0.2
1.2917,-2.64,0.16
1.2917,-2.72,0.12
1.2917,-2.8,0.2
1.2918,-2.76,0.12
1.2918,-2.8,0.12
1.2918,-2.76,0.08
1.2918,-2.76,0.24
1.2918,-2.8,0.2
1.2919,-2.68,0.2
1.2919,-2.72,0.12
1.2919,-2.76,0.16
1.2919,-2.72,0.04
1.2919,-2.68,0.12
1.292,-2.68,0.16
1.292,-2.68,0.08
1.292,-2.64,0.16
1.292,-2.8,0.2
1.292,-2.76,0.2
1.2921,-2.72,0.2
1.2921,-2.76,0.2
1.2921,-2.72,0.12
1.2921,-2.68,0.12
1.2921,-2.68,0.12
1.2922,-2.8,0.12
1.2922,-2.76,0.2
1.2922,-2.76,0.2
1.2922,-2.68,0.16
1.2922,-2.68,0.24
1.2923,-2.76,0.12
1.2923,-2.72,0.16
1.2923,-2.76,0.16
1.2923,-2.76,0.08
1.2923,-2.76,0.2
1.2924,-2.76,0.2
1.2924,-2.68,0.16
1.2924,-2.76,0.12
1.2924,-2.72,0.12
1.2924,-2.76,0.12
1.2925,-2.76,0.2
1.2925,-2.8,0.24
1.2925,-2.64,0.16
1.2925,-2.72,0.08
1.2925,-2.76,0.08
1.2926,-2.76,0.16
1.2926,-2.76,0.16
1.2926,-2.84,0.16
1.2926,-2.76,0.2
1.2926,-2.72,0.24
1.2927,-2.8,0.12
1.2927,-2.72,0.16
1.2927,-2.76,0.24
1.2927,-2.72,0.24
1.2927,-2.68,0.2
1.2928,-2.64,0.24
1.2928,-2.76,0.08
1.2928,-2.8,0.12
1.2928,-2.8,0.12
1.2928,-2.8,0.24
1.2929,-2.76,0.12
1.2929,-2.72,0.12
1.2929,-2.68,0.12
1.2929,-2.68,0.16
1.2929,-2.76,0.08
1.293,-2.68,0.2
1.293,-2.76,0.12
1.293,-2.8,0.2
1.293,-2.84,0.2
1.293,-2.76,0.16
1.2931,-2.68,0.2
1.2931,-2.8,0.12
1.2931,-2.8,0.12
1.2931,-2.72,0.16
1.2931,-2.84,0.08
1.2932,-2.8,0.2
1.2932,-2.8,0.12
1.2932,-2.76,0.16
1.2932,-2.72,0.16
1.2932,-2.76,0.16
1.2933,-2.76,0.08
1.2933,-2.8,0.16
1.2933,-2.76,0.24
1.2933,-2.76,0.24
1.2933,-2.76,0.12
1.2934,-2.68,0.12
1.2934,-2.8,0.2
1.2934,-2.76,0.16
1.2934,-2.8,0.12
1.2934,-2.88,0.08
1.2935,-2.8,0.24
1.2935,-2.8,0.2
1.2935,-2.84,0.24
1.2935,-2.8,0.24
1.2935,-2.84,0.2
1.2936,-2.8,0.16
1.2936,-2.76,0.12
1.2936,-2.72,0.2
1.2936,-2.72,0.2
1.2936,-2.72,0.2
1.2937,-2.72,0.12
1.2937,-2.76,0.12
1.2937,-2.72,0.2
1.2937,-2.8,0.12
1.2937,-2.8,0.08
1.2938,-2.76,0.12
1.2938,-2.76,0.2
1.2938,-2.76,0.12
1.2938,-2.76,0.12
1.2938,-2.76,0.16
1.2939,-2.72,0.12
1.2939,-2.76,0.12
1.2939,-2.72,0.16
1.2939,-2.76,0.16
1.2939,-2.72,0.16
1.294,-2.76,0.24
1.294,-2.72,0.12
1.294,-2.76,0.12
1.294,-2.76,0.16
1.294,-2.76,0.16
1.2941,-2.76,0.16
1.2941,-2.76,0.12
1.2941,-2.68,0.2
1.2941,-2.72,0.24
1.2941,-2.76,0.16
1.2942,-2.76,0.2
1.2942,-2.72,0.24
1.2942,-2.72,0.24
1.2942,-2.76,0.16
1.2942,-2.76,0.12
1.2943,-2.8,0.2
1.2943,-2.8,0.16
1.2943,-2.8,0.2
1.2943,-2.76,0.08
1.2943,-2.76,0.16
1.2944,-2.76,0.12
1.2944,-2.8,0.12
1.2944,-2.72,0.16
1.2944,-2.68,0.16
1.2944,-2.72,0.12
1.2945,-2.76,0.12
1.2945,-2.72,0.16
1.2945,-2.76,0.12
1.2945,-2.84,0.16
1.2945,-2.76,0.24
1.2946,-2.76,0.2
1.2946,-2.72,0.2
1.2946,-2.76,0.2
1.2946,-2.72,0.08
1.2946,-2.72,0.12
1.2947,-2.72,0.2
1.2947,-2.8,0.24
1.2947,-2.68,0.12
1.2947,-2.72,0.16
1.2947,-2.72,0.12
1.2948,-2.72,0.12
1.2948,-2.76,0.28
1.2948,-2.76,0.2
1.2948,-2.76,0.12
1.2948,-2.8,0.16
1.2949,-2.76,0.16
1.2949,-2.76,0.04
1.2949,-2.76,0.12
1.2949,-2.72,0.16
1.2949,-2.8,0.16
1.295,-2.76,0.16
1.295,-2.8,0.2
1.295,-2.8,0.2
1.295,-2.6,0.12
1.295,-2.72,0.2
1.2951,-2.76,0.12
1.2951,-2.68,0.12
1.2951,-2.72,0.16
1.2951,-2.72,0.16
1.2951,-2.72,0.2
1.2952,-2.68,0.2
1.2952,-2.76,0.2
1.2952,-2.84,0.08
1.2952,-2.76,0.2
1.2952,-2.72,0.08
1.2953,-2.72,0.16
1.2953,-2.72,0.16
1.2953,-2.72,0.16
1.2953,-2.72,0.12
1.2953,-2.76,0.2
1.2954,-2.76,0.16
1.2954,-2.68,0.16
1.2954,-2.76,0.2
1.2954,-2.8,0.2
1.2954,-2.76,0.16
1.2955,-2.76,0.2
1.2955,-2.72,0.12
1.2955,-2.76,0.2
1.2955,-2.8,0.12
1.2955,-2.72,0.2
1.2956,-2.76,0.2
1.2956,-2.68,0.16
1.2956,-2.72,0.16
1.2956,-2.72,0.2
1.2956,-2.72,0.2
1.2957,-2.72,0.2
1.2957,-2.72,0.24
1.2957,-2.72,0.12
1.2957,-2.72,0.16
1.2957,-2.76,0.24
1.2958,-2.76,0.08
1.2958,-2.68,0.16
1.2958,-2.72,0.16
1.2958,-2.76,0.12
1.2958,-2.76,0.16
1.2959,-2.76,0.12
1.2959,-2.68,0.08
1.2959,-2.64,0.12
1.2959,-2.68,0.2
1.2959,-2.72,0.32
1.296,-2.68,0.16
1.296,-2.68,0.16
1.296,-2.72,0.2
1.296,-2.76,0.28
1.296,-2.72,0.2
1.2961,-2.68,0.04
1.2961,-2.72,0.16
1.2961,-2.68,0.24
1.2961,-2.8,0.12
1.2961,-2.68,0.28
1.2962,-2.72,0.16
1.2962,-2.68,0.12
1.2962,-2.72,0.24
1.2962,-2.8,0.28
1.2962,-2.72,0.12
1.2963,-2.76,0.16
1.2963,-2.64,0.24
1.2963,-2.68,0.16
1.2963,-2.8,0.2
1.2963,-2.76,0.16
1.2964,-2.68,0.2
1.2964,-2.76,0.16
1.2964,-2.8,0.12
1.2964,-2.88,0.16
1.2964,-2.8,0.16
1.2965,-2.68,0.24
1.2965,-2.76,0.12
1.2965,-2.76,0.16
1.2965,-2.76,0.16
1.2965,-2.8,0.12
1.2966,-2.68,0.16
1.2966,-2.68,0.28
1.2966,-2.72,0.24
1.2966,-2.76,0.2
1.2966,-2.68,0.16
1.2967,-2.72,0.16
1.2967,-2.72,0.24
1.2967,-2.76,0.16
1.2967,-2.72,0.16
1.2967,-2.76,0.16
1.2968,-2.84,0.12
1.2968,-2.76,0.2
1.2968,-2.68,0.2
1.2968,-2.8,0.2
1.2968,-2.84,0.12
1.2969,-2.68,0.24
1.2969,-2.68,0.24
1.2969,-2.76,0.2
1.2969,-2.68,0.2
1.2969,-2.8,0.12
1.297,-2.8,0.2
1.297,-2.76,0.12
1.297,-2.76,0.2
1.297,-2.84,0.16
1.297,-2.68,0.16
1.2971,-2.8,0.2
1.2971,-2.84,0.2
1.2971,-2.76,0.2
1.2971,-2.76,0.16
1.2971,-2.76,0.12
1.2972,-2.72,0.16
1.2972,-2.84,0.16
1.2972,-2.68,0.2
1.2972,-2.72,0.24
1.2972,-2.68,0.2
1.2973,-2.68,0.16
1.2973,-2.72,0.16
1.2973,-2.72,0.12
1.2973,-2.72,0.16
1.2973,-2.76,0.2
1.2974,-2.8,0.12
1.2974,-2.76,0.2
1.2974,-2.8,0.2
1.2974,-2.68,0.24
1.2974,-2.64,0.28
1.2975,-2.72,0.2
1.2975,-2.76,0.2
1.2975,-2.8,0.16
1.2975,-2.68,0.24
1.2975,-2.68,0.28
1.2976,-2.68,0.2
1.2976,-2.64,0.16
1.2976,-2.68,0.16
1.2976,-2.76,0.2
1.2976,-2.8,0.12
1.2977,-2.76,0.16
1.2977,-2.6,0.08
1.2977,-2.72,0.24
1.2977,-2.68,0.2
1.2977,-2.72,0.2
1.2978,-2.68,0.08
1.2978,-2.68,0.16
1.2978,-2.76,0.16
1.2978,-2.76,0.08
1.2978,-2.76,0.16
1.2979,-2.64,0.16
1.2979,-2.8,0.2
1.2979,-2.76,0.16
1.2979,-2.68,0.2
1.2979,-2.88,0.2
1.298,-2.76,0.08
1.298,-2.72,0.16
1.298,-2.68,0.24
1.298,-2.76,0.2
1.298,-2.76,0.2
1.2981,-2.6,0.16
1.2981,-2.76,0.28
1.2981,-2.68,0.16
1.2981,-2.72,0.12
1.2981,-2.72,0.2
1.2982,-2.72,0.2
1.2982,-2.8,0.2
1.2982,-2.72,0.2
1.2982,-2.72,0.24
1.2982,-2.72,0.24
1.2983,-2.6,0.2
1.2983,-2.68,0.08
1.2983,-2.68,0.12
1.2983,-2.64,0.2
1.2983,-2.64,0.04
1.2984,-2.76,0.2
1.2984,-2.76,0.16
1.2984,-2.72,0.12
1.2984,-2.72,0.08
1.2984,-2.72,0.12
1.2985,-2.72,0.2
1.2985,-2.76,0.2
1.2985,-2.72,0.24
1.2985,-2.76,0.2
1.2985,-2.84,0.16
1.2986,-2.8,0.2
1.2986,-2.72,0.12
1.2986,-2.72,0.16
1.2986,-2.76,0.24
1.2986,-2.76,0.16
1.2987,-2.68,0.16
1.2987,-2.68,0.2
1.2987,-2.68,0.2
1.2987,-2.68,0.16
1.2987,-2.72,0.04
1.2988,-2.8,0.04
1.2988,-2.8,0.2
1.2988,-2.72,0.12
1.2988,-2.88,0.16
1.2988,-2.76,0.12
1.2989,-2.72,0.16
1.2989,-2.84,0.08
1.2989,-2.68,0.08
1.2989,-2.8,0.12
1.2989,-2.8,0.16
1.299,-2.72,0.16
1.299,-2.72,0.2
1.299,-2.76,0.16
1.299,-2.76,0.12
1.299,-2.72,0.16
1.2991,-2.8,0.2
1.2991,-2.88,0.08
1.2991,-2.8,0.2
1.2991,-2.76,0.2
1.2991,-2.76,0.24
1.2992,-2.76,0.16
1.2992,-2.72,0.16
1.2992,-2.8,0.16
1.2992,-2.84,0.12
1.2992,-2.76,0.2
1.2993,-2.72,0.24
1.2993,-2.76,0.24
1.2993,-2.84,0.12
1.2993,-2.76,0.28
1.2993,-2.76,0.24
1.2994,-2.72,0.2
1.2994,-2.72,0.24
1.2994,-2.76,0.2
1.2994,-2.8,0.16
1.2994,-2.72,0.2
1.2995,-2.8,0.08
1.2995,-2.8,0.16
1.2995,-2.8,0.12
1.2995,-2.68,0.16
1.2995,-2.8,0.2
1.2996,-2.76,0.12
1.2996,-2.64,0.16
1.2996,-2.76,0.2
1.2996,-2.8,0.08
1.2996,-2.72,0.2
1.2997,-2.8,0.2
1.2997,-2.76,0.2
1.2997,-2.68,0.2
1.2997,-2.72,0.12
1.2997,-2.72,0.16
1.2998,-2.76,0.2
1.2998,-2.6,0.16
1.2998,-2.8,0.12
1.2998,-2.68,0.2
1.2998,-2.8,0.2
1.2999,-2.76,0.16
1.2999,-2.76,0.2
1.2999,-2.8,0.24
1.2999,-2.76,0.12
1.2999,-2.76,0.16
1.3,-2.68,0.12
1.3,-2.76,0.16
1.3,-2.76,0.12
1.3,-2.72,0.12
1.3,-2.72,0.2
1.3001,-2.76,0.12
1.3001,-2.8,0.12
1.3001,-2.76,0.08
1.3001,-2.76,0.12
1.3001,-2.76,0.16
1.3002,-2.68,0.16
1.3002,-2.72,0.12
1.3002,-2.76,0.16
1.3002,-2.84,0.12
1.3002,-2.76,0.08
1.3003,-2.72,0.16
1.3003,-2.72,0.12
1.3003,-2.8,0.12
1.3003,-2.72,0.2
1.3003,-2.8,0.12
1.3004,-2.8,0.16
1.3004,-2.76,0.16
1.3004,-2.8,0.12
1.3004,-2.72,0.2
1.3004,-2.76,0.12
1.3005,-2.76,0.24
1.3005,-2.8,0.2
1.3005,-2.8,0.24
1.3005,-2.72,0.2
1.3005,-2.72,0.2
1.3006,-2.76,0.2
1.3006,-2.72,0.16
1.3006,-2.76,0.16
1.3006,-2.76,0.24
1.3006,-2.76,0.2
1.3007,-2.8,0.12
1.3007,-2.72,0.12
1.3007,-2.68,0.12
1.3007,-2.76,0.16
1.3007,-2.76,0.16
1.3008,-2.72,0.16
1.3008,-2.72,0.12
1.3008,-2.76,0.2
1.3008,-2.68,0.2
1.3008,-2.68,0.2
1.3009,-2.68,0.24
1.3009,-2.76,0.16
1.3009,-2.76,0.12
1.3009,-2.72,0.16
1.3009,-2.76,0.16
1.301,-2.76,0.2
1.301,-2.84,0.2
1.301,-2.72,0.12
1.301,-2.72,0.16
1.301,-2.76,0.16
1.3011,-2.68,0.12
1.3011,-2.76,0.2
1.3011,-2.72,0.2
1.3011,-2.72,0.24
1.3011,-2.76,0.2
1.3012,-2.68,0.2
1.3012,-2.72,0.2
1.3012,-2.72,0.2
1.3012,-2.68,0.2
1.3012,-2.72,0.12
1.3013,-2.76,0.12
1.3013,-2.76,0.2
1.3013,-2.68,0.28
1.3013,-2.72,0.2
1.3013,-2.72,0.2
1.3014,-2.76,0.24
1.3014,-2.72,0.2
1.3014,-2.68,0.2
1.3014,-2.68,0.2
1.3014,-2.8,0.16
1.3015,-2.76,0.24
1.3015,-2.72,0.2
1.3015,-2.68,0.16
1.3015,-2.68,0.12
1.3015,-2.68,0.08
1.3016,-2.76,0.16
1.3016,-2.76,0.16
1.3016,-2.72,0.08
1.3016,-2.76,0.2
1.3016,-2.76,0.2
1.3017,-2.64,0.16
1.3017,-2.76,0.12
1.3017,-2.72,0.16
1.3017,-2.68,0.16
1.3017,-2.72,0.16
1.3018,-2.68,0.2
1.3018,-2.76,0.12
1.3018,-2.72,0.2
1.3018,-2.72,0.16
1.3018,-2.68,0.12
1.3019,-2.76,0.24
1.3019,-2.72,0.12
1.3019,-2.68,0.16
1.3019,-2.68,0.12
1.3019,-2.76,0.2
1.302,-2.76,0.2
1.302,-2.64,0.2
1.302,-2.76,0.16
1.302,-2.8,0.28
1.302,-2.8,0.24
1.3021,-2.76,0.24
1.3021,-2.76,0.12
1.3021,-2.76,0.2
1.3021,-2.72,0.32
1.3021,-2.76,0.16
1.3022,-2.72,0.16
1.3022,-2.72,0.16
1.3022,-2.76,0.24
1.3022,-2.76,0.2
1.3022,-2.68,0.16
1.3023,-2.68,0.16
1.3023,-2.64,0.16
1.3023,-2.76,0.16
1.3023,-2.72,0.24
1.3023,-2.68,0.2
1.3024,-2.76,0.2
1.3024,-2.76,0.24
1.3024,-2.76,0.2
1.3024,-2.8,0.24
1.3024,-2.72,0.28
1.3025,-2.76,0.12
1.3025,-2.68,0.16
1.3025,-2.72,0.12
1.3025,-2.68,0.16
1.3025,-2.76,0.2
1.3026,-2.72,0.16
1.3026,-2.72,0.08
1.3026,-2.72,0.2
1.3026,-2.68,0.16
1.3026,-2.68,0.24
1.3027,-2.68,0.16
1.3027,-2.72,0.2
1.3027,-2.76,0.2
1.3027,-2.8,0.2
1.3027,-2.68,0.16
1.3028,-2.72,0.2
1.3028,-2.76,0.2
1.3028,-2.68,0.24
1.3028,-2.68,0.2
1.3028,-2.8,0.16
1.3029,-2.76,0.2
1.3029,-2.76,0.2
1.3029,-2.68,0.2
1.3029,-2.72,0.24
1.3029,-2.8,0.2
1.303,-2.72,0.2
1.303,-2.76,0.24
1.303,-2.76,0.2
1.303,-2.72,0.2
1.303,-2.68,0.16
1.3031,-2.72,0.16
1.3031,-2.76,0.2
1.3031,-2.76,0.16
1.3031,-2.76,0.12
1.3031,-2.72,0.24
1.3032,-2.76,0.12
1.3032,-2.72,0.16
1.3032,-2.76,0.2
1.3032,-2.72,0.24
1.3032,-2.76,0.2
1.3033,-2.84,0.16
1.3033,-2.68,0.16
1.3033,-2.76,0.16
1.3033,-2.68,0.2
1.3033,-2.72,0.2
1.3034,-2.76,0.16
1.3034,-2.68,0.2
1.3034,-2.72,0.2
1.3034,-2.72,0.16
1.3034,-2.8,0.16
1.3035,-2.72,0.24
1.3035,-2.76,0.12
1.3035,-2.72,0.24
1.3035,-2.64,0.24
1.3035,-2.8,0.16
1.3036,-2.72,0.2
1.3036,-2.76,0.12
1.3036,-2.8,0.24
1.3036,-2.72,0.2
1.3036,-2.8,0.16
1.3037,-2.76,0.28
1.3037,-2.76,0.16
1.3037,-2.8,0.16
1.3037,-2.76,0.2
1.3037,-2.72,0.24
1.3038,-2.8,0.12
1.3038,-2.68,0.12
1.3038,-2.72,0.32
1.3038,-2.8,0.2
1.3038,-2.76,0.2
1.3039,-2.68,0.24
1.3039,-2.8,0.2
1.3039,-2.8,0.2
1.3039,-2.76,0.2
1.3039,-2.76,0.2
1.304,-2.8,0.16
1.304,-2.76,0.2
1.304,-2.68,0.2
1.304,-2.76,0.16
1.304,-2.64,0.16
1.3041,-2.68,0.16
1.3041,-2.72,0.16
1.3041,-2.76,0.24
1.3041,-2.76,0.12
1.3041,-2.8,0.2
1.3042,-2.68,0.24
1.3042,-2.76,0.2
1.3042,-2.72,0.24
1.3042,-2.8,0.2
1.3042,-2.76,0.24
1.3043,-2.76,0.12
1.3043,-2.84,0.12
1.3043,-2.72,0.2
1.3043,-2.76,0.24
1.3043,-2.76,0.2
1.3044,-2.72,0.24
1.3044,-2.68,0.16
1.3044,-2.72,0.2
1.3044,-2.76,0.24
1.3044,-2.8,0.2
1.3045,-2.8,0.2
1.3045,-2.76,0.24
1.3045,-2.76,0.24
1.3045,-2.72,0.2
1.3045,-2.76,0.12
1.3046,-2.72,0.2
1.3046,-2.68,0.08
1.3046,-2.72,0.12
1.3046,-2.76,0.12
1.3046,-2.76,0.12
1.3047,-2.72,0.2
1.3047,-2.76,0.2
1.3047,-2.76,0.24
1.3047,-2.76,0.16
1.3047,-2.72,0.2
1.3048,-2.72,0.2
1.3048,-2.8,0.12
1.3048,-2.68,0.2
1.3048,-2.76,0.24
1.3048,-2.76,0.28
1.3049,-2.76,0.24
1.3049,-2.76,0.16
1.3049,-2.72,0.2
1.3049,-2.8,0.16
1.3049,-2.68,0.16
1.305,-2.64,0.2
1.305,-2.76,0.16
