0.0464,-2.72,0.08
0.04642,-2.72,0.16
0.04644,-2.8,0.24
0.04646,-2.72,0.16
0.04648,-2.72,0.2
0.0465,-2.8,0.12
0.04652,-2.72,0.2
0.04654,-2.8,0.16
0.04656,-2.72,0.24
0.04658,-2.72,0.2
0.0466,-2.72,0.12
0.04662,-2.72,0.2
0.04664,-2.72,0.16
0.04666,-2.72,0.16
0.04668,-2.72,0.08
0.0467,-2.8,0.12
0.04672,-2.72,0.16
0.04674,-2.8,0.16
0.04676,-2.8,0.16
0.04678,-2.72,0.16
0.0468,-2.72,0.2
0.04682,-2.8,0.16
0.04684,-2.8,0.16
0.04686,-2.8,0.08
0.04688,-2.8,0.16
0.0469,-2.72,0.16
0.04692,-2.8,0.16
0.04694,-2.8,0.16
0.04696,-2.72,0.16
0.04698,-2.72,0.16
0.047,-2.8,0.2
0.04702,-2.72,0.16
0.04704,-2.8,0.16
0.04706,-2.8,0.12
0.04708,-2.8,0.16
0.0471,-2.72,0.2
0.04712,-2.8,0.16
0.04714,-2.8,0.12
0.04716,-2.72,0.16
0.04718,-2.8,0.16
0.0472,-2.72,0.16
0.04722,-2.72,0.16
0.04724,-2.72,0.2
0.04726,-2.8,0.24
0.04728,-2.8,0.24
0.0473,-2.72,0.2
0.04732,-2.8,0.2
0.04734,-2.72,0.16
0.04736,-2.8,0.16
0.04738,-2.8,0.2
0.0474,-2.72,0.16
0.04742,-2.72,0.16
0.04744,-2.72,0.16
0.04746,-2.8,0.24
0.04748,-2.88,0.12
0.0475,-2.8,0.2
0.04752,-2.8,0.24
0.04754,-2.8,0.2
0.04756,-2.72,0.12
0.04758,-2.8,0.24
0.0476,-2.72,0.12
0.04762,-2.8,0.16
0.04764,-2.72,0.16
0.04766,-2.8,0.24
0.04768,-2.72,0.12
0.0477,-2.72,0.16
0.04772,-2.8,0.24
0.04774,-2.8,0.16
0.04776,-2.72,0.16
0.04778,-2.72,0.2
0.0478,-2.8,0.2
0.04782,-2.8,0.28
0.04784,-2.72,0.2
0.04786,-2.88,0.2
0.04788,-2.88,0.24
0.0479,-2.72,0.16
0.04792,-2.8,0.16
0.04794,-2.8,0.24
0.04796,-2.8,0.16
0.04798,-2.72,0.16
0.048,-2.8,0.2
0.04802,-2.72,0.16
0.04804,-2.8,0.2
0.04806,-2.8,0.2
0.04808,-2.8,0.2
0.0481,-2.72,0.2
0.04812,-2.8,0.2
0.04814,-2.8,0.2
0.04816,-2.8,0.08
0.04818,-2.72,0.2
0.0482,-2.72,0.24
0.04822,-2.72,0.16
0.04824,-2.8,0.2
0.04826,-2.8,0.2
0.04828,-2.72,0.12
0.0483,-2.64,0.2
0.04832,-2.72,0.16
0.04834,-2.8,0.24
0.04836,-2.72,0.16
0.04838,-2.72,0.24
0.0484,-2.88,0.12
0.04842,-2.8,0.12
0.04844,-2.64,0.24
0.04846,-2.88,0.08
0.04848,-2.8,0.24
0.0485,-2.8,0.2
0.04852,-2.8,0.24
0.04854,-2.72,0.28
0.04856,-2.8,0.2
0.04858,-2.8,0.16
0.0486,-2.72,0.12
0.04862,-2.72,0.08
0.04864,-2.72,0.2
0.04866,-2.8,0.16
0.04868,-2.72,0.2
0.0487,-2.8,0.16
0.04872,-2.88,0.16
0.04874,-2.8,0.2
0.04876,-2.72,0.24
0.04878,-2.72,0.16
0.0488,-2.8,0.16
0.04882,-2.8,0.16
0.04884,-2.72,0.2
0.04886,-2.8,0.12
0.04888,-2.72,0.24
0.0489,-2.72,0.16
0.04892,-2.8,0.28
0.04894,-2.8,0.2
0.04896,-2.8,0.16
0.04898,-2.8,0.2
0.049,-2.8,0.24
0.04902,-2.72,0.24
0.04904,-2.8,0.16
0.04906,-2.8,0.2
0.04908,-2.72,0.2
0.0491,-2.72,0.16
0.04912,-2.72,0.2
0.04914,-2.64,0.28
0.04916,-2.8,0.24
0.04918,-2.72,0.16
0.0492,-2.8,0.16
0.04922,-2.72,0.28
0.04924,-2.72,0.24
0.04926,-2.72,0.16
0.04928,-2.8,0.16
0.0493,-2.8,0.2
0.04932,-2.72,0.2
0.04934,-2.72,0.24
0.04936,-2.8,0.16
0.04938,-2.8,0.24
0.0494,-2.8,0.12
0.04942,-2.8,0.28
0.04944,-2.8,0.2
0.04946,-2.8,0.08
0.04948,-2.8,0.2
0.0495,-2.8,0.16
0.04952,-2.88,0.12
0.04954,-2.8,0.2
0.04956,-2.72,0.2
0.04958,-2.8,0.16
0.0496,-2.8,0.16
0.04962,-2.8,0.16
0.04964,-2.8,0.24
0.04966,-2.8,0.2
0.04968,-2.72,0.24
0.0497,-2.8,0.16
0.04972,-2.88,0.2
0.04974,-2.8,0.24
0.04976,-2.8,0.16
0.04978,-2.8,0.16
0.0498,-2.8,0.12
0.04982,-2.72,0.24
0.04984,-2.8,0.2
0.04986,-2.72,0.12
0.04988,-2.72,0.16
0.0499,-2.8,0.12
0.04992,-2.8,0.16
0.04994,-2.8,0.12
0.04996,-2.8,0.16
0.04998,-2.8,0.16
0.05,-2.8,0.12
0.05002,-2.72,0.16
0.05004,-2.8,0.12
0.05006,-2.8,0.16
0.05008,-2.8,0.08
0.0501,-2.8,0.2
0.05012,-2.8,0.2
0.05014,-2.72,0.12
0.05016,-2.8,0.12
0.05018,-2.8,0.12
0.0502,-2.88,0.12
0.05022,-2.72,0.2
0.05024,-2.72,0.16
0.05026,-2.8,0.2
0.05028,-2.8,0.12
0.0503,-2.8,0.16
0.05032,-2.8,0.16
0.05034,-2.8,0.2
0.05036,-2.88,0.12
0.05038,-2.8,0.2
0.0504,-2.72,0.12
0.05042,-2.72,0.12
0.05044,-2.8,0.16
0.05046,-2.72,0.08
0.05048,-2.72,0.12
0.0505,-2.8,0.16
0.05052,-2.8,0.16
0.05054,-2.88,0.16
0.05056,-2.88,0.24
0.05058,-2.8,0.2
0.0506,-2.8,0.12
0.05062,-2.8,0.16
0.05064,-2.8,0.12
0.05066,-2.8,0.16
0.05068,-2.72,0.12
0.0507,-2.72,0.08
0.05072,-2.8,0.12
0.05074,-2.8,0.16
0.05076,-2.72,0.16
0.05078,-2.72,0.16
0.0508,-2.8,0.16
0.05082,-2.8,0.08
0.05084,-2.8,0.16
0.05086,-2.8,0.12
0.05088,-2.8,0.2
0.0509,-2.8,0.04
0.05092,-2.72,0.16
0.05094,-2.8,0.16
0.05096,-2.72,0.12
0.05098,-2.8,0.2
0.051,-2.8,0.16
0.05102,-2.8,0.16
0.05104,-2.8,0.04
0.05106,-2.8,0.04
0.05108,-2.8,0.16
0.0511,-2.8,0.16
0.05112,-2.8,0.04
0.05114,-2.72,0.12
0.05116,-2.72,0.12
0.05118,-2.8,-0.04
0.0512,-2.64,0.04
0.05122,-2.8,0.16
0.05124,-2.72,0.16
0.05126,-2.72,0.12
0.05128,-2.72,0.2
0.0513,-2.72,0.08
0.05132,-2.72,0.24
0.05134,-2.64,0.2
0.05136,-2.72,0.16
0.05138,-2.72,0.08
0.0514,-2.72,0.04
0.05142,-2.8,0.16
0.05144,-2.64,0.24
0.05146,-2.72,0.24
0.05148,-2.72,0.16
0.0515,-2.72,0.16
0.05152,-2.72,0.24
0.05154,-2.88,0.2
0.05156,-2.72,0.12
0.05158,-2.72,0.04
0.0516,-2.8,0.24
0.05162,-2.72,0.2
0.05164,-2.8,0.12
0.05166,-2.72,0.12
0.05168,-2.72,0.04
0.0517,-2.8,0.08
0.05172,-2.72,0.16
0.05174,-2.72,0.24
0.05176,-2.72,0.16
0.05178,-2.8,0.08
0.0518,-2.72,0.16
0.05182,-2.72,0.08
0.05184,-2.72,0.16
0.05186,-2.72,0.12
0.05188,-2.72,0.24
0.0519,-2.72,0.2
0.05192,-2.72,0.16
0.05194,-2.72,0.08
0.05196,-2.64,0.04
0.05198,-2.72,0.08
0.052,-2.72,0.12
0.05202,-2.72,0.28
0.05204,-2.72,0.16
0.05206,-2.72,0.12
0.05208,-2.72,0.2
0.0521,-2.72,0.16
0.05212,-2.8,0.16
0.05214,-2.8,0.12
0.05216,-2.8,0.16
0.05218,-2.72,0.16
0.0522,-2.64,0.2
0.05222,-2.8,0.08
0.05224,-2.8,0.16
0.05226,-2.8,0.12
0.05228,-2.72,0.08
0.0523,-2.72,0.2
0.05232,-2.8,0.16
0.05234,-2.8,0.24
0.05236,-2.72,0.12
0.05238,-2.72,0.12
0.0524,-2.72,0.12
0.05242,-2.8,0.12
0.05244,-2.8,0.12
0.05246,-2.8,0.16
0.05248,-2.8,0.16
0.0525,-2.72,0.16
0.05252,-2.64,0.16
0.05254,-2.8,0.12
0.05256,-2.64,0.04
0.05258,-2.8,0.08
0.0526,-2.72,0.2
0.05262,-2.8,0.12
0.05264,-2.72,0.16
0.05266,-2.72,0.16
0.05268,-2.72,0.12
0.0527,-2.8,0.12
0.05272,-2.72,0.2
0.05274,-2.72,0.16
0.05276,-2.72,0.12
0.05278,-2.72,0.16
0.0528,-2.72,0.12
0.05282,-2.72,0.08
0.05284,-2.72,0.2
0.05286,-2.72,0.2
0.05288,-2.8,0.16
0.0529,-2.72,0.16
0.05292,-2.72,0.2
0.05294,-2.72,0.12
0.05296,-2.8,0.12
0.05298,-2.8,0.12
0.053,-2.72,0.12
0.05302,-2.72,0.16
0.05304,-2.72,0.16
0.05306,-2.8,0.08
0.05308,-2.72,0.12
0.0531,-2.8,0.12
0.05312,-2.8,0.12
0.05314,-2.72,0.16
0.05316,-2.72,0.12
0.05318,-2.72,0.04
0.0532,-2.8,0.08
0.05322,-2.8,0.12
0.05324,-2.88,0.12
0.05326,-2.8,0.24
0.05328,-2.72,0.16
0.0533,-2.72,0.12
0.05332,-2.8,0
0.05334,-2.72,0.16
0.05336,-2.8,0.16
0.05338,-2.8,0.2
0.0534,-2.72,0.12
0.05342,-2.72,0.12
0.05344,-2.72,0.2
0.05346,-2.72,0.12
0.05348,-2.72,0.04
0.0535,-2.72,0.2
0.05352,-2.72,0
0.05354,-2.8,0.12
0.05356,-2.72,0.16
0.05358,-2.72,0.16
0.0536,-2.72,0.04
0.05362,-2.72,0.04
0.05364,-2.8,0.04
0.05366,-2.8,0.16
0.05368,-2.88,0.08
0.0537,-2.72,0.16
0.05372,-2.64,0.04
0.05374,-2.8,0.16
0.05376,-2.72,0.24
0.05378,-2.72,0.2
0.0538,-2.72,0.16
0.05382,-2.72,0.12
0.05384,-2.8,0.08
0.05386,-2.8,0.12
0.05388,-2.72,0.12
0.0539,-2.8,0.24
0.05392,-2.72,0.16
0.05394,-2.72,0.16
0.05396,-2.72,0.12
0.05398,-2.8,0.2
0.054,-2.8,0.24
0.05402,-2.72,0.16
0.05404,-2.8,0.16
0.05406,-2.8,0.08
0.05408,-2.72,0.12
0.0541,-2.72,0.12
0.05412,-2.8,0.16
0.05414,-2.8,0.16
0.05416,-2.72,0.16
0.05418,-2.8,0.16
0.0542,-2.8,0.16
0.05422,-2.8,0.16
0.05424,-2.72,0.2
0.05426,-2.8,0.16
0.05428,-2.72,0.24
0.0543,-2.72,0.08
0.05432,-2.72,0.12
0.05434,-2.72,0.16
0.05436,-2.72,0.16
0.05438,-2.72,0.08
0.0544,-2.72,0.12
0.05442,-2.72,0.12
0.05444,-2.8,0.16
0.05446,-2.8,0.12
0.05448,-2.8,0.12
0.0545,-2.72,0.16
0.05452,-2.8,0.16
0.05454,-2.8,0.12
0.05456,-2.8,0.16
0.05458,-2.8,0.16
0.0546,-2.8,0.16
0.05462,-2.72,0.16
0.05464,-2.8,0.12
0.05466,-2.72,0.16
0.05468,-2.72,0.08
0.0547,-2.8,0.04
0.05472,-2.8,0.2
0.05474,-2.8,0.12
0.05476,-2.8,0.12
0.05478,-2.8,0.12
0.0548,-2.8,0.12
0.05482,-2.8,0.12
0.05484,-2.72,0.16
0.05486,-2.72,0.12
0.05488,-2.8,0.12
0.0549,-2.8,0.16
0.05492,-2.8,0.12
0.05494,-2.8,0.16
0.05496,-2.8,0.2
0.05498,-2.8,0.16
0.055,-2.8,0.12
0.05502,-2.72,0.16
0.05504,-2.72,0.16
0.05506,-2.72,0.16
0.05508,-2.72,0.16
0.0551,-2.8,0.16
0.05512,-2.72,0.12
0.05514,-2.64,0.16
0.05516,-2.8,0.16
0.05518,-2.8,0.08
0.0552,-2.8,0.16
0.05522,-2.8,0.12
0.05524,-2.72,0.12
0.05526,-2.72,0.08
0.05528,-2.72,0.04
0.0553,-2.8,0.16
0.05532,-2.8,0.16
0.05534,-2.8,0.16
0.05536,-2.8,0.08
0.05538,-2.8,0.16
0.0554,-2.64,0.16
0.05542,-2.72,0.2
0.05544,-2.8,0.16
0.05546,-2.8,0.2
0.05548,-2.72,0.16
0.0555,-2.72,0.16
0.05552,-2.72,0.16
0.05554,-2.8,0.12
0.05556,-2.8,0.08
0.05558,-2.72,0.16
0.0556,-2.88,0.04
0.05562,-2.8,0.04
0.05564,-2.8,0.12
0.05566,-2.72,0.24
0.05568,-2.8,0.16
0.0557,-2.8,0.12
0.05572,-2.72,0.24
0.05574,-2.8,0.12
0.05576,-2.8,0.04
0.05578,-2.88,0.12
0.0558,-2.72,0.16
0.05582,-2.8,0.12
0.05584,-2.8,0.08
0.05586,-2.72,0.16
0.05588,-2.72,0.16
0.0559,-2.8,0.24
0.05592,-2.8,0.16
0.05594,-2.72,0.08
0.05596,-2.72,0.12
0.05598,-2.8,0.16
0.056,-2.8,0.12
0.05602,-2.8,0.2
0.05604,-2.72,0.24
0.05606,-2.8,0.2
0.05608,-2.72,0.16
0.0561,-2.72,0.16
0.05612,-2.72,0.16
0.05614,-2.8,0.16
0.05616,-2.72,0.12
0.05618,-2.72,0.16
0.0562,-2.8,0.16
0.05622,-2.8,0.08
0.05624,-2.72,0.16
0.05626,-2.8,0.16
0.05628,-2.8,0.12
0.0563,-2.72,0.16
0.05632,-2.72,0.16
0.05634,-2.8,0.16
0.05636,-2.72,0.2
0.05638,-2.8,0.08
0.0564,-2.8,0.12
0.05642,-2.8,0.16
0.05644,-2.8,0.24
0.05646,-2.8,0.12
0.05648,-2.8,0.2
0.0565,-2.8,0.12
0.05652,-2.8,0.08
0.05654,-2.8,0.08
0.05656,-2.72,0.16
0.05658,-2.8,0.16
0.0566,-2.72,0.16
0.05662,-2.8,0.12
0.05664,-2.8,0.12
0.05666,-2.8,0.12
0.05668,-2.8,0.16
0.0567,-2.72,0.12
0.05672,-2.8,0.16
0.05674,-2.72,0.16
0.05676,-2.8,0.16
0.05678,-2.8,0.12
0.0568,-2.8,0.12
0.05682,-2.8,0.16
0.05684,-2.72,0.24
0.05686,-2.8,0.12
0.05688,-2.72,0.16
0.0569,-2.72,0.16
0.05692,-2.72,0.12
0.05694,-2.8,0.2
0.05696,-2.88,0.16
0.05698,-2.72,0.24
0.057,-2.8,0.12
0.05702,-2.72,0.2
0.05704,-2.8,0.2
0.05706,-2.72,0.2
0.05708,-2.8,0.16
0.0571,-2.72,0.12
0.05712,-2.72,0.12
0.05714,-2.72,0.12
0.05716,-2.8,0.12
0.05718,-2.8,0.16
0.0572,-2.8,0.2
0.05722,-2.72,0.16
0.05724,-2.72,0.12
0.05726,-2.8,0.16
0.05728,-2.72,0.16
0.0573,-2.8,0.16
0.05732,-2.72,0.28
0.05734,-2.8,0.2
0.05736,-2.8,0.16
0.05738,-2.8,0.16
0.0574,-2.8,0.2
0.05742,-2.8,0.16
0.05744,-2.8,0.12
0.05746,-2.72,0.2
0.05748,-2.8,0.2
0.0575,-2.72,0.12
0.05752,-2.88,0.2
0.05754,-2.72,0.2
0.05756,-2.72,0.16
0.05758,-2.72,0.16
0.0576,-2.8,0.24
0.05762,-2.8,0.2
0.05764,-2.72,0.12
0.05766,-2.8,0.16
0.05768,-2.8,0.16
0.0577,-2.8,0.16
0.05772,-2.88,0.16
0.05774,-2.8,0.08
0.05776,-2.88,0.12
0.05778,-2.8,0.2
0.0578,-2.72,0.16
0.05782,-2.64,0.24
0.05784,-2.72,0.2
0.05786,-2.8,0.16
0.05788,-2.8,0.16
0.0579,-2.72,0.16
0.05792,-2.64,0.24
0.05794,-2.72,0.16
0.05796,-2.8,0.12
0.05798,-2.8,0.16
0.058,-2.8,0.24
0.05802,-2.8,0.16
0.05804,-2.8,0.16
0.05806,-2.72,0.08
0.05808,-2.8,0.16
0.0581,-2.72,0.28
0.05812,-2.72,0.32
0.05814,-2.72,0.24
0.05816,-2.8,0.2
0.05818,-2.8,0.24
0.0582,-2.8,0.2
0.05822,-2.88,0.12
0.05824,-2.8,0.28
0.05826,-2.8,0.24
0.05828,-2.8,0.16
0.0583,-2.8,0.12
0.05832,-2.72,0.08
0.05834,-2.8,0.16
0.05836,-2.8,0.2
0.05838,-2.8,0.16
0.0584,-2.8,0.24
0.05842,-2.72,0.2
0.05844,-2.72,0.28
0.05846,-2.8,0.28
0.05848,-2.8,0.16
0.0585,-2.8,0.2
0.05852,-2.8,0.28
0.05854,-2.72,0.2
0.05856,-2.8,0.16
0.05858,-2.88,0.12
0.0586,-2.8,0.12
0.05862,-2.88,0.24
0.05864,-2.8,0.28
0.05866,-2.8,0.16
0.05868,-2.72,0.24
0.0587,-2.8,0.08
0.05872,-2.72,0.16
0.05874,-2.8,0.16
0.05876,-2.72,0.16
0.05878,-2.8,0.24
0.0588,-2.8,0.12
0.05882,-2.72,0.16
0.05884,-2.8,0.2
0.05886,-2.72,0.2
0.05888,-2.72,0.16
0.0589,-2.72,0.12
0.05892,-2.8,0.16
0.05894,-2.8,0.16
0.05896,-2.8,0.24
0.05898,-2.8,0.2
0.059,-2.8,0.2
0.05902,-2.8,0.2
0.05904,-2.8,0.2
0.05906,-2.72,0.16
0.05908,-2.64,0.24
0.0591,-2.8,0.2
0.05912,-2.8,0.16
0.05914,-2.8,0.16
0.05916,-2.72,0.32
0.05918,-2.72,0.2
0.0592,-2.72,0.16
0.05922,-2.8,0.16
0.05924,-2.8,0.24
0.05926,-2.72,0.24
0.05928,-2.72,0.16
0.0593,-2.8,0.2
0.05932,-2.72,0.24
0.05934,-2.8,0.16
0.05936,-2.8,0.2
0.05938,-2.72,0.16
0.0594,-2.72,0.16
0.05942,-2.8,0.12
0.05944,-2.64,0.2
0.05946,-2.8,0.12
0.05948,-2.8,0.12
0.0595,-2.72,0.12
0.05952,-2.72,0.16
0.05954,-2.72,0.16
0.05956,-2.72,0.16
0.05958,-2.72,0.2
0.0596,-2.72,0.16
0.05962,-2.8,0.04
0.05964,-2.72,0.16
0.05966,-2.72,0.16
0.05968,-2.8,0.16
0.0597,-2.72,0.12
0.05972,-2.72,0.2
0.05974,-2.72,0.2
0.05976,-2.72,0.16
0.05978,-2.8,0.12
0.0598,-2.8,0.12
0.05982,-2.8,0.12
0.05984,-2.8,0.12
0.05986,-2.72,0.12
0.05988,-2.72,0.08
0.0599,-2.8,0.12
0.05992,-2.8,0.16
0.05994,-2.72,0.12
0.05996,-2.8,0.04
0.05998,-2.72,0.16
0.06,-2.72,0.2
0.06002,-2.72,0.08
0.06004,-7.12,-4.64
0.06006,-7.2,5.52
0.06008,-7.2,5.52
0.0601,-7.2,5.52
0.06012,-7.2,5.52
0.06014,-7.2,-4.64
0.06016,2,-2.6
0.06018,3.12,-2.04
0.0602,2.8,-2.84
0.06022,2.8,-3
0.06024,2.88,-2.88
0.06026,3.04,-2.84
0.06028,3.04,-2.8
0.0603,3.12,-2.64
0.06032,3.2,-2.56
0.06034,3.2,-2.56
0.06036,3.2,-2.48
0.06038,3.2,-2.32
0.0604,3.2,-2.12
0.06042,3.2,-2.08
0.06044,3.28,-2
0.06046,3.2,-1.88
0.06048,3.2,-1.8
0.0605,3.04,-1.68
0.06052,3.12,-1.56
0.06054,3.12,-1.52
0.06056,3.04,-1.44
0.06058,3.04,-1.24
0.0606,2.96,-1.24
0.06062,2.8,-1.04
0.06064,2.88,-0.96
0.06066,2.72,-1
0.06068,2.64,-0.96
0.0607,2.64,-0.8
0.06072,2.56,-0.64
0.06074,2.4,-0.56
0.06076,2.4,-0.52
0.06078,2.32,-0.44
0.0608,2.32,-0.32
0.06082,2.16,-0.24
0.06084,2,-0.24
0.06086,2,-0.08
0.06088,1.84,0
0.0609,1.68,0
0.06092,1.6,0.04
0.06094,1.52,0.12
0.06096,1.52,0.12
0.06098,1.44,0.16
0.061,1.28,0.32
0.06102,1.28,0.32
0.06104,1.04,0.48
0.06106,1.04,0.44
0.06108,0.88,0.4
0.0611,0.88,0.56
0.06112,0.8,0.6
0.06114,0.48,0.64
0.06116,0.56,0.56
0.06118,0.32,0.6
0.0612,0.32,0.64
0.06122,0.16,0.64
0.06124,0.16,0.84
0.06126,0,0.72
0.06128,-0.24,0.84
0.0613,-0.24,0.84
0.06132,-0.24,0.76
0.06134,-0.4,0.76
0.06136,-0.4,0.84
0.06138,-0.56,0.8
0.0614,-0.64,0.92
0.06142,-0.72,0.76
0.06144,-0.8,0.72
0.06146,-0.8,0.92
0.06148,-1.04,0.84
0.0615,-1.12,0.84
0.06152,-1.12,0.88
0.06154,-1.28,0.8
0.06156,-1.36,0.8
0.06158,-1.52,0.84
0.0616,-1.52,0.8
0.06162,-1.6,0.76
0.06164,-1.76,0.68
0.06166,-1.68,0.76
0.06168,-1.76,0.72
0.0617,-1.84,0.8
0.06172,-1.84,0.76
0.06174,-1.92,0.64
0.06176,-2,0.72
0.06178,-2.16,0.64
0.0618,-2.24,0.52
0.06182,-2.24,0.52
0.06184,-2.16,0.56
0.06186,-2.24,0.64
0.06188,-2.32,0.6
0.0619,-2.32,0.48
0.06192,-2.56,0.48
0.06194,-2.48,0.48
0.06196,-2.48,0.44
0.06198,-2.56,0.48
0.062,-2.56,0.44
0.06202,-2.48,0.44
0.06204,-2.48,0.44
0.06206,-2.56,0.44
0.06208,-2.72,0.36
0.0621,-2.64,0.44
0.06212,-2.8,0.36
0.06214,-2.64,0.4
0.06216,-2.72,0.36
0.06218,-2.8,0.28
0.0622,-2.8,0.24
0.06222,-2.72,0.24
0.06224,-2.72,0.16
0.06226,-2.8,0.2
0.06228,-2.88,0.16
0.0623,-2.88,0.2
0.06232,-2.8,0.2
0.06234,-2.8,0.08
0.06236,-2.8,0.16
0.06238,-2.88,0.16
0.0624,-2.96,0.2
0.06242,-2.8,0.12
0.06244,-2.96,0.12
0.06246,-2.96,0.12
0.06248,-2.8,0.12
0.0625,-2.88,0.12
0.06252,-2.8,0.04
0.06254,-2.96,0.04
0.06256,-2.88,0.04
0.06258,-2.88,0.04
0.0626,-2.88,0.12
0.06262,-2.8,0.04
0.06264,-2.8,0.08
0.06266,-2.88,0.08
0.06268,-2.8,0.12
0.0627,-2.8,0.04
0.06272,-2.96,0.04
0.06274,-2.8,0.04
0.06276,-2.96,0.04
0.06278,-2.88,0.04
0.0628,-2.8,0.16
0.06282,-2.88,0.12
0.06284,-2.8,0.04
0.06286,-2.8,0.08
0.06288,-2.88,0.04
0.0629,-2.8,0.12
0.06292,-2.8,0.12
0.06294,-2.8,0.04
0.06296,-2.8,0.08
0.06298,-2.8,0.12
0.063,-2.8,0.12
0.06302,-2.8,0.08
0.06304,-2.8,0.12
0.06306,-2.8,0.12
0.06308,-2.8,0.04
0.0631,-2.8,0.12
0.06312,-2.8,0.12
0.06314,-2.88,0.16
0.06316,-2.8,0.08
0.06318,-2.72,0.16
0.0632,-2.8,0.2
0.06322,-2.8,0.16
0.06324,-2.8,0.16
0.06326,-2.8,0.16
0.06328,-2.8,0.16
0.0633,-2.72,0.24
0.06332,-2.72,0.16
0.06334,-2.72,0.16
0.06336,-2.8,0.16
0.06338,-2.72,0.16
0.0634,-2.8,0.12
0.06342,-2.88,0.16
0.06344,-2.88,0.16
0.06346,-2.88,0.2
0.06348,-2.8,0.2
0.0635,-2.8,0.2
0.06352,-2.88,0.2
0.06354,-2.8,0.16
0.06356,-2.8,0.2
0.06358,-2.8,0.16
0.0636,-2.8,0.16
0.06362,-2.8,0.16
0.06364,-2.88,0.16
0.06366,-2.8,0.16
0.06368,-2.8,0.2
0.0637,-2.8,0.16
0.06372,-2.8,0.24
0.06374,-2.8,0.16
0.06376,-2.72,0.2
0.06378,-2.72,0.28
0.0638,-2.8,0.16
0.06382,-2.8,0.24
0.06384,-2.8,0.2
0.06386,-2.8,0.16
0.06388,-2.88,0.16
0.0639,-2.8,0.2
0.06392,-2.72,0.12
0.06394,-2.88,0.12
0.06396,-2.8,0.16
0.06398,-2.88,0.24
0.064,-2.8,0.2
0.06402,-2.8,0.16
0.06404,-2.8,0.16
0.06406,-2.88,0.08
0.06408,-2.88,0.16
0.0641,-2.88,0.12
0.06412,-2.8,0.12
0.06414,-2.8,0.16
0.06416,-2.8,0.16
0.06418,-2.8,0.16
0.0642,-2.72,0.16
0.06422,-2.8,0.08
0.06424,-2.8,0.16
0.06426,-2.88,0.08
0.06428,-2.8,0.12
0.0643,-2.8,0.12
0.06432,-2.8,0.16
0.06434,-2.8,0.04
0.06436,-2.88,0.12
0.06438,-2.8,0.08
0.0644,-2.8,0.16
0.06442,-2.8,0.12
0.06444,-2.8,0.16
0.06446,-2.8,0.12
0.06448,-2.8,0.12
0.0645,-2.8,0.16
0.06452,-2.88,0.08
0.06454,-2.8,0.16
0.06456,-2.8,0.16
0.06458,-2.72,0.2
0.0646,-2.8,0.16
0.06462,-2.72,0.12
0.06464,-2.96,0.16
0.06466,-2.72,0.2
0.06468,-2.8,0.16
0.0647,-2.88,0.16
0.06472,-2.8,0.16
0.06474,-2.72,0.12
0.06476,-2.72,0.2
0.06478,-2.88,0.16
0.0648,-2.8,0.2
0.06482,-2.8,0.04
0.06484,-2.72,0.24
0.06486,-2.8,0.12
0.06488,-2.88,0.16
0.0649,-2.8,0.2
0.06492,-2.72,0.24
0.06494,-2.88,0.24
0.06496,-2.8,0.16
0.06498,-2.72,0.12
0.065,-2.8,0.12
0.06502,-2.8,0.12
0.06504,-2.8,0.24
0.06506,-2.8,0.24
0.06508,-2.8,0.16
0.0651,-2.8,0.24
0.06512,-2.8,0.16
0.06514,-2.88,0.16
0.06516,-2.88,0.2
0.06518,-2.8,0.12
0.0652,-2.8,0.2
0.06522,-2.8,0.2
0.06524,-2.8,0.16
0.06526,-2.88,0.2
0.06528,-2.72,0.2
0.0653,-2.8,0.24
0.06532,-2.88,0.2
0.06534,-2.72,0.28
0.06536,-2.72,0.16
0.06538,-2.8,0.28
0.0654,-2.8,0.28
0.06542,-2.8,0.24
0.06544,-2.88,0.28
0.06546,-2.8,0.24
0.06548,-2.72,0.24
0.0655,-2.72,0.32
0.06552,-2.8,0.28
0.06554,-2.88,0.24
0.06556,-2.8,0.2
0.06558,-2.8,0.24
0.0656,-2.88,0.2
0.06562,-2.8,0.2
0.06564,-2.8,0.2
0.06566,-2.8,0.24
0.06568,-2.8,0.28
0.0657,-2.88,0.32
0.06572,-2.8,0.24
0.06574,-2.96,0.12
0.06576,-2.8,0.16
0.06578,-2.88,0.2
0.0658,-2.88,0.28
0.06582,-2.88,0.28
0.06584,-2.88,0.16
0.06586,-2.8,0.24
0.06588,-2.8,0.24
0.0659,-2.88,0.28
0.06592,-2.8,0.32
0.06594,-2.88,0.32
0.06596,-2.8,0.32
0.06598,-2.64,0.24
0.066,-2.8,0.24
0.06602,-2.88,0.24
0.06604,-2.96,0.2
0.06606,-2.8,0.2
0.06608,-2.72,0.2
0.0661,-2.88,0.24
0.06612,-2.8,0.28
0.06614,-2.8,0.24
0.06616,-2.96,0.32
0.06618,-2.88,0.24
0.0662,-2.8,0.24
0.06622,-2.72,0.28
0.06624,-2.8,0.24
0.06626,-2.8,0.2
0.06628,-2.8,0.24
0.0663,-2.8,0.2
0.06632,-2.8,0.2
0.06634,-2.8,0.2
0.06636,-2.72,0.24
0.06638,-2.88,0.24
0.0664,-2.88,0.2
0.06642,-2.72,0.24
0.06644,-2.8,0.2
0.06646,-2.8,0.2
0.06648,-2.88,0.24
0.0665,-2.88,0.2
0.06652,-2.8,0.16
0.06654,-2.8,0.24
0.06656,-2.88,0.16
0.06658,-2.8,0.2
0.0666,-2.88,0.32
0.06662,-2.88,0.16
0.06664,-2.88,0.2
0.06666,-2.8,0.12
0.06668,-2.8,0.2
0.0667,-2.88,0.2
0.06672,-2.8,0.24
0.06674,-2.8,0.2
0.06676,-2.8,0.24
0.06678,-2.8,0.12
0.0668,-2.8,0.2
0.06682,-2.8,0.2
0.06684,-2.72,0.08
0.06686,-2.72,0.24
0.06688,-2.72,0.12
0.0669,-2.8,0.12
0.06692,-2.88,0.12
0.06694,-2.8,0.16
0.06696,-2.8,0.08
0.06698,-2.72,0.16
0.067,-2.8,0.2
0.06702,-2.8,0.24
0.06704,-2.8,0.16
0.06706,-2.72,0.2
0.06708,-2.8,0.12
0.0671,-2.88,0.2
0.06712,-2.8,0.12
0.06714,-2.88,0.16
0.06716,-2.72,0.12
0.06718,-2.8,0.16
0.0672,-2.88,0.08
0.06722,-2.88,0.04
0.06724,-2.8,0.2
0.06726,-2.72,0.16
0.06728,-2.8,0.16
0.0673,-2.72,0.24
0.06732,-2.72,0.16
0.06734,-2.8,0.2
0.06736,-2.8,0.2
0.06738,-2.72,0.16
0.0674,-2.8,0.16
0.06742,-2.8,0.08
0.06744,-2.72,0.08
0.06746,-2.72,0.08
0.06748,-2.8,0.08
0.0675,-2.72,0.08
0.06752,-2.8,0.16
0.06754,-2.8,0.04
0.06756,-2.8,0.16
0.06758,-2.72,0.16
0.0676,-2.8,0.12
0.06762,-2.64,0.12
0.06764,-2.72,0.12
0.06766,-2.8,0.2
0.06768,-2.72,0.16
0.0677,-2.72,0.16
0.06772,-2.72,0.12
0.06774,-2.88,0.08
0.06776,-2.8,0.08
0.06778,-2.8,0.08
0.0678,-2.72,-0.04
0.06782,-2.8,0
0.06784,-2.8,0.16
0.06786,-2.72,0.12
0.06788,-2.8,0.12
0.0679,-2.72,0.12
0.06792,-2.72,0.08
0.06794,-2.72,0.04
0.06796,-2.72,0.08
0.06798,-2.8,0.12
0.068,-2.88,0.12
0.06802,-2.8,0.16
0.06804,-2.8,0.16
0.06806,-2.8,0.24
0.06808,-2.8,0.08
0.0681,-2.8,0.16
0.06812,-2.72,0.12
0.06814,-2.8,0.16
0.06816,-2.8,0.16
0.06818,-2.72,0.12
0.0682,-2.88,0.12
0.06822,-2.72,0.12
0.06824,-2.72,0
0.06826,-2.8,0.16
0.06828,-2.8,0.16
0.0683,-2.72,0.08
0.06832,-2.8,0.2
0.06834,-2.72,0.12
0.06836,-2.72,0.16
0.06838,-2.8,0.16
0.0684,-2.8,0.08
0.06842,-2.72,0.12
0.06844,-2.72,0.12
0.06846,-2.72,0.12
0.06848,-2.72,0.12
0.0685,-2.72,0.12
0.06852,-2.72,0.12
0.06854,-2.72,0.12
0.06856,-2.72,0.16
0.06858,-2.64,0.16
0.0686,-2.72,0.16
0.06862,-2.72,0.12
0.06864,-2.72,0.12
0.06866,-2.72,0.16
0.06868,-2.8,0.04
0.0687,-2.8,0.12
0.06872,-2.72,0.16
0.06874,-2.72,0.12
0.06876,-2.72,0.12
0.06878,-2.8,0.08
0.0688,-2.8,0.08
0.06882,-2.72,0.12
0.06884,-2.8,0.2
0.06886,-2.8,0.08
0.06888,-2.72,0.16
0.0689,-2.72,0.16
0.06892,-2.72,0.08
0.06894,-2.72,0.2
0.06896,-2.64,0.08
0.06898,-2.72,0.08
0.069,-2.8,0.08
0.06902,-2.72,0.16
0.06904,-2.72,0.16
0.06906,-2.8,0.12
0.06908,-2.72,0.04
0.0691,-2.8,0.08
0.06912,-2.8,0.2
0.06914,-2.72,0.12
0.06916,-2.8,0.12
0.06918,-2.72,0.16
0.0692,-2.72,0.2
0.06922,-2.64,0.16
0.06924,-2.64,0.12
0.06926,-2.88,0.12
0.06928,-2.72,0.16
0.0693,-2.8,0.12
0.06932,-2.72,0.12
0.06934,-2.88,0.12
0.06936,-2.8,0.2
0.06938,-2.72,0.2
0.0694,-2.72,0.16
0.06942,-2.72,0.2
0.06944,-2.72,0.08
0.06946,-2.8,0.12
0.06948,-2.64,0.2
0.0695,-2.64,0.16
0.06952,-2.72,0.08
0.06954,-2.8,0.12
0.06956,-2.72,0.16
0.06958,-2.72,0.16
0.0696,-2.8,0.08
0.06962,-2.72,0
0.06964,-2.72,0.16
0.06966,-2.72,0.16
0.06968,-2.8,0.08
0.0697,-2.8,0.08
0.06972,-2.72,0.16
0.06974,-2.8,0.16
0.06976,-2.72,0.2
0.06978,-2.8,0.08
0.0698,-2.8,0.16
0.06982,-2.72,0.08
0.06984,-2.72,0.12
0.06986,-2.72,0.16
0.06988,-2.72,0.12
0.0699,-2.8,0.12
0.06992,-2.8,0.16
0.06994,-2.72,0.12
0.06996,-2.8,0.16
0.06998,-2.8,0.24
0.07,-2.72,0.2
0.07002,-2.72,0.16
0.07004,-2.72,0.16
0.07006,-2.88,0.16
0.07008,-7.2,5.52
0.0701,-7.2,5.52
0.07012,-7.2,5.52
0.07014,-7.2,5.52
0.07016,-7.2,5.52
0.07018,-7.2,5.52
0.0702,-7.2,5.52
0.07022,-7.2,-1.36
0.07024,-2.56,1.52
0.07026,-2.4,0.88
0.07028,-2.72,0.24
0.0703,-2.48,0.2
0.07032,-2.32,0.16
0.07034,-2.24,0.32
0.07036,-2.16,0.36
0.07038,-2.08,0.32
0.0704,-1.92,0.24
0.07042,-1.92,0.36
0.07044,-1.92,0.48
0.07046,-2,0.44
0.07048,-1.92,0.56
0.0705,-1.84,0.6
0.07052,-1.84,0.6
0.07054,-1.92,0.68
0.07056,-1.92,0.72
0.07058,-1.84,0.76
0.0706,-1.84,0.72
0.07062,-2,0.84
0.07064,-1.92,0.88
0.07066,-1.84,0.92
0.07068,-1.92,1
0.0707,-1.92,0.88
0.07072,-2,1
0.07074,-2,1.04
0.07076,-1.92,1.08
0.07078,-2.08,1.08
0.0708,-2,1.08
0.07082,-2.16,1.2
0.07084,-2.16,1.2
0.07086,-2.32,1.2
0.07088,-2.24,1.24
0.0709,-2.24,1.2
0.07092,-2.4,1.36
0.07094,-2.4,1.2
0.07096,-2.4,1.28
0.07098,-2.4,1.36
0.071,-2.48,1.32
0.07102,-2.4,1.4
0.07104,-2.56,1.28
0.07106,-2.64,1.28
0.07108,-2.72,1.32
0.0711,-2.64,1.32
0.07112,-2.72,1.36
0.07114,-2.88,1.32
0.07116,-2.8,1.32
0.07118,-2.88,1.28
0.0712,-2.88,1.28
0.07122,-2.8,1.36
0.07124,-3.04,1.28
0.07126,-3.04,1.24
0.07128,-2.96,1.24
0.0713,-2.96,1.16
0.07132,-3.04,1.2
0.07134,-3.12,1.24
0.07136,-3.12,1.08
0.07138,-3.04,1.12
0.0714,-3.2,1.08
0.07142,-3.28,1.12
0.07144,-3.12,1.12
0.07146,-3.28,1.04
0.07148,-3.28,0.96
0.0715,-3.36,0.88
0.07152,-3.36,0.92
0.07154,-3.36,0.92
0.07156,-3.44,0.96
0.07158,-3.36,0.84
0.0716,-3.44,0.88
0.07162,-3.44,0.8
0.07164,-3.44,0.8
0.07166,-3.44,0.76
0.07168,-3.44,0.72
0.0717,-3.52,0.72
0.07172,-3.6,0.68
0.07174,-3.44,0.72
0.07176,-3.44,0.6
0.07178,-3.44,0.64
0.0718,-3.44,0.6
0.07182,-3.52,0.56
0.07184,-3.52,0.56
0.07186,-3.44,0.44
0.07188,-3.52,0.4
0.0719,-3.52,0.48
0.07192,-3.44,0.4
0.07194,-3.44,0.36
0.07196,-3.44,0.32
0.07198,-3.44,0.24
0.072,-3.44,0.32
0.07202,-3.44,0.24
0.07204,-3.28,0.24
0.07206,-3.44,0.2
0.07208,-3.44,0.16
0.0721,-3.44,0.16
0.07212,-3.36,0.12
0.07214,-3.36,0.08
0.07216,-3.36,0.16
0.07218,-3.36,0.16
0.0722,-3.36,0
0.07222,-3.2,0.08
0.07224,-3.28,0.08
0.07226,-3.28,0.08
0.07228,-3.2,0.08
0.0723,-3.28,-0.04
0.07232,-3.28,0.08
0.07234,-3.12,0.08
0.07236,-3.2,0.04
0.07238,-3.12,0
0.0724,-3.12,0
0.07242,-3.2,-0.04
0.07244,-3.12,-0.04
0.07246,-3.04,-0.04
0.07248,-3.04,-0.08
0.0725,-3.12,0
0.07252,-3.04,0
0.07254,-3.04,0
0.07256,-3.04,0
0.07258,-2.88,-0.08
0.0726,-2.96,-0.04
0.07262,-2.8,0
0.07264,-2.96,-0.12
0.07266,-2.8,0.08
0.07268,-2.96,-0.04
0.0727,-2.88,0
0.07272,-2.88,-0.04
0.07274,-2.96,0.08
0.07276,-2.88,0.04
0.07278,-2.8,-0.04
0.0728,-2.8,-0.04
0.07282,-2.8,0.04
0.07284,-2.88,0.04
0.07286,-2.8,0.12
0.07288,-2.88,0.04
0.0729,-2.88,0.12
0.07292,-2.8,0.08
0.07294,-2.96,0.08
0.07296,-2.88,0.04
0.07298,-2.8,0.08
0.073,-2.8,0.12
0.07302,-2.8,0.16
0.07304,-2.88,0.16
0.07306,-2.88,0.16
0.07308,-2.8,0.2
0.0731,-2.72,0.16
0.07312,-2.88,0.32
0.07314,-2.8,0.24
0.07316,-2.8,0.24
0.07318,-2.8,0.24
0.0732,-2.72,0.16
0.07322,-2.8,0.2
0.07324,-2.8,0.28
0.07326,-2.8,0.2
0.07328,-2.8,0.12
0.0733,-2.88,0.16
0.07332,-2.72,0.16
0.07334,-2.88,0.24
0.07336,-2.96,0.24
0.07338,-2.8,0.16
0.0734,-2.72,0.28
0.07342,-2.8,0.32
0.07344,-2.8,0.16
0.07346,-2.8,0.24
0.07348,-2.8,0.2
0.0735,-2.88,0.12
0.07352,-2.72,0.2
0.07354,-2.8,0.24
0.07356,-2.72,0.2
0.07358,-2.8,0.16
0.0736,-2.8,0.2
0.07362,-2.8,0.24
0.07364,-2.8,0.2
0.07366,-2.72,0.12
0.07368,-2.72,0.24
0.0737,-2.8,0.2
0.07372,-2.8,0.12
0.07374,-2.88,0.28
0.07376,-2.8,0.12
0.07378,-2.88,0.16
0.0738,-2.88,0.08
0.07382,-2.8,0.16
0.07384,-2.88,0.16
0.07386,-2.96,0.16
0.07388,-2.88,0.16
0.0739,-2.8,0.16
0.07392,-2.8,0.12
0.07394,-2.88,0.08
0.07396,-2.8,0.12
0.07398,-2.88,0.16
0.074,-2.88,0.08
0.07402,-2.8,0.2
0.07404,-2.8,0.16
0.07406,-2.8,0.04
0.07408,-2.88,0.16
0.0741,-2.8,0.16
0.07412,-2.88,0.2
0.07414,-2.96,0.08
0.07416,-2.88,0.04
0.07418,-2.8,0.08
0.0742,-2.8,0.08
0.07422,-2.88,0.16
0.07424,-2.8,0.16
0.07426,-2.88,0.12
0.07428,-2.8,0.12
0.0743,-2.8,0.08
0.07432,-2.8,0.12
0.07434,-2.8,0.12
0.07436,-2.8,0.08
0.07438,-2.8,0.04
0.0744,-2.88,0.16
0.07442,-2.88,0.08
0.07444,-2.72,0.12
0.07446,-2.8,0.12
0.07448,-2.8,0.2
0.0745,-2.88,0.12
0.07452,-2.8,0
0.07454,-2.8,0
0.07456,-2.72,0.2
0.07458,-2.72,0.2
0.0746,-2.72,0.12
0.07462,-2.8,0.2
0.07464,-2.8,0.2
0.07466,-2.72,0.08
0.07468,-2.8,0.16
0.0747,-2.72,0.08
0.07472,-2.72,0.12
0.07474,-2.72,0.16
0.07476,-2.8,0.16
0.07478,-2.8,0.24
0.0748,-2.72,0.12
0.07482,-2.8,0.08
0.07484,-2.8,0.12
0.07486,-2.72,0.12
0.07488,-2.72,0.12
0.0749,-2.8,0.12
0.07492,-2.8,0.12
0.07494,-2.72,0.08
0.07496,-2.72,0.24
0.07498,-2.72,0.2
0.075,-2.64,0.16
0.07502,-2.8,0.2
0.07504,-2.8,0.12
0.07506,-2.72,0.12
0.07508,-2.72,0.16
0.0751,-2.8,0.08
0.07512,-2.8,0.24
0.07514,-2.72,0.24
0.07516,-2.88,0.12
0.07518,-2.8,0.04
0.0752,-2.72,0.28
0.07522,-2.72,0.12
0.07524,-2.72,0.16
0.07526,-2.8,0.16
0.07528,-2.8,0.16
0.0753,-2.8,0.24
0.07532,-2.8,0.24
0.07534,-2.8,0.12
0.07536,-2.8,0.2
0.07538,-2.72,0.24
0.0754,-2.72,0.2
0.07542,-2.8,0.16
0.07544,-2.72,0.2
0.07546,-2.72,0.16
0.07548,-2.8,0.16
0.0755,-2.72,0.12
0.07552,-2.72,0.12
0.07554,-2.8,0.16
0.07556,-2.8,0.12
0.07558,-2.8,0.2
0.0756,-2.72,0.16
0.07562,-2.8,0.2
0.07564,-2.8,0.16
0.07566,-2.72,0.2
0.07568,-2.72,0.28
0.0757,-2.8,0.16
0.07572,-2.88,0.2
0.07574,-2.88,0.32
0.07576,-2.8,0.12
0.07578,-2.88,0.16
0.0758,-2.8,0.12
0.07582,-2.8,0.2
0.07584,-2.72,0.24
0.07586,-2.72,0.28
0.07588,-2.8,0.16
0.0759,-2.8,0.2
0.07592,-2.8,0.16
0.07594,-2.8,0.2
0.07596,-2.8,0.2
0.07598,-2.8,0.16
0.076,-2.8,0.08
0.07602,-2.72,0.16
0.07604,-2.8,0.2
0.07606,-2.8,0.16
0.07608,-2.8,0.16
0.0761,-2.8,0.12
0.07612,-2.8,0.2
0.07614,-2.72,0.12
0.07616,-2.8,0.12
0.07618,-2.8,0.16
0.0762,-2.8,0.16
0.07622,-2.8,0.2
0.07624,-2.8,0.16
0.07626,-2.8,0.08
0.07628,-2.8,0.12
0.0763,-2.8,0.16
0.07632,-2.72,0.2
0.07634,-2.8,0.12
0.07636,-2.72,0.16
0.07638,-2.72,0.16
0.0764,-2.88,0.2
0.07642,-2.8,0.08
0.07644,-2.72,0.12
0.07646,-2.8,0.16
0.07648,-2.72,0.16
0.0765,-2.8,0.16
0.07652,-2.8,0.08
0.07654,-2.72,0.04
0.07656,-2.8,0.16
0.07658,-2.8,0.12
0.0766,-2.72,0.2
0.07662,-2.88,0.16
0.07664,-2.88,0.16
0.07666,-2.72,0.16
0.07668,-2.8,0.12
0.0767,-2.8,0.12
0.07672,-2.72,0.16
0.07674,-2.72,0.12
0.07676,-2.8,0.16
0.07678,-2.8,0.2
0.0768,-2.72,0.16
0.07682,-2.8,0.04
0.07684,-2.8,0.12
0.07686,-2.8,0.2
0.07688,-2.72,0.24
0.0769,-2.72,0.16
0.07692,-2.72,0.12
0.07694,-2.8,0.16
0.07696,-2.8,0.2
0.07698,-2.72,0.12
0.077,-2.72,0.16
0.07702,-2.8,0.16
0.07704,-2.72,0.16
0.07706,-2.8,0.08
0.07708,-2.72,0.24
0.0771,-2.72,0.08
0.07712,-2.72,0.12
0.07714,-2.8,0.12
0.07716,-2.8,0.12
0.07718,-2.8,0.12
0.0772,-2.8,0.08
0.07722,-2.8,0.16
0.07724,-2.8,0.08
0.07726,-2.8,0.04
0.07728,-2.72,0.12
0.0773,-2.8,0.16
0.07732,-2.72,0.12
0.07734,-2.64,0.08
0.07736,-2.8,0.16
0.07738,-2.8,0.16
0.0774,-2.8,0.16
0.07742,-2.72,0.16
0.07744,-2.8,0.16
0.07746,-2.8,0.2
0.07748,-2.8,0.08
0.0775,-2.72,0.08
0.07752,-2.8,0.04
0.07754,-2.8,0.12
0.07756,-2.8,0.08
0.07758,-2.8,0.12
0.0776,-2.8,0.2
0.07762,-2.72,0.08
0.07764,-2.8,0.12
0.07766,-2.72,0.08
0.07768,-2.8,0.2
0.0777,-2.8,0.04
0.07772,-2.8,0.2
0.07774,-2.72,0.2
0.07776,-2.72,0.04
0.07778,-2.8,0.04
0.0778,-2.8,0.2
0.07782,-2.8,0.2
0.07784,-2.8,0.2
0.07786,-2.72,0.2
0.07788,-2.64,0.24
0.0779,-2.8,0.12
0.07792,-2.72,0.2
0.07794,-2.8,0.24
0.07796,-2.8,0.28
0.07798,-2.72,0.12
0.078,-2.72,0.2
0.07802,-2.72,0.24
0.07804,-2.72,0.24
0.07806,-2.8,0.16
0.07808,-2.8,0.12
0.0781,-2.8,0.2
0.07812,-2.72,0.28
0.07814,-2.72,0.4
0.07816,-2.72,0.16
0.07818,-2.72,0.24
0.0782,-2.8,0.28
0.07822,-2.8,0.16
0.07824,-2.8,0.2
0.07826,-2.88,0.24
0.07828,-2.8,0.24
0.0783,-2.72,0.28
0.07832,-2.8,0.28
0.07834,-2.72,0.16
0.07836,-2.8,0.32
0.07838,-2.8,0.28
0.0784,-2.88,0.4
0.07842,-2.8,0.4
0.07844,-2.72,0.36
0.07846,-2.8,0.36
0.07848,-2.88,0.44
0.0785,-2.8,0.4
0.07852,-2.88,0.36
0.07854,-2.8,0.52
0.07856,-2.8,0.52
0.07858,-2.96,0.52
0.0786,-2.8,0.48
0.07862,-2.8,0.44
0.07864,-2.8,0.52
0.07866,-2.96,0.48
0.07868,-2.88,0.6
0.0787,-2.88,0.6
0.07872,-2.8,0.52
0.07874,-2.96,0.52
0.07876,-2.96,0.6
0.07878,-2.96,0.52
0.0788,-2.88,0.64
0.07882,-2.8,0.72
0.07884,-2.96,0.68
0.07886,-2.96,0.72
0.07888,-2.88,0.84
0.0789,-2.96,0.72
0.07892,-2.88,0.72
0.07894,-2.96,0.68
0.07896,-3.04,0.8
0.07898,-2.96,0.64
0.079,-3.12,0.84
0.07902,-3.04,0.8
0.07904,-3.12,0.84
0.07906,-3.12,0.8
0.07908,-3.04,0.8
0.0791,-3.2,0.8
0.07912,-3.12,0.8
0.07914,-3.12,0.88
0.07916,-3.04,0.92
0.07918,-3.12,0.92
0.0792,-3.2,0.84
0.07922,-3.2,0.88
0.07924,-3.2,0.8
0.07926,-3.2,0.8
0.07928,-3.28,0.84
0.0793,-3.28,0.92
0.07932,-3.36,0.96
0.07934,-3.36,0.96
0.07936,-3.28,0.92
0.07938,-3.36,0.88
0.0794,-3.28,0.92
0.07942,-3.36,0.92
0.07944,-3.36,0.92
0.07946,-3.44,0.92
0.07948,-3.36,0.92
0.0795,-3.52,0.96
0.07952,-3.36,0.92
0.07954,-3.44,0.92
0.07956,-3.44,0.96
0.07958,-3.44,1
0.0796,-3.52,1
0.07962,-3.52,0.88
0.07964,-3.52,0.96
0.07966,-3.52,0.96
0.07968,-3.6,0.92
0.0797,-3.6,0.92
0.07972,-3.52,0.96
0.07974,-3.6,0.92
0.07976,-3.68,0.92
0.07978,-3.6,0.92
0.0798,-3.6,0.88
0.07982,-3.6,0.92
0.07984,-3.68,0.92
0.07986,-3.68,0.84
0.07988,-3.68,0.8
0.0799,-3.76,0.92
0.07992,-3.68,0.84
0.07994,-3.76,0.88
0.07996,-3.76,0.96
0.07998,-3.76,0.8
0.08,-3.76,0.84
0.08002,-3.68,0.76
0.08004,-3.76,0.8
0.08006,-3.84,0.88
0.08008,-3.76,0.8
0.0801,-3.76,0.8
0.08012,-3.76,0.84
0.08014,-3.84,0.84
0.08016,-3.84,0.8
0.08018,-3.84,0.64
0.0802,-3.84,0.72
0.08022,-3.92,0.68
0.08024,-3.84,0.72
0.08026,-3.84,0.72
0.08028,-3.76,0.68
0.0803,-3.84,0.72
0.08032,-3.92,0.64
0.08034,-3.84,0.68
0.08036,-3.76,0.64
0.08038,-3.84,0.68
0.0804,-3.92,0.56
0.08042,-3.92,0.56
0.08044,-3.92,0.56
0.08046,-3.84,0.52
0.08048,-3.92,0.4
0.0805,-3.76,0.48
0.08052,-3.84,0.52
0.08054,-3.76,0.52
0.08056,-3.76,0.44
0.08058,-3.76,0.44
0.0806,-3.76,0.48
0.08062,-3.76,0.4
0.08064,-3.76,0.36
0.08066,-3.76,0.44
0.08068,-3.68,0.44
0.0807,-3.76,0.44
0.08072,-3.68,0.36
0.08074,-3.76,0.24
0.08076,-3.68,0.44
0.08078,-3.68,0.4
0.0808,-3.68,0.32
0.08082,-3.68,0.32
0.08084,-3.52,0.24
0.08086,-3.68,0.36
0.08088,-3.44,0.28
0.0809,-3.68,0.12
0.08092,-3.68,0.2
0.08094,-3.6,0.24
0.08096,-3.6,0.28
0.08098,-3.44,0.24
0.081,-3.52,0.32
0.08102,-3.44,0.32
0.08104,-3.44,0.28
0.08106,-3.44,0.16
0.08108,-3.44,0.12
0.0811,-3.44,0.2
0.08112,-3.52,0.16
0.08114,-3.36,0.12
0.08116,-3.44,0.04
0.08118,-3.36,0.16
0.0812,-3.44,0.16
0.08122,-3.36,0.16
0.08124,-3.44,0.08
0.08126,-3.28,0.16
0.08128,-3.28,0.16
0.0813,-3.36,0.12
0.08132,-3.28,0
0.08134,-3.28,0.12
0.08136,-3.28,0.12
0.08138,-3.36,0.04
0.0814,-3.2,0.12
0.08142,-3.28,0.12
0.08144,-3.2,0.12
0.08146,-3.2,0.08
0.08148,-3.2,0.08
0.0815,-3.2,0.12
0.08152,-3.12,0
0.08154,-3.12,0.04
0.08156,-3.12,0.04
0.08158,-3.2,0.08
0.0816,-3.12,0.04
0.08162,-3.04,0.12
0.08164,-3.04,0.04
0.08166,-3.12,0.04
0.08168,-3.2,0.12
0.0817,-3.12,0.08
0.08172,-3.04,0.12
0.08174,-3.04,0.08
0.08176,-3.04,0.16
0.08178,-3.04,0.12
0.0818,-3.04,0.04
0.08182,-2.96,0.16
0.08184,-2.96,0.2
0.08186,-3.04,0.04
0.08188,-2.96,0.04
0.0819,-3.04,0.04
0.08192,-2.88,0.04
0.08194,-2.88,0.04
0.08196,-2.8,0.16
0.08198,-2.88,0.08
0.082,-2.8,0.12
0.08202,-2.96,0.12
0.08204,-2.8,0.16
0.08206,-2.8,0.08
0.08208,-2.88,0.16
0.0821,-2.8,0.2
0.08212,-2.72,0.16
0.08214,-2.96,0.12
0.08216,-2.88,0.2
0.08218,-2.8,0.2
0.0822,-2.8,0.24
0.08222,-2.72,0.2
0.08224,-2.8,0.16
0.08226,-2.88,0.2
0.08228,-2.8,0.04
0.0823,-2.88,0.12
0.08232,-2.8,0.12
0.08234,-2.8,0.2
0.08236,-2.88,0.12
0.08238,-2.8,0.16
0.0824,-2.8,0.16
0.08242,-2.8,0.16
0.08244,-2.8,0.2
0.08246,-2.72,0.16
0.08248,-2.8,0.16
0.0825,-2.72,0.2
0.08252,-2.72,0.2
0.08254,-2.8,0.16
0.08256,-2.8,0.24
0.08258,-2.72,0.16
0.0826,-2.88,0.2
0.08262,-2.8,0.12
0.08264,-2.72,0.2
0.08266,-2.8,0.24
0.08268,-2.8,0.16
0.0827,-2.72,0.24
0.08272,-2.8,0.24
0.08274,-2.72,0.2
0.08276,-2.8,0.16
0.08278,-2.72,0.2
0.0828,-2.8,0.2
0.08282,-2.72,0.16
0.08284,-2.72,0.24
0.08286,-2.72,0.2
0.08288,-2.72,0.2
0.0829,-2.8,0.28
0.08292,-2.72,0.16
0.08294,-2.72,0.16
0.08296,-2.72,0.16
0.08298,-2.72,0.24
0.083,-2.8,0.24
0.08302,-2.72,0.16
0.08304,-2.72,0.2
0.08306,-2.8,0.24
0.08308,-2.8,0.16
0.0831,-2.72,0.2
0.08312,-2.8,0.16
0.08314,-2.8,0.08
0.08316,-2.8,0.12
0.08318,-2.8,0.24
0.0832,-2.8,0.16
0.08322,-2.72,0.16
0.08324,-2.72,0.16
0.08326,-2.72,0.2
0.08328,-2.8,0.28
0.0833,-2.8,0.16
0.08332,-2.8,0.28
0.08334,-2.8,0.16
0.08336,-2.8,0.16
0.08338,-2.8,0.16
0.0834,-2.72,0.28
0.08342,-2.8,0.2
0.08344,-2.72,0.2
0.08346,-2.8,0.16
0.08348,-2.8,0.2
0.0835,-2.72,0.16
0.08352,-2.8,0.2
0.08354,-2.88,0.12
0.08356,-2.8,0.16
0.08358,-2.8,0.2
0.0836,-2.8,0.24
0.08362,-2.8,0.16
0.08364,-2.8,0.12
0.08366,-2.8,0.16
0.08368,-2.8,0.16
0.0837,-2.64,0.16
0.08372,-2.72,0.24
0.08374,-2.8,0.16
0.08376,-2.8,0.16
0.08378,-2.8,0.16
0.0838,-2.8,0.24
0.08382,-2.72,0.16
0.08384,-2.8,0.04
0.08386,-2.8,0.12
0.08388,-2.8,0.2
0.0839,-2.72,0.2
0.08392,-2.8,0.16
0.08394,-2.8,0.16
0.08396,-2.72,0.16
0.08398,-2.72,0.16
0.084,-2.8,0.16
0.08402,-2.72,0.16
0.08404,-2.8,0.2
0.08406,-2.72,0.24
0.08408,-2.72,0.2
0.0841,-2.8,0.08
0.08412,-2.8,0.16
0.08414,-2.72,0.12
0.08416,-2.8,0.12
0.08418,-2.8,0.12
0.0842,-2.72,0.08
0.08422,-2.8,0.12
0.08424,-2.8,0.2
0.08426,-2.8,0.16
0.08428,-2.8,0.16
0.0843,-2.8,0.16
0.08432,-2.72,0.16
0.08434,-2.72,0.16
0.08436,-2.64,0.2
0.08438,-2.72,0.16
0.0844,-2.72,0.16
0.08442,-2.72,0.2
0.08444,-2.8,0.12
0.08446,-2.72,0.12
0.08448,-2.8,0.12
0.0845,-2.8,0.12
0.08452,-2.72,0.24
0.08454,-2.72,0.12
0.08456,-2.8,0.12
0.08458,-2.72,0.16
0.0846,-2.72,0.16
0.08462,-2.72,0.16
0.08464,-2.72,0.12
0.08466,-2.64,0.16
0.08468,-2.8,0.12
0.0847,-2.72,0.12
0.08472,-2.64,0.2
0.08474,-2.72,0.16
0.08476,-2.88,0.12
0.08478,-2.8,0.16
0.0848,-2.72,0.08
0.08482,-2.64,0.16
0.08484,-2.8,0.16
0.08486,-2.72,0.16
0.08488,-2.72,0.16
0.0849,-2.72,0.16
0.08492,-2.64,0.16
0.08494,-2.72,0.16
0.08496,-2.8,0.16
0.08498,-2.8,0.16
0.085,-2.88,0.12
0.08502,-2.8,0.08
0.08504,-2.72,0.12
0.08506,-2.72,0.16
0.08508,-2.72,0.16
0.0851,-2.72,0.16
0.08512,-2.72,0.08
0.08514,-2.8,0.16
0.08516,-2.72,0.12
0.08518,-2.64,0.16
0.0852,-2.8,0.16
0.08522,-2.8,0.08
0.08524,-2.8,0.04
0.08526,-2.72,0.16
0.08528,-2.72,0.16
0.0853,-2.8,0.2
0.08532,-2.72,0.16
0.08534,-2.72,0.16
0.08536,-2.72,0.16
0.08538,-2.72,0.12
0.0854,-2.72,0.12
0.08542,-2.8,0.12
0.08544,-2.72,0.08
0.08546,-2.8,0.08
0.08548,-2.8,0.2
0.0855,-2.8,0.16
0.08552,-2.72,0.24
0.08554,-2.8,0.16
0.08556,-2.8,0.2
0.08558,-2.72,0.12
0.0856,-2.64,0.16
0.08562,-2.8,0.12
0.08564,-2.8,0.12
0.08566,-2.72,0.04
0.08568,-2.8,0.04
0.0857,-2.8,0.12
0.08572,-2.72,0.12
0.08574,-2.8,0.24
0.08576,-2.8,0.12
0.08578,-2.72,0.2
0.0858,-2.72,0.2
0.08582,-2.72,0.12
0.08584,-2.72,0.12
0.08586,-2.64,0.12
0.08588,-2.8,0.24
0.0859,-2.8,0.12
0.08592,-2.72,0.12
0.08594,-2.8,0
0.08596,-2.72,0.08
0.08598,-2.72,0.12
0.086,-2.72,0.24
0.08602,-2.64,0.04
0.08604,-2.72,0.12
0.08606,-2.72,0.16
0.08608,-2.72,0.2
0.0861,-2.64,0.12
0.08612,-2.8,0.12
0.08614,-2.72,0.16
0.08616,-2.72,0.04
0.08618,-2.72,0.16
0.0862,-2.8,0.12
0.08622,-2.88,0.04
0.08624,-2.8,0.16
0.08626,-2.72,0.16
0.08628,-2.72,0.04
0.0863,-2.64,0.08
0.08632,-2.8,0.16
0.08634,-2.64,0.12
0.08636,-2.8,0.08
0.08638,-2.8,0.24
0.0864,-2.72,0.2
0.08642,-2.8,0.16
0.08644,-2.72,0.08
0.08646,-2.72,0.2
0.08648,-2.72,0.08
0.0865,-2.72,0.2
0.08652,-2.64,0.16
0.08654,-2.8,0.12
0.08656,-2.72,0.12
0.08658,-2.64,0.16
0.0866,-2.72,0.12
0.08662,-2.72,0.12
0.08664,-2.72,0.08
0.08666,-2.8,0.2
0.08668,-2.72,0.24
0.0867,-2.72,0.16
0.08672,-2.8,0.12
0.08674,-2.72,0.16
0.08676,-2.8,0.12
0.08678,-2.8,0.12
0.0868,-2.72,0.16
0.08682,-2.64,0.16
0.08684,-2.72,0.08
0.08686,-2.72,0.16
0.08688,-2.8,0.16
0.0869,-2.72,0.12
0.08692,-2.72,0.08
0.08694,-2.72,0.12
0.08696,-2.72,0.16
0.08698,-2.72,0.2
0.087,-2.72,0.16
0.08702,-2.72,0.12
0.08704,-2.72,0.24
0.08706,-2.72,0.2
0.08708,-2.72,0.16
0.0871,-2.72,0.16
0.08712,-2.8,0.16
0.08714,-2.8,0.2
0.08716,-2.8,0.16
0.08718,-2.72,0.12
0.0872,-2.64,0.16
0.08722,-2.64,0.16
0.08724,-2.8,0.12
0.08726,-2.72,0.12
0.08728,-2.72,0.16
0.0873,-2.8,0.12
0.08732,-2.8,0.16
0.08734,-2.8,0.12
0.08736,-2.72,0.16
0.08738,-2.72,0.24
0.0874,-2.8,0.2
0.08742,-2.8,0.16
0.08744,-2.8,0.16
0.08746,-2.72,0.2
0.08748,-2.8,0.2
0.0875,-2.8,0.16
0.08752,-2.72,0.2
0.08754,-2.72,0.16
0.08756,-2.8,0.2
0.08758,-2.72,0.2
0.0876,-2.8,0.24
0.08762,-2.88,0.24
0.08764,-2.72,0.12
0.08766,-2.88,0.12
0.08768,-2.88,0.16
0.0877,-2.72,0.2
0.08772,-2.72,0.2
0.08774,-2.8,0.16
0.08776,-2.88,0.04
0.08778,-2.8,0.2
0.0878,-2.8,0.08
0.08782,-2.72,0.12
0.08784,-2.72,0.12
0.08786,-2.8,0.16
0.08788,-2.72,0.08
0.0879,-2.72,0.04
0.08792,-2.72,0.24
0.08794,-2.8,0.08
0.08796,-2.8,0.16
0.08798,-2.88,0.16
0.088,-2.8,0.16
0.08802,-2.8,0.16
0.08804,-2.8,0.16
0.08806,-2.72,0.08
0.08808,-2.96,0.12
0.0881,-2.88,0.12
0.08812,-2.8,0.12
0.08814,-2.72,0.12
0.08816,-2.8,0.16
0.08818,-2.8,0.12
0.0882,-2.8,0.2
0.08822,-2.8,0.12
0.08824,-2.8,0.08
0.08826,-2.88,0.08
0.08828,-2.88,0.08
0.0883,-2.72,0.28
0.08832,-2.72,0.16
0.08834,-2.8,0.16
0.08836,-2.72,0.2
0.08838,-2.8,0.12
0.0884,-2.8,0.16
0.08842,-2.88,0.08
0.08844,-2.72,0.12
0.08846,-2.8,0.12
0.08848,-2.8,0.12
0.0885,-2.72,0.24
0.08852,-2.72,0.16
0.08854,-2.72,0.2
0.08856,-2.8,0.16
0.08858,-2.88,0.08
0.0886,-2.8,0.16
0.08862,-2.72,0.16
0.08864,-2.88,0.12
0.08866,-2.72,0.04
0.08868,-2.8,0.12
0.0887,-2.88,0.12
0.08872,-2.8,0.12
0.08874,-2.8,0.12
0.08876,-2.72,0.2
0.08878,-2.72,0.16
0.0888,-2.72,0.16
0.08882,-2.8,0.08
0.08884,-2.72,0.2
0.08886,-2.72,0.12
0.08888,-2.8,0.2
0.0889,-2.8,0.2
0.08892,-2.8,0.16
0.08894,-2.8,0.16
0.08896,-2.8,0.16
0.08898,-2.8,0.2
0.089,-2.8,0.16
0.08902,-2.72,0.2
0.08904,-2.72,0.12
0.08906,-2.8,0.12
0.08908,-2.8,0.16
0.0891,-2.72,0.2
0.08912,-2.8,0.16
0.08914,-2.8,0.16
0.08916,-2.72,0.16
0.08918,-2.8,0.16
0.0892,-2.8,0.12
0.08922,-2.8,0.16
0.08924,-2.8,0.16
0.08926,-2.8,0.2
0.08928,-2.8,0.16
0.0893,-2.8,0.16
0.08932,-2.8,0.2
0.08934,-2.8,0.12
0.08936,-2.72,0.16
0.08938,-2.8,0.12
0.0894,-2.72,0.12
0.08942,-2.8,0.16
0.08944,-2.8,0.16
0.08946,-2.8,0.08
0.08948,-2.8,0.24
0.0895,-2.72,0.2
0.08952,-2.8,0.12
0.08954,-2.8,0.16
0.08956,-2.8,0.12
0.08958,-2.72,0.2
0.0896,-2.8,0.2
0.08962,-2.8,0.12
0.08964,-2.8,0.12
0.08966,-2.72,0.12
0.08968,-2.8,0.08
0.0897,-2.8,0.16
0.08972,-2.72,0.16
0.08974,-2.8,0.2
0.08976,-2.72,0.16
0.08978,-2.8,0.16
0.0898,-2.8,0.2
0.08982,-2.88,0.12
0.08984,-2.72,0.16
0.08986,-2.8,0.12
0.08988,-2.8,0.04
0.0899,-2.8,0.08
0.08992,-2.72,0.2
0.08994,-2.72,0.16
0.08996,-2.8,0.12
0.08998,-2.72,0.12
0.09,-2.72,0.12
0.09002,-2.8,0.16
0.09004,-2.72,0.2
0.09006,-2.8,0.12
0.09008,-2.8,0.08
0.0901,-2.8,0.24
0.09012,-2.72,0.16
0.09014,-2.72,0.24
0.09016,-2.72,0.16
0.09018,-2.72,0.16
0.0902,-2.72,0.12
0.09022,-2.88,0.2
0.09024,-2.8,0.16
0.09026,-2.72,0.16
0.09028,-2.8,0.12
0.0903,-2.8,0.16
0.09032,-2.8,0.2
0.09034,-2.72,0.2
0.09036,-2.8,0.16
0.09038,-2.8,0.16
0.0904,-2.8,0.12
0.09042,-2.72,0.12
0.09044,-2.8,0.24
0.09046,-2.8,0.2
0.09048,-2.72,0.24
0.0905,-2.8,0.2
0.09052,-2.8,0.2
0.09054,-2.72,0.16
0.09056,-2.8,0.16
0.09058,-2.8,0.16
0.0906,-2.8,0.16
0.09062,-2.72,0.2
0.09064,-2.8,0.24
0.09066,-2.8,0.12
0.09068,-2.72,0.12
0.0907,-2.72,0.2
0.09072,-2.8,0.16
0.09074,-2.72,0.16
0.09076,-2.8,0.16
0.09078,-2.88,0.2
0.0908,-2.8,0.08
0.09082,-2.72,0.24
0.09084,-2.72,0.24
0.09086,-2.72,0.16
0.09088,-2.8,0.12
0.0909,-2.8,0.16
0.09092,-2.72,0.08
0.09094,-2.72,0.16
0.09096,-2.72,0.12
0.09098,-2.8,0.12
0.091,-2.8,0.16
0.09102,-2.8,0.2
0.09104,-2.8,0.16
0.09106,-2.8,0.2
0.09108,-2.8,0.2
0.0911,-2.72,0.12
0.09112,-2.8,0.2
0.09114,-2.8,0.12
0.09116,-2.72,0.12
0.09118,-2.72,0.2
0.0912,-2.72,0.28
0.09122,-2.8,0.24
0.09124,-2.72,0.16
0.09126,-2.72,0.2
0.09128,-2.8,0.12
0.0913,-2.8,0.12
0.09132,-2.8,0.24
0.09134,-2.72,0.24
0.09136,-2.8,0.16
0.09138,-2.72,0.12
0.0914,-2.8,0.16
0.09142,-2.72,0.2
0.09144,-2.8,0.16
0.09146,-2.8,0.08
0.09148,-2.88,0.12
0.0915,-2.8,0.16
0.09152,-2.8,0.16
0.09154,-2.8,0.16
0.09156,-2.8,0.12
0.09158,-2.8,0.12
0.0916,-2.8,0.16
0.09162,-2.8,0.12
0.09164,-2.72,0.16
0.09166,-2.72,0.12
0.09168,-2.8,0.12
0.0917,-2.8,0.12
0.09172,-2.8,0.16
0.09174,-2.8,0.08
0.09176,-2.8,0.28
0.09178,-2.8,0.16
0.0918,-2.72,0.16
0.09182,-2.8,0.16
0.09184,-2.72,0.2
0.09186,-2.72,0.16
0.09188,-2.72,0.16
0.0919,-2.88,0.16
0.09192,-2.88,0.08
0.09194,-2.72,0.16
0.09196,-2.72,0.08
0.09198,-2.88,0.16
0.092,-2.72,0.2
0.09202,-2.8,0.16
0.09204,-2.8,0.12
0.09206,-2.8,0.2
0.09208,-2.8,0.16
0.0921,-2.8,0.12
0.09212,-2.8,0.12
0.09214,-2.64,0.24
0.09216,-2.72,0.16
0.09218,-2.72,0.2
0.0922,-2.72,0.2
0.09222,-2.72,0.16
0.09224,-2.72,0.28
0.09226,-2.8,0.16
0.09228,-2.72,0.2
0.0923,-2.8,0.24
0.09232,-2.72,0.12
0.09234,-2.8,0.12
0.09236,-2.8,0.12
0.09238,-2.8,0.08
0.0924,-2.72,0.2
0.09242,-2.8,0.24
0.09244,-2.72,0.24
0.09246,-2.8,0.2
0.09248,-2.72,0.24
0.0925,-2.64,0.24
0.09252,-2.8,0.12
0.09254,-2.8,0.24
0.09256,-2.88,0.08
0.09258,-2.8,0.2
0.0926,-2.8,0.24
0.09262,-2.72,0.2
0.09264,-2.72,0.12
0.09266,-2.8,0.16
0.09268,-2.8,0.16
0.0927,-2.8,0.08
0.09272,-2.72,0.16
0.09274,-2.88,0.16
0.09276,-2.72,0.16
0.09278,-2.72,0.24
0.0928,-2.88,0.24
0.09282,-2.8,0.24
0.09284,-2.72,0.12
0.09286,-2.8,0.04
0.09288,-2.72,0.12
0.0929,-2.8,0.12
0.09292,-2.64,0.12
0.09294,-2.8,0.12
0.09296,-2.88,0.16
0.09298,-2.72,0.16
0.093,-2.72,0.12
0.09302,-2.8,0.12
0.09304,-2.8,0.16
0.09306,-2.8,0.12
0.09308,-2.8,0.12
0.0931,-2.8,0.04
0.09312,-2.8,0.12
0.09314,-2.8,0.12
0.09316,-2.72,0.2
0.09318,-2.8,0.08
0.0932,-2.72,0.12
0.09322,-2.72,0.12
0.09324,-2.8,0.16
0.09326,-2.72,0.12
0.09328,-2.72,0.12
0.0933,-2.72,0.16
0.09332,-2.8,0.16
0.09334,-2.88,0.08
0.09336,-2.8,0.2
0.09338,-2.8,0.24
0.0934,-2.72,0.16
0.09342,-2.8,0.12
0.09344,-2.72,0.08
0.09346,-2.72,0.16
0.09348,-2.8,0.2
0.0935,-2.8,0.12
0.09352,-2.8,0.12
0.09354,-2.8,0.16
0.09356,-2.72,0.2
0.09358,-2.72,0.12
0.0936,-2.8,0.16
0.09362,-2.64,0.12
0.09364,-2.72,0.16
0.09366,-2.72,0.2
0.09368,-2.72,0.16
0.0937,-2.8,0.16
0.09372,-2.8,0.16
0.09374,-2.8,0.16
0.09376,-2.72,0.16
0.09378,-2.72,0.16
0.0938,-2.8,0.2
0.09382,-2.72,0.12
0.09384,-2.72,0.16
0.09386,-2.8,0.16
0.09388,-2.8,0.12
0.0939,-2.72,0.08
0.09392,-2.8,0.16
0.09394,-2.72,0.12
0.09396,-2.72,0.2
0.09398,-2.8,0.16
0.094,-2.8,0.12
0.09402,-2.8,0.12
0.09404,-2.72,0.12
0.09406,-2.72,0.16
0.09408,-2.72,0.24
0.0941,-2.8,0.12
0.09412,-2.64,0.16
0.09414,-2.8,0.12
0.09416,-2.8,0.08
0.09418,-2.8,0.04
0.0942,-2.72,0.12
0.09422,-2.72,0.2
0.09424,-2.8,0.2
0.09426,-2.72,0.12
0.09428,-2.88,0.16
0.0943,-2.8,0.2
0.09432,-2.72,0.12
0.09434,-2.8,0.12
0.09436,-2.8,0.16
0.09438,-2.8,0.2
0.0944,-2.8,0.16
0.09442,-2.8,0.12
0.09444,-2.72,0.16
0.09446,-2.8,0.2
0.09448,-2.8,0.16
0.0945,-2.72,0.12
0.09452,-2.64,0.12
0.09454,-2.8,0.12
0.09456,-2.64,0.12
0.09458,-2.72,0.12
0.0946,-2.8,0.12
0.09462,-2.72,0.16
0.09464,-2.8,0.16
0.09466,-2.8,0.16
0.09468,-2.8,0.04
0.0947,-2.8,0.08
0.09472,-2.72,0.08
0.09474,-2.64,0.16
0.09476,-2.8,0.12
0.09478,-2.72,0.12
0.0948,-2.72,0.2
0.09482,-2.72,0.16
0.09484,-2.64,0.16
0.09486,-2.72,0.24
0.09488,-2.72,0.12
0.0949,-2.8,0.04
0.09492,-2.8,0.12
0.09494,-2.8,0.16
0.09496,-2.8,0.24
0.09498,-2.8,0.16
0.095,-2.72,0.16
0.09502,-2.8,0.16
0.09504,-2.8,0.16
0.09506,-2.72,0.16
0.09508,-2.88,0.16
0.0951,-2.8,0.16
0.09512,-2.72,0.24
0.09514,-2.8,0
0.09516,-2.8,0.08
0.09518,-2.8,0.2
0.0952,-2.88,0.24
0.09522,-2.8,0.2
0.09524,-2.8,0.12
0.09526,-2.72,0.16
0.09528,-2.8,0.2
0.0953,-2.72,0.24
0.09532,-2.72,0.2
0.09534,-2.72,0.16
0.09536,-2.72,0.24
0.09538,-2.8,0.16
0.0954,-2.72,0.2
0.09542,-2.64,0.2
0.09544,-2.8,0.12
0.09546,-2.88,0.16
0.09548,-2.72,0.24
0.0955,-2.8,0.16
0.09552,-2.8,0.24
0.09554,-2.8,0.16
0.09556,-2.8,0.16
0.09558,-2.72,0.24
0.0956,-2.8,0.2
0.09562,-2.72,0.12
0.09564,-2.8,0.12
0.09566,-2.72,0.2
0.09568,-2.64,0.12
0.0957,-2.8,0.16
0.09572,-2.8,0.2
0.09574,-2.72,0.16
0.09576,-2.88,0.24
0.09578,-2.72,0.16
0.0958,-2.8,0.24
0.09582,-2.8,0.32
0.09584,-2.72,0.2
0.09586,-2.8,0.24
0.09588,-2.72,0.08
0.0959,-2.72,0.16
0.09592,-2.88,0.12
0.09594,-2.8,0.12
0.09596,-2.8,0.16
0.09598,-2.64,0.24
0.096,-2.8,0.16
0.09602,-2.72,0.08
0.09604,-2.64,0.24
0.09606,-2.72,0.28
0.09608,-2.8,0.16
0.0961,-2.8,0.28
0.09612,-2.8,0.16
0.09614,-2.8,0.08
0.09616,-2.8,0.16
0.09618,-2.8,0.16
0.0962,-2.8,0.08
0.09622,-2.8,0.12
0.09624,-2.8,0.08
0.09626,-2.8,0.12
0.09628,-2.8,0.16
0.0963,-2.72,0.16
0.09632,-2.72,0.08
0.09634,-2.72,0.16
0.09636,-2.8,0.16
0.09638,-2.88,0.16
